global_index,patient_key,patch_id,region_idx,pred_path,pred_binary_mean,pred_boundary_mean,pred_intervertebral_mean,pred_ordinal_mean,regions_predicted_count
0,N_1,N_1_patch_0000,0,/content/PATIENT_RECONSTRUCTED_PREDICTIONS_FROM_PATCHES/patch_predictions_npz/0000000_N_1_N_1_patch_0000.npz,0.40796372294425964,0.47309350967407227,0.43423524498939514,-0.19781164824962616,1
1,N_1,N_1_patch_0001,1,/content/PATIENT_RECONSTRUCTED_PREDICTIONS_FROM_PATCHES/patch_predictions_npz/0000001_N_1_N_1_patch_0001.npz,0.5196546912193298,0.4497542381286621,0.41773104667663574,-0.0761069729924202,2
2,N_1,N_1_patch_0002,2,/content/PATIENT_RECONSTRUCTED_PREDICTIONS_FROM_PATCHES/patch_predictions_npz/0000002_N_1_N_1_patch_0002.npz,0.5591326355934143,0.41114091873168945,0.3880694806575775,0.22864647209644318,10
3,N_1,N_1_patch_0003,3,/content/PATIENT_RECONSTRUCTED_PREDICTIONS_FROM_PATCHES/patch_predictions_npz/0000003_N_1_N_1_patch_0003.npz,0.5601872801780701,0.38244834542274475,0.45452484488487244,0.05356218293309212,8
4,N_1,N_1_patch_0004,4,/content/PATIENT_RECONSTRUCTED_PREDICTIONS_FROM_PATCHES/patch_predictions_npz/0000004_N_1_N_1_patch_0004.npz,0.5548537373542786,0.3876439034938812,0.4860202968120575,-0.20422445237636566,9
5,N_1,N_1_patch_0005,5,/content/PATIENT_RECONSTRUCTED_PREDICTIONS_FROM_PATCHES/patch_predictions_npz/0000005_N_1_N_1_patch_0005.npz,0.6013382077217102,0.40362998843193054,0.3780130445957184,-0.4090963900089264,8
6,N_1,N_1_patch_0006,6,/content/PATIENT_RECONSTRUCTED_PREDICTIONS_FROM_PATCHES/patch_predictions_npz/0000006_N_1_N_1_patch_0006.npz,0.6506122946739197,0.35364946722984314,0.44887539744377136,-0.35522696375846863,3
7,N_1,N_1_patch_0007,7,/content/PATIENT_RECONSTRUCTED_PREDICTIONS_FROM_PATCHES/patch_predictions_npz/0000007_N_1_N_1_patch_0007.npz,0.5852999091148376,0.3905812203884125,0.45039722323417664,-0.3734395503997803,1
8,N_10,N_10_patch_0000,0,/content/PATIENT_RECONSTRUCTED_PREDICTIONS_FROM_PATCHES/patch_predictions_npz/0000008_N_10_N_10_patch_0000.npz,0.40238985419273376,0.46762561798095703,0.4316321909427643,-0.1531621664762497,1
9,N_10,N_10_patch_0001,1,/content/PATIENT_RECONSTRUCTED_PREDICTIONS_FROM_PATCHES/patch_predictions_npz/0000009_N_10_N_10_patch_0001.npz,0.5155313611030579,0.43999823927879333,0.4134710729122162,-0.030385231599211693,1
10,N_10,N_10_patch_0002,2,/content/PATIENT_RECONSTRUCTED_PREDICTIONS_FROM_PATCHES/patch_predictions_npz/0000010_N_10_N_10_patch_0002.npz,0.5379864573478699,0.41428518295288086,0.3920189440250397,0.2476152628660202,8
11,N_10,N_10_patch_0003,3,/content/PATIENT_RECONSTRUCTED_PREDICTIONS_FROM_PATCHES/patch_predictions_npz/0000011_N_10_N_10_patch_0003.npz,0.5398992300033569,0.38936805725097656,0.4554499387741089,0.0824662446975708,7
12,N_10,N_10_patch_0004,4,/content/PATIENT_RECONSTRUCTED_PREDICTIONS_FROM_PATCHES/patch_predictions_npz/0000012_N_10_N_10_patch_0004.npz,0.5356571674346924,0.3933830261230469,0.48138126730918884,-0.12474008649587631,7
13,N_10,N_10_patch_0005,5,/content/PATIENT_RECONSTRUCTED_PREDICTIONS_FROM_PATCHES/patch_predictions_npz/0000013_N_10_N_10_patch_0005.npz,0.5689428448677063,0.41106995940208435,0.39080682396888733,-0.2946717143058777,8
14,N_10,N_10_patch_0006,6,/content/PATIENT_RECONSTRUCTED_PREDICTIONS_FROM_PATCHES/patch_predictions_npz/0000014_N_10_N_10_patch_0006.npz,0.6226893067359924,0.3592863082885742,0.4464901387691498,-0.26727166771888733,4
15,N_10,N_10_patch_0007,7,/content/PATIENT_RECONSTRUCTED_PREDICTIONS_FROM_PATCHES/patch_predictions_npz/0000015_N_10_N_10_patch_0007.npz,0.5580684542655945,0.39709362387657166,0.45089399814605713,-0.26975759863853455,1
16,N_11,N_11_patch_0000,0,/content/PATIENT_RECONSTRUCTED_PREDICTIONS_FROM_PATCHES/patch_predictions_npz/0000016_N_11_N_11_patch_0000.npz,0.40569913387298584,0.47225072979927063,0.43605199456214905,-0.15030962228775024,1
17,N_11,N_11_patch_0001,1,/content/PATIENT_RECONSTRUCTED_PREDICTIONS_FROM_PATCHES/patch_predictions_npz/0000017_N_11_N_11_patch_0001.npz,0.5250545144081116,0.44918835163116455,0.4165019989013672,-0.0851636528968811,2
18,N_11,N_11_patch_0002,2,/content/PATIENT_RECONSTRUCTED_PREDICTIONS_FROM_PATCHES/patch_predictions_npz/0000018_N_11_N_11_patch_0002.npz,0.5397267937660217,0.4165329039096832,0.3931806981563568,0.2291601449251175,11
19,N_11,N_11_patch_0003,3,/content/PATIENT_RECONSTRUCTED_PREDICTIONS_FROM_PATCHES/patch_predictions_npz/0000019_N_11_N_11_patch_0003.npz,0.5258556604385376,0.39072442054748535,0.4547446668148041,0.08362571150064468,6
20,N_11,N_11_patch_0004,4,/content/PATIENT_RECONSTRUCTED_PREDICTIONS_FROM_PATCHES/patch_predictions_npz/0000020_N_11_N_11_patch_0004.npz,0.5215674042701721,0.40081095695495605,0.47699621319770813,-0.10048940777778625,7
21,N_11,N_11_patch_0005,5,/content/PATIENT_RECONSTRUCTED_PREDICTIONS_FROM_PATCHES/patch_predictions_npz/0000021_N_11_N_11_patch_0005.npz,0.5729145407676697,0.4123995304107666,0.38293421268463135,-0.30683907866477966,8
22,N_11,N_11_patch_0006,6,/content/PATIENT_RECONSTRUCTED_PREDICTIONS_FROM_PATCHES/patch_predictions_npz/0000022_N_11_N_11_patch_0006.npz,0.598010241985321,0.3754679262638092,0.46135029196739197,-0.21045559644699097,3
23,N_11,N_11_patch_0007,7,/content/PATIENT_RECONSTRUCTED_PREDICTIONS_FROM_PATCHES/patch_predictions_npz/0000023_N_11_N_11_patch_0007.npz,0.5524247288703918,0.4027746617794037,0.4511291980743408,-0.29284796118736267,2
24,N_12,N_12_patch_0000,0,/content/PATIENT_RECONSTRUCTED_PREDICTIONS_FROM_PATCHES/patch_predictions_npz/0000024_N_12_N_12_patch_0000.npz,0.407094269990921,0.4725588262081146,0.4337712526321411,-0.17179296910762787,1
25,N_12,N_12_patch_0001,1,/content/PATIENT_RECONSTRUCTED_PREDICTIONS_FROM_PATCHES/patch_predictions_npz/0000025_N_12_N_12_patch_0001.npz,0.5194054245948792,0.44450902938842773,0.41211065649986267,-0.043626684695482254,2
26,N_12,N_12_patch_0002,2,/content/PATIENT_RECONSTRUCTED_PREDICTIONS_FROM_PATCHES/patch_predictions_npz/0000026_N_12_N_12_patch_0002.npz,0.5301271080970764,0.41997194290161133,0.39605429768562317,0.23427994549274445,10
27,N_12,N_12_patch_0003,3,/content/PATIENT_RECONSTRUCTED_PREDICTIONS_FROM_PATCHES/patch_predictions_npz/0000027_N_12_N_12_patch_0003.npz,0.5428159832954407,0.38492968678474426,0.4526546895503998,0.06993574649095535,7
28,N_12,N_12_patch_0004,4,/content/PATIENT_RECONSTRUCTED_PREDICTIONS_FROM_PATCHES/patch_predictions_npz/0000028_N_12_N_12_patch_0004.npz,0.5424050092697144,0.38787493109703064,0.48105478286743164,-0.15636490285396576,8
29,N_12,N_12_patch_0005,5,/content/PATIENT_RECONSTRUCTED_PREDICTIONS_FROM_PATCHES/patch_predictions_npz/0000029_N_12_N_12_patch_0005.npz,0.574502170085907,0.406904935836792,0.38252225518226624,-0.2944783568382263,8
30,N_12,N_12_patch_0006,6,/content/PATIENT_RECONSTRUCTED_PREDICTIONS_FROM_PATCHES/patch_predictions_npz/0000030_N_12_N_12_patch_0006.npz,0.6138085722923279,0.36376795172691345,0.45012715458869934,-0.23958946764469147,3
31,N_12,N_12_patch_0007,7,/content/PATIENT_RECONSTRUCTED_PREDICTIONS_FROM_PATCHES/patch_predictions_npz/0000031_N_12_N_12_patch_0007.npz,0.5590940117835999,0.39870476722717285,0.45102572441101074,-0.28827252984046936,2
32,N_13,N_13_patch_0000,0,/content/PATIENT_RECONSTRUCTED_PREDICTIONS_FROM_PATCHES/patch_predictions_npz/0000032_N_13_N_13_patch_0000.npz,0.40746641159057617,0.4728802740573883,0.43593302369117737,-0.16715307533740997,1
33,N_13,N_13_patch_0001,1,/content/PATIENT_RECONSTRUCTED_PREDICTIONS_FROM_PATCHES/patch_predictions_npz/0000033_N_13_N_13_patch_0001.npz,0.5277173519134521,0.44694089889526367,0.4166499078273773,-0.07712974399328232,1
34,N_13,N_13_patch_0002,2,/content/PATIENT_RECONSTRUCTED_PREDICTIONS_FROM_PATCHES/patch_predictions_npz/0000034_N_13_N_13_patch_0002.npz,0.5469712615013123,0.41619864106178284,0.3915443420410156,0.22606663405895233,8
35,N_13,N_13_patch_0003,3,/content/PATIENT_RECONSTRUCTED_PREDICTIONS_FROM_PATCHES/patch_predictions_npz/0000035_N_13_N_13_patch_0003.npz,0.537790060043335,0.3900034427642822,0.4570160210132599,0.07068274170160294,6
36,N_13,N_13_patch_0004,4,/content/PATIENT_RECONSTRUCTED_PREDICTIONS_FROM_PATCHES/patch_predictions_npz/0000036_N_13_N_13_patch_0004.npz,0.5302103757858276,0.3983815908432007,0.4798167943954468,-0.11692887544631958,9
37,N_13,N_13_patch_0005,5,/content/PATIENT_RECONSTRUCTED_PREDICTIONS_FROM_PATCHES/patch_predictions_npz/0000037_N_13_N_13_patch_0005.npz,0.574461817741394,0.41209402680397034,0.3857663869857788,-0.30123427510261536,7
38,N_13,N_13_patch_0006,6,/content/PATIENT_RECONSTRUCTED_PREDICTIONS_FROM_PATCHES/patch_predictions_npz/0000038_N_13_N_13_patch_0006.npz,0.6346108317375183,0.3597470223903656,0.460519403219223,-0.2905195653438568,4
39,N_13,N_13_patch_0007,7,/content/PATIENT_RECONSTRUCTED_PREDICTIONS_FROM_PATCHES/patch_predictions_npz/0000039_N_13_N_13_patch_0007.npz,0.5829352736473083,0.39075902104377747,0.4514284133911133,-0.3644886016845703,2
40,N_14,N_14_patch_0000,0,/content/PATIENT_RECONSTRUCTED_PREDICTIONS_FROM_PATCHES/patch_predictions_npz/0000040_N_14_N_14_patch_0000.npz,0.40871429443359375,0.4744539260864258,0.43308305740356445,-0.22669397294521332,1
41,N_14,N_14_patch_0001,1,/content/PATIENT_RECONSTRUCTED_PREDICTIONS_FROM_PATCHES/patch_predictions_npz/0000041_N_14_N_14_patch_0001.npz,0.5353360176086426,0.44620099663734436,0.41134557127952576,-0.08850713819265366,2
42,N_14,N_14_patch_0002,2,/content/PATIENT_RECONSTRUCTED_PREDICTIONS_FROM_PATCHES/patch_predictions_npz/0000042_N_14_N_14_patch_0002.npz,0.5577516555786133,0.41389405727386475,0.388012170791626,0.1967400759458542,8
43,N_14,N_14_patch_0003,3,/content/PATIENT_RECONSTRUCTED_PREDICTIONS_FROM_PATCHES/patch_predictions_npz/0000043_N_14_N_14_patch_0003.npz,0.5596324801445007,0.38781270384788513,0.4528292417526245,0.05933075025677681,6
44,N_14,N_14_patch_0004,4,/content/PATIENT_RECONSTRUCTED_PREDICTIONS_FROM_PATCHES/patch_predictions_npz/0000044_N_14_N_14_patch_0004.npz,0.5538740754127502,0.3891560733318329,0.4859258234500885,-0.19358067214488983,9
45,N_14,N_14_patch_0005,5,/content/PATIENT_RECONSTRUCTED_PREDICTIONS_FROM_PATCHES/patch_predictions_npz/0000045_N_14_N_14_patch_0005.npz,0.5895677804946899,0.40797877311706543,0.38446059823036194,-0.3678462505340576,8
46,N_14,N_14_patch_0006,6,/content/PATIENT_RECONSTRUCTED_PREDICTIONS_FROM_PATCHES/patch_predictions_npz/0000046_N_14_N_14_patch_0006.npz,0.613563060760498,0.3704144060611725,0.4506833255290985,-0.26767870783805847,3
47,N_14,N_14_patch_0007,7,/content/PATIENT_RECONSTRUCTED_PREDICTIONS_FROM_PATCHES/patch_predictions_npz/0000047_N_14_N_14_patch_0007.npz,0.5761201977729797,0.3950676918029785,0.452180415391922,-0.3531407415866852,2
48,N_15,N_15_patch_0000,0,/content/PATIENT_RECONSTRUCTED_PREDICTIONS_FROM_PATCHES/patch_predictions_npz/0000048_N_15_N_15_patch_0000.npz,0.4135332405567169,0.47883597016334534,0.4371066093444824,-0.25853705406188965,1
49,N_15,N_15_patch_0001,1,/content/PATIENT_RECONSTRUCTED_PREDICTIONS_FROM_PATCHES/patch_predictions_npz/0000049_N_15_N_15_patch_0001.npz,0.5213635563850403,0.44814595580101013,0.4168386459350586,-0.054850418120622635,1
50,N_15,N_15_patch_0002,2,/content/PATIENT_RECONSTRUCTED_PREDICTIONS_FROM_PATCHES/patch_predictions_npz/0000050_N_15_N_15_patch_0002.npz,0.5561496615409851,0.41222110390663147,0.39073053002357483,0.21470431983470917,10
51,N_15,N_15_patch_0003,3,/content/PATIENT_RECONSTRUCTED_PREDICTIONS_FROM_PATCHES/patch_predictions_npz/0000051_N_15_N_15_patch_0003.npz,0.5821048617362976,0.37237241864204407,0.4626757800579071,-0.00030757239437662065,7
52,N_15,N_15_patch_0004,4,/content/PATIENT_RECONSTRUCTED_PREDICTIONS_FROM_PATCHES/patch_predictions_npz/0000052_N_15_N_15_patch_0004.npz,0.5724326968193054,0.3822486400604248,0.48947906494140625,-0.2920334041118622,9
53,N_15,N_15_patch_0005,5,/content/PATIENT_RECONSTRUCTED_PREDICTIONS_FROM_PATCHES/patch_predictions_npz/0000053_N_15_N_15_patch_0005.npz,0.6415035128593445,0.3949277400970459,0.354452520608902,-0.5197471380233765,8
54,N_15,N_15_patch_0006,6,/content/PATIENT_RECONSTRUCTED_PREDICTIONS_FROM_PATCHES/patch_predictions_npz/0000054_N_15_N_15_patch_0006.npz,0.6874646544456482,0.3405272662639618,0.4609973430633545,-0.4221489429473877,5
55,N_15,N_15_patch_0007,7,/content/PATIENT_RECONSTRUCTED_PREDICTIONS_FROM_PATCHES/patch_predictions_npz/0000055_N_15_N_15_patch_0007.npz,0.6549620628356934,0.36624252796173096,0.45456889271736145,-0.5785683989524841,2
56,N_16,N_16_patch_0000,0,/content/PATIENT_RECONSTRUCTED_PREDICTIONS_FROM_PATCHES/patch_predictions_npz/0000056_N_16_N_16_patch_0000.npz,0.4054703712463379,0.47055885195732117,0.43430590629577637,-0.1567305624485016,1
57,N_16,N_16_patch_0001,1,/content/PATIENT_RECONSTRUCTED_PREDICTIONS_FROM_PATCHES/patch_predictions_npz/0000057_N_16_N_16_patch_0001.npz,0.5136356353759766,0.4406067132949829,0.41390880942344666,-0.025551317259669304,2
58,N_16,N_16_patch_0002,2,/content/PATIENT_RECONSTRUCTED_PREDICTIONS_FROM_PATCHES/patch_predictions_npz/0000058_N_16_N_16_patch_0002.npz,0.5264856219291687,0.41825011372566223,0.396233469247818,0.25315719842910767,6
59,N_16,N_16_patch_0003,3,/content/PATIENT_RECONSTRUCTED_PREDICTIONS_FROM_PATCHES/patch_predictions_npz/0000059_N_16_N_16_patch_0003.npz,0.5291476249694824,0.39124584197998047,0.4544837474822998,0.09557794779539108,7
60,N_16,N_16_patch_0004,4,/content/PATIENT_RECONSTRUCTED_PREDICTIONS_FROM_PATCHES/patch_predictions_npz/0000060_N_16_N_16_patch_0004.npz,0.5180885791778564,0.39970096945762634,0.4758891761302948,-0.08070605248212814,10
61,N_16,N_16_patch_0005,5,/content/PATIENT_RECONSTRUCTED_PREDICTIONS_FROM_PATCHES/patch_predictions_npz/0000061_N_16_N_16_patch_0005.npz,0.5326089262962341,0.41817381978034973,0.4083779752254486,-0.17962558567523956,8
62,N_16,N_16_patch_0006,6,/content/PATIENT_RECONSTRUCTED_PREDICTIONS_FROM_PATCHES/patch_predictions_npz/0000062_N_16_N_16_patch_0006.npz,0.5660504698753357,0.38872501254081726,0.43964138627052307,-0.14655520021915436,5
63,N_16,N_16_patch_0007,7,/content/PATIENT_RECONSTRUCTED_PREDICTIONS_FROM_PATCHES/patch_predictions_npz/0000063_N_16_N_16_patch_0007.npz,0.5467422008514404,0.40058016777038574,0.44921767711639404,-0.22704249620437622,1
64,N_17,N_17_patch_0000,0,/content/PATIENT_RECONSTRUCTED_PREDICTIONS_FROM_PATCHES/patch_predictions_npz/0000064_N_17_N_17_patch_0000.npz,0.40861472487449646,0.4745980501174927,0.4354712963104248,-0.17648577690124512,1
65,N_17,N_17_patch_0001,1,/content/PATIENT_RECONSTRUCTED_PREDICTIONS_FROM_PATCHES/patch_predictions_npz/0000065_N_17_N_17_patch_0001.npz,0.5127273201942444,0.44458600878715515,0.4150019884109497,-0.020019639283418655,3
66,N_17,N_17_patch_0002,2,/content/PATIENT_RECONSTRUCTED_PREDICTIONS_FROM_PATCHES/patch_predictions_npz/0000066_N_17_N_17_patch_0002.npz,0.5323904752731323,0.41724181175231934,0.39494553208351135,0.24635420739650726,9
67,N_17,N_17_patch_0003,3,/content/PATIENT_RECONSTRUCTED_PREDICTIONS_FROM_PATCHES/patch_predictions_npz/0000067_N_17_N_17_patch_0003.npz,0.5360913872718811,0.3897634446620941,0.45341864228248596,0.08565229922533035,7
68,N_17,N_17_patch_0004,4,/content/PATIENT_RECONSTRUCTED_PREDICTIONS_FROM_PATCHES/patch_predictions_npz/0000068_N_17_N_17_patch_0004.npz,0.5373769402503967,0.3940749168395996,0.4807715117931366,-0.13019680976867676,8
69,N_17,N_17_patch_0005,5,/content/PATIENT_RECONSTRUCTED_PREDICTIONS_FROM_PATCHES/patch_predictions_npz/0000069_N_17_N_17_patch_0005.npz,0.5812844634056091,0.40640291571617126,0.3822220265865326,-0.316240519285202,8
70,N_17,N_17_patch_0006,6,/content/PATIENT_RECONSTRUCTED_PREDICTIONS_FROM_PATCHES/patch_predictions_npz/0000070_N_17_N_17_patch_0006.npz,0.6146482825279236,0.366929292678833,0.4514686167240143,-0.25214219093322754,3
71,N_17,N_17_patch_0007,7,/content/PATIENT_RECONSTRUCTED_PREDICTIONS_FROM_PATCHES/patch_predictions_npz/0000071_N_17_N_17_patch_0007.npz,0.588417649269104,0.38685092329978943,0.4485340118408203,-0.3620077669620514,1
72,N_18,N_18_patch_0000,0,/content/PATIENT_RECONSTRUCTED_PREDICTIONS_FROM_PATCHES/patch_predictions_npz/0000072_N_18_N_18_patch_0000.npz,0.41161108016967773,0.4763305187225342,0.4360857903957367,-0.2206980437040329,1
73,N_18,N_18_patch_0001,1,/content/PATIENT_RECONSTRUCTED_PREDICTIONS_FROM_PATCHES/patch_predictions_npz/0000073_N_18_N_18_patch_0001.npz,0.5197215676307678,0.445731520652771,0.41537895798683167,-0.04379325732588768,2
74,N_18,N_18_patch_0002,2,/content/PATIENT_RECONSTRUCTED_PREDICTIONS_FROM_PATCHES/patch_predictions_npz/0000074_N_18_N_18_patch_0002.npz,0.5498449802398682,0.41555318236351013,0.3904993534088135,0.21351002156734467,10
75,N_18,N_18_patch_0003,3,/content/PATIENT_RECONSTRUCTED_PREDICTIONS_FROM_PATCHES/patch_predictions_npz/0000075_N_18_N_18_patch_0003.npz,0.551860511302948,0.38766196370124817,0.4581116735935211,0.028306936845183372,7
76,N_18,N_18_patch_0004,4,/content/PATIENT_RECONSTRUCTED_PREDICTIONS_FROM_PATCHES/patch_predictions_npz/0000076_N_18_N_18_patch_0004.npz,0.542043149471283,0.3951146602630615,0.4814639985561371,-0.1918686479330063,9
77,N_18,N_18_patch_0005,5,/content/PATIENT_RECONSTRUCTED_PREDICTIONS_FROM_PATCHES/patch_predictions_npz/0000077_N_18_N_18_patch_0005.npz,0.5916685461997986,0.4063720703125,0.3808176815509796,-0.3585067093372345,8
78,N_18,N_18_patch_0006,6,/content/PATIENT_RECONSTRUCTED_PREDICTIONS_FROM_PATCHES/patch_predictions_npz/0000078_N_18_N_18_patch_0006.npz,0.6455118060112,0.35783183574676514,0.4482133090496063,-0.317777156829834,5
79,N_18,N_18_patch_0007,7,/content/PATIENT_RECONSTRUCTED_PREDICTIONS_FROM_PATCHES/patch_predictions_npz/0000079_N_18_N_18_patch_0007.npz,0.5941276550292969,0.3905363976955414,0.45444175601005554,-0.40802884101867676,2
80,N_19,N_19_patch_0000,0,/content/PATIENT_RECONSTRUCTED_PREDICTIONS_FROM_PATCHES/patch_predictions_npz/0000080_N_19_N_19_patch_0000.npz,0.4063064157962799,0.4725154638290405,0.43663790822029114,-0.1349487155675888,1
81,N_19,N_19_patch_0001,1,/content/PATIENT_RECONSTRUCTED_PREDICTIONS_FROM_PATCHES/patch_predictions_npz/0000081_N_19_N_19_patch_0001.npz,0.5186272263526917,0.44866132736206055,0.41798844933509827,-0.058353107422590256,3
82,N_19,N_19_patch_0002,2,/content/PATIENT_RECONSTRUCTED_PREDICTIONS_FROM_PATCHES/patch_predictions_npz/0000082_N_19_N_19_patch_0002.npz,0.5409968495368958,0.4187070429325104,0.3924975097179413,0.2088092416524887,11
83,N_19,N_19_patch_0003,3,/content/PATIENT_RECONSTRUCTED_PREDICTIONS_FROM_PATCHES/patch_predictions_npz/0000083_N_19_N_19_patch_0003.npz,0.5389820337295532,0.39279887080192566,0.4555670917034149,0.06074507534503937,7
84,N_19,N_19_patch_0004,4,/content/PATIENT_RECONSTRUCTED_PREDICTIONS_FROM_PATCHES/patch_predictions_npz/0000084_N_19_N_19_patch_0004.npz,0.5294561982154846,0.4027707278728485,0.48033496737480164,-0.15035545825958252,10
85,N_19,N_19_patch_0005,5,/content/PATIENT_RECONSTRUCTED_PREDICTIONS_FROM_PATCHES/patch_predictions_npz/0000085_N_19_N_19_patch_0005.npz,0.5740903615951538,0.4134557545185089,0.38812294602394104,-0.31616508960723877,8
86,N_19,N_19_patch_0006,6,/content/PATIENT_RECONSTRUCTED_PREDICTIONS_FROM_PATCHES/patch_predictions_npz/0000086_N_19_N_19_patch_0006.npz,0.6174919009208679,0.37365105748176575,0.451567143201828,-0.2794097661972046,4
87,N_19,N_19_patch_0007,7,/content/PATIENT_RECONSTRUCTED_PREDICTIONS_FROM_PATCHES/patch_predictions_npz/0000087_N_19_N_19_patch_0007.npz,0.5928599238395691,0.3908298909664154,0.4536886215209961,-0.41982075572013855,3
88,N_2,N_2_patch_0000,0,/content/PATIENT_RECONSTRUCTED_PREDICTIONS_FROM_PATCHES/patch_predictions_npz/0000088_N_2_N_2_patch_0000.npz,0.41134604811668396,0.47612425684928894,0.43570399284362793,-0.21877002716064453,1
89,N_2,N_2_patch_0001,1,/content/PATIENT_RECONSTRUCTED_PREDICTIONS_FROM_PATCHES/patch_predictions_npz/0000089_N_2_N_2_patch_0001.npz,0.5209953188896179,0.4462893009185791,0.41499772667884827,-0.05714324489235878,2
90,N_2,N_2_patch_0002,2,/content/PATIENT_RECONSTRUCTED_PREDICTIONS_FROM_PATCHES/patch_predictions_npz/0000090_N_2_N_2_patch_0002.npz,0.5328918099403381,0.4170806407928467,0.39461883902549744,0.24119572341442108,11
91,N_2,N_2_patch_0003,3,/content/PATIENT_RECONSTRUCTED_PREDICTIONS_FROM_PATCHES/patch_predictions_npz/0000091_N_2_N_2_patch_0003.npz,0.5376073718070984,0.38840451836586,0.45504462718963623,0.06222474202513695,6
92,N_2,N_2_patch_0004,4,/content/PATIENT_RECONSTRUCTED_PREDICTIONS_FROM_PATCHES/patch_predictions_npz/0000092_N_2_N_2_patch_0004.npz,0.5465648770332336,0.3905470371246338,0.48359307646751404,-0.19444091618061066,8
93,N_2,N_2_patch_0005,5,/content/PATIENT_RECONSTRUCTED_PREDICTIONS_FROM_PATCHES/patch_predictions_npz/0000093_N_2_N_2_patch_0005.npz,0.6077945232391357,0.40333589911460876,0.3651374280452728,-0.42314210534095764,8
94,N_2,N_2_patch_0006,6,/content/PATIENT_RECONSTRUCTED_PREDICTIONS_FROM_PATCHES/patch_predictions_npz/0000094_N_2_N_2_patch_0006.npz,0.6516043543815613,0.35285720229148865,0.46292898058891296,-0.34176167845726013,3
95,N_2,N_2_patch_0007,7,/content/PATIENT_RECONSTRUCTED_PREDICTIONS_FROM_PATCHES/patch_predictions_npz/0000095_N_2_N_2_patch_0007.npz,0.6001797318458557,0.3866957128047943,0.45296359062194824,-0.4330214560031891,2
96,N_20,N_20_patch_0000,0,/content/PATIENT_RECONSTRUCTED_PREDICTIONS_FROM_PATCHES/patch_predictions_npz/0000096_N_20_N_20_patch_0000.npz,0.4056008756160736,0.47198286652565,0.43542012572288513,-0.11718317121267319,1
97,N_20,N_20_patch_0001,1,/content/PATIENT_RECONSTRUCTED_PREDICTIONS_FROM_PATCHES/patch_predictions_npz/0000097_N_20_N_20_patch_0001.npz,0.5058709979057312,0.4448976516723633,0.416389137506485,-0.013257631100714207,2
98,N_20,N_20_patch_0002,2,/content/PATIENT_RECONSTRUCTED_PREDICTIONS_FROM_PATCHES/patch_predictions_npz/0000098_N_20_N_20_patch_0002.npz,0.5271124243736267,0.4199172556400299,0.3953875005245209,0.23321186006069183,10
99,N_20,N_20_patch_0003,3,/content/PATIENT_RECONSTRUCTED_PREDICTIONS_FROM_PATCHES/patch_predictions_npz/0000099_N_20_N_20_patch_0003.npz,0.5244459509849548,0.3916245698928833,0.45094454288482666,0.10371913760900497,7
100,N_20,N_20_patch_0004,4,/content/PATIENT_RECONSTRUCTED_PREDICTIONS_FROM_PATCHES/patch_predictions_npz/0000100_N_20_N_20_patch_0004.npz,0.5131928324699402,0.3986615836620331,0.4731362760066986,-0.06400809437036514,9
101,N_20,N_20_patch_0005,5,/content/PATIENT_RECONSTRUCTED_PREDICTIONS_FROM_PATCHES/patch_predictions_npz/0000101_N_20_N_20_patch_0005.npz,0.5586942434310913,0.4075227975845337,0.3865130841732025,-0.2493668794631958,8
102,N_20,N_20_patch_0006,6,/content/PATIENT_RECONSTRUCTED_PREDICTIONS_FROM_PATCHES/patch_predictions_npz/0000102_N_20_N_20_patch_0006.npz,0.6076677441596985,0.3658316135406494,0.446999192237854,-0.2309201955795288,5
103,N_20,N_20_patch_0007,7,/content/PATIENT_RECONSTRUCTED_PREDICTIONS_FROM_PATCHES/patch_predictions_npz/0000103_N_20_N_20_patch_0007.npz,0.554445207118988,0.4008442163467407,0.44852009415626526,-0.274951308965683,1
104,N_21,N_21_patch_0000,0,/content/PATIENT_RECONSTRUCTED_PREDICTIONS_FROM_PATCHES/patch_predictions_npz/0000104_N_21_N_21_patch_0000.npz,0.4081780016422272,0.4734902083873749,0.4360266625881195,-0.16186489164829254,1
105,N_21,N_21_patch_0001,1,/content/PATIENT_RECONSTRUCTED_PREDICTIONS_FROM_PATCHES/patch_predictions_npz/0000105_N_21_N_21_patch_0001.npz,0.5150026679039001,0.45025506615638733,0.4156738519668579,-0.06203142926096916,1
106,N_21,N_21_patch_0002,2,/content/PATIENT_RECONSTRUCTED_PREDICTIONS_FROM_PATCHES/patch_predictions_npz/0000106_N_21_N_21_patch_0002.npz,0.5294690132141113,0.42227914929389954,0.3970346748828888,0.20178954303264618,9
107,N_21,N_21_patch_0003,3,/content/PATIENT_RECONSTRUCTED_PREDICTIONS_FROM_PATCHES/patch_predictions_npz/0000107_N_21_N_21_patch_0003.npz,0.531970202922821,0.3931475579738617,0.45209336280822754,0.0778750628232956,6
108,N_21,N_21_patch_0004,4,/content/PATIENT_RECONSTRUCTED_PREDICTIONS_FROM_PATCHES/patch_predictions_npz/0000108_N_21_N_21_patch_0004.npz,0.5253943204879761,0.3971457779407501,0.47606971859931946,-0.08848533034324646,8
109,N_21,N_21_patch_0005,5,/content/PATIENT_RECONSTRUCTED_PREDICTIONS_FROM_PATCHES/patch_predictions_npz/0000109_N_21_N_21_patch_0005.npz,0.5506080985069275,0.41025757789611816,0.40791940689086914,-0.22928468883037567,8
110,N_21,N_21_patch_0006,6,/content/PATIENT_RECONSTRUCTED_PREDICTIONS_FROM_PATCHES/patch_predictions_npz/0000110_N_21_N_21_patch_0006.npz,0.6109616160392761,0.36466851830482483,0.43428292870521545,-0.24258053302764893,8
111,N_21,N_21_patch_0007,7,/content/PATIENT_RECONSTRUCTED_PREDICTIONS_FROM_PATCHES/patch_predictions_npz/0000111_N_21_N_21_patch_0007.npz,0.5698444247245789,0.3915962874889374,0.45075443387031555,-0.29154300689697266,2
112,N_22,N_22_patch_0000,0,/content/PATIENT_RECONSTRUCTED_PREDICTIONS_FROM_PATCHES/patch_predictions_npz/0000112_N_22_N_22_patch_0000.npz,0.40714797377586365,0.47232940793037415,0.4355930984020233,-0.15840476751327515,1
113,N_22,N_22_patch_0001,1,/content/PATIENT_RECONSTRUCTED_PREDICTIONS_FROM_PATCHES/patch_predictions_npz/0000113_N_22_N_22_patch_0001.npz,0.5174552202224731,0.44769594073295593,0.4175353944301605,-0.048807114362716675,3
114,N_22,N_22_patch_0002,2,/content/PATIENT_RECONSTRUCTED_PREDICTIONS_FROM_PATCHES/patch_predictions_npz/0000114_N_22_N_22_patch_0002.npz,0.5435283184051514,0.41630175709724426,0.39144518971443176,0.2314274162054062,9
115,N_22,N_22_patch_0003,3,/content/PATIENT_RECONSTRUCTED_PREDICTIONS_FROM_PATCHES/patch_predictions_npz/0000115_N_22_N_22_patch_0003.npz,0.5495851039886475,0.38250279426574707,0.45826205611228943,0.04066597670316696,6
116,N_22,N_22_patch_0004,4,/content/PATIENT_RECONSTRUCTED_PREDICTIONS_FROM_PATCHES/patch_predictions_npz/0000116_N_22_N_22_patch_0004.npz,0.5430558323860168,0.3923090994358063,0.48299989104270935,-0.15518485009670258,8
117,N_22,N_22_patch_0005,5,/content/PATIENT_RECONSTRUCTED_PREDICTIONS_FROM_PATCHES/patch_predictions_npz/0000117_N_22_N_22_patch_0005.npz,0.592601478099823,0.40573182702064514,0.3816332519054413,-0.3489396870136261,8
118,N_22,N_22_patch_0006,6,/content/PATIENT_RECONSTRUCTED_PREDICTIONS_FROM_PATCHES/patch_predictions_npz/0000118_N_22_N_22_patch_0006.npz,0.6434342861175537,0.35686373710632324,0.45754122734069824,-0.31141331791877747,4
119,N_22,N_22_patch_0007,7,/content/PATIENT_RECONSTRUCTED_PREDICTIONS_FROM_PATCHES/patch_predictions_npz/0000119_N_22_N_22_patch_0007.npz,0.594141960144043,0.38901153206825256,0.4559195041656494,-0.4173109531402588,2
120,N_23,N_23_patch_0000,0,/content/PATIENT_RECONSTRUCTED_PREDICTIONS_FROM_PATCHES/patch_predictions_npz/0000120_N_23_N_23_patch_0000.npz,0.4057405889034271,0.4711540937423706,0.43629005551338196,-0.11780563741922379,1
121,N_23,N_23_patch_0001,1,/content/PATIENT_RECONSTRUCTED_PREDICTIONS_FROM_PATCHES/patch_predictions_npz/0000121_N_23_N_23_patch_0001.npz,0.5140803456306458,0.44623884558677673,0.41564276814460754,-0.030847711488604546,2
122,N_23,N_23_patch_0002,2,/content/PATIENT_RECONSTRUCTED_PREDICTIONS_FROM_PATCHES/patch_predictions_npz/0000122_N_23_N_23_patch_0002.npz,0.5358379483222961,0.41718193888664246,0.39427462220191956,0.235478937625885,10
123,N_23,N_23_patch_0003,3,/content/PATIENT_RECONSTRUCTED_PREDICTIONS_FROM_PATCHES/patch_predictions_npz/0000123_N_23_N_23_patch_0003.npz,0.5426000952720642,0.38783028721809387,0.4548349678516388,0.07717525959014893,6
124,N_23,N_23_patch_0004,4,/content/PATIENT_RECONSTRUCTED_PREDICTIONS_FROM_PATCHES/patch_predictions_npz/0000124_N_23_N_23_patch_0004.npz,0.5332278609275818,0.3968779146671295,0.47989943623542786,-0.12430894374847412,7
125,N_23,N_23_patch_0005,5,/content/PATIENT_RECONSTRUCTED_PREDICTIONS_FROM_PATCHES/patch_predictions_npz/0000125_N_23_N_23_patch_0005.npz,0.5680326223373413,0.4113982617855072,0.3909914493560791,-0.2890744209289551,8
126,N_23,N_23_patch_0006,6,/content/PATIENT_RECONSTRUCTED_PREDICTIONS_FROM_PATCHES/patch_predictions_npz/0000126_N_23_N_23_patch_0006.npz,0.6152364611625671,0.36319246888160706,0.44560715556144714,-0.23425078392028809,5
127,N_23,N_23_patch_0007,7,/content/PATIENT_RECONSTRUCTED_PREDICTIONS_FROM_PATCHES/patch_predictions_npz/0000127_N_23_N_23_patch_0007.npz,0.570997416973114,0.38959065079689026,0.44807830452919006,-0.28972306847572327,2
128,N_24,N_24_patch_0000,0,/content/PATIENT_RECONSTRUCTED_PREDICTIONS_FROM_PATCHES/patch_predictions_npz/0000128_N_24_N_24_patch_0000.npz,0.42052891850471497,0.4844617545604706,0.4360916316509247,-0.40162646770477295,1
129,N_24,N_24_patch_0001,1,/content/PATIENT_RECONSTRUCTED_PREDICTIONS_FROM_PATCHES/patch_predictions_npz/0000129_N_24_N_24_patch_0001.npz,0.5646992921829224,0.44280168414115906,0.409563809633255,-0.15837426483631134,1
130,N_24,N_24_patch_0002,2,/content/PATIENT_RECONSTRUCTED_PREDICTIONS_FROM_PATCHES/patch_predictions_npz/0000130_N_24_N_24_patch_0002.npz,0.5976608395576477,0.40086665749549866,0.3785371482372284,0.20163841545581818,11
131,N_24,N_24_patch_0003,3,/content/PATIENT_RECONSTRUCTED_PREDICTIONS_FROM_PATCHES/patch_predictions_npz/0000131_N_24_N_24_patch_0003.npz,0.5956342816352844,0.36610350012779236,0.4646031856536865,-0.04051506146788597,6
132,N_24,N_24_patch_0004,4,/content/PATIENT_RECONSTRUCTED_PREDICTIONS_FROM_PATCHES/patch_predictions_npz/0000132_N_24_N_24_patch_0004.npz,0.5814306139945984,0.3803209364414215,0.4936436712741852,-0.3162761628627777,9
133,N_24,N_24_patch_0005,5,/content/PATIENT_RECONSTRUCTED_PREDICTIONS_FROM_PATCHES/patch_predictions_npz/0000133_N_24_N_24_patch_0005.npz,0.6490293145179749,0.39823219180107117,0.3518920838832855,-0.5611333847045898,7
134,N_24,N_24_patch_0006,6,/content/PATIENT_RECONSTRUCTED_PREDICTIONS_FROM_PATCHES/patch_predictions_npz/0000134_N_24_N_24_patch_0006.npz,0.6785855293273926,0.34447383880615234,0.4729747772216797,-0.41106918454170227,3
135,N_24,N_24_patch_0007,7,/content/PATIENT_RECONSTRUCTED_PREDICTIONS_FROM_PATCHES/patch_predictions_npz/0000135_N_24_N_24_patch_0007.npz,0.6475265026092529,0.3731667697429657,0.45698896050453186,-0.595399796962738,2
136,N_25,N_25_patch_0000,0,/content/PATIENT_RECONSTRUCTED_PREDICTIONS_FROM_PATCHES/patch_predictions_npz/0000136_N_25_N_25_patch_0000.npz,0.4055139720439911,0.4709007740020752,0.4350809156894684,-0.13708026707172394,1
137,N_25,N_25_patch_0001,1,/content/PATIENT_RECONSTRUCTED_PREDICTIONS_FROM_PATCHES/patch_predictions_npz/0000137_N_25_N_25_patch_0001.npz,0.5303389430046082,0.44934189319610596,0.4142723083496094,-0.1088939681649208,1
138,N_25,N_25_patch_0002,2,/content/PATIENT_RECONSTRUCTED_PREDICTIONS_FROM_PATCHES/patch_predictions_npz/0000138_N_25_N_25_patch_0002.npz,0.5572741627693176,0.42300114035606384,0.3932572901248932,0.1842939406633377,9
139,N_25,N_25_patch_0003,3,/content/PATIENT_RECONSTRUCTED_PREDICTIONS_FROM_PATCHES/patch_predictions_npz/0000139_N_25_N_25_patch_0003.npz,0.5535401701927185,0.3892460763454437,0.46139124035835266,0.01731753908097744,6
140,N_25,N_25_patch_0004,4,/content/PATIENT_RECONSTRUCTED_PREDICTIONS_FROM_PATCHES/patch_predictions_npz/0000140_N_25_N_25_patch_0004.npz,0.543092668056488,0.4004495143890381,0.48510000109672546,-0.19997668266296387,10
141,N_25,N_25_patch_0005,5,/content/PATIENT_RECONSTRUCTED_PREDICTIONS_FROM_PATCHES/patch_predictions_npz/0000141_N_25_N_25_patch_0005.npz,0.586578905582428,0.41391491889953613,0.3832925856113434,-0.37031325697898865,8
142,N_25,N_25_patch_0006,6,/content/PATIENT_RECONSTRUCTED_PREDICTIONS_FROM_PATCHES/patch_predictions_npz/0000142_N_25_N_25_patch_0006.npz,0.6384069919586182,0.3599487841129303,0.4574066698551178,-0.3150928318500519,5
143,N_25,N_25_patch_0007,7,/content/PATIENT_RECONSTRUCTED_PREDICTIONS_FROM_PATCHES/patch_predictions_npz/0000143_N_25_N_25_patch_0007.npz,0.5901498198509216,0.3906256854534149,0.45005595684051514,-0.39038825035095215,1
144,N_26,N_26_patch_0000,0,/content/PATIENT_RECONSTRUCTED_PREDICTIONS_FROM_PATCHES/patch_predictions_npz/0000144_N_26_N_26_patch_0000.npz,0.4093429148197174,0.4758743345737457,0.4365859925746918,-0.20363032817840576,1
145,N_26,N_26_patch_0001,1,/content/PATIENT_RECONSTRUCTED_PREDICTIONS_FROM_PATCHES/patch_predictions_npz/0000145_N_26_N_26_patch_0001.npz,0.5173501968383789,0.45397600531578064,0.41965922713279724,-0.07519254833459854,2
146,N_26,N_26_patch_0002,2,/content/PATIENT_RECONSTRUCTED_PREDICTIONS_FROM_PATCHES/patch_predictions_npz/0000146_N_26_N_26_patch_0002.npz,0.5272050499916077,0.4267737865447998,0.3997572958469391,0.21537458896636963,12
147,N_26,N_26_patch_0003,3,/content/PATIENT_RECONSTRUCTED_PREDICTIONS_FROM_PATCHES/patch_predictions_npz/0000147_N_26_N_26_patch_0003.npz,0.5349647998809814,0.3975573778152466,0.4574054777622223,0.03618095442652702,6
148,N_26,N_26_patch_0004,4,/content/PATIENT_RECONSTRUCTED_PREDICTIONS_FROM_PATCHES/patch_predictions_npz/0000148_N_26_N_26_patch_0004.npz,0.5393926501274109,0.4020114839076996,0.48358479142189026,-0.1737201064825058,10
149,N_26,N_26_patch_0005,5,/content/PATIENT_RECONSTRUCTED_PREDICTIONS_FROM_PATCHES/patch_predictions_npz/0000149_N_26_N_26_patch_0005.npz,0.5801266431808472,0.4150789678096771,0.3884142339229584,-0.35336634516716003,8
150,N_26,N_26_patch_0006,6,/content/PATIENT_RECONSTRUCTED_PREDICTIONS_FROM_PATCHES/patch_predictions_npz/0000150_N_26_N_26_patch_0006.npz,0.6177547574043274,0.3764725625514984,0.46115612983703613,-0.31062638759613037,4
151,N_26,N_26_patch_0007,7,/content/PATIENT_RECONSTRUCTED_PREDICTIONS_FROM_PATCHES/patch_predictions_npz/0000151_N_26_N_26_patch_0007.npz,0.5715612769126892,0.4023548662662506,0.45353782176971436,-0.3844374120235443,1
152,N_27,N_27_patch_0000,0,/content/PATIENT_RECONSTRUCTED_PREDICTIONS_FROM_PATCHES/patch_predictions_npz/0000152_N_27_N_27_patch_0000.npz,0.4183993339538574,0.48418089747428894,0.43571802973747253,-0.3574429750442505,1
153,N_27,N_27_patch_0001,1,/content/PATIENT_RECONSTRUCTED_PREDICTIONS_FROM_PATCHES/patch_predictions_npz/0000153_N_27_N_27_patch_0001.npz,0.5242962837219238,0.45417702198028564,0.41940417885780334,-0.10574442893266678,1
154,N_27,N_27_patch_0002,2,/content/PATIENT_RECONSTRUCTED_PREDICTIONS_FROM_PATCHES/patch_predictions_npz/0000154_N_27_N_27_patch_0002.npz,0.5600002408027649,0.4219397008419037,0.3918522894382477,0.1656228005886078,10
155,N_27,N_27_patch_0003,3,/content/PATIENT_RECONSTRUCTED_PREDICTIONS_FROM_PATCHES/patch_predictions_npz/0000155_N_27_N_27_patch_0003.npz,0.5630959868431091,0.38889357447624207,0.46362289786338806,-0.008884360082447529,7
156,N_27,N_27_patch_0004,4,/content/PATIENT_RECONSTRUCTED_PREDICTIONS_FROM_PATCHES/patch_predictions_npz/0000156_N_27_N_27_patch_0004.npz,0.5510584712028503,0.39629971981048584,0.4861435890197754,-0.24504436552524567,9
157,N_27,N_27_patch_0005,5,/content/PATIENT_RECONSTRUCTED_PREDICTIONS_FROM_PATCHES/patch_predictions_npz/0000157_N_27_N_27_patch_0005.npz,0.5911219120025635,0.41904497146606445,0.3796004056930542,-0.40634453296661377,8
158,N_27,N_27_patch_0006,6,/content/PATIENT_RECONSTRUCTED_PREDICTIONS_FROM_PATCHES/patch_predictions_npz/0000158_N_27_N_27_patch_0006.npz,0.6359127163887024,0.368415504693985,0.47466135025024414,-0.353350967168808,4
159,N_27,N_27_patch_0007,7,/content/PATIENT_RECONSTRUCTED_PREDICTIONS_FROM_PATCHES/patch_predictions_npz/0000159_N_27_N_27_patch_0007.npz,0.5750266909599304,0.39830824732780457,0.4518814980983734,-0.3778867721557617,2
160,N_28,N_28_patch_0000,0,/content/PATIENT_RECONSTRUCTED_PREDICTIONS_FROM_PATCHES/patch_predictions_npz/0000160_N_28_N_28_patch_0000.npz,0.40856242179870605,0.4742327928543091,0.4346771538257599,-0.17664897441864014,1
161,N_28,N_28_patch_0001,1,/content/PATIENT_RECONSTRUCTED_PREDICTIONS_FROM_PATCHES/patch_predictions_npz/0000161_N_28_N_28_patch_0001.npz,0.5079525113105774,0.4465999901294708,0.41600501537323,-0.02561941184103489,3
162,N_28,N_28_patch_0002,2,/content/PATIENT_RECONSTRUCTED_PREDICTIONS_FROM_PATCHES/patch_predictions_npz/0000162_N_28_N_28_patch_0002.npz,0.5395473837852478,0.42041531205177307,0.39420560002326965,0.21938790380954742,10
163,N_28,N_28_patch_0003,3,/content/PATIENT_RECONSTRUCTED_PREDICTIONS_FROM_PATCHES/patch_predictions_npz/0000163_N_28_N_28_patch_0003.npz,0.556891679763794,0.3850567638874054,0.45778098702430725,0.02256513573229313,7
164,N_28,N_28_patch_0004,4,/content/PATIENT_RECONSTRUCTED_PREDICTIONS_FROM_PATCHES/patch_predictions_npz/0000164_N_28_N_28_patch_0004.npz,0.5418577790260315,0.3929334580898285,0.483379602432251,-0.182730033993721,8
165,N_28,N_28_patch_0005,5,/content/PATIENT_RECONSTRUCTED_PREDICTIONS_FROM_PATCHES/patch_predictions_npz/0000165_N_28_N_28_patch_0005.npz,0.5570809245109558,0.4123469591140747,0.39602145552635193,-0.2584770917892456,8
166,N_28,N_28_patch_0006,6,/content/PATIENT_RECONSTRUCTED_PREDICTIONS_FROM_PATCHES/patch_predictions_npz/0000166_N_28_N_28_patch_0006.npz,0.5821197032928467,0.3849785029888153,0.4508990943431854,-0.2079916000366211,3
167,N_28,N_28_patch_0007,7,/content/PATIENT_RECONSTRUCTED_PREDICTIONS_FROM_PATCHES/patch_predictions_npz/0000167_N_28_N_28_patch_0007.npz,0.5625329613685608,0.4023714065551758,0.4528775215148926,-0.3330763578414917,2
168,N_29,N_29_patch_0000,0,/content/PATIENT_RECONSTRUCTED_PREDICTIONS_FROM_PATCHES/patch_predictions_npz/0000168_N_29_N_29_patch_0000.npz,0.4080532491207123,0.4743508994579315,0.4369465112686157,-0.14549756050109863,1
169,N_29,N_29_patch_0001,1,/content/PATIENT_RECONSTRUCTED_PREDICTIONS_FROM_PATCHES/patch_predictions_npz/0000169_N_29_N_29_patch_0001.npz,0.5041655898094177,0.45410990715026855,0.4209432303905487,-0.03560800477862358,1
170,N_29,N_29_patch_0002,2,/content/PATIENT_RECONSTRUCTED_PREDICTIONS_FROM_PATCHES/patch_predictions_npz/0000170_N_29_N_29_patch_0002.npz,0.5272971391677856,0.4294919967651367,0.4002952575683594,0.19391413033008575,11
171,N_29,N_29_patch_0003,3,/content/PATIENT_RECONSTRUCTED_PREDICTIONS_FROM_PATCHES/patch_predictions_npz/0000171_N_29_N_29_patch_0003.npz,0.5392515063285828,0.3925553262233734,0.45862269401550293,0.031196579337120056,6
172,N_29,N_29_patch_0004,4,/content/PATIENT_RECONSTRUCTED_PREDICTIONS_FROM_PATCHES/patch_predictions_npz/0000172_N_29_N_29_patch_0004.npz,0.5330470204353333,0.4020631015300751,0.4810697138309479,-0.16458536684513092,10
173,N_29,N_29_patch_0005,5,/content/PATIENT_RECONSTRUCTED_PREDICTIONS_FROM_PATCHES/patch_predictions_npz/0000173_N_29_N_29_patch_0005.npz,0.5722848773002625,0.4162046015262604,0.3869800567626953,-0.3193494975566864,8
174,N_29,N_29_patch_0006,6,/content/PATIENT_RECONSTRUCTED_PREDICTIONS_FROM_PATCHES/patch_predictions_npz/0000174_N_29_N_29_patch_0006.npz,0.589735209941864,0.3830593526363373,0.454524427652359,-0.21378789842128754,3
175,N_29,N_29_patch_0007,7,/content/PATIENT_RECONSTRUCTED_PREDICTIONS_FROM_PATCHES/patch_predictions_npz/0000175_N_29_N_29_patch_0007.npz,0.5444101691246033,0.4060109555721283,0.45145997405052185,-0.2629038095474243,2
176,N_3,N_3_patch_0000,0,/content/PATIENT_RECONSTRUCTED_PREDICTIONS_FROM_PATCHES/patch_predictions_npz/0000176_N_3_N_3_patch_0000.npz,0.40720847249031067,0.4729810655117035,0.4331270158290863,-0.21296460926532745,1
177,N_3,N_3_patch_0001,1,/content/PATIENT_RECONSTRUCTED_PREDICTIONS_FROM_PATCHES/patch_predictions_npz/0000177_N_3_N_3_patch_0001.npz,0.539290726184845,0.44259536266326904,0.41220661997795105,-0.11562957614660263,1
178,N_3,N_3_patch_0002,2,/content/PATIENT_RECONSTRUCTED_PREDICTIONS_FROM_PATCHES/patch_predictions_npz/0000178_N_3_N_3_patch_0002.npz,0.5753769874572754,0.4080677330493927,0.3834063708782196,0.22042395174503326,9
179,N_3,N_3_patch_0003,3,/content/PATIENT_RECONSTRUCTED_PREDICTIONS_FROM_PATCHES/patch_predictions_npz/0000179_N_3_N_3_patch_0003.npz,0.5707643628120422,0.3747711479663849,0.46035709977149963,0.013038460165262222,6
180,N_3,N_3_patch_0004,4,/content/PATIENT_RECONSTRUCTED_PREDICTIONS_FROM_PATCHES/patch_predictions_npz/0000180_N_3_N_3_patch_0004.npz,0.5554946064949036,0.38822320103645325,0.4860389232635498,-0.22203290462493896,9
181,N_3,N_3_patch_0005,5,/content/PATIENT_RECONSTRUCTED_PREDICTIONS_FROM_PATCHES/patch_predictions_npz/0000181_N_3_N_3_patch_0005.npz,0.6243737936019897,0.3999043405056,0.35935306549072266,-0.46478602290153503,8
182,N_3,N_3_patch_0006,6,/content/PATIENT_RECONSTRUCTED_PREDICTIONS_FROM_PATCHES/patch_predictions_npz/0000182_N_3_N_3_patch_0006.npz,0.6594233512878418,0.34883132576942444,0.4693826735019684,-0.3695683479309082,2
183,N_3,N_3_patch_0007,7,/content/PATIENT_RECONSTRUCTED_PREDICTIONS_FROM_PATCHES/patch_predictions_npz/0000183_N_3_N_3_patch_0007.npz,0.6056817173957825,0.38469672203063965,0.4496457576751709,-0.4410885274410248,2
184,N_30,N_30_patch_0000,0,/content/PATIENT_RECONSTRUCTED_PREDICTIONS_FROM_PATCHES/patch_predictions_npz/0000184_N_30_N_30_patch_0000.npz,0.4097600281238556,0.4750252068042755,0.43532609939575195,-0.2091996669769287,1
185,N_30,N_30_patch_0001,1,/content/PATIENT_RECONSTRUCTED_PREDICTIONS_FROM_PATCHES/patch_predictions_npz/0000185_N_30_N_30_patch_0001.npz,0.5192292332649231,0.44874072074890137,0.41458114981651306,-0.06311098486185074,4
186,N_30,N_30_patch_0002,2,/content/PATIENT_RECONSTRUCTED_PREDICTIONS_FROM_PATCHES/patch_predictions_npz/0000186_N_30_N_30_patch_0002.npz,0.5395020246505737,0.4241271913051605,0.3975994288921356,0.20909124612808228,11
187,N_30,N_30_patch_0003,3,/content/PATIENT_RECONSTRUCTED_PREDICTIONS_FROM_PATCHES/patch_predictions_npz/0000187_N_30_N_30_patch_0003.npz,0.5344592332839966,0.3902120292186737,0.4590689241886139,0.0310860276222229,9
188,N_30,N_30_patch_0004,4,/content/PATIENT_RECONSTRUCTED_PREDICTIONS_FROM_PATCHES/patch_predictions_npz/0000188_N_30_N_30_patch_0004.npz,0.5216748714447021,0.4030386209487915,0.47781625390052795,-0.12524530291557312,10
189,N_30,N_30_patch_0005,5,/content/PATIENT_RECONSTRUCTED_PREDICTIONS_FROM_PATCHES/patch_predictions_npz/0000189_N_30_N_30_patch_0005.npz,0.5285369157791138,0.4216597378253937,0.41980716586112976,-0.18725979328155518,8
190,N_30,N_30_patch_0006,6,/content/PATIENT_RECONSTRUCTED_PREDICTIONS_FROM_PATCHES/patch_predictions_npz/0000190_N_30_N_30_patch_0006.npz,0.5875239968299866,0.3803052008152008,0.4484682083129883,-0.20505045354366302,3
191,N_30,N_30_patch_0007,7,/content/PATIENT_RECONSTRUCTED_PREDICTIONS_FROM_PATCHES/patch_predictions_npz/0000191_N_30_N_30_patch_0007.npz,0.5327166318893433,0.40590572357177734,0.44916853308677673,-0.19968914985656738,2
192,N_31,N_31_patch_0000,0,/content/PATIENT_RECONSTRUCTED_PREDICTIONS_FROM_PATCHES/patch_predictions_npz/0000192_N_31_N_31_patch_0000.npz,0.40829339623451233,0.4747837781906128,0.4360384941101074,-0.16824503242969513,1
193,N_31,N_31_patch_0001,1,/content/PATIENT_RECONSTRUCTED_PREDICTIONS_FROM_PATCHES/patch_predictions_npz/0000193_N_31_N_31_patch_0001.npz,0.4998089075088501,0.4491507112979889,0.41813206672668457,-0.007692374289035797,1
194,N_31,N_31_patch_0002,2,/content/PATIENT_RECONSTRUCTED_PREDICTIONS_FROM_PATCHES/patch_predictions_npz/0000194_N_31_N_31_patch_0002.npz,0.5286687016487122,0.42145204544067383,0.3977377414703369,0.23272426426410675,9
195,N_31,N_31_patch_0003,3,/content/PATIENT_RECONSTRUCTED_PREDICTIONS_FROM_PATCHES/patch_predictions_npz/0000195_N_31_N_31_patch_0003.npz,0.5417744517326355,0.38512668013572693,0.4558142125606537,0.06004303693771362,6
196,N_31,N_31_patch_0004,4,/content/PATIENT_RECONSTRUCTED_PREDICTIONS_FROM_PATCHES/patch_predictions_npz/0000196_N_31_N_31_patch_0004.npz,0.5338103771209717,0.39769670367240906,0.4804200232028961,-0.15400837361812592,8
197,N_31,N_31_patch_0005,5,/content/PATIENT_RECONSTRUCTED_PREDICTIONS_FROM_PATCHES/patch_predictions_npz/0000197_N_31_N_31_patch_0005.npz,0.56235671043396,0.41207441687583923,0.40196195244789124,-0.26557445526123047,8
198,N_31,N_31_patch_0006,6,/content/PATIENT_RECONSTRUCTED_PREDICTIONS_FROM_PATCHES/patch_predictions_npz/0000198_N_31_N_31_patch_0006.npz,0.6012600064277649,0.3750830590724945,0.44319841265678406,-0.21936745941638947,5
199,N_31,N_31_patch_0007,7,/content/PATIENT_RECONSTRUCTED_PREDICTIONS_FROM_PATCHES/patch_predictions_npz/0000199_N_31_N_31_patch_0007.npz,0.5516277551651001,0.4011000394821167,0.4529940187931061,-0.2761646509170532,2
200,N_32,N_32_patch_0000,0,/content/PATIENT_RECONSTRUCTED_PREDICTIONS_FROM_PATCHES/patch_predictions_npz/0000200_N_32_N_32_patch_0000.npz,0.4019130766391754,0.4684542417526245,0.4352308213710785,-0.07030417770147324,1
201,N_32,N_32_patch_0001,1,/content/PATIENT_RECONSTRUCTED_PREDICTIONS_FROM_PATCHES/patch_predictions_npz/0000201_N_32_N_32_patch_0001.npz,0.49488604068756104,0.4518907964229584,0.4208696782588959,-0.01748630590736866,3
202,N_32,N_32_patch_0002,2,/content/PATIENT_RECONSTRUCTED_PREDICTIONS_FROM_PATCHES/patch_predictions_npz/0000202_N_32_N_32_patch_0002.npz,0.5210434794425964,0.4252138137817383,0.39894986152648926,0.22637319564819336,8
203,N_32,N_32_patch_0003,3,/content/PATIENT_RECONSTRUCTED_PREDICTIONS_FROM_PATCHES/patch_predictions_npz/0000203_N_32_N_32_patch_0003.npz,0.517454981803894,0.39986929297447205,0.456015944480896,0.0672701895236969,8
204,N_32,N_32_patch_0004,4,/content/PATIENT_RECONSTRUCTED_PREDICTIONS_FROM_PATCHES/patch_predictions_npz/0000204_N_32_N_32_patch_0004.npz,0.516560971736908,0.40497520565986633,0.4764014780521393,-0.1181219220161438,10
205,N_32,N_32_patch_0005,5,/content/PATIENT_RECONSTRUCTED_PREDICTIONS_FROM_PATCHES/patch_predictions_npz/0000205_N_32_N_32_patch_0005.npz,0.5580599904060364,0.41919398307800293,0.3880533277988434,-0.29919251799583435,8
206,N_32,N_32_patch_0006,6,/content/PATIENT_RECONSTRUCTED_PREDICTIONS_FROM_PATCHES/patch_predictions_npz/0000206_N_32_N_32_patch_0006.npz,0.5892645716667175,0.3783986568450928,0.45935943722724915,-0.23479151725769043,3
207,N_32,N_32_patch_0007,7,/content/PATIENT_RECONSTRUCTED_PREDICTIONS_FROM_PATCHES/patch_predictions_npz/0000207_N_32_N_32_patch_0007.npz,0.5457581877708435,0.40463414788246155,0.44996127486228943,-0.2615702152252197,1
208,N_33,N_33_patch_0000,0,/content/PATIENT_RECONSTRUCTED_PREDICTIONS_FROM_PATCHES/patch_predictions_npz/0000208_N_33_N_33_patch_0000.npz,0.4085486829280853,0.4759038984775543,0.43783023953437805,-0.15403932332992554,1
209,N_33,N_33_patch_0001,1,/content/PATIENT_RECONSTRUCTED_PREDICTIONS_FROM_PATCHES/patch_predictions_npz/0000209_N_33_N_33_patch_0001.npz,0.49907204508781433,0.4563848078250885,0.42165303230285645,-0.037557002156972885,1
210,N_33,N_33_patch_0002,2,/content/PATIENT_RECONSTRUCTED_PREDICTIONS_FROM_PATCHES/patch_predictions_npz/0000210_N_33_N_33_patch_0002.npz,0.5213314890861511,0.4275006353855133,0.3997451066970825,0.20521919429302216,12
211,N_33,N_33_patch_0003,3,/content/PATIENT_RECONSTRUCTED_PREDICTIONS_FROM_PATCHES/patch_predictions_npz/0000211_N_33_N_33_patch_0003.npz,0.524276614189148,0.40392449498176575,0.4524306356906891,0.08763907104730606,8
212,N_33,N_33_patch_0004,4,/content/PATIENT_RECONSTRUCTED_PREDICTIONS_FROM_PATCHES/patch_predictions_npz/0000212_N_33_N_33_patch_0004.npz,0.5184839367866516,0.4065152406692505,0.477191299200058,-0.10525405406951904,8
213,N_33,N_33_patch_0005,5,/content/PATIENT_RECONSTRUCTED_PREDICTIONS_FROM_PATCHES/patch_predictions_npz/0000213_N_33_N_33_patch_0005.npz,0.559034526348114,0.41829147934913635,0.3894902467727661,-0.28291353583335876,8
214,N_33,N_33_patch_0006,6,/content/PATIENT_RECONSTRUCTED_PREDICTIONS_FROM_PATCHES/patch_predictions_npz/0000214_N_33_N_33_patch_0006.npz,0.5852339863777161,0.38422107696533203,0.45624491572380066,-0.216389462351799,4
215,N_33,N_33_patch_0007,7,/content/PATIENT_RECONSTRUCTED_PREDICTIONS_FROM_PATCHES/patch_predictions_npz/0000215_N_33_N_33_patch_0007.npz,0.54024338722229,0.4104672968387604,0.451775461435318,-0.2696293592453003,2
216,N_34,N_34_patch_0000,0,/content/PATIENT_RECONSTRUCTED_PREDICTIONS_FROM_PATCHES/patch_predictions_npz/0000216_N_34_N_34_patch_0000.npz,0.41658899188041687,0.4824162423610687,0.43241238594055176,-0.3806934654712677,1
217,N_34,N_34_patch_0001,1,/content/PATIENT_RECONSTRUCTED_PREDICTIONS_FROM_PATCHES/patch_predictions_npz/0000217_N_34_N_34_patch_0001.npz,0.5278934836387634,0.46151742339134216,0.4232299327850342,-0.15343932807445526,2
218,N_34,N_34_patch_0002,2,/content/PATIENT_RECONSTRUCTED_PREDICTIONS_FROM_PATCHES/patch_predictions_npz/0000218_N_34_N_34_patch_0002.npz,0.5867863297462463,0.4157743453979492,0.38507071137428284,0.15993493795394897,7
219,N_34,N_34_patch_0003,3,/content/PATIENT_RECONSTRUCTED_PREDICTIONS_FROM_PATCHES/patch_predictions_npz/0000219_N_34_N_34_patch_0003.npz,0.5981035828590393,0.37215352058410645,0.4663197994232178,-0.05191423371434212,6
220,N_34,N_34_patch_0004,4,/content/PATIENT_RECONSTRUCTED_PREDICTIONS_FROM_PATCHES/patch_predictions_npz/0000220_N_34_N_34_patch_0004.npz,0.5664506554603577,0.3901709020137787,0.49086514115333557,-0.2745327353477478,8
221,N_34,N_34_patch_0005,5,/content/PATIENT_RECONSTRUCTED_PREDICTIONS_FROM_PATCHES/patch_predictions_npz/0000221_N_34_N_34_patch_0005.npz,0.5917090773582458,0.4136316776275635,0.3804851472377777,-0.3818085193634033,8
222,N_34,N_34_patch_0006,6,/content/PATIENT_RECONSTRUCTED_PREDICTIONS_FROM_PATCHES/patch_predictions_npz/0000222_N_34_N_34_patch_0006.npz,0.6469497680664062,0.3584040105342865,0.4694536030292511,-0.32383081316947937,2
223,N_34,N_34_patch_0007,7,/content/PATIENT_RECONSTRUCTED_PREDICTIONS_FROM_PATCHES/patch_predictions_npz/0000223_N_34_N_34_patch_0007.npz,0.6535442471504211,0.36937519907951355,0.44969645142555237,-0.580888569355011,2
224,N_35,N_35_patch_0000,0,/content/PATIENT_RECONSTRUCTED_PREDICTIONS_FROM_PATCHES/patch_predictions_npz/0000224_N_35_N_35_patch_0000.npz,0.40531936287879944,0.47111549973487854,0.4351121485233307,-0.12924061715602875,1
225,N_35,N_35_patch_0001,1,/content/PATIENT_RECONSTRUCTED_PREDICTIONS_FROM_PATCHES/patch_predictions_npz/0000225_N_35_N_35_patch_0001.npz,0.5153246521949768,0.4490807056427002,0.41729459166526794,-0.05418321490287781,1
226,N_35,N_35_patch_0002,2,/content/PATIENT_RECONSTRUCTED_PREDICTIONS_FROM_PATCHES/patch_predictions_npz/0000226_N_35_N_35_patch_0002.npz,0.5498308539390564,0.4179089069366455,0.391330361366272,0.20728810131549835,11
227,N_35,N_35_patch_0003,3,/content/PATIENT_RECONSTRUCTED_PREDICTIONS_FROM_PATCHES/patch_predictions_npz/0000227_N_35_N_35_patch_0003.npz,0.5387068390846252,0.4005136787891388,0.45383143424987793,0.09080363065004349,7
228,N_35,N_35_patch_0004,4,/content/PATIENT_RECONSTRUCTED_PREDICTIONS_FROM_PATCHES/patch_predictions_npz/0000228_N_35_N_35_patch_0004.npz,0.5278587937355042,0.39961686730384827,0.4791017770767212,-0.09873413294553757,9
229,N_35,N_35_patch_0005,5,/content/PATIENT_RECONSTRUCTED_PREDICTIONS_FROM_PATCHES/patch_predictions_npz/0000229_N_35_N_35_patch_0005.npz,0.555770754814148,0.41978558897972107,0.391489177942276,-0.2670315206050873,8
230,N_35,N_35_patch_0006,6,/content/PATIENT_RECONSTRUCTED_PREDICTIONS_FROM_PATCHES/patch_predictions_npz/0000230_N_35_N_35_patch_0006.npz,0.6160141825675964,0.36619552969932556,0.45515963435173035,-0.2668192386627197,3
231,N_35,N_35_patch_0007,7,/content/PATIENT_RECONSTRUCTED_PREDICTIONS_FROM_PATCHES/patch_predictions_npz/0000231_N_35_N_35_patch_0007.npz,0.5748670101165771,0.39409324526786804,0.4495798349380493,-0.34865209460258484,2
232,N_36,N_36_patch_0000,0,/content/PATIENT_RECONSTRUCTED_PREDICTIONS_FROM_PATCHES/patch_predictions_npz/0000232_N_36_N_36_patch_0000.npz,0.41742441058158875,0.48430106043815613,0.4361918270587921,-0.33775758743286133,1
233,N_36,N_36_patch_0001,1,/content/PATIENT_RECONSTRUCTED_PREDICTIONS_FROM_PATCHES/patch_predictions_npz/0000233_N_36_N_36_patch_0001.npz,0.528156578540802,0.4508289396762848,0.4160520136356354,-0.11221200227737427,3
234,N_36,N_36_patch_0002,2,/content/PATIENT_RECONSTRUCTED_PREDICTIONS_FROM_PATCHES/patch_predictions_npz/0000234_N_36_N_36_patch_0002.npz,0.5522986054420471,0.4224623143672943,0.392599493265152,0.18264548480510712,11
235,N_36,N_36_patch_0003,3,/content/PATIENT_RECONSTRUCTED_PREDICTIONS_FROM_PATCHES/patch_predictions_npz/0000235_N_36_N_36_patch_0003.npz,0.5556427240371704,0.39485082030296326,0.4560598134994507,0.026276210322976112,8
236,N_36,N_36_patch_0004,4,/content/PATIENT_RECONSTRUCTED_PREDICTIONS_FROM_PATCHES/patch_predictions_npz/0000236_N_36_N_36_patch_0004.npz,0.545195996761322,0.39606595039367676,0.48471224308013916,-0.20693178474903107,10
237,N_36,N_36_patch_0005,5,/content/PATIENT_RECONSTRUCTED_PREDICTIONS_FROM_PATCHES/patch_predictions_npz/0000237_N_36_N_36_patch_0005.npz,0.5853632688522339,0.4148541986942291,0.37963828444480896,-0.36953648924827576,8
238,N_36,N_36_patch_0006,6,/content/PATIENT_RECONSTRUCTED_PREDICTIONS_FROM_PATCHES/patch_predictions_npz/0000238_N_36_N_36_patch_0006.npz,0.6341050267219543,0.36188578605651855,0.461693674325943,-0.3087100684642792,3
239,N_36,N_36_patch_0007,7,/content/PATIENT_RECONSTRUCTED_PREDICTIONS_FROM_PATCHES/patch_predictions_npz/0000239_N_36_N_36_patch_0007.npz,0.584500253200531,0.39357292652130127,0.4509553015232086,-0.39639243483543396,1
240,N_37,N_37_patch_0000,0,/content/PATIENT_RECONSTRUCTED_PREDICTIONS_FROM_PATCHES/patch_predictions_npz/0000240_N_37_N_37_patch_0000.npz,0.40527263283729553,0.4718305170536041,0.43598780035972595,-0.13280220329761505,1
241,N_37,N_37_patch_0001,1,/content/PATIENT_RECONSTRUCTED_PREDICTIONS_FROM_PATCHES/patch_predictions_npz/0000241_N_37_N_37_patch_0001.npz,0.5118407607078552,0.45265403389930725,0.419445663690567,-0.05543115735054016,1
242,N_37,N_37_patch_0002,2,/content/PATIENT_RECONSTRUCTED_PREDICTIONS_FROM_PATCHES/patch_predictions_npz/0000242_N_37_N_37_patch_0002.npz,0.5268520712852478,0.4256609380245209,0.39998212456703186,0.22384583950042725,13
243,N_37,N_37_patch_0003,3,/content/PATIENT_RECONSTRUCTED_PREDICTIONS_FROM_PATCHES/patch_predictions_npz/0000243_N_37_N_37_patch_0003.npz,0.5271695256233215,0.3940398395061493,0.45794418454170227,0.06079085171222687,7
244,N_37,N_37_patch_0004,4,/content/PATIENT_RECONSTRUCTED_PREDICTIONS_FROM_PATCHES/patch_predictions_npz/0000244_N_37_N_37_patch_0004.npz,0.525023341178894,0.4022027552127838,0.4783468246459961,-0.12714292109012604,9
245,N_37,N_37_patch_0005,5,/content/PATIENT_RECONSTRUCTED_PREDICTIONS_FROM_PATCHES/patch_predictions_npz/0000245_N_37_N_37_patch_0005.npz,0.5596054196357727,0.41729649901390076,0.38814911246299744,-0.2850218713283539,9
246,N_37,N_37_patch_0006,6,/content/PATIENT_RECONSTRUCTED_PREDICTIONS_FROM_PATCHES/patch_predictions_npz/0000246_N_37_N_37_patch_0006.npz,0.5806737542152405,0.37984323501586914,0.4578035771846771,-0.17720723152160645,3
247,N_37,N_37_patch_0007,7,/content/PATIENT_RECONSTRUCTED_PREDICTIONS_FROM_PATCHES/patch_predictions_npz/0000247_N_37_N_37_patch_0007.npz,0.5326736569404602,0.40976300835609436,0.44960975646972656,-0.22049254179000854,2
248,N_38,N_38_patch_0000,0,/content/PATIENT_RECONSTRUCTED_PREDICTIONS_FROM_PATCHES/patch_predictions_npz/0000248_N_38_N_38_patch_0000.npz,0.4110381305217743,0.47711750864982605,0.4356454908847809,-0.23233842849731445,1
249,N_38,N_38_patch_0001,1,/content/PATIENT_RECONSTRUCTED_PREDICTIONS_FROM_PATCHES/patch_predictions_npz/0000249_N_38_N_38_patch_0001.npz,0.5119266510009766,0.4605237543582916,0.4243544340133667,-0.09653327614068985,2
250,N_38,N_38_patch_0002,2,/content/PATIENT_RECONSTRUCTED_PREDICTIONS_FROM_PATCHES/patch_predictions_npz/0000250_N_38_N_38_patch_0002.npz,0.5538566708564758,0.42352494597435,0.3928256928920746,0.16792023181915283,11
251,N_38,N_38_patch_0003,3,/content/PATIENT_RECONSTRUCTED_PREDICTIONS_FROM_PATCHES/patch_predictions_npz/0000251_N_38_N_38_patch_0003.npz,0.5549531579017639,0.3920876085758209,0.4540325701236725,0.03584744408726692,7
252,N_38,N_38_patch_0004,4,/content/PATIENT_RECONSTRUCTED_PREDICTIONS_FROM_PATCHES/patch_predictions_npz/0000252_N_38_N_38_patch_0004.npz,0.5370245575904846,0.3985724151134491,0.4813804626464844,-0.161861851811409,10
253,N_38,N_38_patch_0005,5,/content/PATIENT_RECONSTRUCTED_PREDICTIONS_FROM_PATCHES/patch_predictions_npz/0000253_N_38_N_38_patch_0005.npz,0.5948393940925598,0.40683865547180176,0.3825535774230957,-0.37890374660491943,8
254,N_38,N_38_patch_0006,6,/content/PATIENT_RECONSTRUCTED_PREDICTIONS_FROM_PATCHES/patch_predictions_npz/0000254_N_38_N_38_patch_0006.npz,0.6402407288551331,0.3618357181549072,0.4524792730808258,-0.34205272793769836,4
255,N_38,N_38_patch_0007,7,/content/PATIENT_RECONSTRUCTED_PREDICTIONS_FROM_PATCHES/patch_predictions_npz/0000255_N_38_N_38_patch_0007.npz,0.5799447894096375,0.395226389169693,0.4513868987560272,-0.3805680274963379,1
256,N_39,N_39_patch_0000,0,/content/PATIENT_RECONSTRUCTED_PREDICTIONS_FROM_PATCHES/patch_predictions_npz/0000256_N_39_N_39_patch_0000.npz,0.4105132818222046,0.47868776321411133,0.43101680278778076,-0.31101784110069275,1
257,N_39,N_39_patch_0001,1,/content/PATIENT_RECONSTRUCTED_PREDICTIONS_FROM_PATCHES/patch_predictions_npz/0000257_N_39_N_39_patch_0001.npz,0.5176897644996643,0.4566710293292999,0.4206235408782959,-0.09249836206436157,2
258,N_39,N_39_patch_0002,2,/content/PATIENT_RECONSTRUCTED_PREDICTIONS_FROM_PATCHES/patch_predictions_npz/0000258_N_39_N_39_patch_0002.npz,0.5558649897575378,0.42376163601875305,0.39541611075401306,0.1769944578409195,7
259,N_39,N_39_patch_0003,3,/content/PATIENT_RECONSTRUCTED_PREDICTIONS_FROM_PATCHES/patch_predictions_npz/0000259_N_39_N_39_patch_0003.npz,0.5729157328605652,0.390024334192276,0.46262452006340027,-0.006979981902986765,6
260,N_39,N_39_patch_0004,4,/content/PATIENT_RECONSTRUCTED_PREDICTIONS_FROM_PATCHES/patch_predictions_npz/0000260_N_39_N_39_patch_0004.npz,0.5692197680473328,0.3908855617046356,0.49335697293281555,-0.28304344415664673,9
261,N_39,N_39_patch_0005,5,/content/PATIENT_RECONSTRUCTED_PREDICTIONS_FROM_PATCHES/patch_predictions_npz/0000261_N_39_N_39_patch_0005.npz,0.6062583327293396,0.4123370349407196,0.3852714002132416,-0.4347672462463379,8
262,N_39,N_39_patch_0006,6,/content/PATIENT_RECONSTRUCTED_PREDICTIONS_FROM_PATCHES/patch_predictions_npz/0000262_N_39_N_39_patch_0006.npz,0.6457276940345764,0.3636852204799652,0.4607582092285156,-0.35129281878471375,4
263,N_39,N_39_patch_0007,7,/content/PATIENT_RECONSTRUCTED_PREDICTIONS_FROM_PATCHES/patch_predictions_npz/0000263_N_39_N_39_patch_0007.npz,0.5987041592597961,0.39026114344596863,0.4554833471775055,-0.44038820266723633,2
264,N_4,N_4_patch_0000,0,/content/PATIENT_RECONSTRUCTED_PREDICTIONS_FROM_PATCHES/patch_predictions_npz/0000264_N_4_N_4_patch_0000.npz,0.4056992530822754,0.4709332287311554,0.4351063668727875,-0.13430701196193695,1
265,N_4,N_4_patch_0001,1,/content/PATIENT_RECONSTRUCTED_PREDICTIONS_FROM_PATCHES/patch_predictions_npz/0000265_N_4_N_4_patch_0001.npz,0.49738165736198425,0.4568105936050415,0.42324984073638916,-0.03384022042155266,1
266,N_4,N_4_patch_0002,2,/content/PATIENT_RECONSTRUCTED_PREDICTIONS_FROM_PATCHES/patch_predictions_npz/0000266_N_4_N_4_patch_0002.npz,0.5152583718299866,0.4316786527633667,0.40128448605537415,0.17876772582530975,10
267,N_4,N_4_patch_0003,3,/content/PATIENT_RECONSTRUCTED_PREDICTIONS_FROM_PATCHES/patch_predictions_npz/0000267_N_4_N_4_patch_0003.npz,0.5251507759094238,0.39785030484199524,0.45219144225120544,0.08138347417116165,7
268,N_4,N_4_patch_0004,4,/content/PATIENT_RECONSTRUCTED_PREDICTIONS_FROM_PATCHES/patch_predictions_npz/0000268_N_4_N_4_patch_0004.npz,0.52083420753479,0.40115609765052795,0.476531982421875,-0.11047136783599854,11
269,N_4,N_4_patch_0005,5,/content/PATIENT_RECONSTRUCTED_PREDICTIONS_FROM_PATCHES/patch_predictions_npz/0000269_N_4_N_4_patch_0005.npz,0.5531346797943115,0.41505181789398193,0.3911193311214447,-0.23635251820087433,9
270,N_4,N_4_patch_0006,6,/content/PATIENT_RECONSTRUCTED_PREDICTIONS_FROM_PATCHES/patch_predictions_npz/0000270_N_4_N_4_patch_0006.npz,0.5883694291114807,0.3778066635131836,0.45250988006591797,-0.1805075854063034,5
271,N_4,N_4_patch_0007,7,/content/PATIENT_RECONSTRUCTED_PREDICTIONS_FROM_PATCHES/patch_predictions_npz/0000271_N_4_N_4_patch_0007.npz,0.5576370358467102,0.39652156829833984,0.45164045691490173,-0.25536343455314636,2
272,N_40,N_40_patch_0000,0,/content/PATIENT_RECONSTRUCTED_PREDICTIONS_FROM_PATCHES/patch_predictions_npz/0000272_N_40_N_40_patch_0000.npz,0.42071565985679626,0.4863382875919342,0.43242785334587097,-0.4632676839828491,1
273,N_40,N_40_patch_0001,1,/content/PATIENT_RECONSTRUCTED_PREDICTIONS_FROM_PATCHES/patch_predictions_npz/0000273_N_40_N_40_patch_0001.npz,0.5559462308883667,0.464685320854187,0.41763219237327576,-0.25324925780296326,1
274,N_40,N_40_patch_0002,2,/content/PATIENT_RECONSTRUCTED_PREDICTIONS_FROM_PATCHES/patch_predictions_npz/0000274_N_40_N_40_patch_0002.npz,0.5814307332038879,0.41567882895469666,0.38251766562461853,0.14126352965831757,8
275,N_40,N_40_patch_0003,3,/content/PATIENT_RECONSTRUCTED_PREDICTIONS_FROM_PATCHES/patch_predictions_npz/0000275_N_40_N_40_patch_0003.npz,0.5945274233818054,0.36380472779273987,0.4648721516132355,-0.05881201848387718,6
276,N_40,N_40_patch_0004,4,/content/PATIENT_RECONSTRUCTED_PREDICTIONS_FROM_PATCHES/patch_predictions_npz/0000276_N_40_N_40_patch_0004.npz,0.5654653906822205,0.39376378059387207,0.4861420691013336,-0.31021833419799805,10
277,N_40,N_40_patch_0005,5,/content/PATIENT_RECONSTRUCTED_PREDICTIONS_FROM_PATCHES/patch_predictions_npz/0000277_N_40_N_40_patch_0005.npz,0.6154246926307678,0.41090893745422363,0.37083324790000916,-0.46915173530578613,9
278,N_40,N_40_patch_0006,6,/content/PATIENT_RECONSTRUCTED_PREDICTIONS_FROM_PATCHES/patch_predictions_npz/0000278_N_40_N_40_patch_0006.npz,0.6363368034362793,0.36817142367362976,0.4745927155017853,-0.3593636751174927,2
279,N_40,N_40_patch_0007,7,/content/PATIENT_RECONSTRUCTED_PREDICTIONS_FROM_PATCHES/patch_predictions_npz/0000279_N_40_N_40_patch_0007.npz,0.5677499771118164,0.4058088958263397,0.4520564377307892,-0.3774799406528473,2
280,N_41,N_41_patch_0000,0,/content/PATIENT_RECONSTRUCTED_PREDICTIONS_FROM_PATCHES/patch_predictions_npz/0000280_N_41_N_41_patch_0000.npz,0.40219733119010925,0.46915289759635925,0.43610167503356934,-0.07571706175804138,1
281,N_41,N_41_patch_0001,1,/content/PATIENT_RECONSTRUCTED_PREDICTIONS_FROM_PATCHES/patch_predictions_npz/0000281_N_41_N_41_patch_0001.npz,0.4902009069919586,0.4558248817920685,0.4227721691131592,-0.006421910133212805,2
282,N_41,N_41_patch_0002,2,/content/PATIENT_RECONSTRUCTED_PREDICTIONS_FROM_PATCHES/patch_predictions_npz/0000282_N_41_N_41_patch_0002.npz,0.5172531604766846,0.4252123534679413,0.3999996483325958,0.2309628576040268,10
283,N_41,N_41_patch_0003,3,/content/PATIENT_RECONSTRUCTED_PREDICTIONS_FROM_PATCHES/patch_predictions_npz/0000283_N_41_N_41_patch_0003.npz,0.5297571420669556,0.3930787742137909,0.45328959822654724,0.07907769083976746,6
284,N_41,N_41_patch_0004,4,/content/PATIENT_RECONSTRUCTED_PREDICTIONS_FROM_PATCHES/patch_predictions_npz/0000284_N_41_N_41_patch_0004.npz,0.5281676650047302,0.3997371196746826,0.47854843735694885,-0.1135646179318428,9
285,N_41,N_41_patch_0005,5,/content/PATIENT_RECONSTRUCTED_PREDICTIONS_FROM_PATCHES/patch_predictions_npz/0000285_N_41_N_41_patch_0005.npz,0.5741830468177795,0.4117715358734131,0.388047456741333,-0.32215094566345215,8
286,N_41,N_41_patch_0006,6,/content/PATIENT_RECONSTRUCTED_PREDICTIONS_FROM_PATCHES/patch_predictions_npz/0000286_N_41_N_41_patch_0006.npz,0.6178015470504761,0.3632785379886627,0.45799192786216736,-0.25824007391929626,3
287,N_41,N_41_patch_0007,7,/content/PATIENT_RECONSTRUCTED_PREDICTIONS_FROM_PATCHES/patch_predictions_npz/0000287_N_41_N_41_patch_0007.npz,0.5478742122650146,0.4037862718105316,0.4489664137363434,-0.25877586007118225,2
288,N_42,N_42_patch_0000,0,/content/PATIENT_RECONSTRUCTED_PREDICTIONS_FROM_PATCHES/patch_predictions_npz/0000288_N_42_N_42_patch_0000.npz,0.4078744649887085,0.474430114030838,0.4362090528011322,-0.17138350009918213,1
289,N_42,N_42_patch_0001,1,/content/PATIENT_RECONSTRUCTED_PREDICTIONS_FROM_PATCHES/patch_predictions_npz/0000289_N_42_N_42_patch_0001.npz,0.5169162750244141,0.4526391923427582,0.41815683245658875,-0.07048091292381287,2
290,N_42,N_42_patch_0002,2,/content/PATIENT_RECONSTRUCTED_PREDICTIONS_FROM_PATCHES/patch_predictions_npz/0000290_N_42_N_42_patch_0002.npz,0.5290498733520508,0.4328053891658783,0.40103021264076233,0.17346079647541046,12
291,N_42,N_42_patch_0003,3,/content/PATIENT_RECONSTRUCTED_PREDICTIONS_FROM_PATCHES/patch_predictions_npz/0000291_N_42_N_42_patch_0003.npz,0.5239861011505127,0.4072434604167938,0.4523351192474365,0.08070899546146393,9
292,N_42,N_42_patch_0004,4,/content/PATIENT_RECONSTRUCTED_PREDICTIONS_FROM_PATCHES/patch_predictions_npz/0000292_N_42_N_42_patch_0004.npz,0.5262137055397034,0.39752665162086487,0.4767780303955078,-0.08703533560037613,8
293,N_42,N_42_patch_0005,5,/content/PATIENT_RECONSTRUCTED_PREDICTIONS_FROM_PATCHES/patch_predictions_npz/0000293_N_42_N_42_patch_0005.npz,0.5542245507240295,0.4163791835308075,0.39343246817588806,-0.2513834536075592,9
294,N_42,N_42_patch_0006,6,/content/PATIENT_RECONSTRUCTED_PREDICTIONS_FROM_PATCHES/patch_predictions_npz/0000294_N_42_N_42_patch_0006.npz,0.5815587639808655,0.38306427001953125,0.4492107629776001,-0.18968431651592255,3
295,N_42,N_42_patch_0007,7,/content/PATIENT_RECONSTRUCTED_PREDICTIONS_FROM_PATCHES/patch_predictions_npz/0000295_N_42_N_42_patch_0007.npz,0.5370170474052429,0.4065878093242645,0.4501841962337494,-0.23194658756256104,2
296,N_43,N_43_patch_0000,0,/content/PATIENT_RECONSTRUCTED_PREDICTIONS_FROM_PATCHES/patch_predictions_npz/0000296_N_43_N_43_patch_0000.npz,0.4090527594089508,0.47577735781669617,0.4367416203022003,-0.18543851375579834,1
297,N_43,N_43_patch_0001,1,/content/PATIENT_RECONSTRUCTED_PREDICTIONS_FROM_PATCHES/patch_predictions_npz/0000297_N_43_N_43_patch_0001.npz,0.5087772607803345,0.4524230659008026,0.41863396763801575,-0.0421680323779583,2
298,N_43,N_43_patch_0002,2,/content/PATIENT_RECONSTRUCTED_PREDICTIONS_FROM_PATCHES/patch_predictions_npz/0000298_N_43_N_43_patch_0002.npz,0.5220316052436829,0.42871180176734924,0.40218639373779297,0.20768630504608154,13
299,N_43,N_43_patch_0003,3,/content/PATIENT_RECONSTRUCTED_PREDICTIONS_FROM_PATCHES/patch_predictions_npz/0000299_N_43_N_43_patch_0003.npz,0.5176044702529907,0.4104648530483246,0.4526549279689789,0.10526657104492188,7
300,N_43,N_43_patch_0004,4,/content/PATIENT_RECONSTRUCTED_PREDICTIONS_FROM_PATCHES/patch_predictions_npz/0000300_N_43_N_43_patch_0004.npz,0.5155966877937317,0.4080827236175537,0.47659042477607727,-0.10444258898496628,10
301,N_43,N_43_patch_0005,5,/content/PATIENT_RECONSTRUCTED_PREDICTIONS_FROM_PATCHES/patch_predictions_npz/0000301_N_43_N_43_patch_0005.npz,0.5510493516921997,0.42052197456359863,0.39360442757606506,-0.2626964747905731,8
302,N_43,N_43_patch_0006,6,/content/PATIENT_RECONSTRUCTED_PREDICTIONS_FROM_PATCHES/patch_predictions_npz/0000302_N_43_N_43_patch_0006.npz,0.5940274596214294,0.37747129797935486,0.45339712500572205,-0.21911005675792694,4
303,N_43,N_43_patch_0007,7,/content/PATIENT_RECONSTRUCTED_PREDICTIONS_FROM_PATCHES/patch_predictions_npz/0000303_N_43_N_43_patch_0007.npz,0.5391084551811218,0.40764597058296204,0.451836496591568,-0.24408747255802155,2
304,N_44,N_44_patch_0000,0,/content/PATIENT_RECONSTRUCTED_PREDICTIONS_FROM_PATCHES/patch_predictions_npz/0000304_N_44_N_44_patch_0000.npz,0.40523481369018555,0.47285911440849304,0.4361095726490021,-0.13704770803451538,1
305,N_44,N_44_patch_0001,1,/content/PATIENT_RECONSTRUCTED_PREDICTIONS_FROM_PATCHES/patch_predictions_npz/0000305_N_44_N_44_patch_0001.npz,0.49186018109321594,0.45683392882347107,0.42386385798454285,-0.020096393302083015,2
306,N_44,N_44_patch_0002,2,/content/PATIENT_RECONSTRUCTED_PREDICTIONS_FROM_PATCHES/patch_predictions_npz/0000306_N_44_N_44_patch_0002.npz,0.5274860262870789,0.42295196652412415,0.3978431522846222,0.23051898181438446,6
307,N_44,N_44_patch_0003,3,/content/PATIENT_RECONSTRUCTED_PREDICTIONS_FROM_PATCHES/patch_predictions_npz/0000307_N_44_N_44_patch_0003.npz,0.5406973958015442,0.38793858885765076,0.45831432938575745,0.03705158457159996,6
308,N_44,N_44_patch_0004,4,/content/PATIENT_RECONSTRUCTED_PREDICTIONS_FROM_PATCHES/patch_predictions_npz/0000308_N_44_N_44_patch_0004.npz,0.5365709066390991,0.4009885787963867,0.4820901155471802,-0.16172511875629425,9
309,N_44,N_44_patch_0005,5,/content/PATIENT_RECONSTRUCTED_PREDICTIONS_FROM_PATCHES/patch_predictions_npz/0000309_N_44_N_44_patch_0005.npz,0.585049569606781,0.41217127442359924,0.3801741898059845,-0.35076597332954407,8
310,N_44,N_44_patch_0006,6,/content/PATIENT_RECONSTRUCTED_PREDICTIONS_FROM_PATCHES/patch_predictions_npz/0000310_N_44_N_44_patch_0006.npz,0.6201958060264587,0.3647594451904297,0.4663742482662201,-0.2833320200443268,2
311,N_44,N_44_patch_0007,7,/content/PATIENT_RECONSTRUCTED_PREDICTIONS_FROM_PATCHES/patch_predictions_npz/0000311_N_44_N_44_patch_0007.npz,0.5708727240562439,0.3969738483428955,0.4502298831939697,-0.34970512986183167,1
312,N_45,N_45_patch_0000,0,/content/PATIENT_RECONSTRUCTED_PREDICTIONS_FROM_PATCHES/patch_predictions_npz/0000312_N_45_N_45_patch_0000.npz,0.4066793620586395,0.47358354926109314,0.43160757422447205,-0.2161225527524948,1
313,N_45,N_45_patch_0001,1,/content/PATIENT_RECONSTRUCTED_PREDICTIONS_FROM_PATCHES/patch_predictions_npz/0000313_N_45_N_45_patch_0001.npz,0.5124525427818298,0.45062556862831116,0.4157186448574066,-0.06539523601531982,3
314,N_45,N_45_patch_0002,2,/content/PATIENT_RECONSTRUCTED_PREDICTIONS_FROM_PATCHES/patch_predictions_npz/0000314_N_45_N_45_patch_0002.npz,0.5383620858192444,0.4262450039386749,0.39821985363960266,0.20838139951229095,9
315,N_45,N_45_patch_0003,3,/content/PATIENT_RECONSTRUCTED_PREDICTIONS_FROM_PATCHES/patch_predictions_npz/0000315_N_45_N_45_patch_0003.npz,0.5490577816963196,0.3831632137298584,0.4625355303287506,-0.002285810885950923,6
316,N_45,N_45_patch_0004,4,/content/PATIENT_RECONSTRUCTED_PREDICTIONS_FROM_PATCHES/patch_predictions_npz/0000316_N_45_N_45_patch_0004.npz,0.53218013048172,0.3996662199497223,0.4813486337661743,-0.17361533641815186,9
317,N_45,N_45_patch_0005,5,/content/PATIENT_RECONSTRUCTED_PREDICTIONS_FROM_PATCHES/patch_predictions_npz/0000317_N_45_N_45_patch_0005.npz,0.558908224105835,0.4193629324436188,0.39915645122528076,-0.2943538427352905,8
318,N_45,N_45_patch_0006,6,/content/PATIENT_RECONSTRUCTED_PREDICTIONS_FROM_PATCHES/patch_predictions_npz/0000318_N_45_N_45_patch_0006.npz,0.6056514382362366,0.37339475750923157,0.45260611176490784,-0.24934940040111542,3
319,N_45,N_45_patch_0007,7,/content/PATIENT_RECONSTRUCTED_PREDICTIONS_FROM_PATCHES/patch_predictions_npz/0000319_N_45_N_45_patch_0007.npz,0.5907735228538513,0.387031227350235,0.4505592882633209,-0.38632261753082275,2
320,N_46,N_46_patch_0000,0,/content/PATIENT_RECONSTRUCTED_PREDICTIONS_FROM_PATCHES/patch_predictions_npz/0000320_N_46_N_46_patch_0000.npz,0.40459463000297546,0.47173646092414856,0.43639811873435974,-0.09748432040214539,1
321,N_46,N_46_patch_0001,1,/content/PATIENT_RECONSTRUCTED_PREDICTIONS_FROM_PATCHES/patch_predictions_npz/0000321_N_46_N_46_patch_0001.npz,0.4962717294692993,0.45120158791542053,0.4198111593723297,-0.006538247223943472,2
322,N_46,N_46_patch_0002,2,/content/PATIENT_RECONSTRUCTED_PREDICTIONS_FROM_PATCHES/patch_predictions_npz/0000322_N_46_N_46_patch_0002.npz,0.5113969445228577,0.42575564980506897,0.4010564386844635,0.233525350689888,11
323,N_46,N_46_patch_0003,3,/content/PATIENT_RECONSTRUCTED_PREDICTIONS_FROM_PATCHES/patch_predictions_npz/0000323_N_46_N_46_patch_0003.npz,0.5180604457855225,0.3984270989894867,0.4528461992740631,0.09423784166574478,6
324,N_46,N_46_patch_0004,4,/content/PATIENT_RECONSTRUCTED_PREDICTIONS_FROM_PATCHES/patch_predictions_npz/0000324_N_46_N_46_patch_0004.npz,0.523678719997406,0.40245088934898376,0.4783550500869751,-0.14068377017974854,9
325,N_46,N_46_patch_0005,5,/content/PATIENT_RECONSTRUCTED_PREDICTIONS_FROM_PATCHES/patch_predictions_npz/0000325_N_46_N_46_patch_0005.npz,0.5649142861366272,0.4173613488674164,0.3889741003513336,-0.3018355965614319,8
326,N_46,N_46_patch_0006,6,/content/PATIENT_RECONSTRUCTED_PREDICTIONS_FROM_PATCHES/patch_predictions_npz/0000326_N_46_N_46_patch_0006.npz,0.607621967792511,0.3702895939350128,0.4543801248073578,-0.23211926221847534,3
327,N_46,N_46_patch_0007,7,/content/PATIENT_RECONSTRUCTED_PREDICTIONS_FROM_PATCHES/patch_predictions_npz/0000327_N_46_N_46_patch_0007.npz,0.5531628727912903,0.40083086490631104,0.45061933994293213,-0.2698488235473633,2
328,N_47,N_47_patch_0000,0,/content/PATIENT_RECONSTRUCTED_PREDICTIONS_FROM_PATCHES/patch_predictions_npz/0000328_N_47_N_47_patch_0000.npz,0.404542475938797,0.471150279045105,0.43533945083618164,-0.1278650313615799,1
329,N_47,N_47_patch_0001,1,/content/PATIENT_RECONSTRUCTED_PREDICTIONS_FROM_PATCHES/patch_predictions_npz/0000329_N_47_N_47_patch_0001.npz,0.49954256415367126,0.4534267485141754,0.419612854719162,-0.031777847558259964,2
330,N_47,N_47_patch_0002,2,/content/PATIENT_RECONSTRUCTED_PREDICTIONS_FROM_PATCHES/patch_predictions_npz/0000330_N_47_N_47_patch_0002.npz,0.5121966004371643,0.4313301742076874,0.4029999077320099,0.20222599804401398,8
331,N_47,N_47_patch_0003,3,/content/PATIENT_RECONSTRUCTED_PREDICTIONS_FROM_PATCHES/patch_predictions_npz/0000331_N_47_N_47_patch_0003.npz,0.5146796107292175,0.41024065017700195,0.45144936442375183,0.09332245588302612,7
332,N_47,N_47_patch_0004,4,/content/PATIENT_RECONSTRUCTED_PREDICTIONS_FROM_PATCHES/patch_predictions_npz/0000332_N_47_N_47_patch_0004.npz,0.522713303565979,0.40507903695106506,0.4770658016204834,-0.105458103120327,8
333,N_47,N_47_patch_0005,5,/content/PATIENT_RECONSTRUCTED_PREDICTIONS_FROM_PATCHES/patch_predictions_npz/0000333_N_47_N_47_patch_0005.npz,0.5693017840385437,0.41811227798461914,0.3867146074771881,-0.3100395202636719,8
334,N_47,N_47_patch_0006,6,/content/PATIENT_RECONSTRUCTED_PREDICTIONS_FROM_PATCHES/patch_predictions_npz/0000334_N_47_N_47_patch_0006.npz,0.6136965751647949,0.36937960982322693,0.4651084840297699,-0.2590496838092804,2
335,N_47,N_47_patch_0007,7,/content/PATIENT_RECONSTRUCTED_PREDICTIONS_FROM_PATCHES/patch_predictions_npz/0000335_N_47_N_47_patch_0007.npz,0.5709230303764343,0.3950994908809662,0.4515624940395355,-0.33752119541168213,2
336,N_48,N_48_patch_0000,0,/content/PATIENT_RECONSTRUCTED_PREDICTIONS_FROM_PATCHES/patch_predictions_npz/0000336_N_48_N_48_patch_0000.npz,0.40448513627052307,0.47227442264556885,0.43685051798820496,-0.11776212602853775,1
337,N_48,N_48_patch_0001,1,/content/PATIENT_RECONSTRUCTED_PREDICTIONS_FROM_PATCHES/patch_predictions_npz/0000337_N_48_N_48_patch_0001.npz,0.5062471032142639,0.4507308006286621,0.4188070297241211,-0.04374880716204643,3
338,N_48,N_48_patch_0002,2,/content/PATIENT_RECONSTRUCTED_PREDICTIONS_FROM_PATCHES/patch_predictions_npz/0000338_N_48_N_48_patch_0002.npz,0.5330056548118591,0.4199499785900116,0.3955647051334381,0.2184908241033554,9
339,N_48,N_48_patch_0003,3,/content/PATIENT_RECONSTRUCTED_PREDICTIONS_FROM_PATCHES/patch_predictions_npz/0000339_N_48_N_48_patch_0003.npz,0.5422099232673645,0.3933711051940918,0.4550332725048065,0.05550000071525574,6
340,N_48,N_48_patch_0004,4,/content/PATIENT_RECONSTRUCTED_PREDICTIONS_FROM_PATCHES/patch_predictions_npz/0000340_N_48_N_48_patch_0004.npz,0.5377501845359802,0.40327712893486023,0.4835032522678375,-0.172872856259346,9
341,N_48,N_48_patch_0005,5,/content/PATIENT_RECONSTRUCTED_PREDICTIONS_FROM_PATCHES/patch_predictions_npz/0000341_N_48_N_48_patch_0005.npz,0.5867326855659485,0.4160306751728058,0.3837515413761139,-0.35679328441619873,8
342,N_48,N_48_patch_0006,6,/content/PATIENT_RECONSTRUCTED_PREDICTIONS_FROM_PATCHES/patch_predictions_npz/0000342_N_48_N_48_patch_0006.npz,0.6212239265441895,0.3711429834365845,0.46611347794532776,-0.27279040217399597,4
343,N_48,N_48_patch_0007,7,/content/PATIENT_RECONSTRUCTED_PREDICTIONS_FROM_PATCHES/patch_predictions_npz/0000343_N_48_N_48_patch_0007.npz,0.5813874006271362,0.39669880270957947,0.45749080181121826,-0.40016719698905945,2
344,N_49,N_49_patch_0000,0,/content/PATIENT_RECONSTRUCTED_PREDICTIONS_FROM_PATCHES/patch_predictions_npz/0000344_N_49_N_49_patch_0000.npz,0.41260790824890137,0.4786123037338257,0.43741893768310547,-0.21487589180469513,1
345,N_49,N_49_patch_0001,1,/content/PATIENT_RECONSTRUCTED_PREDICTIONS_FROM_PATCHES/patch_predictions_npz/0000345_N_49_N_49_patch_0001.npz,0.5088414549827576,0.4562324583530426,0.41987571120262146,-0.05177895352244377,2
346,N_49,N_49_patch_0002,2,/content/PATIENT_RECONSTRUCTED_PREDICTIONS_FROM_PATCHES/patch_predictions_npz/0000346_N_49_N_49_patch_0002.npz,0.539864718914032,0.4271702766418457,0.39895614981651306,0.1812031865119934,11
347,N_49,N_49_patch_0003,3,/content/PATIENT_RECONSTRUCTED_PREDICTIONS_FROM_PATCHES/patch_predictions_npz/0000347_N_49_N_49_patch_0003.npz,0.5426511168479919,0.405283123254776,0.4572660028934479,0.043051332235336304,7
348,N_49,N_49_patch_0004,4,/content/PATIENT_RECONSTRUCTED_PREDICTIONS_FROM_PATCHES/patch_predictions_npz/0000348_N_49_N_49_patch_0004.npz,0.5369465947151184,0.4079817831516266,0.4853549897670746,-0.19271959364414215,11
349,N_49,N_49_patch_0005,5,/content/PATIENT_RECONSTRUCTED_PREDICTIONS_FROM_PATCHES/patch_predictions_npz/0000349_N_49_N_49_patch_0005.npz,0.5822706818580627,0.4182664155960083,0.382269948720932,-0.36529287695884705,8
350,N_49,N_49_patch_0006,6,/content/PATIENT_RECONSTRUCTED_PREDICTIONS_FROM_PATCHES/patch_predictions_npz/0000350_N_49_N_49_patch_0006.npz,0.6210536956787109,0.3733462989330292,0.46119022369384766,-0.2872265875339508,4
351,N_49,N_49_patch_0007,7,/content/PATIENT_RECONSTRUCTED_PREDICTIONS_FROM_PATCHES/patch_predictions_npz/0000351_N_49_N_49_patch_0007.npz,0.5808972716331482,0.39724746346473694,0.4533580541610718,-0.3950173854827881,2
352,N_5,N_5_patch_0000,0,/content/PATIENT_RECONSTRUCTED_PREDICTIONS_FROM_PATCHES/patch_predictions_npz/0000352_N_5_N_5_patch_0000.npz,0.40814173221588135,0.473642498254776,0.43525922298431396,-0.1813751459121704,1
353,N_5,N_5_patch_0001,1,/content/PATIENT_RECONSTRUCTED_PREDICTIONS_FROM_PATCHES/patch_predictions_npz/0000353_N_5_N_5_patch_0001.npz,0.5194461941719055,0.4490469992160797,0.41725674271583557,-0.06157786771655083,1
354,N_5,N_5_patch_0002,2,/content/PATIENT_RECONSTRUCTED_PREDICTIONS_FROM_PATCHES/patch_predictions_npz/0000354_N_5_N_5_patch_0002.npz,0.5380620360374451,0.4203103482723236,0.39508330821990967,0.2016783505678177,8
355,N_5,N_5_patch_0003,3,/content/PATIENT_RECONSTRUCTED_PREDICTIONS_FROM_PATCHES/patch_predictions_npz/0000355_N_5_N_5_patch_0003.npz,0.5391222834587097,0.3866616487503052,0.4544820785522461,0.0685388520359993,6
356,N_5,N_5_patch_0004,4,/content/PATIENT_RECONSTRUCTED_PREDICTIONS_FROM_PATCHES/patch_predictions_npz/0000356_N_5_N_5_patch_0004.npz,0.5323418974876404,0.39410388469696045,0.47927093505859375,-0.12591975927352905,8
357,N_5,N_5_patch_0005,5,/content/PATIENT_RECONSTRUCTED_PREDICTIONS_FROM_PATCHES/patch_predictions_npz/0000357_N_5_N_5_patch_0005.npz,0.5686982274055481,0.4121735990047455,0.38705217838287354,-0.3040923476219177,8
358,N_5,N_5_patch_0006,6,/content/PATIENT_RECONSTRUCTED_PREDICTIONS_FROM_PATCHES/patch_predictions_npz/0000358_N_5_N_5_patch_0006.npz,0.6208392977714539,0.3620584011077881,0.4576939642429352,-0.2720639109611511,3
359,N_5,N_5_patch_0007,7,/content/PATIENT_RECONSTRUCTED_PREDICTIONS_FROM_PATCHES/patch_predictions_npz/0000359_N_5_N_5_patch_0007.npz,0.5612087845802307,0.3956962823867798,0.45127853751182556,-0.27590301632881165,2
360,N_50,N_50_patch_0000,0,/content/PATIENT_RECONSTRUCTED_PREDICTIONS_FROM_PATCHES/patch_predictions_npz/0000360_N_50_N_50_patch_0000.npz,0.4126483201980591,0.47763529419898987,0.435170978307724,-0.24435146152973175,1
361,N_50,N_50_patch_0001,1,/content/PATIENT_RECONSTRUCTED_PREDICTIONS_FROM_PATCHES/patch_predictions_npz/0000361_N_50_N_50_patch_0001.npz,0.5202656388282776,0.4505099952220917,0.4150221645832062,-0.0857991948723793,1
362,N_50,N_50_patch_0002,2,/content/PATIENT_RECONSTRUCTED_PREDICTIONS_FROM_PATCHES/patch_predictions_npz/0000362_N_50_N_50_patch_0002.npz,0.5523825287818909,0.4222085177898407,0.39225873351097107,0.16480399668216705,11
363,N_50,N_50_patch_0003,3,/content/PATIENT_RECONSTRUCTED_PREDICTIONS_FROM_PATCHES/patch_predictions_npz/0000363_N_50_N_50_patch_0003.npz,0.562184751033783,0.3917124569416046,0.45587992668151855,0.010139886289834976,7
364,N_50,N_50_patch_0004,4,/content/PATIENT_RECONSTRUCTED_PREDICTIONS_FROM_PATCHES/patch_predictions_npz/0000364_N_50_N_50_patch_0004.npz,0.5550954937934875,0.3921816349029541,0.48746487498283386,-0.23431889712810516,9
365,N_50,N_50_patch_0005,5,/content/PATIENT_RECONSTRUCTED_PREDICTIONS_FROM_PATCHES/patch_predictions_npz/0000365_N_50_N_50_patch_0005.npz,0.6029818654060364,0.41091644763946533,0.37166619300842285,-0.4282950460910797,8
366,N_50,N_50_patch_0006,6,/content/PATIENT_RECONSTRUCTED_PREDICTIONS_FROM_PATCHES/patch_predictions_npz/0000366_N_50_N_50_patch_0006.npz,0.6406587958335876,0.357982873916626,0.463897705078125,-0.35015058517456055,3
367,N_50,N_50_patch_0007,7,/content/PATIENT_RECONSTRUCTED_PREDICTIONS_FROM_PATCHES/patch_predictions_npz/0000367_N_50_N_50_patch_0007.npz,0.5920767784118652,0.39262863993644714,0.4541383683681488,-0.4457325041294098,1
368,N_51,N_51_patch_0000,0,/content/PATIENT_RECONSTRUCTED_PREDICTIONS_FROM_PATCHES/patch_predictions_npz/0000368_N_51_N_51_patch_0000.npz,0.40745124220848083,0.47376835346221924,0.4372538626194,-0.1621374636888504,1
369,N_51,N_51_patch_0001,1,/content/PATIENT_RECONSTRUCTED_PREDICTIONS_FROM_PATCHES/patch_predictions_npz/0000369_N_51_N_51_patch_0001.npz,0.5262674689292908,0.4468116760253906,0.4153139293193817,-0.07624875754117966,2
370,N_51,N_51_patch_0002,2,/content/PATIENT_RECONSTRUCTED_PREDICTIONS_FROM_PATCHES/patch_predictions_npz/0000370_N_51_N_51_patch_0002.npz,0.5492934584617615,0.4190915822982788,0.39231646060943604,0.19648705422878265,10
371,N_51,N_51_patch_0003,3,/content/PATIENT_RECONSTRUCTED_PREDICTIONS_FROM_PATCHES/patch_predictions_npz/0000371_N_51_N_51_patch_0003.npz,0.5391384959220886,0.3901394307613373,0.45606741309165955,0.05369209125638008,6
372,N_51,N_51_patch_0004,4,/content/PATIENT_RECONSTRUCTED_PREDICTIONS_FROM_PATCHES/patch_predictions_npz/0000372_N_51_N_51_patch_0004.npz,0.5266213417053223,0.40271899104118347,0.477884441614151,-0.13363529741764069,9
373,N_51,N_51_patch_0005,5,/content/PATIENT_RECONSTRUCTED_PREDICTIONS_FROM_PATCHES/patch_predictions_npz/0000373_N_51_N_51_patch_0005.npz,0.5770753026008606,0.4142374098300934,0.38772571086883545,-0.32876595854759216,8
374,N_51,N_51_patch_0006,6,/content/PATIENT_RECONSTRUCTED_PREDICTIONS_FROM_PATCHES/patch_predictions_npz/0000374_N_51_N_51_patch_0006.npz,0.6294402480125427,0.36241045594215393,0.4574190080165863,-0.29062512516975403,4
375,N_51,N_51_patch_0007,7,/content/PATIENT_RECONSTRUCTED_PREDICTIONS_FROM_PATCHES/patch_predictions_npz/0000375_N_51_N_51_patch_0007.npz,0.5778960585594177,0.39610135555267334,0.45059022307395935,-0.3734428584575653,2
376,N_52,N_52_patch_0000,0,/content/PATIENT_RECONSTRUCTED_PREDICTIONS_FROM_PATCHES/patch_predictions_npz/0000376_N_52_N_52_patch_0000.npz,0.4090646207332611,0.4755338132381439,0.4347156584262848,-0.2225763350725174,1
377,N_52,N_52_patch_0001,1,/content/PATIENT_RECONSTRUCTED_PREDICTIONS_FROM_PATCHES/patch_predictions_npz/0000377_N_52_N_52_patch_0001.npz,0.515766441822052,0.4516031742095947,0.4199284613132477,-0.06892546266317368,1
378,N_52,N_52_patch_0002,2,/content/PATIENT_RECONSTRUCTED_PREDICTIONS_FROM_PATCHES/patch_predictions_npz/0000378_N_52_N_52_patch_0002.npz,0.5372806191444397,0.4221923053264618,0.39459121227264404,0.217385932803154,9
379,N_52,N_52_patch_0003,3,/content/PATIENT_RECONSTRUCTED_PREDICTIONS_FROM_PATCHES/patch_predictions_npz/0000379_N_52_N_52_patch_0003.npz,0.548119843006134,0.39273008704185486,0.4534214437007904,0.07817308604717255,7
380,N_52,N_52_patch_0004,4,/content/PATIENT_RECONSTRUCTED_PREDICTIONS_FROM_PATCHES/patch_predictions_npz/0000380_N_52_N_52_patch_0004.npz,0.5507819056510925,0.3935664892196655,0.4851526916027069,-0.18867844343185425,9
381,N_52,N_52_patch_0005,5,/content/PATIENT_RECONSTRUCTED_PREDICTIONS_FROM_PATCHES/patch_predictions_npz/0000381_N_52_N_52_patch_0005.npz,0.5980299115180969,0.4097670018672943,0.3864172399044037,-0.3870244026184082,8
382,N_52,N_52_patch_0006,6,/content/PATIENT_RECONSTRUCTED_PREDICTIONS_FROM_PATCHES/patch_predictions_npz/0000382_N_52_N_52_patch_0006.npz,0.6379970908164978,0.3680207431316376,0.4469963610172272,-0.33336830139160156,3
383,N_52,N_52_patch_0007,7,/content/PATIENT_RECONSTRUCTED_PREDICTIONS_FROM_PATCHES/patch_predictions_npz/0000383_N_52_N_52_patch_0007.npz,0.5716712474822998,0.39894524216651917,0.45597997307777405,-0.35960912704467773,2
384,N_53,N_53_patch_0000,0,/content/PATIENT_RECONSTRUCTED_PREDICTIONS_FROM_PATCHES/patch_predictions_npz/0000384_N_53_N_53_patch_0000.npz,0.4075981378555298,0.47306886315345764,0.4342614412307739,-0.18942390382289886,1
385,N_53,N_53_patch_0001,1,/content/PATIENT_RECONSTRUCTED_PREDICTIONS_FROM_PATCHES/patch_predictions_npz/0000385_N_53_N_53_patch_0001.npz,0.5105453133583069,0.44876253604888916,0.4158693253993988,-0.03190449997782707,1
386,N_53,N_53_patch_0002,2,/content/PATIENT_RECONSTRUCTED_PREDICTIONS_FROM_PATCHES/patch_predictions_npz/0000386_N_53_N_53_patch_0002.npz,0.5262059569358826,0.427933931350708,0.40068814158439636,0.21539171040058136,13
387,N_53,N_53_patch_0003,3,/content/PATIENT_RECONSTRUCTED_PREDICTIONS_FROM_PATCHES/patch_predictions_npz/0000387_N_53_N_53_patch_0003.npz,0.5356162190437317,0.3943784236907959,0.45730459690093994,0.047725457698106766,6
388,N_53,N_53_patch_0004,4,/content/PATIENT_RECONSTRUCTED_PREDICTIONS_FROM_PATCHES/patch_predictions_npz/0000388_N_53_N_53_patch_0004.npz,0.5291362404823303,0.4009486138820648,0.479695588350296,-0.1461428850889206,10
389,N_53,N_53_patch_0005,5,/content/PATIENT_RECONSTRUCTED_PREDICTIONS_FROM_PATCHES/patch_predictions_npz/0000389_N_53_N_53_patch_0005.npz,0.5533265471458435,0.42026519775390625,0.39851662516593933,-0.2754838764667511,8
390,N_53,N_53_patch_0006,6,/content/PATIENT_RECONSTRUCTED_PREDICTIONS_FROM_PATCHES/patch_predictions_npz/0000390_N_53_N_53_patch_0006.npz,0.5908921360969543,0.38089239597320557,0.44922176003456116,-0.23076625168323517,3
391,N_53,N_53_patch_0007,7,/content/PATIENT_RECONSTRUCTED_PREDICTIONS_FROM_PATCHES/patch_predictions_npz/0000391_N_53_N_53_patch_0007.npz,0.5558577179908752,0.400335431098938,0.45127439498901367,-0.28966474533081055,2
392,N_54,N_54_patch_0000,0,/content/PATIENT_RECONSTRUCTED_PREDICTIONS_FROM_PATCHES/patch_predictions_npz/0000392_N_54_N_54_patch_0000.npz,0.4047008454799652,0.47052618861198425,0.4361068904399872,-0.11381227523088455,1
393,N_54,N_54_patch_0001,1,/content/PATIENT_RECONSTRUCTED_PREDICTIONS_FROM_PATCHES/patch_predictions_npz/0000393_N_54_N_54_patch_0001.npz,0.5043665170669556,0.4515906274318695,0.4205969274044037,-0.02098964713513851,2
394,N_54,N_54_patch_0002,2,/content/PATIENT_RECONSTRUCTED_PREDICTIONS_FROM_PATCHES/patch_predictions_npz/0000394_N_54_N_54_patch_0002.npz,0.5241795182228088,0.42466220259666443,0.3990222215652466,0.22321121394634247,10
395,N_54,N_54_patch_0003,3,/content/PATIENT_RECONSTRUCTED_PREDICTIONS_FROM_PATCHES/patch_predictions_npz/0000395_N_54_N_54_patch_0003.npz,0.5377693772315979,0.39074841141700745,0.4562426507472992,0.0628422275185585,6
396,N_54,N_54_patch_0004,4,/content/PATIENT_RECONSTRUCTED_PREDICTIONS_FROM_PATCHES/patch_predictions_npz/0000396_N_54_N_54_patch_0004.npz,0.5442359447479248,0.39129140973091125,0.4824199378490448,-0.1434246450662613,8
397,N_54,N_54_patch_0005,5,/content/PATIENT_RECONSTRUCTED_PREDICTIONS_FROM_PATCHES/patch_predictions_npz/0000397_N_54_N_54_patch_0005.npz,0.5740368962287903,0.411617249250412,0.38842055201530457,-0.3068217635154724,8
398,N_54,N_54_patch_0006,6,/content/PATIENT_RECONSTRUCTED_PREDICTIONS_FROM_PATCHES/patch_predictions_npz/0000398_N_54_N_54_patch_0006.npz,0.5984801650047302,0.37892165780067444,0.4512210786342621,-0.23097503185272217,6
399,N_54,N_54_patch_0007,7,/content/PATIENT_RECONSTRUCTED_PREDICTIONS_FROM_PATCHES/patch_predictions_npz/0000399_N_54_N_54_patch_0007.npz,0.5627179741859436,0.3995755910873413,0.45364251732826233,-0.3107858896255493,2
400,N_55,N_55_patch_0000,0,/content/PATIENT_RECONSTRUCTED_PREDICTIONS_FROM_PATCHES/patch_predictions_npz/0000400_N_55_N_55_patch_0000.npz,0.40864381194114685,0.4755951166152954,0.43631815910339355,-0.1468537598848343,1
401,N_55,N_55_patch_0001,1,/content/PATIENT_RECONSTRUCTED_PREDICTIONS_FROM_PATCHES/patch_predictions_npz/0000401_N_55_N_55_patch_0001.npz,0.48904791474342346,0.45187631249427795,0.41898059844970703,0.012425202876329422,1
402,N_55,N_55_patch_0002,2,/content/PATIENT_RECONSTRUCTED_PREDICTIONS_FROM_PATCHES/patch_predictions_npz/0000402_N_55_N_55_patch_0002.npz,0.520822286605835,0.4272431433200836,0.4005624055862427,0.22134684026241302,11
403,N_55,N_55_patch_0003,3,/content/PATIENT_RECONSTRUCTED_PREDICTIONS_FROM_PATCHES/patch_predictions_npz/0000403_N_55_N_55_patch_0003.npz,0.5320349335670471,0.394881010055542,0.456784725189209,0.047812413424253464,6
404,N_55,N_55_patch_0004,4,/content/PATIENT_RECONSTRUCTED_PREDICTIONS_FROM_PATCHES/patch_predictions_npz/0000404_N_55_N_55_patch_0004.npz,0.535061240196228,0.4006861448287964,0.48276111483573914,-0.1721278876066208,10
405,N_55,N_55_patch_0005,5,/content/PATIENT_RECONSTRUCTED_PREDICTIONS_FROM_PATCHES/patch_predictions_npz/0000405_N_55_N_55_patch_0005.npz,0.5868604183197021,0.41273272037506104,0.38230976462364197,-0.3632771968841553,8
406,N_55,N_55_patch_0006,6,/content/PATIENT_RECONSTRUCTED_PREDICTIONS_FROM_PATCHES/patch_predictions_npz/0000406_N_55_N_55_patch_0006.npz,0.6341032385826111,0.3637123107910156,0.45381680130958557,-0.3196197748184204,4
407,N_55,N_55_patch_0007,7,/content/PATIENT_RECONSTRUCTED_PREDICTIONS_FROM_PATCHES/patch_predictions_npz/0000407_N_55_N_55_patch_0007.npz,0.5985453724861145,0.3872077465057373,0.45212700963020325,-0.42789673805236816,1
408,N_56,N_56_patch_0000,0,/content/PATIENT_RECONSTRUCTED_PREDICTIONS_FROM_PATCHES/patch_predictions_npz/0000408_N_56_N_56_patch_0000.npz,0.4084045886993408,0.4743332862854004,0.43654730916023254,-0.14783045649528503,1
409,N_56,N_56_patch_0001,1,/content/PATIENT_RECONSTRUCTED_PREDICTIONS_FROM_PATCHES/patch_predictions_npz/0000409_N_56_N_56_patch_0001.npz,0.4940527379512787,0.4548233449459076,0.42049548029899597,-0.01476480346173048,3
410,N_56,N_56_patch_0002,2,/content/PATIENT_RECONSTRUCTED_PREDICTIONS_FROM_PATCHES/patch_predictions_npz/0000410_N_56_N_56_patch_0002.npz,0.52571702003479,0.42887982726097107,0.4010947048664093,0.1928545981645584,10
411,N_56,N_56_patch_0003,3,/content/PATIENT_RECONSTRUCTED_PREDICTIONS_FROM_PATCHES/patch_predictions_npz/0000411_N_56_N_56_patch_0003.npz,0.5465492606163025,0.39271387457847595,0.4571000635623932,0.03346959874033928,7
412,N_56,N_56_patch_0004,4,/content/PATIENT_RECONSTRUCTED_PREDICTIONS_FROM_PATCHES/patch_predictions_npz/0000412_N_56_N_56_patch_0004.npz,0.5390823483467102,0.4010651409626007,0.4830760061740875,-0.18371236324310303,10
413,N_56,N_56_patch_0005,5,/content/PATIENT_RECONSTRUCTED_PREDICTIONS_FROM_PATCHES/patch_predictions_npz/0000413_N_56_N_56_patch_0005.npz,0.5765348076820374,0.41873815655708313,0.38219818472862244,-0.3448013365268707,9
414,N_56,N_56_patch_0006,6,/content/PATIENT_RECONSTRUCTED_PREDICTIONS_FROM_PATCHES/patch_predictions_npz/0000414_N_56_N_56_patch_0006.npz,0.6363490223884583,0.3630192279815674,0.46371880173683167,-0.31548193097114563,4
415,N_56,N_56_patch_0007,7,/content/PATIENT_RECONSTRUCTED_PREDICTIONS_FROM_PATCHES/patch_predictions_npz/0000415_N_56_N_56_patch_0007.npz,0.6037033200263977,0.39156508445739746,0.45667362213134766,-0.4753093421459198,2
416,N_57,N_57_patch_0000,0,/content/PATIENT_RECONSTRUCTED_PREDICTIONS_FROM_PATCHES/patch_predictions_npz/0000416_N_57_N_57_patch_0000.npz,0.4028308689594269,0.470009446144104,0.43577173352241516,-0.09667577594518661,1
417,N_57,N_57_patch_0001,1,/content/PATIENT_RECONSTRUCTED_PREDICTIONS_FROM_PATCHES/patch_predictions_npz/0000417_N_57_N_57_patch_0001.npz,0.4930269420146942,0.4570608139038086,0.42326390743255615,-0.026471735909581184,1
418,N_57,N_57_patch_0002,2,/content/PATIENT_RECONSTRUCTED_PREDICTIONS_FROM_PATCHES/patch_predictions_npz/0000418_N_57_N_57_patch_0002.npz,0.5193935632705688,0.4275486171245575,0.39970484375953674,0.20299965143203735,13
419,N_57,N_57_patch_0003,3,/content/PATIENT_RECONSTRUCTED_PREDICTIONS_FROM_PATCHES/patch_predictions_npz/0000419_N_57_N_57_patch_0003.npz,0.5302383303642273,0.4018150866031647,0.4495032727718353,0.07734480500221252,8
420,N_57,N_57_patch_0004,4,/content/PATIENT_RECONSTRUCTED_PREDICTIONS_FROM_PATCHES/patch_predictions_npz/0000420_N_57_N_57_patch_0004.npz,0.52931147813797,0.3964187800884247,0.47765350341796875,-0.12397035211324692,9
421,N_57,N_57_patch_0005,5,/content/PATIENT_RECONSTRUCTED_PREDICTIONS_FROM_PATCHES/patch_predictions_npz/0000421_N_57_N_57_patch_0005.npz,0.5549145936965942,0.41667914390563965,0.39443933963775635,-0.26304006576538086,8
422,N_57,N_57_patch_0006,6,/content/PATIENT_RECONSTRUCTED_PREDICTIONS_FROM_PATCHES/patch_predictions_npz/0000422_N_57_N_57_patch_0006.npz,0.6032524704933167,0.37218913435935974,0.45263007283210754,-0.2220747023820877,3
423,N_57,N_57_patch_0007,7,/content/PATIENT_RECONSTRUCTED_PREDICTIONS_FROM_PATCHES/patch_predictions_npz/0000423_N_57_N_57_patch_0007.npz,0.5645043849945068,0.3962268829345703,0.4505695402622223,-0.3049353063106537,2
424,N_58,N_58_patch_0000,0,/content/PATIENT_RECONSTRUCTED_PREDICTIONS_FROM_PATCHES/patch_predictions_npz/0000424_N_58_N_58_patch_0000.npz,0.4055840075016022,0.4720330536365509,0.43511083722114563,-0.1397479921579361,1
425,N_58,N_58_patch_0001,1,/content/PATIENT_RECONSTRUCTED_PREDICTIONS_FROM_PATCHES/patch_predictions_npz/0000425_N_58_N_58_patch_0001.npz,0.4991140365600586,0.45277485251426697,0.41954365372657776,-0.03776131197810173,3
426,N_58,N_58_patch_0002,2,/content/PATIENT_RECONSTRUCTED_PREDICTIONS_FROM_PATCHES/patch_predictions_npz/0000426_N_58_N_58_patch_0002.npz,0.5263887047767639,0.42860183119773865,0.40014341473579407,0.2011050432920456,10
427,N_58,N_58_patch_0003,3,/content/PATIENT_RECONSTRUCTED_PREDICTIONS_FROM_PATCHES/patch_predictions_npz/0000427_N_58_N_58_patch_0003.npz,0.5415652394294739,0.3958771228790283,0.4607224762439728,0.03228984400629997,7
428,N_58,N_58_patch_0004,4,/content/PATIENT_RECONSTRUCTED_PREDICTIONS_FROM_PATCHES/patch_predictions_npz/0000428_N_58_N_58_patch_0004.npz,0.5349587798118591,0.40413761138916016,0.4814687967300415,-0.17476977407932281,10
429,N_58,N_58_patch_0005,5,/content/PATIENT_RECONSTRUCTED_PREDICTIONS_FROM_PATCHES/patch_predictions_npz/0000429_N_58_N_58_patch_0005.npz,0.5875816941261292,0.4147323668003082,0.3855600357055664,-0.3682626783847809,8
430,N_58,N_58_patch_0006,6,/content/PATIENT_RECONSTRUCTED_PREDICTIONS_FROM_PATCHES/patch_predictions_npz/0000430_N_58_N_58_patch_0006.npz,0.6284626126289368,0.36578068137168884,0.4568525552749634,-0.29169830679893494,3
431,N_58,N_58_patch_0007,7,/content/PATIENT_RECONSTRUCTED_PREDICTIONS_FROM_PATCHES/patch_predictions_npz/0000431_N_58_N_58_patch_0007.npz,0.5708463788032532,0.3951784670352936,0.4487980604171753,-0.3281562626361847,2
432,N_59,N_59_patch_0000,0,/content/PATIENT_RECONSTRUCTED_PREDICTIONS_FROM_PATCHES/patch_predictions_npz/0000432_N_59_N_59_patch_0000.npz,0.40777286887168884,0.47363558411598206,0.43589261174201965,-0.1699018031358719,1
433,N_59,N_59_patch_0001,1,/content/PATIENT_RECONSTRUCTED_PREDICTIONS_FROM_PATCHES/patch_predictions_npz/0000433_N_59_N_59_patch_0001.npz,0.5177340507507324,0.4521716833114624,0.41787222027778625,-0.08086895942687988,1
434,N_59,N_59_patch_0002,2,/content/PATIENT_RECONSTRUCTED_PREDICTIONS_FROM_PATCHES/patch_predictions_npz/0000434_N_59_N_59_patch_0002.npz,0.5404871106147766,0.42198383808135986,0.3938464820384979,0.19509457051753998,9
435,N_59,N_59_patch_0003,3,/content/PATIENT_RECONSTRUCTED_PREDICTIONS_FROM_PATCHES/patch_predictions_npz/0000435_N_59_N_59_patch_0003.npz,0.531273365020752,0.40101155638694763,0.45213326811790466,0.07415745407342911,7
436,N_59,N_59_patch_0004,4,/content/PATIENT_RECONSTRUCTED_PREDICTIONS_FROM_PATCHES/patch_predictions_npz/0000436_N_59_N_59_patch_0004.npz,0.5363738536834717,0.3961944282054901,0.4820173680782318,-0.17115814983844757,10
437,N_59,N_59_patch_0005,5,/content/PATIENT_RECONSTRUCTED_PREDICTIONS_FROM_PATCHES/patch_predictions_npz/0000437_N_59_N_59_patch_0005.npz,0.5860044956207275,0.4112790822982788,0.37615689635276794,-0.37093353271484375,8
438,N_59,N_59_patch_0006,6,/content/PATIENT_RECONSTRUCTED_PREDICTIONS_FROM_PATCHES/patch_predictions_npz/0000438_N_59_N_59_patch_0006.npz,0.6098234057426453,0.3684995174407959,0.45129454135894775,-0.2512713372707367,5
439,N_59,N_59_patch_0007,7,/content/PATIENT_RECONSTRUCTED_PREDICTIONS_FROM_PATCHES/patch_predictions_npz/0000439_N_59_N_59_patch_0007.npz,0.5645754933357239,0.3974309265613556,0.4505746364593506,-0.30644720792770386,2
440,N_6,N_6_patch_0000,0,/content/PATIENT_RECONSTRUCTED_PREDICTIONS_FROM_PATCHES/patch_predictions_npz/0000440_N_6_N_6_patch_0000.npz,0.4057594835758209,0.4730627238750458,0.43587711453437805,-0.12393191456794739,1
441,N_6,N_6_patch_0001,1,/content/PATIENT_RECONSTRUCTED_PREDICTIONS_FROM_PATCHES/patch_predictions_npz/0000441_N_6_N_6_patch_0001.npz,0.4954930245876312,0.44800183176994324,0.41770467162132263,0.007012888789176941,1
442,N_6,N_6_patch_0002,2,/content/PATIENT_RECONSTRUCTED_PREDICTIONS_FROM_PATCHES/patch_predictions_npz/0000442_N_6_N_6_patch_0002.npz,0.5325095057487488,0.4189632833003998,0.3958824574947357,0.23945732414722443,12
443,N_6,N_6_patch_0003,3,/content/PATIENT_RECONSTRUCTED_PREDICTIONS_FROM_PATCHES/patch_predictions_npz/0000443_N_6_N_6_patch_0003.npz,0.5410101413726807,0.39193031191825867,0.45392489433288574,0.06485994160175323,7
444,N_6,N_6_patch_0004,4,/content/PATIENT_RECONSTRUCTED_PREDICTIONS_FROM_PATCHES/patch_predictions_npz/0000444_N_6_N_6_patch_0004.npz,0.5414748787879944,0.39471879601478577,0.4812256395816803,-0.12963642179965973,9
445,N_6,N_6_patch_0005,5,/content/PATIENT_RECONSTRUCTED_PREDICTIONS_FROM_PATCHES/patch_predictions_npz/0000445_N_6_N_6_patch_0005.npz,0.5694791078567505,0.4148397147655487,0.39147040247917175,-0.3066270649433136,8
446,N_6,N_6_patch_0006,6,/content/PATIENT_RECONSTRUCTED_PREDICTIONS_FROM_PATCHES/patch_predictions_npz/0000446_N_6_N_6_patch_0006.npz,0.6183941960334778,0.3645794093608856,0.46424582600593567,-0.27003681659698486,3
447,N_6,N_6_patch_0007,7,/content/PATIENT_RECONSTRUCTED_PREDICTIONS_FROM_PATCHES/patch_predictions_npz/0000447_N_6_N_6_patch_0007.npz,0.5574148297309875,0.39895984530448914,0.4507615268230438,-0.28038713335990906,2
448,N_60,N_60_patch_0000,0,/content/PATIENT_RECONSTRUCTED_PREDICTIONS_FROM_PATCHES/patch_predictions_npz/0000448_N_60_N_60_patch_0000.npz,0.40843042731285095,0.47473371028900146,0.43701329827308655,-0.1561555713415146,1
449,N_60,N_60_patch_0001,1,/content/PATIENT_RECONSTRUCTED_PREDICTIONS_FROM_PATCHES/patch_predictions_npz/0000449_N_60_N_60_patch_0001.npz,0.5113175511360168,0.4542272984981537,0.4184681177139282,-0.055826276540756226,1
450,N_60,N_60_patch_0002,2,/content/PATIENT_RECONSTRUCTED_PREDICTIONS_FROM_PATCHES/patch_predictions_npz/0000450_N_60_N_60_patch_0002.npz,0.5286120772361755,0.42609938979148865,0.39854732155799866,0.20204250514507294,13
451,N_60,N_60_patch_0003,3,/content/PATIENT_RECONSTRUCTED_PREDICTIONS_FROM_PATCHES/patch_predictions_npz/0000451_N_60_N_60_patch_0003.npz,0.5254001617431641,0.40122535824775696,0.45464566349983215,0.07584186643362045,8
452,N_60,N_60_patch_0004,4,/content/PATIENT_RECONSTRUCTED_PREDICTIONS_FROM_PATCHES/patch_predictions_npz/0000452_N_60_N_60_patch_0004.npz,0.5218133330345154,0.4039359986782074,0.4775279462337494,-0.1327899694442749,9
453,N_60,N_60_patch_0005,5,/content/PATIENT_RECONSTRUCTED_PREDICTIONS_FROM_PATCHES/patch_predictions_npz/0000453_N_60_N_60_patch_0005.npz,0.5680379867553711,0.4174351990222931,0.3818751275539398,-0.3164375126361847,8
454,N_60,N_60_patch_0006,6,/content/PATIENT_RECONSTRUCTED_PREDICTIONS_FROM_PATCHES/patch_predictions_npz/0000454_N_60_N_60_patch_0006.npz,0.6213595271110535,0.36676183342933655,0.46123501658439636,-0.2839753329753876,2
455,N_60,N_60_patch_0007,7,/content/PATIENT_RECONSTRUCTED_PREDICTIONS_FROM_PATCHES/patch_predictions_npz/0000455_N_60_N_60_patch_0007.npz,0.5931689143180847,0.392620325088501,0.45482516288757324,-0.43230828642845154,2
456,N_61,N_61_patch_0000,0,/content/PATIENT_RECONSTRUCTED_PREDICTIONS_FROM_PATCHES/patch_predictions_npz/0000456_N_61_N_61_patch_0000.npz,0.4114397466182709,0.4774440824985504,0.4362216293811798,-0.20163559913635254,1
457,N_61,N_61_patch_0001,1,/content/PATIENT_RECONSTRUCTED_PREDICTIONS_FROM_PATCHES/patch_predictions_npz/0000457_N_61_N_61_patch_0001.npz,0.5017465353012085,0.45831021666526794,0.4212453365325928,-0.048544783145189285,1
458,N_61,N_61_patch_0002,2,/content/PATIENT_RECONSTRUCTED_PREDICTIONS_FROM_PATCHES/patch_predictions_npz/0000458_N_61_N_61_patch_0002.npz,0.51192307472229,0.4330199658870697,0.4028191566467285,0.18854041397571564,12
459,N_61,N_61_patch_0003,3,/content/PATIENT_RECONSTRUCTED_PREDICTIONS_FROM_PATCHES/patch_predictions_npz/0000459_N_61_N_61_patch_0003.npz,0.5114966630935669,0.41660407185554504,0.4469490945339203,0.11560507863759995,9
460,N_61,N_61_patch_0004,4,/content/PATIENT_RECONSTRUCTED_PREDICTIONS_FROM_PATCHES/patch_predictions_npz/0000460_N_61_N_61_patch_0004.npz,0.5289187431335449,0.40071678161621094,0.47698819637298584,-0.10494031757116318,8
461,N_61,N_61_patch_0005,5,/content/PATIENT_RECONSTRUCTED_PREDICTIONS_FROM_PATCHES/patch_predictions_npz/0000461_N_61_N_61_patch_0005.npz,0.5695784091949463,0.41461679339408875,0.38812708854675293,-0.3022101819515228,9
462,N_61,N_61_patch_0006,6,/content/PATIENT_RECONSTRUCTED_PREDICTIONS_FROM_PATCHES/patch_predictions_npz/0000462_N_61_N_61_patch_0006.npz,0.5978570580482483,0.38057079911231995,0.4472169876098633,-0.24061734974384308,4
463,N_61,N_61_patch_0007,7,/content/PATIENT_RECONSTRUCTED_PREDICTIONS_FROM_PATCHES/patch_predictions_npz/0000463_N_61_N_61_patch_0007.npz,0.5650700926780701,0.39970025420188904,0.4519056975841522,-0.33830317854881287,2
464,N_62,N_62_patch_0000,0,/content/PATIENT_RECONSTRUCTED_PREDICTIONS_FROM_PATCHES/patch_predictions_npz/0000464_N_62_N_62_patch_0000.npz,0.40437886118888855,0.47222909331321716,0.43602368235588074,-0.1305839568376541,1
465,N_62,N_62_patch_0001,1,/content/PATIENT_RECONSTRUCTED_PREDICTIONS_FROM_PATCHES/patch_predictions_npz/0000465_N_62_N_62_patch_0001.npz,0.5044008493423462,0.4525469243526459,0.42051491141319275,-0.03568732738494873,1
466,N_62,N_62_patch_0002,2,/content/PATIENT_RECONSTRUCTED_PREDICTIONS_FROM_PATCHES/patch_predictions_npz/0000466_N_62_N_62_patch_0002.npz,0.5526186227798462,0.42036256194114685,0.39229488372802734,0.1996787041425705,11
467,N_62,N_62_patch_0003,3,/content/PATIENT_RECONSTRUCTED_PREDICTIONS_FROM_PATCHES/patch_predictions_npz/0000467_N_62_N_62_patch_0003.npz,0.577103316783905,0.3751607835292816,0.4613959491252899,-0.011333554051816463,6
468,N_62,N_62_patch_0004,4,/content/PATIENT_RECONSTRUCTED_PREDICTIONS_FROM_PATCHES/patch_predictions_npz/0000468_N_62_N_62_patch_0004.npz,0.5645516514778137,0.3885444104671478,0.49030637741088867,-0.2552866041660309,9
469,N_62,N_62_patch_0005,5,/content/PATIENT_RECONSTRUCTED_PREDICTIONS_FROM_PATCHES/patch_predictions_npz/0000469_N_62_N_62_patch_0005.npz,0.6247391104698181,0.40664005279541016,0.3667207658290863,-0.49919044971466064,8
470,N_62,N_62_patch_0006,6,/content/PATIENT_RECONSTRUCTED_PREDICTIONS_FROM_PATCHES/patch_predictions_npz/0000470_N_62_N_62_patch_0006.npz,0.6509055495262146,0.36161375045776367,0.4691777229309082,-0.3802572190761566,2
471,N_62,N_62_patch_0007,7,/content/PATIENT_RECONSTRUCTED_PREDICTIONS_FROM_PATCHES/patch_predictions_npz/0000471_N_62_N_62_patch_0007.npz,0.5944344997406006,0.3919673264026642,0.4510681629180908,-0.4347304403781891,2
472,N_63,N_63_patch_0000,0,/content/PATIENT_RECONSTRUCTED_PREDICTIONS_FROM_PATCHES/patch_predictions_npz/0000472_N_63_N_63_patch_0000.npz,0.4136090576648712,0.47808822989463806,0.43340250849723816,-0.31517842411994934,1
473,N_63,N_63_patch_0001,1,/content/PATIENT_RECONSTRUCTED_PREDICTIONS_FROM_PATCHES/patch_predictions_npz/0000473_N_63_N_63_patch_0001.npz,0.5521748661994934,0.45040225982666016,0.4128735065460205,-0.18015015125274658,1
474,N_63,N_63_patch_0002,2,/content/PATIENT_RECONSTRUCTED_PREDICTIONS_FROM_PATCHES/patch_predictions_npz/0000474_N_63_N_63_patch_0002.npz,0.562053918838501,0.42566511034965515,0.3927950859069824,0.132382333278656,11
475,N_63,N_63_patch_0003,3,/content/PATIENT_RECONSTRUCTED_PREDICTIONS_FROM_PATCHES/patch_predictions_npz/0000475_N_63_N_63_patch_0003.npz,0.5624311566352844,0.39483046531677246,0.45919525623321533,-0.01527144480496645,9
476,N_63,N_63_patch_0004,4,/content/PATIENT_RECONSTRUCTED_PREDICTIONS_FROM_PATCHES/patch_predictions_npz/0000476_N_63_N_63_patch_0004.npz,0.5490273237228394,0.39911460876464844,0.4857248365879059,-0.24816632270812988,11
477,N_63,N_63_patch_0005,5,/content/PATIENT_RECONSTRUCTED_PREDICTIONS_FROM_PATCHES/patch_predictions_npz/0000477_N_63_N_63_patch_0005.npz,0.5997996926307678,0.4131576120853424,0.3717916011810303,-0.42871221899986267,8
478,N_63,N_63_patch_0006,6,/content/PATIENT_RECONSTRUCTED_PREDICTIONS_FROM_PATCHES/patch_predictions_npz/0000478_N_63_N_63_patch_0006.npz,0.6338344216346741,0.3639167845249176,0.46960559487342834,-0.32449689507484436,2
479,N_63,N_63_patch_0007,7,/content/PATIENT_RECONSTRUCTED_PREDICTIONS_FROM_PATCHES/patch_predictions_npz/0000479_N_63_N_63_patch_0007.npz,0.5989781022071838,0.3899630010128021,0.4492746591567993,-0.4480020999908447,1
480,N_64,N_64_patch_0000,0,/content/PATIENT_RECONSTRUCTED_PREDICTIONS_FROM_PATCHES/patch_predictions_npz/0000480_N_64_N_64_patch_0000.npz,0.4116717576980591,0.4770730435848236,0.436760276556015,-0.20780551433563232,1
481,N_64,N_64_patch_0001,1,/content/PATIENT_RECONSTRUCTED_PREDICTIONS_FROM_PATCHES/patch_predictions_npz/0000481_N_64_N_64_patch_0001.npz,0.528616189956665,0.4463860094547272,0.41372835636138916,-0.07888316363096237,1
482,N_64,N_64_patch_0002,2,/content/PATIENT_RECONSTRUCTED_PREDICTIONS_FROM_PATCHES/patch_predictions_npz/0000482_N_64_N_64_patch_0002.npz,0.5447723269462585,0.4195341169834137,0.39241519570350647,0.2111419439315796,10
483,N_64,N_64_patch_0003,3,/content/PATIENT_RECONSTRUCTED_PREDICTIONS_FROM_PATCHES/patch_predictions_npz/0000483_N_64_N_64_patch_0003.npz,0.5476009845733643,0.39215850830078125,0.4543967545032501,0.0433662086725235,7
484,N_64,N_64_patch_0004,4,/content/PATIENT_RECONSTRUCTED_PREDICTIONS_FROM_PATCHES/patch_predictions_npz/0000484_N_64_N_64_patch_0004.npz,0.5416675209999084,0.39875754714012146,0.4829777479171753,-0.1981176882982254,10
485,N_64,N_64_patch_0005,5,/content/PATIENT_RECONSTRUCTED_PREDICTIONS_FROM_PATCHES/patch_predictions_npz/0000485_N_64_N_64_patch_0005.npz,0.6021806597709656,0.407416969537735,0.3680315315723419,-0.4132941663265228,8
486,N_64,N_64_patch_0006,6,/content/PATIENT_RECONSTRUCTED_PREDICTIONS_FROM_PATCHES/patch_predictions_npz/0000486_N_64_N_64_patch_0006.npz,0.6387203335762024,0.35904383659362793,0.4647231101989746,-0.3154406249523163,4
487,N_64,N_64_patch_0007,7,/content/PATIENT_RECONSTRUCTED_PREDICTIONS_FROM_PATCHES/patch_predictions_npz/0000487_N_64_N_64_patch_0007.npz,0.6039904952049255,0.38624417781829834,0.45205655694007874,-0.44339337944984436,1
488,N_65,N_65_patch_0000,0,/content/PATIENT_RECONSTRUCTED_PREDICTIONS_FROM_PATCHES/patch_predictions_npz/0000488_N_65_N_65_patch_0000.npz,0.4102148115634918,0.4766813814640045,0.43668457865715027,-0.20218129456043243,1
489,N_65,N_65_patch_0001,1,/content/PATIENT_RECONSTRUCTED_PREDICTIONS_FROM_PATCHES/patch_predictions_npz/0000489_N_65_N_65_patch_0001.npz,0.5068990588188171,0.4536447525024414,0.4200483560562134,-0.04947547987103462,1
490,N_65,N_65_patch_0002,2,/content/PATIENT_RECONSTRUCTED_PREDICTIONS_FROM_PATCHES/patch_predictions_npz/0000490_N_65_N_65_patch_0002.npz,0.528992772102356,0.42721250653266907,0.3983372747898102,0.19422297179698944,12
491,N_65,N_65_patch_0003,3,/content/PATIENT_RECONSTRUCTED_PREDICTIONS_FROM_PATCHES/patch_predictions_npz/0000491_N_65_N_65_patch_0003.npz,0.5352561473846436,0.4006199836730957,0.44978466629981995,0.08293769508600235,7
492,N_65,N_65_patch_0004,4,/content/PATIENT_RECONSTRUCTED_PREDICTIONS_FROM_PATCHES/patch_predictions_npz/0000492_N_65_N_65_patch_0004.npz,0.5415731072425842,0.3926098048686981,0.48210740089416504,-0.15512242913246155,9
493,N_65,N_65_patch_0005,5,/content/PATIENT_RECONSTRUCTED_PREDICTIONS_FROM_PATCHES/patch_predictions_npz/0000493_N_65_N_65_patch_0005.npz,0.5847058892250061,0.41020938754081726,0.3771657943725586,-0.3638765811920166,8
494,N_65,N_65_patch_0006,6,/content/PATIENT_RECONSTRUCTED_PREDICTIONS_FROM_PATCHES/patch_predictions_npz/0000494_N_65_N_65_patch_0006.npz,0.6141896843910217,0.3705909252166748,0.45905956625938416,-0.27083519101142883,3
495,N_65,N_65_patch_0007,7,/content/PATIENT_RECONSTRUCTED_PREDICTIONS_FROM_PATCHES/patch_predictions_npz/0000495_N_65_N_65_patch_0007.npz,0.5778719782829285,0.39587506651878357,0.4484192132949829,-0.3684542179107666,1
496,N_66,N_66_patch_0000,0,/content/PATIENT_RECONSTRUCTED_PREDICTIONS_FROM_PATCHES/patch_predictions_npz/0000496_N_66_N_66_patch_0000.npz,0.4058293402194977,0.4728260934352875,0.435570627450943,-0.14349086582660675,1
497,N_66,N_66_patch_0001,1,/content/PATIENT_RECONSTRUCTED_PREDICTIONS_FROM_PATCHES/patch_predictions_npz/0000497_N_66_N_66_patch_0001.npz,0.4834176301956177,0.46601614356040955,0.43041762709617615,-0.032667290419340134,2
498,N_66,N_66_patch_0002,2,/content/PATIENT_RECONSTRUCTED_PREDICTIONS_FROM_PATCHES/patch_predictions_npz/0000498_N_66_N_66_patch_0002.npz,0.5194317698478699,0.43382155895233154,0.4037451446056366,0.1812579184770584,10
499,N_66,N_66_patch_0003,3,/content/PATIENT_RECONSTRUCTED_PREDICTIONS_FROM_PATCHES/patch_predictions_npz/0000499_N_66_N_66_patch_0003.npz,0.5243780612945557,0.40873369574546814,0.45212531089782715,0.07219747453927994,8
500,N_66,N_66_patch_0004,4,/content/PATIENT_RECONSTRUCTED_PREDICTIONS_FROM_PATCHES/patch_predictions_npz/0000500_N_66_N_66_patch_0004.npz,0.5362183451652527,0.39615246653556824,0.48058971762657166,-0.15300996601581573,9
501,N_66,N_66_patch_0005,5,/content/PATIENT_RECONSTRUCTED_PREDICTIONS_FROM_PATCHES/patch_predictions_npz/0000501_N_66_N_66_patch_0005.npz,0.5696871280670166,0.41156163811683655,0.39897894859313965,-0.31488919258117676,8
502,N_66,N_66_patch_0006,6,/content/PATIENT_RECONSTRUCTED_PREDICTIONS_FROM_PATCHES/patch_predictions_npz/0000502_N_66_N_66_patch_0006.npz,0.6223753094673157,0.3667936325073242,0.4437744617462158,-0.29081955552101135,6
503,N_66,N_66_patch_0007,7,/content/PATIENT_RECONSTRUCTED_PREDICTIONS_FROM_PATCHES/patch_predictions_npz/0000503_N_66_N_66_patch_0007.npz,0.5754879713058472,0.39443838596343994,0.45026102662086487,-0.35508522391319275,1
504,N_67,N_67_patch_0000,0,/content/PATIENT_RECONSTRUCTED_PREDICTIONS_FROM_PATCHES/patch_predictions_npz/0000504_N_67_N_67_patch_0000.npz,0.4148815870285034,0.4805598258972168,0.4359477758407593,-0.30636200308799744,1
505,N_67,N_67_patch_0001,1,/content/PATIENT_RECONSTRUCTED_PREDICTIONS_FROM_PATCHES/patch_predictions_npz/0000505_N_67_N_67_patch_0001.npz,0.5299080014228821,0.4544733464717865,0.4178954064846039,-0.11259681731462479,1
506,N_67,N_67_patch_0002,2,/content/PATIENT_RECONSTRUCTED_PREDICTIONS_FROM_PATCHES/patch_predictions_npz/0000506_N_67_N_67_patch_0002.npz,0.5531423687934875,0.42496755719184875,0.3942091166973114,0.17195552587509155,8
507,N_67,N_67_patch_0003,3,/content/PATIENT_RECONSTRUCTED_PREDICTIONS_FROM_PATCHES/patch_predictions_npz/0000507_N_67_N_67_patch_0003.npz,0.561525285243988,0.3885977566242218,0.4605388939380646,-0.002127811312675476,6
508,N_67,N_67_patch_0004,4,/content/PATIENT_RECONSTRUCTED_PREDICTIONS_FROM_PATCHES/patch_predictions_npz/0000508_N_67_N_67_patch_0004.npz,0.5452057719230652,0.4020974338054657,0.4849778115749359,-0.2409985214471817,10
509,N_67,N_67_patch_0005,5,/content/PATIENT_RECONSTRUCTED_PREDICTIONS_FROM_PATCHES/patch_predictions_npz/0000509_N_67_N_67_patch_0005.npz,0.6062394976615906,0.4136334955692291,0.3762172758579254,-0.4473330080509186,8
510,N_67,N_67_patch_0006,6,/content/PATIENT_RECONSTRUCTED_PREDICTIONS_FROM_PATCHES/patch_predictions_npz/0000510_N_67_N_67_patch_0006.npz,0.6409754157066345,0.3646482229232788,0.46000978350639343,-0.3425041437149048,2
511,N_67,N_67_patch_0007,7,/content/PATIENT_RECONSTRUCTED_PREDICTIONS_FROM_PATCHES/patch_predictions_npz/0000511_N_67_N_67_patch_0007.npz,0.6189371943473816,0.3803279399871826,0.4530298709869385,-0.49074578285217285,1
512,N_68,N_68_patch_0000,0,/content/PATIENT_RECONSTRUCTED_PREDICTIONS_FROM_PATCHES/patch_predictions_npz/0000512_N_68_N_68_patch_0000.npz,0.4083378314971924,0.4759691655635834,0.4372098445892334,-0.20040099322795868,1
513,N_68,N_68_patch_0001,1,/content/PATIENT_RECONSTRUCTED_PREDICTIONS_FROM_PATCHES/patch_predictions_npz/0000513_N_68_N_68_patch_0001.npz,0.5366463661193848,0.4543978273868561,0.4178600013256073,-0.1460423767566681,2
514,N_68,N_68_patch_0002,2,/content/PATIENT_RECONSTRUCTED_PREDICTIONS_FROM_PATCHES/patch_predictions_npz/0000514_N_68_N_68_patch_0002.npz,0.5552876591682434,0.4221806228160858,0.3933105170726776,0.1780182123184204,11
515,N_68,N_68_patch_0003,3,/content/PATIENT_RECONSTRUCTED_PREDICTIONS_FROM_PATCHES/patch_predictions_npz/0000515_N_68_N_68_patch_0003.npz,0.5504572987556458,0.3895767629146576,0.459585040807724,0.00021232540893834084,7
516,N_68,N_68_patch_0004,4,/content/PATIENT_RECONSTRUCTED_PREDICTIONS_FROM_PATCHES/patch_predictions_npz/0000516_N_68_N_68_patch_0004.npz,0.5338243246078491,0.4007125794887543,0.4798536002635956,-0.13920581340789795,7
517,N_68,N_68_patch_0005,5,/content/PATIENT_RECONSTRUCTED_PREDICTIONS_FROM_PATCHES/patch_predictions_npz/0000517_N_68_N_68_patch_0005.npz,0.5657520294189453,0.41599011421203613,0.39091500639915466,-0.2933509349822998,8
518,N_68,N_68_patch_0006,6,/content/PATIENT_RECONSTRUCTED_PREDICTIONS_FROM_PATCHES/patch_predictions_npz/0000518_N_68_N_68_patch_0006.npz,0.6239206194877625,0.3663446605205536,0.46289873123168945,-0.28329697251319885,3
519,N_68,N_68_patch_0007,7,/content/PATIENT_RECONSTRUCTED_PREDICTIONS_FROM_PATCHES/patch_predictions_npz/0000519_N_68_N_68_patch_0007.npz,0.603661060333252,0.38835620880126953,0.45825591683387756,-0.4586006700992584,2
520,N_69,N_69_patch_0000,0,/content/PATIENT_RECONSTRUCTED_PREDICTIONS_FROM_PATCHES/patch_predictions_npz/0000520_N_69_N_69_patch_0000.npz,0.4196451008319855,0.4844416677951813,0.43542298674583435,-0.3902985155582428,1
521,N_69,N_69_patch_0001,1,/content/PATIENT_RECONSTRUCTED_PREDICTIONS_FROM_PATCHES/patch_predictions_npz/0000521_N_69_N_69_patch_0001.npz,0.5623212456703186,0.4467860460281372,0.4105294942855835,-0.18094219267368317,1
522,N_69,N_69_patch_0002,2,/content/PATIENT_RECONSTRUCTED_PREDICTIONS_FROM_PATCHES/patch_predictions_npz/0000522_N_69_N_69_patch_0002.npz,0.5950804352760315,0.4125753939151764,0.38554641604423523,0.17348997294902802,9
523,N_69,N_69_patch_0003,3,/content/PATIENT_RECONSTRUCTED_PREDICTIONS_FROM_PATCHES/patch_predictions_npz/0000523_N_69_N_69_patch_0003.npz,0.6052114367485046,0.36687055230140686,0.46868476271629333,-0.07593575865030289,7
524,N_69,N_69_patch_0004,4,/content/PATIENT_RECONSTRUCTED_PREDICTIONS_FROM_PATCHES/patch_predictions_npz/0000524_N_69_N_69_patch_0004.npz,0.581737756729126,0.3882744312286377,0.4946326017379761,-0.33885645866394043,10
525,N_69,N_69_patch_0005,5,/content/PATIENT_RECONSTRUCTED_PREDICTIONS_FROM_PATCHES/patch_predictions_npz/0000525_N_69_N_69_patch_0005.npz,0.6426121592521667,0.40334486961364746,0.3612910807132721,-0.5405533909797668,8
526,N_69,N_69_patch_0006,6,/content/PATIENT_RECONSTRUCTED_PREDICTIONS_FROM_PATCHES/patch_predictions_npz/0000526_N_69_N_69_patch_0006.npz,0.6763474941253662,0.3525888919830322,0.470856636762619,-0.4065815508365631,3
527,N_69,N_69_patch_0007,7,/content/PATIENT_RECONSTRUCTED_PREDICTIONS_FROM_PATCHES/patch_predictions_npz/0000527_N_69_N_69_patch_0007.npz,0.6194079518318176,0.3841359615325928,0.4531550407409668,-0.5258272290229797,1
528,N_7,N_7_patch_0000,0,/content/PATIENT_RECONSTRUCTED_PREDICTIONS_FROM_PATCHES/patch_predictions_npz/0000528_N_7_N_7_patch_0000.npz,0.40676388144493103,0.4724024832248688,0.4328627586364746,-0.21258167922496796,1
529,N_7,N_7_patch_0001,1,/content/PATIENT_RECONSTRUCTED_PREDICTIONS_FROM_PATCHES/patch_predictions_npz/0000529_N_7_N_7_patch_0001.npz,0.5420229434967041,0.43891605734825134,0.4099803864955902,-0.10943734645843506,1
530,N_7,N_7_patch_0002,2,/content/PATIENT_RECONSTRUCTED_PREDICTIONS_FROM_PATCHES/patch_predictions_npz/0000530_N_7_N_7_patch_0002.npz,0.5750683546066284,0.4064442813396454,0.38335323333740234,0.22852547466754913,7
531,N_7,N_7_patch_0003,3,/content/PATIENT_RECONSTRUCTED_PREDICTIONS_FROM_PATCHES/patch_predictions_npz/0000531_N_7_N_7_patch_0003.npz,0.5699182152748108,0.3724682629108429,0.46087732911109924,0.01380822155624628,7
532,N_7,N_7_patch_0004,4,/content/PATIENT_RECONSTRUCTED_PREDICTIONS_FROM_PATCHES/patch_predictions_npz/0000532_N_7_N_7_patch_0004.npz,0.5544058680534363,0.3873051702976227,0.4845215380191803,-0.2199055701494217,10
533,N_7,N_7_patch_0005,5,/content/PATIENT_RECONSTRUCTED_PREDICTIONS_FROM_PATCHES/patch_predictions_npz/0000533_N_7_N_7_patch_0005.npz,0.6270163655281067,0.39949777722358704,0.3569420278072357,-0.47998929023742676,8
534,N_7,N_7_patch_0006,6,/content/PATIENT_RECONSTRUCTED_PREDICTIONS_FROM_PATCHES/patch_predictions_npz/0000534_N_7_N_7_patch_0006.npz,0.6598654389381409,0.350109726190567,0.4735584557056427,-0.39045751094818115,2
535,N_7,N_7_patch_0007,7,/content/PATIENT_RECONSTRUCTED_PREDICTIONS_FROM_PATCHES/patch_predictions_npz/0000535_N_7_N_7_patch_0007.npz,0.6145003437995911,0.3860749304294586,0.45010581612586975,-0.49686765670776367,2
536,N_70,N_70_patch_0000,0,/content/PATIENT_RECONSTRUCTED_PREDICTIONS_FROM_PATCHES/patch_predictions_npz/0000536_N_70_N_70_patch_0000.npz,0.41383710503578186,0.4792775809764862,0.4319750964641571,-0.32591161131858826,1
537,N_70,N_70_patch_0001,1,/content/PATIENT_RECONSTRUCTED_PREDICTIONS_FROM_PATCHES/patch_predictions_npz/0000537_N_70_N_70_patch_0001.npz,0.5271101593971252,0.44826626777648926,0.4147842824459076,-0.0729125589132309,2
538,N_70,N_70_patch_0002,2,/content/PATIENT_RECONSTRUCTED_PREDICTIONS_FROM_PATCHES/patch_predictions_npz/0000538_N_70_N_70_patch_0002.npz,0.5618156790733337,0.41492047905921936,0.39060044288635254,0.21649448573589325,9
539,N_70,N_70_patch_0003,3,/content/PATIENT_RECONSTRUCTED_PREDICTIONS_FROM_PATCHES/patch_predictions_npz/0000539_N_70_N_70_patch_0003.npz,0.5777915716171265,0.3770988881587982,0.4615350663661957,-0.016269419342279434,6
540,N_70,N_70_patch_0004,4,/content/PATIENT_RECONSTRUCTED_PREDICTIONS_FROM_PATCHES/patch_predictions_npz/0000540_N_70_N_70_patch_0004.npz,0.5655714869499207,0.3908642828464508,0.48980724811553955,-0.2732401192188263,8
541,N_70,N_70_patch_0005,5,/content/PATIENT_RECONSTRUCTED_PREDICTIONS_FROM_PATCHES/patch_predictions_npz/0000541_N_70_N_70_patch_0005.npz,0.5957911610603333,0.41327616572380066,0.37886032462120056,-0.39924731850624084,8
542,N_70,N_70_patch_0006,6,/content/PATIENT_RECONSTRUCTED_PREDICTIONS_FROM_PATCHES/patch_predictions_npz/0000542_N_70_N_70_patch_0006.npz,0.6373323798179626,0.36221423745155334,0.46381282806396484,-0.31031522154808044,2
543,N_70,N_70_patch_0007,7,/content/PATIENT_RECONSTRUCTED_PREDICTIONS_FROM_PATCHES/patch_predictions_npz/0000543_N_70_N_70_patch_0007.npz,0.5917732119560242,0.3916696608066559,0.4531964957714081,-0.4105679988861084,2
544,N_71,N_71_patch_0000,0,/content/PATIENT_RECONSTRUCTED_PREDICTIONS_FROM_PATCHES/patch_predictions_npz/0000544_N_71_N_71_patch_0000.npz,0.4098731577396393,0.4766393005847931,0.43542179465293884,-0.22383344173431396,1
545,N_71,N_71_patch_0001,1,/content/PATIENT_RECONSTRUCTED_PREDICTIONS_FROM_PATCHES/patch_predictions_npz/0000545_N_71_N_71_patch_0001.npz,0.5094097852706909,0.4546986520290375,0.4199869632720947,-0.0734671950340271,1
546,N_71,N_71_patch_0002,2,/content/PATIENT_RECONSTRUCTED_PREDICTIONS_FROM_PATCHES/patch_predictions_npz/0000546_N_71_N_71_patch_0002.npz,0.5445418357849121,0.41976356506347656,0.3920690715312958,0.2014191895723343,11
547,N_71,N_71_patch_0003,3,/content/PATIENT_RECONSTRUCTED_PREDICTIONS_FROM_PATCHES/patch_predictions_npz/0000547_N_71_N_71_patch_0003.npz,0.5099648833274841,0.4116436541080475,0.4511454403400421,0.07991200685501099,8
548,N_71,N_71_patch_0004,4,/content/PATIENT_RECONSTRUCTED_PREDICTIONS_FROM_PATCHES/patch_predictions_npz/0000548_N_71_N_71_patch_0004.npz,0.5237135291099548,0.4030822813510895,0.4785027503967285,-0.15770331025123596,7
549,N_71,N_71_patch_0005,5,/content/PATIENT_RECONSTRUCTED_PREDICTIONS_FROM_PATCHES/patch_predictions_npz/0000549_N_71_N_71_patch_0005.npz,0.5852609276771545,0.4105874001979828,0.3802622854709625,-0.36143943667411804,9
550,N_71,N_71_patch_0006,6,/content/PATIENT_RECONSTRUCTED_PREDICTIONS_FROM_PATCHES/patch_predictions_npz/0000550_N_71_N_71_patch_0006.npz,0.6236106753349304,0.364031583070755,0.4571196138858795,-0.288657009601593,4
551,N_71,N_71_patch_0007,7,/content/PATIENT_RECONSTRUCTED_PREDICTIONS_FROM_PATCHES/patch_predictions_npz/0000551_N_71_N_71_patch_0007.npz,0.5694105625152588,0.3989204466342926,0.4504154622554779,-0.35872387886047363,2
552,N_8,N_8_patch_0000,0,/content/PATIENT_RECONSTRUCTED_PREDICTIONS_FROM_PATCHES/patch_predictions_npz/0000552_N_8_N_8_patch_0000.npz,0.40468084812164307,0.47086581587791443,0.43493473529815674,-0.12832173705101013,1
553,N_8,N_8_patch_0001,1,/content/PATIENT_RECONSTRUCTED_PREDICTIONS_FROM_PATCHES/patch_predictions_npz/0000553_N_8_N_8_patch_0001.npz,0.5174166560173035,0.44718512892723083,0.4138183295726776,-0.044850241392850876,1
554,N_8,N_8_patch_0002,2,/content/PATIENT_RECONSTRUCTED_PREDICTIONS_FROM_PATCHES/patch_predictions_npz/0000554_N_8_N_8_patch_0002.npz,0.5343126654624939,0.42097973823547363,0.39512133598327637,0.21293652057647705,8
555,N_8,N_8_patch_0003,3,/content/PATIENT_RECONSTRUCTED_PREDICTIONS_FROM_PATCHES/patch_predictions_npz/0000555_N_8_N_8_patch_0003.npz,0.5300087332725525,0.39356696605682373,0.4503367245197296,0.10132687538862228,6
556,N_8,N_8_patch_0004,4,/content/PATIENT_RECONSTRUCTED_PREDICTIONS_FROM_PATCHES/patch_predictions_npz/0000556_N_8_N_8_patch_0004.npz,0.5205793976783752,0.3991064131259918,0.47521641850471497,-0.07515066862106323,7
557,N_8,N_8_patch_0005,5,/content/PATIENT_RECONSTRUCTED_PREDICTIONS_FROM_PATCHES/patch_predictions_npz/0000557_N_8_N_8_patch_0005.npz,0.537431538105011,0.41830575466156006,0.4098559617996216,-0.19615715742111206,7
558,N_8,N_8_patch_0006,6,/content/PATIENT_RECONSTRUCTED_PREDICTIONS_FROM_PATCHES/patch_predictions_npz/0000558_N_8_N_8_patch_0006.npz,0.5801841616630554,0.3856376111507416,0.4460260570049286,-0.2034938782453537,3
559,N_8,N_8_patch_0007,7,/content/PATIENT_RECONSTRUCTED_PREDICTIONS_FROM_PATCHES/patch_predictions_npz/0000559_N_8_N_8_patch_0007.npz,0.5111560225486755,0.41078925132751465,0.449685662984848,-0.1289801299571991,2
560,N_9,N_9_patch_0000,0,/content/PATIENT_RECONSTRUCTED_PREDICTIONS_FROM_PATCHES/patch_predictions_npz/0000560_N_9_N_9_patch_0000.npz,0.4074796736240387,0.47331753373146057,0.4360060691833496,-0.16113567352294922,1
561,N_9,N_9_patch_0001,1,/content/PATIENT_RECONSTRUCTED_PREDICTIONS_FROM_PATCHES/patch_predictions_npz/0000561_N_9_N_9_patch_0001.npz,0.519133985042572,0.4476017951965332,0.4167649447917938,-0.056325364857912064,2
562,N_9,N_9_patch_0002,2,/content/PATIENT_RECONSTRUCTED_PREDICTIONS_FROM_PATCHES/patch_predictions_npz/0000562_N_9_N_9_patch_0002.npz,0.539027214050293,0.42125165462493896,0.39542391896247864,0.19489538669586182,10
563,N_9,N_9_patch_0003,3,/content/PATIENT_RECONSTRUCTED_PREDICTIONS_FROM_PATCHES/patch_predictions_npz/0000563_N_9_N_9_patch_0003.npz,0.5462318062782288,0.3837190568447113,0.4576491415500641,0.037518732249736786,6
564,N_9,N_9_patch_0004,4,/content/PATIENT_RECONSTRUCTED_PREDICTIONS_FROM_PATCHES/patch_predictions_npz/0000564_N_9_N_9_patch_0004.npz,0.5376346707344055,0.39159417152404785,0.4795473515987396,-0.17584268748760223,9
565,N_9,N_9_patch_0005,5,/content/PATIENT_RECONSTRUCTED_PREDICTIONS_FROM_PATCHES/patch_predictions_npz/0000565_N_9_N_9_patch_0005.npz,0.5886608958244324,0.4075368344783783,0.36980757117271423,-0.3689812421798706,9
566,N_9,N_9_patch_0006,6,/content/PATIENT_RECONSTRUCTED_PREDICTIONS_FROM_PATCHES/patch_predictions_npz/0000566_N_9_N_9_patch_0006.npz,0.632360577583313,0.35764238238334656,0.4609343707561493,-0.3042127788066864,2
567,N_9,N_9_patch_0007,7,/content/PATIENT_RECONSTRUCTED_PREDICTIONS_FROM_PATCHES/patch_predictions_npz/0000567_N_9_N_9_patch_0007.npz,0.578441858291626,0.39361581206321716,0.4502181112766266,-0.3556003272533417,1
568,S_100,S_100_patch_0000,0,/content/PATIENT_RECONSTRUCTED_PREDICTIONS_FROM_PATCHES/patch_predictions_npz/0000568_S_100_S_100_patch_0000.npz,0.41217026114463806,0.47619834542274475,0.4304504692554474,-0.28341740369796753,2
569,S_100,S_100_patch_0001,1,/content/PATIENT_RECONSTRUCTED_PREDICTIONS_FROM_PATCHES/patch_predictions_npz/0000569_S_100_S_100_patch_0001.npz,0.5294254422187805,0.44745969772338867,0.4085637629032135,-0.08689460903406143,1
570,S_100,S_100_patch_0002,2,/content/PATIENT_RECONSTRUCTED_PREDICTIONS_FROM_PATCHES/patch_predictions_npz/0000570_S_100_S_100_patch_0002.npz,0.5651043057441711,0.4189876616001129,0.38946017622947693,0.17894870042800903,10
571,S_100,S_100_patch_0003,3,/content/PATIENT_RECONSTRUCTED_PREDICTIONS_FROM_PATCHES/patch_predictions_npz/0000571_S_100_S_100_patch_0003.npz,0.5704677700996399,0.3818441927433014,0.4609803855419159,-0.00023419658828061074,9
572,S_100,S_100_patch_0004,4,/content/PATIENT_RECONSTRUCTED_PREDICTIONS_FROM_PATCHES/patch_predictions_npz/0000572_S_100_S_100_patch_0004.npz,0.5418033003807068,0.39304062724113464,0.4811730682849884,-0.20028240978717804,8
573,S_100,S_100_patch_0005,5,/content/PATIENT_RECONSTRUCTED_PREDICTIONS_FROM_PATCHES/patch_predictions_npz/0000573_S_100_S_100_patch_0005.npz,0.6065313220024109,0.4064370095729828,0.3652770519256592,-0.4297665059566498,8
574,S_100,S_100_patch_0006,6,/content/PATIENT_RECONSTRUCTED_PREDICTIONS_FROM_PATCHES/patch_predictions_npz/0000574_S_100_S_100_patch_0006.npz,0.6386638879776001,0.3553076684474945,0.4656495153903961,-0.3050185441970825,3
575,S_100,S_100_patch_0007,7,/content/PATIENT_RECONSTRUCTED_PREDICTIONS_FROM_PATCHES/patch_predictions_npz/0000575_S_100_S_100_patch_0007.npz,0.5919625163078308,0.390731543302536,0.45056602358818054,-0.4186137616634369,1
576,S_101,S_101_patch_0000,0,/content/PATIENT_RECONSTRUCTED_PREDICTIONS_FROM_PATCHES/patch_predictions_npz/0000576_S_101_S_101_patch_0000.npz,0.40963998436927795,0.4739484488964081,0.4326607882976532,-0.21194793283939362,1
577,S_101,S_101_patch_0001,1,/content/PATIENT_RECONSTRUCTED_PREDICTIONS_FROM_PATCHES/patch_predictions_npz/0000577_S_101_S_101_patch_0001.npz,0.5124157667160034,0.45717760920524597,0.42022761702537537,-0.051197875291109085,2
578,S_101,S_101_patch_0002,2,/content/PATIENT_RECONSTRUCTED_PREDICTIONS_FROM_PATCHES/patch_predictions_npz/0000578_S_101_S_101_patch_0002.npz,0.5684496164321899,0.4072647988796234,0.3836568295955658,0.22389334440231323,7
579,S_101,S_101_patch_0003,3,/content/PATIENT_RECONSTRUCTED_PREDICTIONS_FROM_PATCHES/patch_predictions_npz/0000579_S_101_S_101_patch_0003.npz,0.5699594616889954,0.37842392921447754,0.45986756682395935,0.024401923641562462,7
580,S_101,S_101_patch_0004,4,/content/PATIENT_RECONSTRUCTED_PREDICTIONS_FROM_PATCHES/patch_predictions_npz/0000580_S_101_S_101_patch_0004.npz,0.5399489998817444,0.38888657093048096,0.4817785322666168,-0.17599357664585114,8
581,S_101,S_101_patch_0005,5,/content/PATIENT_RECONSTRUCTED_PREDICTIONS_FROM_PATCHES/patch_predictions_npz/0000581_S_101_S_101_patch_0005.npz,0.583500325679779,0.40840867161750793,0.3711853325366974,-0.34812653064727783,8
582,S_101,S_101_patch_0006,6,/content/PATIENT_RECONSTRUCTED_PREDICTIONS_FROM_PATCHES/patch_predictions_npz/0000582_S_101_S_101_patch_0006.npz,0.600626528263092,0.37043941020965576,0.45801377296447754,-0.20554964244365692,4
583,S_101,S_101_patch_0007,7,/content/PATIENT_RECONSTRUCTED_PREDICTIONS_FROM_PATCHES/patch_predictions_npz/0000583_S_101_S_101_patch_0007.npz,0.5375638604164124,0.4010080099105835,0.4463771879673004,-0.20013070106506348,1
584,S_102,S_102_patch_0000,0,/content/PATIENT_RECONSTRUCTED_PREDICTIONS_FROM_PATCHES/patch_predictions_npz/0000584_S_102_S_102_patch_0000.npz,0.40591946244239807,0.4712184965610504,0.43408024311065674,-0.1619635969400406,1
585,S_102,S_102_patch_0001,1,/content/PATIENT_RECONSTRUCTED_PREDICTIONS_FROM_PATCHES/patch_predictions_npz/0000585_S_102_S_102_patch_0001.npz,0.5005825161933899,0.4518885612487793,0.42014840245246887,-0.018164105713367462,1
586,S_102,S_102_patch_0002,2,/content/PATIENT_RECONSTRUCTED_PREDICTIONS_FROM_PATCHES/patch_predictions_npz/0000586_S_102_S_102_patch_0002.npz,0.5331515669822693,0.421968013048172,0.3960456848144531,0.22477565705776215,11
587,S_102,S_102_patch_0003,3,/content/PATIENT_RECONSTRUCTED_PREDICTIONS_FROM_PATCHES/patch_predictions_npz/0000587_S_102_S_102_patch_0003.npz,0.5452727675437927,0.38639721274375916,0.4574073553085327,0.06397036463022232,6
588,S_102,S_102_patch_0004,4,/content/PATIENT_RECONSTRUCTED_PREDICTIONS_FROM_PATCHES/patch_predictions_npz/0000588_S_102_S_102_patch_0004.npz,0.5392601490020752,0.388319730758667,0.48018839955329895,-0.16722869873046875,9
589,S_102,S_102_patch_0005,5,/content/PATIENT_RECONSTRUCTED_PREDICTIONS_FROM_PATCHES/patch_predictions_npz/0000589_S_102_S_102_patch_0005.npz,0.5855743288993835,0.40356698632240295,0.37408098578453064,-0.3269221782684326,7
590,S_102,S_102_patch_0006,6,/content/PATIENT_RECONSTRUCTED_PREDICTIONS_FROM_PATCHES/patch_predictions_npz/0000590_S_102_S_102_patch_0006.npz,0.6215023994445801,0.3620354235172272,0.4505558907985687,-0.23281443119049072,4
591,S_102,S_102_patch_0007,7,/content/PATIENT_RECONSTRUCTED_PREDICTIONS_FROM_PATCHES/patch_predictions_npz/0000591_S_102_S_102_patch_0007.npz,0.5586686730384827,0.39417973160743713,0.4518531858921051,-0.2730441391468048,2
592,S_103,S_103_patch_0000,0,/content/PATIENT_RECONSTRUCTED_PREDICTIONS_FROM_PATCHES/patch_predictions_npz/0000592_S_103_S_103_patch_0000.npz,0.4037367105484009,0.4712369740009308,0.433385968208313,-0.18056876957416534,1
593,S_103,S_103_patch_0001,1,/content/PATIENT_RECONSTRUCTED_PREDICTIONS_FROM_PATCHES/patch_predictions_npz/0000593_S_103_S_103_patch_0001.npz,0.5018272995948792,0.45557406544685364,0.4222867786884308,-0.038076624274253845,2
594,S_103,S_103_patch_0002,2,/content/PATIENT_RECONSTRUCTED_PREDICTIONS_FROM_PATCHES/patch_predictions_npz/0000594_S_103_S_103_patch_0002.npz,0.5294316411018372,0.4207014739513397,0.39760032296180725,0.21567900478839874,12
595,S_103,S_103_patch_0003,3,/content/PATIENT_RECONSTRUCTED_PREDICTIONS_FROM_PATCHES/patch_predictions_npz/0000595_S_103_S_103_patch_0003.npz,0.5487670302391052,0.38408270478248596,0.45617738366127014,0.05011054873466492,7
596,S_103,S_103_patch_0004,4,/content/PATIENT_RECONSTRUCTED_PREDICTIONS_FROM_PATCHES/patch_predictions_npz/0000596_S_103_S_103_patch_0004.npz,0.5396328568458557,0.39224815368652344,0.4826537072658539,-0.16595163941383362,10
597,S_103,S_103_patch_0005,5,/content/PATIENT_RECONSTRUCTED_PREDICTIONS_FROM_PATCHES/patch_predictions_npz/0000597_S_103_S_103_patch_0005.npz,0.5650225877761841,0.41210004687309265,0.3933969736099243,-0.2906964123249054,8
598,S_103,S_103_patch_0006,6,/content/PATIENT_RECONSTRUCTED_PREDICTIONS_FROM_PATCHES/patch_predictions_npz/0000598_S_103_S_103_patch_0006.npz,0.6028017401695251,0.36926260590553284,0.45408427715301514,-0.2156715989112854,4
599,S_103,S_103_patch_0007,7,/content/PATIENT_RECONSTRUCTED_PREDICTIONS_FROM_PATCHES/patch_predictions_npz/0000599_S_103_S_103_patch_0007.npz,0.5487698912620544,0.4007112979888916,0.4436117112636566,-0.24379844963550568,2
600,S_104,S_104_patch_0000,0,/content/PATIENT_RECONSTRUCTED_PREDICTIONS_FROM_PATCHES/patch_predictions_npz/0000600_S_104_S_104_patch_0000.npz,0.4068107604980469,0.4714290201663971,0.4323641061782837,-0.20447546243667603,1
601,S_104,S_104_patch_0001,1,/content/PATIENT_RECONSTRUCTED_PREDICTIONS_FROM_PATCHES/patch_predictions_npz/0000601_S_104_S_104_patch_0001.npz,0.5265546441078186,0.4419521391391754,0.41013240814208984,-0.061125487089157104,2
602,S_104,S_104_patch_0002,2,/content/PATIENT_RECONSTRUCTED_PREDICTIONS_FROM_PATCHES/patch_predictions_npz/0000602_S_104_S_104_patch_0002.npz,0.5558302998542786,0.41371646523475647,0.3890467882156372,0.23252351582050323,9
603,S_104,S_104_patch_0003,3,/content/PATIENT_RECONSTRUCTED_PREDICTIONS_FROM_PATCHES/patch_predictions_npz/0000603_S_104_S_104_patch_0003.npz,0.5828710198402405,0.36139345169067383,0.4610379636287689,-0.014127098023891449,7
604,S_104,S_104_patch_0004,4,/content/PATIENT_RECONSTRUCTED_PREDICTIONS_FROM_PATCHES/patch_predictions_npz/0000604_S_104_S_104_patch_0004.npz,0.5727518200874329,0.37228599190711975,0.48755213618278503,-0.2736537754535675,9
605,S_104,S_104_patch_0005,5,/content/PATIENT_RECONSTRUCTED_PREDICTIONS_FROM_PATCHES/patch_predictions_npz/0000605_S_104_S_104_patch_0005.npz,0.6337125301361084,0.39175543189048767,0.35095667839050293,-0.4701634347438812,8
606,S_104,S_104_patch_0006,6,/content/PATIENT_RECONSTRUCTED_PREDICTIONS_FROM_PATCHES/patch_predictions_npz/0000606_S_104_S_104_patch_0006.npz,0.6572483777999878,0.3447519838809967,0.4656551778316498,-0.3124539852142334,3
607,S_104,S_104_patch_0007,7,/content/PATIENT_RECONSTRUCTED_PREDICTIONS_FROM_PATCHES/patch_predictions_npz/0000607_S_104_S_104_patch_0007.npz,0.5684066414833069,0.3922204077243805,0.44959744811058044,-0.29912087321281433,2
608,S_105,S_105_patch_0000,0,/content/PATIENT_RECONSTRUCTED_PREDICTIONS_FROM_PATCHES/patch_predictions_npz/0000608_S_105_S_105_patch_0000.npz,0.4107191264629364,0.4730350077152252,0.4331452548503876,-0.20155739784240723,2
609,S_105,S_105_patch_0001,1,/content/PATIENT_RECONSTRUCTED_PREDICTIONS_FROM_PATCHES/patch_predictions_npz/0000609_S_105_S_105_patch_0001.npz,0.5364355444908142,0.4446679651737213,0.4119608700275421,-0.10617759823799133,7
610,S_105,S_105_patch_0002,2,/content/PATIENT_RECONSTRUCTED_PREDICTIONS_FROM_PATCHES/patch_predictions_npz/0000610_S_105_S_105_patch_0002.npz,0.5727842450141907,0.4149749279022217,0.3874906599521637,0.20549888908863068,11
611,S_105,S_105_patch_0003,3,/content/PATIENT_RECONSTRUCTED_PREDICTIONS_FROM_PATCHES/patch_predictions_npz/0000611_S_105_S_105_patch_0003.npz,0.5687727332115173,0.38231348991394043,0.45356273651123047,0.04814387857913971,7
612,S_105,S_105_patch_0004,4,/content/PATIENT_RECONSTRUCTED_PREDICTIONS_FROM_PATCHES/patch_predictions_npz/0000612_S_105_S_105_patch_0004.npz,0.5420367121696472,0.39404499530792236,0.4813903570175171,-0.13226066529750824,8
613,S_105,S_105_patch_0005,5,/content/PATIENT_RECONSTRUCTED_PREDICTIONS_FROM_PATCHES/patch_predictions_npz/0000613_S_105_S_105_patch_0005.npz,0.5548452138900757,0.4157090187072754,0.40106236934661865,-0.22434671223163605,8
614,S_105,S_105_patch_0006,6,/content/PATIENT_RECONSTRUCTED_PREDICTIONS_FROM_PATCHES/patch_predictions_npz/0000614_S_105_S_105_patch_0006.npz,0.5948087573051453,0.3762665092945099,0.45321357250213623,-0.18311136960983276,6
615,S_105,S_105_patch_0007,7,/content/PATIENT_RECONSTRUCTED_PREDICTIONS_FROM_PATCHES/patch_predictions_npz/0000615_S_105_S_105_patch_0007.npz,0.540378749370575,0.3995988667011261,0.4529501497745514,-0.2039063721895218,2
616,S_106,S_106_patch_0000,0,/content/PATIENT_RECONSTRUCTED_PREDICTIONS_FROM_PATCHES/patch_predictions_npz/0000616_S_106_S_106_patch_0000.npz,0.3962680995464325,0.4644501507282257,0.43698248267173767,0.027403080835938454,1
617,S_106,S_106_patch_0001,1,/content/PATIENT_RECONSTRUCTED_PREDICTIONS_FROM_PATCHES/patch_predictions_npz/0000617_S_106_S_106_patch_0001.npz,0.47435906529426575,0.46137532591819763,0.42701634764671326,0.026533907279372215,2
618,S_106,S_106_patch_0002,2,/content/PATIENT_RECONSTRUCTED_PREDICTIONS_FROM_PATCHES/patch_predictions_npz/0000618_S_106_S_106_patch_0002.npz,0.4984143078327179,0.435922235250473,0.4084424674510956,0.19623172283172607,11
619,S_106,S_106_patch_0003,3,/content/PATIENT_RECONSTRUCTED_PREDICTIONS_FROM_PATCHES/patch_predictions_npz/0000619_S_106_S_106_patch_0003.npz,0.5122913122177124,0.40235498547554016,0.4523090422153473,0.09272027760744095,8
620,S_106,S_106_patch_0004,4,/content/PATIENT_RECONSTRUCTED_PREDICTIONS_FROM_PATCHES/patch_predictions_npz/0000620_S_106_S_106_patch_0004.npz,0.49200761318206787,0.41097068786621094,0.46755313873291016,-0.03465143218636513,10
621,S_106,S_106_patch_0005,5,/content/PATIENT_RECONSTRUCTED_PREDICTIONS_FROM_PATCHES/patch_predictions_npz/0000621_S_106_S_106_patch_0005.npz,0.5207543969154358,0.42376813292503357,0.40234601497650146,-0.14033061265945435,8
622,S_106,S_106_patch_0006,6,/content/PATIENT_RECONSTRUCTED_PREDICTIONS_FROM_PATCHES/patch_predictions_npz/0000622_S_106_S_106_patch_0006.npz,0.5815414786338806,0.3788791000843048,0.46133705973625183,-0.15817497670650482,3
623,S_106,S_106_patch_0007,7,/content/PATIENT_RECONSTRUCTED_PREDICTIONS_FROM_PATCHES/patch_predictions_npz/0000623_S_106_S_106_patch_0007.npz,0.5296342372894287,0.40615618228912354,0.44943562150001526,-0.17797692120075226,2
624,S_108,S_108_patch_0000,0,/content/PATIENT_RECONSTRUCTED_PREDICTIONS_FROM_PATCHES/patch_predictions_npz/0000624_S_108_S_108_patch_0000.npz,0.409649521112442,0.4740471839904785,0.4339431822299957,-0.17386074364185333,3
625,S_108,S_108_patch_0001,1,/content/PATIENT_RECONSTRUCTED_PREDICTIONS_FROM_PATCHES/patch_predictions_npz/0000625_S_108_S_108_patch_0001.npz,0.5093544125556946,0.4543541371822357,0.41636717319488525,-0.03860362991690636,2
626,S_108,S_108_patch_0002,2,/content/PATIENT_RECONSTRUCTED_PREDICTIONS_FROM_PATCHES/patch_predictions_npz/0000626_S_108_S_108_patch_0002.npz,0.5286039113998413,0.4245545566082001,0.39935722947120667,0.20521986484527588,14
627,S_108,S_108_patch_0003,3,/content/PATIENT_RECONSTRUCTED_PREDICTIONS_FROM_PATCHES/patch_predictions_npz/0000627_S_108_S_108_patch_0003.npz,0.5402041077613831,0.40707340836524963,0.4496099054813385,0.09637859463691711,8
628,S_108,S_108_patch_0004,4,/content/PATIENT_RECONSTRUCTED_PREDICTIONS_FROM_PATCHES/patch_predictions_npz/0000628_S_108_S_108_patch_0004.npz,0.5531981587409973,0.3924827575683594,0.4840047359466553,-0.15124180912971497,12
629,S_108,S_108_patch_0005,5,/content/PATIENT_RECONSTRUCTED_PREDICTIONS_FROM_PATCHES/patch_predictions_npz/0000629_S_108_S_108_patch_0005.npz,0.584280252456665,0.4124215543270111,0.38764429092407227,-0.36930665373802185,8
630,S_108,S_108_patch_0006,6,/content/PATIENT_RECONSTRUCTED_PREDICTIONS_FROM_PATCHES/patch_predictions_npz/0000630_S_108_S_108_patch_0006.npz,0.6336739659309387,0.3585330545902252,0.454137921333313,-0.31566205620765686,3
631,S_108,S_108_patch_0007,7,/content/PATIENT_RECONSTRUCTED_PREDICTIONS_FROM_PATCHES/patch_predictions_npz/0000631_S_108_S_108_patch_0007.npz,0.5732050538063049,0.39227262139320374,0.44849327206611633,-0.31508591771125793,2
632,S_109,S_109_patch_0000,0,/content/PATIENT_RECONSTRUCTED_PREDICTIONS_FROM_PATCHES/patch_predictions_npz/0000632_S_109_S_109_patch_0000.npz,0.4019835293292999,0.4702630937099457,0.4340735375881195,-0.08686739206314087,1
633,S_109,S_109_patch_0001,1,/content/PATIENT_RECONSTRUCTED_PREDICTIONS_FROM_PATCHES/patch_predictions_npz/0000633_S_109_S_109_patch_0001.npz,0.49505457282066345,0.4595372676849365,0.4233259856700897,-0.025531291961669922,1
634,S_109,S_109_patch_0002,2,/content/PATIENT_RECONSTRUCTED_PREDICTIONS_FROM_PATCHES/patch_predictions_npz/0000634_S_109_S_109_patch_0002.npz,0.5325101017951965,0.4216565191745758,0.3973395824432373,0.21384213864803314,10
635,S_109,S_109_patch_0003,3,/content/PATIENT_RECONSTRUCTED_PREDICTIONS_FROM_PATCHES/patch_predictions_npz/0000635_S_109_S_109_patch_0003.npz,0.5337704420089722,0.39460134506225586,0.4544648230075836,0.06829244643449783,6
636,S_109,S_109_patch_0004,4,/content/PATIENT_RECONSTRUCTED_PREDICTIONS_FROM_PATCHES/patch_predictions_npz/0000636_S_109_S_109_patch_0004.npz,0.5267981886863708,0.3985697329044342,0.47965583205223083,-0.16100698709487915,9
637,S_109,S_109_patch_0005,5,/content/PATIENT_RECONSTRUCTED_PREDICTIONS_FROM_PATCHES/patch_predictions_npz/0000637_S_109_S_109_patch_0005.npz,0.55992591381073,0.41815102100372314,0.3852140009403229,-0.29157784581184387,8
638,S_109,S_109_patch_0006,6,/content/PATIENT_RECONSTRUCTED_PREDICTIONS_FROM_PATCHES/patch_predictions_npz/0000638_S_109_S_109_patch_0006.npz,0.5932577848434448,0.37521472573280334,0.46181371808052063,-0.2079651802778244,3
639,S_109,S_109_patch_0007,7,/content/PATIENT_RECONSTRUCTED_PREDICTIONS_FROM_PATCHES/patch_predictions_npz/0000639_S_109_S_109_patch_0007.npz,0.5438385009765625,0.40154752135276794,0.4435611665248871,-0.23350946605205536,2
640,S_110,S_110_patch_0000,0,/content/PATIENT_RECONSTRUCTED_PREDICTIONS_FROM_PATCHES/patch_predictions_npz/0000640_S_110_S_110_patch_0000.npz,0.40728792548179626,0.4738466739654541,0.4328400790691376,-0.17713354527950287,1
641,S_110,S_110_patch_0001,1,/content/PATIENT_RECONSTRUCTED_PREDICTIONS_FROM_PATCHES/patch_predictions_npz/0000641_S_110_S_110_patch_0001.npz,0.5020415782928467,0.4561344087123871,0.41997456550598145,-0.025205781683325768,1
642,S_110,S_110_patch_0002,2,/content/PATIENT_RECONSTRUCTED_PREDICTIONS_FROM_PATCHES/patch_predictions_npz/0000642_S_110_S_110_patch_0002.npz,0.5353630781173706,0.43052342534065247,0.40148958563804626,0.21544809639453888,8
643,S_110,S_110_patch_0003,3,/content/PATIENT_RECONSTRUCTED_PREDICTIONS_FROM_PATCHES/patch_predictions_npz/0000643_S_110_S_110_patch_0003.npz,0.55485600233078,0.38729986548423767,0.4591789245605469,0.05783790722489357,6
644,S_110,S_110_patch_0004,4,/content/PATIENT_RECONSTRUCTED_PREDICTIONS_FROM_PATCHES/patch_predictions_npz/0000644_S_110_S_110_patch_0004.npz,0.5356727242469788,0.40162721276283264,0.48032665252685547,-0.14453239738941193,10
645,S_110,S_110_patch_0005,5,/content/PATIENT_RECONSTRUCTED_PREDICTIONS_FROM_PATCHES/patch_predictions_npz/0000645_S_110_S_110_patch_0005.npz,0.5597941875457764,0.42164596915245056,0.4098701477050781,-0.229650616645813,8
646,S_110,S_110_patch_0006,6,/content/PATIENT_RECONSTRUCTED_PREDICTIONS_FROM_PATCHES/patch_predictions_npz/0000646_S_110_S_110_patch_0006.npz,0.621512234210968,0.3670169413089752,0.4583854675292969,-0.24788320064544678,4
647,S_110,S_110_patch_0007,7,/content/PATIENT_RECONSTRUCTED_PREDICTIONS_FROM_PATCHES/patch_predictions_npz/0000647_S_110_S_110_patch_0007.npz,0.5657640695571899,0.3950780928134918,0.44958195090293884,-0.3184843957424164,2
648,S_111,S_111_patch_0000,0,/content/PATIENT_RECONSTRUCTED_PREDICTIONS_FROM_PATCHES/patch_predictions_npz/0000648_S_111_S_111_patch_0000.npz,0.39726313948631287,0.4650973379611969,0.43460309505462646,-0.01031030248850584,1
649,S_111,S_111_patch_0001,1,/content/PATIENT_RECONSTRUCTED_PREDICTIONS_FROM_PATCHES/patch_predictions_npz/0000649_S_111_S_111_patch_0001.npz,0.4831766188144684,0.4521481990814209,0.4185728132724762,0.038223255425691605,1
650,S_111,S_111_patch_0002,2,/content/PATIENT_RECONSTRUCTED_PREDICTIONS_FROM_PATCHES/patch_predictions_npz/0000650_S_111_S_111_patch_0002.npz,0.5003413558006287,0.4339940845966339,0.4047502279281616,0.2102540284395218,11
651,S_111,S_111_patch_0003,3,/content/PATIENT_RECONSTRUCTED_PREDICTIONS_FROM_PATCHES/patch_predictions_npz/0000651_S_111_S_111_patch_0003.npz,0.510273277759552,0.40514668822288513,0.44721928238868713,0.12031719833612442,8
652,S_111,S_111_patch_0004,4,/content/PATIENT_RECONSTRUCTED_PREDICTIONS_FROM_PATCHES/patch_predictions_npz/0000652_S_111_S_111_patch_0004.npz,0.5035189390182495,0.40573784708976746,0.4704936444759369,-0.049246978014707565,9
653,S_111,S_111_patch_0005,5,/content/PATIENT_RECONSTRUCTED_PREDICTIONS_FROM_PATCHES/patch_predictions_npz/0000653_S_111_S_111_patch_0005.npz,0.5260654091835022,0.42398297786712646,0.4029676020145416,-0.16152691841125488,9
654,S_111,S_111_patch_0006,6,/content/PATIENT_RECONSTRUCTED_PREDICTIONS_FROM_PATCHES/patch_predictions_npz/0000654_S_111_S_111_patch_0006.npz,0.5506286025047302,0.3959050178527832,0.44843360781669617,-0.1026357039809227,3
655,S_111,S_111_patch_0007,7,/content/PATIENT_RECONSTRUCTED_PREDICTIONS_FROM_PATCHES/patch_predictions_npz/0000655_S_111_S_111_patch_0007.npz,0.5025911927223206,0.4181298315525055,0.4517959654331207,-0.08422243595123291,2
656,S_113,S_113_patch_0000,0,/content/PATIENT_RECONSTRUCTED_PREDICTIONS_FROM_PATCHES/patch_predictions_npz/0000656_S_113_S_113_patch_0000.npz,0.4042631685733795,0.47189798951148987,0.4330122768878937,-0.130776509642601,2
657,S_113,S_113_patch_0001,1,/content/PATIENT_RECONSTRUCTED_PREDICTIONS_FROM_PATCHES/patch_predictions_npz/0000657_S_113_S_113_patch_0001.npz,0.4806956946849823,0.45519009232521057,0.4242488145828247,0.035569097846746445,2
658,S_113,S_113_patch_0002,2,/content/PATIENT_RECONSTRUCTED_PREDICTIONS_FROM_PATCHES/patch_predictions_npz/0000658_S_113_S_113_patch_0002.npz,0.5152894854545593,0.4233204424381256,0.40064358711242676,0.2506271302700043,8
659,S_113,S_113_patch_0003,3,/content/PATIENT_RECONSTRUCTED_PREDICTIONS_FROM_PATCHES/patch_predictions_npz/0000659_S_113_S_113_patch_0003.npz,0.5246465802192688,0.3927447497844696,0.45493796467781067,0.09230778366327286,6
660,S_113,S_113_patch_0004,4,/content/PATIENT_RECONSTRUCTED_PREDICTIONS_FROM_PATCHES/patch_predictions_npz/0000660_S_113_S_113_patch_0004.npz,0.5233056545257568,0.39589643478393555,0.47728392481803894,-0.11545092612504959,9
661,S_113,S_113_patch_0005,5,/content/PATIENT_RECONSTRUCTED_PREDICTIONS_FROM_PATCHES/patch_predictions_npz/0000661_S_113_S_113_patch_0005.npz,0.5882947444915771,0.40743526816368103,0.3724023401737213,-0.33982905745506287,8
662,S_113,S_113_patch_0006,6,/content/PATIENT_RECONSTRUCTED_PREDICTIONS_FROM_PATCHES/patch_predictions_npz/0000662_S_113_S_113_patch_0006.npz,0.621570885181427,0.3595850169658661,0.45636120438575745,-0.22569595277309418,4
663,S_113,S_113_patch_0007,7,/content/PATIENT_RECONSTRUCTED_PREDICTIONS_FROM_PATCHES/patch_predictions_npz/0000663_S_113_S_113_patch_0007.npz,0.5375760197639465,0.40192270278930664,0.4492286741733551,-0.2163821905851364,2
664,S_114,S_114_patch_0000,0,/content/PATIENT_RECONSTRUCTED_PREDICTIONS_FROM_PATCHES/patch_predictions_npz/0000664_S_114_S_114_patch_0000.npz,0.41093215346336365,0.47660064697265625,0.43464502692222595,-0.21975624561309814,1
665,S_114,S_114_patch_0001,1,/content/PATIENT_RECONSTRUCTED_PREDICTIONS_FROM_PATCHES/patch_predictions_npz/0000665_S_114_S_114_patch_0001.npz,0.5097483992576599,0.46116915345191956,0.42394086718559265,-0.06372213363647461,2
666,S_114,S_114_patch_0002,2,/content/PATIENT_RECONSTRUCTED_PREDICTIONS_FROM_PATCHES/patch_predictions_npz/0000666_S_114_S_114_patch_0002.npz,0.5604845881462097,0.40853235125541687,0.3890893757343292,0.22983376681804657,12
667,S_114,S_114_patch_0003,3,/content/PATIENT_RECONSTRUCTED_PREDICTIONS_FROM_PATCHES/patch_predictions_npz/0000667_S_114_S_114_patch_0003.npz,0.5764089226722717,0.3767034113407135,0.460886150598526,0.010396250523626804,6
668,S_114,S_114_patch_0004,4,/content/PATIENT_RECONSTRUCTED_PREDICTIONS_FROM_PATCHES/patch_predictions_npz/0000668_S_114_S_114_patch_0004.npz,0.5387378334999084,0.39269956946372986,0.4827890396118164,-0.17355287075042725,9
669,S_114,S_114_patch_0005,5,/content/PATIENT_RECONSTRUCTED_PREDICTIONS_FROM_PATCHES/patch_predictions_npz/0000669_S_114_S_114_patch_0005.npz,0.5788094997406006,0.40996599197387695,0.3810027539730072,-0.31987956166267395,8
670,S_114,S_114_patch_0006,6,/content/PATIENT_RECONSTRUCTED_PREDICTIONS_FROM_PATCHES/patch_predictions_npz/0000670_S_114_S_114_patch_0006.npz,0.6152783632278442,0.36514386534690857,0.4645192325115204,-0.2344255894422531,3
671,S_114,S_114_patch_0007,7,/content/PATIENT_RECONSTRUCTED_PREDICTIONS_FROM_PATCHES/patch_predictions_npz/0000671_S_114_S_114_patch_0007.npz,0.5542520880699158,0.39641761779785156,0.44495025277137756,-0.25232386589050293,2
672,S_115,S_115_patch_0000,0,/content/PATIENT_RECONSTRUCTED_PREDICTIONS_FROM_PATCHES/patch_predictions_npz/0000672_S_115_S_115_patch_0000.npz,0.3990682363510132,0.4658457934856415,0.43536147475242615,-0.023478969931602478,1
673,S_115,S_115_patch_0001,1,/content/PATIENT_RECONSTRUCTED_PREDICTIONS_FROM_PATCHES/patch_predictions_npz/0000673_S_115_S_115_patch_0001.npz,0.48077765107154846,0.45675382018089294,0.42497992515563965,0.022287899628281593,2
674,S_115,S_115_patch_0002,2,/content/PATIENT_RECONSTRUCTED_PREDICTIONS_FROM_PATCHES/patch_predictions_npz/0000674_S_115_S_115_patch_0002.npz,0.5142951011657715,0.4261711537837982,0.40227434039115906,0.221989706158638,11
675,S_115,S_115_patch_0003,3,/content/PATIENT_RECONSTRUCTED_PREDICTIONS_FROM_PATCHES/patch_predictions_npz/0000675_S_115_S_115_patch_0003.npz,0.5143811106681824,0.4007831811904907,0.4531577527523041,0.10479407757520676,6
676,S_115,S_115_patch_0004,4,/content/PATIENT_RECONSTRUCTED_PREDICTIONS_FROM_PATCHES/patch_predictions_npz/0000676_S_115_S_115_patch_0004.npz,0.49874329566955566,0.4104379713535309,0.47169747948646545,-0.04734046757221222,10
677,S_115,S_115_patch_0005,5,/content/PATIENT_RECONSTRUCTED_PREDICTIONS_FROM_PATCHES/patch_predictions_npz/0000677_S_115_S_115_patch_0005.npz,0.5166293978691101,0.42653611302375793,0.4086836874485016,-0.13061663508415222,8
678,S_115,S_115_patch_0006,6,/content/PATIENT_RECONSTRUCTED_PREDICTIONS_FROM_PATCHES/patch_predictions_npz/0000678_S_115_S_115_patch_0006.npz,0.5463500618934631,0.394627183675766,0.45367491245269775,-0.08739316463470459,5
679,S_115,S_115_patch_0007,7,/content/PATIENT_RECONSTRUCTED_PREDICTIONS_FROM_PATCHES/patch_predictions_npz/0000679_S_115_S_115_patch_0007.npz,0.5008934736251831,0.4151761531829834,0.44638606905937195,-0.09784445911645889,2
680,S_118,S_118_patch_0000,0,/content/PATIENT_RECONSTRUCTED_PREDICTIONS_FROM_PATCHES/patch_predictions_npz/0000680_S_118_S_118_patch_0000.npz,0.40837135910987854,0.473296195268631,0.4356001615524292,-0.14939002692699432,2
681,S_118,S_118_patch_0001,1,/content/PATIENT_RECONSTRUCTED_PREDICTIONS_FROM_PATCHES/patch_predictions_npz/0000681_S_118_S_118_patch_0001.npz,0.516765832901001,0.44947102665901184,0.4140976667404175,-0.0426936149597168,2
682,S_118,S_118_patch_0002,2,/content/PATIENT_RECONSTRUCTED_PREDICTIONS_FROM_PATCHES/patch_predictions_npz/0000682_S_118_S_118_patch_0002.npz,0.5464155673980713,0.41835665702819824,0.39411577582359314,0.21703319251537323,9
683,S_118,S_118_patch_0003,3,/content/PATIENT_RECONSTRUCTED_PREDICTIONS_FROM_PATCHES/patch_predictions_npz/0000683_S_118_S_118_patch_0003.npz,0.5656861662864685,0.38079580664634705,0.46150025725364685,-0.0005313406581990421,8
684,S_118,S_118_patch_0004,4,/content/PATIENT_RECONSTRUCTED_PREDICTIONS_FROM_PATCHES/patch_predictions_npz/0000684_S_118_S_118_patch_0004.npz,0.5275279879570007,0.39949092268943787,0.4789400100708008,-0.13232603669166565,9
685,S_118,S_118_patch_0005,5,/content/PATIENT_RECONSTRUCTED_PREDICTIONS_FROM_PATCHES/patch_predictions_npz/0000685_S_118_S_118_patch_0005.npz,0.5586338639259338,0.4151681363582611,0.3899634778499603,-0.2576502859592438,8
686,S_118,S_118_patch_0006,6,/content/PATIENT_RECONSTRUCTED_PREDICTIONS_FROM_PATCHES/patch_predictions_npz/0000686_S_118_S_118_patch_0006.npz,0.6061776280403137,0.375603586435318,0.4570263922214508,-0.225679412484169,6
687,S_118,S_118_patch_0007,7,/content/PATIENT_RECONSTRUCTED_PREDICTIONS_FROM_PATCHES/patch_predictions_npz/0000687_S_118_S_118_patch_0007.npz,0.5358610153198242,0.40142226219177246,0.45274457335472107,-0.18782956898212433,2
688,S_119,S_119_patch_0000,0,/content/PATIENT_RECONSTRUCTED_PREDICTIONS_FROM_PATCHES/patch_predictions_npz/0000688_S_119_S_119_patch_0000.npz,0.408895343542099,0.4746122360229492,0.4351135194301605,-0.1564730554819107,1
689,S_119,S_119_patch_0001,1,/content/PATIENT_RECONSTRUCTED_PREDICTIONS_FROM_PATCHES/patch_predictions_npz/0000689_S_119_S_119_patch_0001.npz,0.4929712116718292,0.4532860815525055,0.4205667972564697,0.008757393807172775,2
690,S_119,S_119_patch_0002,2,/content/PATIENT_RECONSTRUCTED_PREDICTIONS_FROM_PATCHES/patch_predictions_npz/0000690_S_119_S_119_patch_0002.npz,0.5372106432914734,0.4190232753753662,0.3956781327724457,0.22063536942005157,11
691,S_119,S_119_patch_0003,3,/content/PATIENT_RECONSTRUCTED_PREDICTIONS_FROM_PATCHES/patch_predictions_npz/0000691_S_119_S_119_patch_0003.npz,0.5431856513023376,0.3907082974910736,0.4563019573688507,0.05414416268467903,6
692,S_119,S_119_patch_0004,4,/content/PATIENT_RECONSTRUCTED_PREDICTIONS_FROM_PATCHES/patch_predictions_npz/0000692_S_119_S_119_patch_0004.npz,0.5297208428382874,0.39670422673225403,0.479524701833725,-0.14528371393680573,9
693,S_119,S_119_patch_0005,5,/content/PATIENT_RECONSTRUCTED_PREDICTIONS_FROM_PATCHES/patch_predictions_npz/0000693_S_119_S_119_patch_0005.npz,0.5706608295440674,0.4109627306461334,0.3900543749332428,-0.3047478199005127,8
694,S_119,S_119_patch_0006,6,/content/PATIENT_RECONSTRUCTED_PREDICTIONS_FROM_PATCHES/patch_predictions_npz/0000694_S_119_S_119_patch_0006.npz,0.6052232384681702,0.36994898319244385,0.45827925205230713,-0.2220853716135025,3
695,S_119,S_119_patch_0007,7,/content/PATIENT_RECONSTRUCTED_PREDICTIONS_FROM_PATCHES/patch_predictions_npz/0000695_S_119_S_119_patch_0007.npz,0.529727041721344,0.40570175647735596,0.4452294111251831,-0.1900659054517746,2
696,S_120,S_120_patch_0000,0,/content/PATIENT_RECONSTRUCTED_PREDICTIONS_FROM_PATCHES/patch_predictions_npz/0000696_S_120_S_120_patch_0000.npz,0.40420588850975037,0.4707983434200287,0.434766560792923,-0.12379395961761475,1
697,S_120,S_120_patch_0001,1,/content/PATIENT_RECONSTRUCTED_PREDICTIONS_FROM_PATCHES/patch_predictions_npz/0000697_S_120_S_120_patch_0001.npz,0.5100412964820862,0.4568141996860504,0.41975870728492737,-0.055684760212898254,1
698,S_120,S_120_patch_0002,2,/content/PATIENT_RECONSTRUCTED_PREDICTIONS_FROM_PATCHES/patch_predictions_npz/0000698_S_120_S_120_patch_0002.npz,0.5354222059249878,0.4255562722682953,0.3979291617870331,0.18377099931240082,11
699,S_120,S_120_patch_0003,3,/content/PATIENT_RECONSTRUCTED_PREDICTIONS_FROM_PATCHES/patch_predictions_npz/0000699_S_120_S_120_patch_0003.npz,0.5516195893287659,0.3967547118663788,0.45577874779701233,0.05786878988146782,7
700,S_120,S_120_patch_0004,4,/content/PATIENT_RECONSTRUCTED_PREDICTIONS_FROM_PATCHES/patch_predictions_npz/0000700_S_120_S_120_patch_0004.npz,0.5534346699714661,0.39548131823539734,0.48693445324897766,-0.23244142532348633,10
701,S_120,S_120_patch_0005,5,/content/PATIENT_RECONSTRUCTED_PREDICTIONS_FROM_PATCHES/patch_predictions_npz/0000701_S_120_S_120_patch_0005.npz,0.5803319811820984,0.4146549701690674,0.3831948935985565,-0.3616793155670166,8
702,S_120,S_120_patch_0006,6,/content/PATIENT_RECONSTRUCTED_PREDICTIONS_FROM_PATCHES/patch_predictions_npz/0000702_S_120_S_120_patch_0006.npz,0.6129767298698425,0.3694462776184082,0.4583495855331421,-0.2642847001552582,3
703,S_120,S_120_patch_0007,7,/content/PATIENT_RECONSTRUCTED_PREDICTIONS_FROM_PATCHES/patch_predictions_npz/0000703_S_120_S_120_patch_0007.npz,0.5652068257331848,0.39704275131225586,0.44546929001808167,-0.31153690814971924,2
704,S_121,S_121_patch_0000,0,/content/PATIENT_RECONSTRUCTED_PREDICTIONS_FROM_PATCHES/patch_predictions_npz/0000704_S_121_S_121_patch_0000.npz,0.4044065773487091,0.47071680426597595,0.43335819244384766,-0.10583297163248062,3
705,S_121,S_121_patch_0001,1,/content/PATIENT_RECONSTRUCTED_PREDICTIONS_FROM_PATCHES/patch_predictions_npz/0000705_S_121_S_121_patch_0001.npz,0.49412670731544495,0.45680978894233704,0.4175626337528229,-0.0035954799968749285,2
706,S_121,S_121_patch_0002,2,/content/PATIENT_RECONSTRUCTED_PREDICTIONS_FROM_PATCHES/patch_predictions_npz/0000706_S_121_S_121_patch_0002.npz,0.5267554521560669,0.4258310794830322,0.3981640636920929,0.2145354151725769,11
707,S_121,S_121_patch_0003,3,/content/PATIENT_RECONSTRUCTED_PREDICTIONS_FROM_PATCHES/patch_predictions_npz/0000707_S_121_S_121_patch_0003.npz,0.5472292900085449,0.38866063952445984,0.45557665824890137,0.05222916603088379,8
708,S_121,S_121_patch_0004,4,/content/PATIENT_RECONSTRUCTED_PREDICTIONS_FROM_PATCHES/patch_predictions_npz/0000708_S_121_S_121_patch_0004.npz,0.5361918210983276,0.3942989110946655,0.4816831052303314,-0.17294780910015106,10
709,S_121,S_121_patch_0005,5,/content/PATIENT_RECONSTRUCTED_PREDICTIONS_FROM_PATCHES/patch_predictions_npz/0000709_S_121_S_121_patch_0005.npz,0.5672687888145447,0.41281139850616455,0.38619768619537354,-0.3035065233707428,8
710,S_121,S_121_patch_0006,6,/content/PATIENT_RECONSTRUCTED_PREDICTIONS_FROM_PATCHES/patch_predictions_npz/0000710_S_121_S_121_patch_0006.npz,0.6212553381919861,0.35943976044654846,0.46136608719825745,-0.2540416717529297,5
711,S_121,S_121_patch_0007,7,/content/PATIENT_RECONSTRUCTED_PREDICTIONS_FROM_PATCHES/patch_predictions_npz/0000711_S_121_S_121_patch_0007.npz,0.5544927716255188,0.3964982330799103,0.444877952337265,-0.24951279163360596,1
712,S_122,S_122_patch_0000,0,/content/PATIENT_RECONSTRUCTED_PREDICTIONS_FROM_PATCHES/patch_predictions_npz/0000712_S_122_S_122_patch_0000.npz,0.40638741850852966,0.4739629924297333,0.43336188793182373,-0.1797007918357849,2
713,S_122,S_122_patch_0001,1,/content/PATIENT_RECONSTRUCTED_PREDICTIONS_FROM_PATCHES/patch_predictions_npz/0000713_S_122_S_122_patch_0001.npz,0.510437548160553,0.4500870704650879,0.4190652370452881,-0.03016621805727482,4
714,S_122,S_122_patch_0002,2,/content/PATIENT_RECONSTRUCTED_PREDICTIONS_FROM_PATCHES/patch_predictions_npz/0000714_S_122_S_122_patch_0002.npz,0.544586181640625,0.42733070254325867,0.40102434158325195,0.2232031375169754,9
715,S_122,S_122_patch_0003,3,/content/PATIENT_RECONSTRUCTED_PREDICTIONS_FROM_PATCHES/patch_predictions_npz/0000715_S_122_S_122_patch_0003.npz,0.5591477751731873,0.3870084583759308,0.4590552747249603,0.033295150846242905,8
716,S_122,S_122_patch_0004,4,/content/PATIENT_RECONSTRUCTED_PREDICTIONS_FROM_PATCHES/patch_predictions_npz/0000716_S_122_S_122_patch_0004.npz,0.5483648180961609,0.40030980110168457,0.482546329498291,-0.19096095860004425,10
717,S_122,S_122_patch_0005,5,/content/PATIENT_RECONSTRUCTED_PREDICTIONS_FROM_PATCHES/patch_predictions_npz/0000717_S_122_S_122_patch_0005.npz,0.5672509670257568,0.4166078567504883,0.4004088342189789,-0.2506047487258911,8
718,S_122,S_122_patch_0006,6,/content/PATIENT_RECONSTRUCTED_PREDICTIONS_FROM_PATCHES/patch_predictions_npz/0000718_S_122_S_122_patch_0006.npz,0.5963616967201233,0.3767278492450714,0.453872948884964,-0.1873515397310257,4
719,S_122,S_122_patch_0007,7,/content/PATIENT_RECONSTRUCTED_PREDICTIONS_FROM_PATCHES/patch_predictions_npz/0000719_S_122_S_122_patch_0007.npz,0.5345417261123657,0.40209487080574036,0.4504365921020508,-0.19933533668518066,2
720,S_123,S_123_patch_0000,0,/content/PATIENT_RECONSTRUCTED_PREDICTIONS_FROM_PATCHES/patch_predictions_npz/0000720_S_123_S_123_patch_0000.npz,0.40160512924194336,0.46843409538269043,0.4350517988204956,-0.040472012013196945,2
721,S_123,S_123_patch_0001,1,/content/PATIENT_RECONSTRUCTED_PREDICTIONS_FROM_PATCHES/patch_predictions_npz/0000721_S_123_S_123_patch_0001.npz,0.4956700801849365,0.4556872844696045,0.41969534754753113,-0.0021054085809737444,3
722,S_123,S_123_patch_0002,2,/content/PATIENT_RECONSTRUCTED_PREDICTIONS_FROM_PATCHES/patch_predictions_npz/0000722_S_123_S_123_patch_0002.npz,0.5309348106384277,0.424489289522171,0.398294597864151,0.20540611445903778,13
723,S_123,S_123_patch_0003,3,/content/PATIENT_RECONSTRUCTED_PREDICTIONS_FROM_PATCHES/patch_predictions_npz/0000723_S_123_S_123_patch_0003.npz,0.5538819432258606,0.38119077682495117,0.4588474929332733,0.017516067251563072,8
724,S_123,S_123_patch_0004,4,/content/PATIENT_RECONSTRUCTED_PREDICTIONS_FROM_PATCHES/patch_predictions_npz/0000724_S_123_S_123_patch_0004.npz,0.5213374495506287,0.39918482303619385,0.47408032417297363,-0.13935618102550507,9
725,S_123,S_123_patch_0005,5,/content/PATIENT_RECONSTRUCTED_PREDICTIONS_FROM_PATCHES/patch_predictions_npz/0000725_S_123_S_123_patch_0005.npz,0.5436912178993225,0.41856417059898376,0.3931502103805542,-0.22035978734493256,8
726,S_123,S_123_patch_0006,6,/content/PATIENT_RECONSTRUCTED_PREDICTIONS_FROM_PATCHES/patch_predictions_npz/0000726_S_123_S_123_patch_0006.npz,0.576271116733551,0.38437652587890625,0.4475339651107788,-0.16798758506774902,4
727,S_123,S_123_patch_0007,7,/content/PATIENT_RECONSTRUCTED_PREDICTIONS_FROM_PATCHES/patch_predictions_npz/0000727_S_123_S_123_patch_0007.npz,0.515702486038208,0.4058082401752472,0.45011675357818604,-0.12057790905237198,2
728,S_124,S_124_patch_0000,0,/content/PATIENT_RECONSTRUCTED_PREDICTIONS_FROM_PATCHES/patch_predictions_npz/0000728_S_124_S_124_patch_0000.npz,0.40509629249572754,0.4711836576461792,0.43505990505218506,-0.09526431560516357,2
729,S_124,S_124_patch_0001,1,/content/PATIENT_RECONSTRUCTED_PREDICTIONS_FROM_PATCHES/patch_predictions_npz/0000729_S_124_S_124_patch_0001.npz,0.4988912045955658,0.4535712003707886,0.41744089126586914,-0.005858524236828089,2
730,S_124,S_124_patch_0002,2,/content/PATIENT_RECONSTRUCTED_PREDICTIONS_FROM_PATCHES/patch_predictions_npz/0000730_S_124_S_124_patch_0002.npz,0.5235323309898376,0.42486080527305603,0.39839959144592285,0.21457968652248383,9
731,S_124,S_124_patch_0003,3,/content/PATIENT_RECONSTRUCTED_PREDICTIONS_FROM_PATCHES/patch_predictions_npz/0000731_S_124_S_124_patch_0003.npz,0.5315375328063965,0.3951075077056885,0.45413100719451904,0.079659104347229,7
732,S_124,S_124_patch_0004,4,/content/PATIENT_RECONSTRUCTED_PREDICTIONS_FROM_PATCHES/patch_predictions_npz/0000732_S_124_S_124_patch_0004.npz,0.5183987021446228,0.4012307822704315,0.4752565622329712,-0.11125607043504715,9
733,S_124,S_124_patch_0005,5,/content/PATIENT_RECONSTRUCTED_PREDICTIONS_FROM_PATCHES/patch_predictions_npz/0000733_S_124_S_124_patch_0005.npz,0.5635660290718079,0.41205528378486633,0.38186776638031006,-0.26278191804885864,8
734,S_124,S_124_patch_0006,6,/content/PATIENT_RECONSTRUCTED_PREDICTIONS_FROM_PATCHES/patch_predictions_npz/0000734_S_124_S_124_patch_0006.npz,0.5862275958061218,0.3762810230255127,0.45716461539268494,-0.1677607297897339,5
735,S_124,S_124_patch_0007,7,/content/PATIENT_RECONSTRUCTED_PREDICTIONS_FROM_PATCHES/patch_predictions_npz/0000735_S_124_S_124_patch_0007.npz,0.5479541420936584,0.3997269570827484,0.4491627514362335,-0.2447582483291626,2
736,S_125,S_125_patch_0000,0,/content/PATIENT_RECONSTRUCTED_PREDICTIONS_FROM_PATCHES/patch_predictions_npz/0000736_S_125_S_125_patch_0000.npz,0.39752689003944397,0.46569183468818665,0.43457916378974915,0.0021402339916676283,1
737,S_125,S_125_patch_0001,1,/content/PATIENT_RECONSTRUCTED_PREDICTIONS_FROM_PATCHES/patch_predictions_npz/0000737_S_125_S_125_patch_0001.npz,0.48538991808891296,0.4557563364505768,0.4206083118915558,0.03266507387161255,8
738,S_125,S_125_patch_0002,2,/content/PATIENT_RECONSTRUCTED_PREDICTIONS_FROM_PATCHES/patch_predictions_npz/0000738_S_125_S_125_patch_0002.npz,0.5009699463844299,0.4386768341064453,0.4153393805027008,0.20812897384166718,12
739,S_125,S_125_patch_0003,3,/content/PATIENT_RECONSTRUCTED_PREDICTIONS_FROM_PATCHES/patch_predictions_npz/0000739_S_125_S_125_patch_0003.npz,0.5014316439628601,0.413442462682724,0.4501502513885498,0.13399682939052582,9
740,S_125,S_125_patch_0004,4,/content/PATIENT_RECONSTRUCTED_PREDICTIONS_FROM_PATCHES/patch_predictions_npz/0000740_S_125_S_125_patch_0004.npz,0.5011647939682007,0.4104573428630829,0.4680231511592865,-0.011729965917766094,10
741,S_125,S_125_patch_0005,5,/content/PATIENT_RECONSTRUCTED_PREDICTIONS_FROM_PATCHES/patch_predictions_npz/0000741_S_125_S_125_patch_0005.npz,0.5200924277305603,0.4253371059894562,0.42212608456611633,-0.12121046334505081,8
742,S_125,S_125_patch_0006,6,/content/PATIENT_RECONSTRUCTED_PREDICTIONS_FROM_PATCHES/patch_predictions_npz/0000742_S_125_S_125_patch_0006.npz,0.5697913765907288,0.3911714255809784,0.4485199749469757,-0.1530771255493164,5
743,S_125,S_125_patch_0007,7,/content/PATIENT_RECONSTRUCTED_PREDICTIONS_FROM_PATCHES/patch_predictions_npz/0000743_S_125_S_125_patch_0007.npz,0.5124638080596924,0.408787339925766,0.4514922797679901,-0.1323533058166504,2
744,S_126,S_126_patch_0000,0,/content/PATIENT_RECONSTRUCTED_PREDICTIONS_FROM_PATCHES/patch_predictions_npz/0000744_S_126_S_126_patch_0000.npz,0.4115869104862213,0.4775393009185791,0.4319329559803009,-0.2589070498943329,1
745,S_126,S_126_patch_0001,1,/content/PATIENT_RECONSTRUCTED_PREDICTIONS_FROM_PATCHES/patch_predictions_npz/0000745_S_126_S_126_patch_0001.npz,0.5028793811798096,0.4537513256072998,0.4206428825855255,-0.025431238114833832,3
746,S_126,S_126_patch_0002,2,/content/PATIENT_RECONSTRUCTED_PREDICTIONS_FROM_PATCHES/patch_predictions_npz/0000746_S_126_S_126_patch_0002.npz,0.5573285818099976,0.4117594063282013,0.38969555497169495,0.22021961212158203,8
747,S_126,S_126_patch_0003,3,/content/PATIENT_RECONSTRUCTED_PREDICTIONS_FROM_PATCHES/patch_predictions_npz/0000747_S_126_S_126_patch_0003.npz,0.562221109867096,0.3828730583190918,0.45816054940223694,0.04623565450310707,7
748,S_126,S_126_patch_0004,4,/content/PATIENT_RECONSTRUCTED_PREDICTIONS_FROM_PATCHES/patch_predictions_npz/0000748_S_126_S_126_patch_0004.npz,0.5541340708732605,0.38399314880371094,0.4861133098602295,-0.19638611376285553,7
749,S_126,S_126_patch_0005,5,/content/PATIENT_RECONSTRUCTED_PREDICTIONS_FROM_PATCHES/patch_predictions_npz/0000749_S_126_S_126_patch_0005.npz,0.5977582931518555,0.40413713455200195,0.37370598316192627,-0.37600836157798767,8
750,S_126,S_126_patch_0006,6,/content/PATIENT_RECONSTRUCTED_PREDICTIONS_FROM_PATCHES/patch_predictions_npz/0000750_S_126_S_126_patch_0006.npz,0.6494314074516296,0.3517707586288452,0.4623326063156128,-0.31170883774757385,5
751,S_126,S_126_patch_0007,7,/content/PATIENT_RECONSTRUCTED_PREDICTIONS_FROM_PATCHES/patch_predictions_npz/0000751_S_126_S_126_patch_0007.npz,0.5859498381614685,0.38614821434020996,0.4450054168701172,-0.34500494599342346,2
752,S_127,S_127_patch_0000,0,/content/PATIENT_RECONSTRUCTED_PREDICTIONS_FROM_PATCHES/patch_predictions_npz/0000752_S_127_S_127_patch_0000.npz,0.4030444622039795,0.4698720872402191,0.4341426193714142,-0.08414020389318466,1
753,S_127,S_127_patch_0001,1,/content/PATIENT_RECONSTRUCTED_PREDICTIONS_FROM_PATCHES/patch_predictions_npz/0000753_S_127_S_127_patch_0001.npz,0.4938051700592041,0.45377424359321594,0.4203324317932129,0.0035572636406868696,1
754,S_127,S_127_patch_0002,2,/content/PATIENT_RECONSTRUCTED_PREDICTIONS_FROM_PATCHES/patch_predictions_npz/0000754_S_127_S_127_patch_0002.npz,0.5379958152770996,0.41361936926841736,0.3927704989910126,0.24114400148391724,7
755,S_127,S_127_patch_0003,3,/content/PATIENT_RECONSTRUCTED_PREDICTIONS_FROM_PATCHES/patch_predictions_npz/0000755_S_127_S_127_patch_0003.npz,0.5383798480033875,0.3836066424846649,0.4564378261566162,0.067510686814785,6
756,S_127,S_127_patch_0004,4,/content/PATIENT_RECONSTRUCTED_PREDICTIONS_FROM_PATCHES/patch_predictions_npz/0000756_S_127_S_127_patch_0004.npz,0.5261013507843018,0.3927767276763916,0.47697630524635315,-0.12778082489967346,8
757,S_127,S_127_patch_0005,5,/content/PATIENT_RECONSTRUCTED_PREDICTIONS_FROM_PATCHES/patch_predictions_npz/0000757_S_127_S_127_patch_0005.npz,0.5798543095588684,0.4060336649417877,0.3755701780319214,-0.31590408086776733,8
758,S_127,S_127_patch_0006,6,/content/PATIENT_RECONSTRUCTED_PREDICTIONS_FROM_PATCHES/patch_predictions_npz/0000758_S_127_S_127_patch_0006.npz,0.6250908374786377,0.3572464883327484,0.4577990472316742,-0.2461996078491211,3
759,S_127,S_127_patch_0007,7,/content/PATIENT_RECONSTRUCTED_PREDICTIONS_FROM_PATCHES/patch_predictions_npz/0000759_S_127_S_127_patch_0007.npz,0.5747665762901306,0.3900030553340912,0.45362362265586853,-0.3042513132095337,2
760,S_128,S_128_patch_0000,0,/content/PATIENT_RECONSTRUCTED_PREDICTIONS_FROM_PATCHES/patch_predictions_npz/0000760_S_128_S_128_patch_0000.npz,0.40707385540008545,0.472160667181015,0.43302690982818604,-0.1578565090894699,1
761,S_128,S_128_patch_0001,1,/content/PATIENT_RECONSTRUCTED_PREDICTIONS_FROM_PATCHES/patch_predictions_npz/0000761_S_128_S_128_patch_0001.npz,0.505939245223999,0.4509079158306122,0.41698408126831055,-0.022252626717090607,2
762,S_128,S_128_patch_0002,2,/content/PATIENT_RECONSTRUCTED_PREDICTIONS_FROM_PATCHES/patch_predictions_npz/0000762_S_128_S_128_patch_0002.npz,0.5455647110939026,0.4179961681365967,0.39435282349586487,0.2331354171037674,11
763,S_128,S_128_patch_0003,3,/content/PATIENT_RECONSTRUCTED_PREDICTIONS_FROM_PATCHES/patch_predictions_npz/0000763_S_128_S_128_patch_0003.npz,0.5638962388038635,0.3792615830898285,0.4611796438694,0.017347363755106926,6
764,S_128,S_128_patch_0004,4,/content/PATIENT_RECONSTRUCTED_PREDICTIONS_FROM_PATCHES/patch_predictions_npz/0000764_S_128_S_128_patch_0004.npz,0.5395553708076477,0.388656884431839,0.48068639636039734,-0.19077426195144653,9
765,S_128,S_128_patch_0005,5,/content/PATIENT_RECONSTRUCTED_PREDICTIONS_FROM_PATCHES/patch_predictions_npz/0000765_S_128_S_128_patch_0005.npz,0.5948172807693481,0.40481409430503845,0.36760127544403076,-0.3755694329738617,8
766,S_128,S_128_patch_0006,6,/content/PATIENT_RECONSTRUCTED_PREDICTIONS_FROM_PATCHES/patch_predictions_npz/0000766_S_128_S_128_patch_0006.npz,0.6204397678375244,0.3611488342285156,0.4601324498653412,-0.2409353256225586,3
767,S_128,S_128_patch_0007,7,/content/PATIENT_RECONSTRUCTED_PREDICTIONS_FROM_PATCHES/patch_predictions_npz/0000767_S_128_S_128_patch_0007.npz,0.5574564337730408,0.39456406235694885,0.44932469725608826,-0.27032649517059326,2
768,S_129,S_129_patch_0000,0,/content/PATIENT_RECONSTRUCTED_PREDICTIONS_FROM_PATCHES/patch_predictions_npz/0000768_S_129_S_129_patch_0000.npz,0.4077516496181488,0.4743637144565582,0.4340866506099701,-0.1478603333234787,2
769,S_129,S_129_patch_0001,1,/content/PATIENT_RECONSTRUCTED_PREDICTIONS_FROM_PATCHES/patch_predictions_npz/0000769_S_129_S_129_patch_0001.npz,0.49649760127067566,0.45523032546043396,0.41807249188423157,0.0029176410753279924,2
770,S_129,S_129_patch_0002,2,/content/PATIENT_RECONSTRUCTED_PREDICTIONS_FROM_PATCHES/patch_predictions_npz/0000770_S_129_S_129_patch_0002.npz,0.5378742814064026,0.4178955554962158,0.3961447477340698,0.23943336308002472,10
771,S_129,S_129_patch_0003,3,/content/PATIENT_RECONSTRUCTED_PREDICTIONS_FROM_PATCHES/patch_predictions_npz/0000771_S_129_S_129_patch_0003.npz,0.5610154271125793,0.3746490478515625,0.4605728089809418,0.014652550220489502,8
772,S_129,S_129_patch_0004,4,/content/PATIENT_RECONSTRUCTED_PREDICTIONS_FROM_PATCHES/patch_predictions_npz/0000772_S_129_S_129_patch_0004.npz,0.5150282979011536,0.4000776708126068,0.4723053276538849,-0.11412788182497025,8
773,S_129,S_129_patch_0005,5,/content/PATIENT_RECONSTRUCTED_PREDICTIONS_FROM_PATCHES/patch_predictions_npz/0000773_S_129_S_129_patch_0005.npz,0.5581849217414856,0.41360440850257874,0.38216957449913025,-0.26892849802970886,8
774,S_129,S_129_patch_0006,6,/content/PATIENT_RECONSTRUCTED_PREDICTIONS_FROM_PATCHES/patch_predictions_npz/0000774_S_129_S_129_patch_0006.npz,0.6423884034156799,0.3524074852466583,0.465847373008728,-0.3113814890384674,3
775,S_129,S_129_patch_0007,7,/content/PATIENT_RECONSTRUCTED_PREDICTIONS_FROM_PATCHES/patch_predictions_npz/0000775_S_129_S_129_patch_0007.npz,0.5772251486778259,0.38882163166999817,0.44772839546203613,-0.32936134934425354,1
776,S_130,S_130_patch_0000,0,/content/PATIENT_RECONSTRUCTED_PREDICTIONS_FROM_PATCHES/patch_predictions_npz/0000776_S_130_S_130_patch_0000.npz,0.4122183620929718,0.4758528172969818,0.4354604184627533,-0.14197993278503418,2
777,S_130,S_130_patch_0001,1,/content/PATIENT_RECONSTRUCTED_PREDICTIONS_FROM_PATCHES/patch_predictions_npz/0000777_S_130_S_130_patch_0001.npz,0.49144065380096436,0.45812126994132996,0.42607685923576355,0.02384900487959385,7
778,S_130,S_130_patch_0002,2,/content/PATIENT_RECONSTRUCTED_PREDICTIONS_FROM_PATCHES/patch_predictions_npz/0000778_S_130_S_130_patch_0002.npz,0.5497848391532898,0.42622241377830505,0.40163126587867737,0.2149764448404312,11
779,S_130,S_130_patch_0003,3,/content/PATIENT_RECONSTRUCTED_PREDICTIONS_FROM_PATCHES/patch_predictions_npz/0000779_S_130_S_130_patch_0003.npz,0.5667482018470764,0.38499709963798523,0.45900559425354004,0.03395974263548851,8
780,S_130,S_130_patch_0004,4,/content/PATIENT_RECONSTRUCTED_PREDICTIONS_FROM_PATCHES/patch_predictions_npz/0000780_S_130_S_130_patch_0004.npz,0.5298959016799927,0.4045245945453644,0.4786313474178314,-0.10197106748819351,10
781,S_130,S_130_patch_0005,5,/content/PATIENT_RECONSTRUCTED_PREDICTIONS_FROM_PATCHES/patch_predictions_npz/0000781_S_130_S_130_patch_0005.npz,0.5466992259025574,0.4199943542480469,0.4068671464920044,-0.19867479801177979,8
782,S_130,S_130_patch_0006,6,/content/PATIENT_RECONSTRUCTED_PREDICTIONS_FROM_PATCHES/patch_predictions_npz/0000782_S_130_S_130_patch_0006.npz,0.5924966335296631,0.3753909170627594,0.45796999335289,-0.18427304923534393,2
783,S_130,S_130_patch_0007,7,/content/PATIENT_RECONSTRUCTED_PREDICTIONS_FROM_PATCHES/patch_predictions_npz/0000783_S_130_S_130_patch_0007.npz,0.5455226302146912,0.3987325131893158,0.4476732313632965,-0.23000432550907135,2
784,S_131,S_131_patch_0000,0,/content/PATIENT_RECONSTRUCTED_PREDICTIONS_FROM_PATCHES/patch_predictions_npz/0000784_S_131_S_131_patch_0000.npz,0.40471842885017395,0.4707907736301422,0.4351624548435211,-0.12742911279201508,1
785,S_131,S_131_patch_0001,1,/content/PATIENT_RECONSTRUCTED_PREDICTIONS_FROM_PATCHES/patch_predictions_npz/0000785_S_131_S_131_patch_0001.npz,0.4871867001056671,0.4552062451839447,0.4229389429092407,0.0029112373013049364,1
786,S_131,S_131_patch_0002,2,/content/PATIENT_RECONSTRUCTED_PREDICTIONS_FROM_PATCHES/patch_predictions_npz/0000786_S_131_S_131_patch_0002.npz,0.5291096568107605,0.42098021507263184,0.39694643020629883,0.21919147670269012,9
787,S_131,S_131_patch_0003,3,/content/PATIENT_RECONSTRUCTED_PREDICTIONS_FROM_PATCHES/patch_predictions_npz/0000787_S_131_S_131_patch_0003.npz,0.5312160849571228,0.3928299844264984,0.4540049135684967,0.06352895498275757,6
788,S_131,S_131_patch_0004,4,/content/PATIENT_RECONSTRUCTED_PREDICTIONS_FROM_PATCHES/patch_predictions_npz/0000788_S_131_S_131_patch_0004.npz,0.5100924372673035,0.4024817645549774,0.4725654125213623,-0.07760278135538101,9
789,S_131,S_131_patch_0005,5,/content/PATIENT_RECONSTRUCTED_PREDICTIONS_FROM_PATCHES/patch_predictions_npz/0000789_S_131_S_131_patch_0005.npz,0.5596100091934204,0.4119369089603424,0.38760221004486084,-0.26091620326042175,8
790,S_131,S_131_patch_0006,6,/content/PATIENT_RECONSTRUCTED_PREDICTIONS_FROM_PATCHES/patch_predictions_npz/0000790_S_131_S_131_patch_0006.npz,0.5923129916191101,0.37912309169769287,0.45368459820747375,-0.1939355581998825,5
791,S_131,S_131_patch_0007,7,/content/PATIENT_RECONSTRUCTED_PREDICTIONS_FROM_PATCHES/patch_predictions_npz/0000791_S_131_S_131_patch_0007.npz,0.5379346013069153,0.4038134515285492,0.4519229829311371,-0.20809771120548248,2
792,S_132,S_132_patch_0000,0,/content/PATIENT_RECONSTRUCTED_PREDICTIONS_FROM_PATCHES/patch_predictions_npz/0000792_S_132_S_132_patch_0000.npz,0.40287336707115173,0.46991750597953796,0.4362885057926178,-0.0758199393749237,1
793,S_132,S_132_patch_0001,1,/content/PATIENT_RECONSTRUCTED_PREDICTIONS_FROM_PATCHES/patch_predictions_npz/0000793_S_132_S_132_patch_0001.npz,0.481215238571167,0.45826783776283264,0.4256824254989624,0.0203706044703722,2
794,S_132,S_132_patch_0002,2,/content/PATIENT_RECONSTRUCTED_PREDICTIONS_FROM_PATCHES/patch_predictions_npz/0000794_S_132_S_132_patch_0002.npz,0.4997499883174896,0.4342392385005951,0.407275915145874,0.21531249582767487,12
795,S_132,S_132_patch_0003,3,/content/PATIENT_RECONSTRUCTED_PREDICTIONS_FROM_PATCHES/patch_predictions_npz/0000795_S_132_S_132_patch_0003.npz,0.5145173668861389,0.40125688910484314,0.4532654583454132,0.11085805296897888,7
796,S_132,S_132_patch_0004,4,/content/PATIENT_RECONSTRUCTED_PREDICTIONS_FROM_PATCHES/patch_predictions_npz/0000796_S_132_S_132_patch_0004.npz,0.5136651396751404,0.40244993567466736,0.47458264231681824,-0.08467710018157959,11
797,S_132,S_132_patch_0005,5,/content/PATIENT_RECONSTRUCTED_PREDICTIONS_FROM_PATCHES/patch_predictions_npz/0000797_S_132_S_132_patch_0005.npz,0.5625928044319153,0.4176359176635742,0.3900003433227539,-0.25029560923576355,8
798,S_132,S_132_patch_0006,6,/content/PATIENT_RECONSTRUCTED_PREDICTIONS_FROM_PATCHES/patch_predictions_npz/0000798_S_132_S_132_patch_0006.npz,0.5923391580581665,0.3762359619140625,0.45975828170776367,-0.18038205802440643,3
799,S_132,S_132_patch_0007,7,/content/PATIENT_RECONSTRUCTED_PREDICTIONS_FROM_PATCHES/patch_predictions_npz/0000799_S_132_S_132_patch_0007.npz,0.5246608257293701,0.4066255986690521,0.45068076252937317,-0.18931949138641357,3
800,S_133,S_133_patch_0000,0,/content/PATIENT_RECONSTRUCTED_PREDICTIONS_FROM_PATCHES/patch_predictions_npz/0000800_S_133_S_133_patch_0000.npz,0.3956963121891022,0.46545711159706116,0.43405938148498535,-0.03591708838939667,1
801,S_133,S_133_patch_0001,1,/content/PATIENT_RECONSTRUCTED_PREDICTIONS_FROM_PATCHES/patch_predictions_npz/0000801_S_133_S_133_patch_0001.npz,0.48174867033958435,0.44922760128974915,0.419127494096756,0.047820795327425,1
802,S_133,S_133_patch_0002,2,/content/PATIENT_RECONSTRUCTED_PREDICTIONS_FROM_PATCHES/patch_predictions_npz/0000802_S_133_S_133_patch_0002.npz,0.5020651817321777,0.4281342923641205,0.40401792526245117,0.23888462781906128,12
803,S_133,S_133_patch_0003,3,/content/PATIENT_RECONSTRUCTED_PREDICTIONS_FROM_PATCHES/patch_predictions_npz/0000803_S_133_S_133_patch_0003.npz,0.5122888088226318,0.4022829532623291,0.4487581253051758,0.12736162543296814,7
804,S_133,S_133_patch_0004,4,/content/PATIENT_RECONSTRUCTED_PREDICTIONS_FROM_PATCHES/patch_predictions_npz/0000804_S_133_S_133_patch_0004.npz,0.5056085586547852,0.4027005136013031,0.47243404388427734,-0.03498532250523567,7
805,S_133,S_133_patch_0005,5,/content/PATIENT_RECONSTRUCTED_PREDICTIONS_FROM_PATCHES/patch_predictions_npz/0000805_S_133_S_133_patch_0005.npz,0.5238102674484253,0.4176057279109955,0.4096449613571167,-0.13980765640735626,8
806,S_133,S_133_patch_0006,6,/content/PATIENT_RECONSTRUCTED_PREDICTIONS_FROM_PATCHES/patch_predictions_npz/0000806_S_133_S_133_patch_0006.npz,0.5662726759910583,0.3827451765537262,0.44671306014060974,-0.12656521797180176,3
807,S_133,S_133_patch_0007,7,/content/PATIENT_RECONSTRUCTED_PREDICTIONS_FROM_PATCHES/patch_predictions_npz/0000807_S_133_S_133_patch_0007.npz,0.5184171199798584,0.4059741497039795,0.4477396309375763,-0.1345924288034439,2
808,S_134,S_134_patch_0000,0,/content/PATIENT_RECONSTRUCTED_PREDICTIONS_FROM_PATCHES/patch_predictions_npz/0000808_S_134_S_134_patch_0000.npz,0.4073065221309662,0.47262701392173767,0.43407025933265686,-0.15470345318317413,2
809,S_134,S_134_patch_0001,1,/content/PATIENT_RECONSTRUCTED_PREDICTIONS_FROM_PATCHES/patch_predictions_npz/0000809_S_134_S_134_patch_0001.npz,0.49692440032958984,0.45670148730278015,0.4206244647502899,-0.019036738201975822,2
810,S_134,S_134_patch_0002,2,/content/PATIENT_RECONSTRUCTED_PREDICTIONS_FROM_PATCHES/patch_predictions_npz/0000810_S_134_S_134_patch_0002.npz,0.5498118996620178,0.41566434502601624,0.3915116488933563,0.2052203267812729,9
811,S_134,S_134_patch_0003,3,/content/PATIENT_RECONSTRUCTED_PREDICTIONS_FROM_PATCHES/patch_predictions_npz/0000811_S_134_S_134_patch_0003.npz,0.5778358578681946,0.3757154941558838,0.45949360728263855,0.017028963193297386,7
812,S_134,S_134_patch_0004,4,/content/PATIENT_RECONSTRUCTED_PREDICTIONS_FROM_PATCHES/patch_predictions_npz/0000812_S_134_S_134_patch_0004.npz,0.5542140603065491,0.38868069648742676,0.4865649938583374,-0.21253877878189087,9
813,S_134,S_134_patch_0005,5,/content/PATIENT_RECONSTRUCTED_PREDICTIONS_FROM_PATCHES/patch_predictions_npz/0000813_S_134_S_134_patch_0005.npz,0.5946890711784363,0.4054379165172577,0.3741034269332886,-0.3589339256286621,8
814,S_134,S_134_patch_0006,6,/content/PATIENT_RECONSTRUCTED_PREDICTIONS_FROM_PATCHES/patch_predictions_npz/0000814_S_134_S_134_patch_0006.npz,0.6287621259689331,0.3611065149307251,0.45888885855674744,-0.2557755410671234,2
815,S_134,S_134_patch_0007,7,/content/PATIENT_RECONSTRUCTED_PREDICTIONS_FROM_PATCHES/patch_predictions_npz/0000815_S_134_S_134_patch_0007.npz,0.5583032965660095,0.39581969380378723,0.4487488269805908,-0.26779207587242126,2
816,S_135,S_135_patch_0000,0,/content/PATIENT_RECONSTRUCTED_PREDICTIONS_FROM_PATCHES/patch_predictions_npz/0000816_S_135_S_135_patch_0000.npz,0.39526787400245667,0.46258291602134705,0.4322758913040161,0.002605537651106715,2
817,S_135,S_135_patch_0001,1,/content/PATIENT_RECONSTRUCTED_PREDICTIONS_FROM_PATCHES/patch_predictions_npz/0000817_S_135_S_135_patch_0001.npz,0.48424553871154785,0.45054420828819275,0.4167617857456207,0.04636606574058533,2
818,S_135,S_135_patch_0002,2,/content/PATIENT_RECONSTRUCTED_PREDICTIONS_FROM_PATCHES/patch_predictions_npz/0000818_S_135_S_135_patch_0002.npz,0.5047433376312256,0.42706719040870667,0.40335187315940857,0.2291230708360672,9
819,S_135,S_135_patch_0003,3,/content/PATIENT_RECONSTRUCTED_PREDICTIONS_FROM_PATCHES/patch_predictions_npz/0000819_S_135_S_135_patch_0003.npz,0.5313381552696228,0.3885638415813446,0.45548054575920105,0.059607237577438354,7
820,S_135,S_135_patch_0004,4,/content/PATIENT_RECONSTRUCTED_PREDICTIONS_FROM_PATCHES/patch_predictions_npz/0000820_S_135_S_135_patch_0004.npz,0.5062335133552551,0.40453028678894043,0.47037264704704285,-0.08031632751226425,10
821,S_135,S_135_patch_0005,5,/content/PATIENT_RECONSTRUCTED_PREDICTIONS_FROM_PATCHES/patch_predictions_npz/0000821_S_135_S_135_patch_0005.npz,0.5448421835899353,0.4157409369945526,0.3930887281894684,-0.2175525426864624,8
822,S_135,S_135_patch_0006,6,/content/PATIENT_RECONSTRUCTED_PREDICTIONS_FROM_PATCHES/patch_predictions_npz/0000822_S_135_S_135_patch_0006.npz,0.578702449798584,0.3783380091190338,0.4501923620700836,-0.16588197648525238,3
823,S_135,S_135_patch_0007,7,/content/PATIENT_RECONSTRUCTED_PREDICTIONS_FROM_PATCHES/patch_predictions_npz/0000823_S_135_S_135_patch_0007.npz,0.505134642124176,0.4093973636627197,0.4483662545681,-0.0849241390824318,2
824,S_136,S_136_patch_0000,0,/content/PATIENT_RECONSTRUCTED_PREDICTIONS_FROM_PATCHES/patch_predictions_npz/0000824_S_136_S_136_patch_0000.npz,0.40146079659461975,0.46717774868011475,0.43256834149360657,-0.07766122370958328,1
825,S_136,S_136_patch_0001,1,/content/PATIENT_RECONSTRUCTED_PREDICTIONS_FROM_PATCHES/patch_predictions_npz/0000825_S_136_S_136_patch_0001.npz,0.47987666726112366,0.4506734609603882,0.4201560914516449,0.0491492860019207,1
826,S_136,S_136_patch_0002,2,/content/PATIENT_RECONSTRUCTED_PREDICTIONS_FROM_PATCHES/patch_predictions_npz/0000826_S_136_S_136_patch_0002.npz,0.504348635673523,0.42813459038734436,0.40398046374320984,0.2419261336326599,10
827,S_136,S_136_patch_0003,3,/content/PATIENT_RECONSTRUCTED_PREDICTIONS_FROM_PATCHES/patch_predictions_npz/0000827_S_136_S_136_patch_0003.npz,0.52139812707901,0.39024558663368225,0.4544009268283844,0.0935269296169281,6
828,S_136,S_136_patch_0004,4,/content/PATIENT_RECONSTRUCTED_PREDICTIONS_FROM_PATCHES/patch_predictions_npz/0000828_S_136_S_136_patch_0004.npz,0.5097310543060303,0.398952454328537,0.47308602929115295,-0.07362872362136841,9
829,S_136,S_136_patch_0005,5,/content/PATIENT_RECONSTRUCTED_PREDICTIONS_FROM_PATCHES/patch_predictions_npz/0000829_S_136_S_136_patch_0005.npz,0.5554611682891846,0.4136732816696167,0.389251708984375,-0.23159581422805786,7
830,S_136,S_136_patch_0006,6,/content/PATIENT_RECONSTRUCTED_PREDICTIONS_FROM_PATCHES/patch_predictions_npz/0000830_S_136_S_136_patch_0006.npz,0.5946627259254456,0.37478289008140564,0.4519195258617401,-0.19174064695835114,4
831,S_136,S_136_patch_0007,7,/content/PATIENT_RECONSTRUCTED_PREDICTIONS_FROM_PATCHES/patch_predictions_npz/0000831_S_136_S_136_patch_0007.npz,0.5233461856842041,0.40419742465019226,0.45260921120643616,-0.16137166321277618,2
832,S_137,S_137_patch_0000,0,/content/PATIENT_RECONSTRUCTED_PREDICTIONS_FROM_PATCHES/patch_predictions_npz/0000832_S_137_S_137_patch_0000.npz,0.4092477262020111,0.47498655319213867,0.4332873523235321,-0.20136897265911102,1
833,S_137,S_137_patch_0001,1,/content/PATIENT_RECONSTRUCTED_PREDICTIONS_FROM_PATCHES/patch_predictions_npz/0000833_S_137_S_137_patch_0001.npz,0.5182888507843018,0.453052282333374,0.41826772689819336,-0.057292718440294266,2
834,S_137,S_137_patch_0002,2,/content/PATIENT_RECONSTRUCTED_PREDICTIONS_FROM_PATCHES/patch_predictions_npz/0000834_S_137_S_137_patch_0002.npz,0.5694596171379089,0.4099811613559723,0.3855772912502289,0.21943247318267822,8
835,S_137,S_137_patch_0003,3,/content/PATIENT_RECONSTRUCTED_PREDICTIONS_FROM_PATCHES/patch_predictions_npz/0000835_S_137_S_137_patch_0003.npz,0.5925924777984619,0.3642653226852417,0.463665634393692,-0.013994548469781876,7
836,S_137,S_137_patch_0004,4,/content/PATIENT_RECONSTRUCTED_PREDICTIONS_FROM_PATCHES/patch_predictions_npz/0000836_S_137_S_137_patch_0004.npz,0.5679470896720886,0.3781420886516571,0.4904334247112274,-0.25910231471061707,8
837,S_137,S_137_patch_0005,5,/content/PATIENT_RECONSTRUCTED_PREDICTIONS_FROM_PATCHES/patch_predictions_npz/0000837_S_137_S_137_patch_0005.npz,0.5988002419471741,0.4035504162311554,0.3708988428115845,-0.38937366008758545,8
838,S_137,S_137_patch_0006,6,/content/PATIENT_RECONSTRUCTED_PREDICTIONS_FROM_PATCHES/patch_predictions_npz/0000838_S_137_S_137_patch_0006.npz,0.6471078395843506,0.3498466908931732,0.4601260721683502,-0.3068256080150604,3
839,S_137,S_137_patch_0007,7,/content/PATIENT_RECONSTRUCTED_PREDICTIONS_FROM_PATCHES/patch_predictions_npz/0000839_S_137_S_137_patch_0007.npz,0.5852639079093933,0.387444406747818,0.4478081464767456,-0.3493780791759491,2
840,S_138,S_138_patch_0000,0,/content/PATIENT_RECONSTRUCTED_PREDICTIONS_FROM_PATCHES/patch_predictions_npz/0000840_S_138_S_138_patch_0000.npz,0.40020525455474854,0.4662646949291229,0.43540120124816895,-0.041305702179670334,1
841,S_138,S_138_patch_0001,1,/content/PATIENT_RECONSTRUCTED_PREDICTIONS_FROM_PATCHES/patch_predictions_npz/0000841_S_138_S_138_patch_0001.npz,0.4811283349990845,0.46002164483070374,0.42714381217956543,0.0024476759135723114,2
842,S_138,S_138_patch_0002,2,/content/PATIENT_RECONSTRUCTED_PREDICTIONS_FROM_PATCHES/patch_predictions_npz/0000842_S_138_S_138_patch_0002.npz,0.5091218948364258,0.4302273690700531,0.40363261103630066,0.2052486687898636,11
843,S_138,S_138_patch_0003,3,/content/PATIENT_RECONSTRUCTED_PREDICTIONS_FROM_PATCHES/patch_predictions_npz/0000843_S_138_S_138_patch_0003.npz,0.5224395990371704,0.39821484684944153,0.45123419165611267,0.11178269982337952,6
844,S_138,S_138_patch_0004,4,/content/PATIENT_RECONSTRUCTED_PREDICTIONS_FROM_PATCHES/patch_predictions_npz/0000844_S_138_S_138_patch_0004.npz,0.5134522914886475,0.40197885036468506,0.4745027720928192,-0.06569387763738632,10
845,S_138,S_138_patch_0005,5,/content/PATIENT_RECONSTRUCTED_PREDICTIONS_FROM_PATCHES/patch_predictions_npz/0000845_S_138_S_138_patch_0005.npz,0.5364351272583008,0.41741225123405457,0.3986796438694,-0.18585951626300812,8
846,S_138,S_138_patch_0006,6,/content/PATIENT_RECONSTRUCTED_PREDICTIONS_FROM_PATCHES/patch_predictions_npz/0000846_S_138_S_138_patch_0006.npz,0.5631422400474548,0.38518667221069336,0.4531504809856415,-0.12478065490722656,3
847,S_138,S_138_patch_0007,7,/content/PATIENT_RECONSTRUCTED_PREDICTIONS_FROM_PATCHES/patch_predictions_npz/0000847_S_138_S_138_patch_0007.npz,0.522139310836792,0.40621674060821533,0.44448551535606384,-0.1559574455022812,2
848,S_139,S_139_patch_0000,0,/content/PATIENT_RECONSTRUCTED_PREDICTIONS_FROM_PATCHES/patch_predictions_npz/0000848_S_139_S_139_patch_0000.npz,0.40701034665107727,0.4717761278152466,0.4319055378437042,-0.1791544109582901,1
849,S_139,S_139_patch_0001,1,/content/PATIENT_RECONSTRUCTED_PREDICTIONS_FROM_PATCHES/patch_predictions_npz/0000849_S_139_S_139_patch_0001.npz,0.5037121772766113,0.45174822211265564,0.4178224802017212,-0.020316554233431816,1
850,S_139,S_139_patch_0002,2,/content/PATIENT_RECONSTRUCTED_PREDICTIONS_FROM_PATCHES/patch_predictions_npz/0000850_S_139_S_139_patch_0002.npz,0.5467686057090759,0.41451767086982727,0.3922968804836273,0.22155030071735382,11
851,S_139,S_139_patch_0003,3,/content/PATIENT_RECONSTRUCTED_PREDICTIONS_FROM_PATCHES/patch_predictions_npz/0000851_S_139_S_139_patch_0003.npz,0.5545240044593811,0.3813769817352295,0.4571751356124878,0.03536350652575493,7
852,S_139,S_139_patch_0004,4,/content/PATIENT_RECONSTRUCTED_PREDICTIONS_FROM_PATCHES/patch_predictions_npz/0000852_S_139_S_139_patch_0004.npz,0.5382587313652039,0.3957393169403076,0.48084476590156555,-0.1624176949262619,10
853,S_139,S_139_patch_0005,5,/content/PATIENT_RECONSTRUCTED_PREDICTIONS_FROM_PATCHES/patch_predictions_npz/0000853_S_139_S_139_patch_0005.npz,0.5677736401557922,0.4143051207065582,0.3854140043258667,-0.3119368553161621,8
854,S_139,S_139_patch_0006,6,/content/PATIENT_RECONSTRUCTED_PREDICTIONS_FROM_PATCHES/patch_predictions_npz/0000854_S_139_S_139_patch_0006.npz,0.5812017917633057,0.3772416412830353,0.4603103697299957,-0.18508534133434296,3
855,S_139,S_139_patch_0007,7,/content/PATIENT_RECONSTRUCTED_PREDICTIONS_FROM_PATCHES/patch_predictions_npz/0000855_S_139_S_139_patch_0007.npz,0.5462395548820496,0.4008527100086212,0.44536423683166504,-0.2297103852033615,2
856,S_140,S_140_patch_0000,0,/content/PATIENT_RECONSTRUCTED_PREDICTIONS_FROM_PATCHES/patch_predictions_npz/0000856_S_140_S_140_patch_0000.npz,0.41341111063957214,0.4765807092189789,0.430637389421463,-0.28148189187049866,2
857,S_140,S_140_patch_0001,1,/content/PATIENT_RECONSTRUCTED_PREDICTIONS_FROM_PATCHES/patch_predictions_npz/0000857_S_140_S_140_patch_0001.npz,0.5199901461601257,0.44531944394111633,0.41118934750556946,-0.045805368572473526,1
858,S_140,S_140_patch_0002,2,/content/PATIENT_RECONSTRUCTED_PREDICTIONS_FROM_PATCHES/patch_predictions_npz/0000858_S_140_S_140_patch_0002.npz,0.5500184893608093,0.41922616958618164,0.39216700196266174,0.21232835948467255,8
859,S_140,S_140_patch_0003,3,/content/PATIENT_RECONSTRUCTED_PREDICTIONS_FROM_PATCHES/patch_predictions_npz/0000859_S_140_S_140_patch_0003.npz,0.5643971562385559,0.37324467301368713,0.4604170024394989,0.010089676827192307,6
860,S_140,S_140_patch_0004,4,/content/PATIENT_RECONSTRUCTED_PREDICTIONS_FROM_PATCHES/patch_predictions_npz/0000860_S_140_S_140_patch_0004.npz,0.553840696811676,0.3832991421222687,0.48126134276390076,-0.22695298492908478,9
861,S_140,S_140_patch_0005,5,/content/PATIENT_RECONSTRUCTED_PREDICTIONS_FROM_PATCHES/patch_predictions_npz/0000861_S_140_S_140_patch_0005.npz,0.5991904735565186,0.4036595821380615,0.3687647581100464,-0.38274073600769043,8
862,S_140,S_140_patch_0006,6,/content/PATIENT_RECONSTRUCTED_PREDICTIONS_FROM_PATCHES/patch_predictions_npz/0000862_S_140_S_140_patch_0006.npz,0.5923296213150024,0.3763919770717621,0.45599937438964844,-0.17894645035266876,4
863,S_140,S_140_patch_0007,7,/content/PATIENT_RECONSTRUCTED_PREDICTIONS_FROM_PATCHES/patch_predictions_npz/0000863_S_140_S_140_patch_0007.npz,0.5465437173843384,0.39688611030578613,0.45059600472450256,-0.21759603917598724,2
864,S_141,S_141_patch_0000,0,/content/PATIENT_RECONSTRUCTED_PREDICTIONS_FROM_PATCHES/patch_predictions_npz/0000864_S_141_S_141_patch_0000.npz,0.39990606904029846,0.4639545679092407,0.4336904287338257,-0.006031741853803396,2
865,S_141,S_141_patch_0001,1,/content/PATIENT_RECONSTRUCTED_PREDICTIONS_FROM_PATCHES/patch_predictions_npz/0000865_S_141_S_141_patch_0001.npz,0.49709466099739075,0.45346617698669434,0.42142534255981445,-0.017548473551869392,4
866,S_141,S_141_patch_0002,2,/content/PATIENT_RECONSTRUCTED_PREDICTIONS_FROM_PATCHES/patch_predictions_npz/0000866_S_141_S_141_patch_0002.npz,0.5432309508323669,0.42534199357032776,0.39892974495887756,0.18755954504013062,12
867,S_141,S_141_patch_0003,3,/content/PATIENT_RECONSTRUCTED_PREDICTIONS_FROM_PATCHES/patch_predictions_npz/0000867_S_141_S_141_patch_0003.npz,0.5524249076843262,0.39151284098625183,0.4532714784145355,0.06851805001497269,8
868,S_141,S_141_patch_0004,4,/content/PATIENT_RECONSTRUCTED_PREDICTIONS_FROM_PATCHES/patch_predictions_npz/0000868_S_141_S_141_patch_0004.npz,0.5338864922523499,0.3991204500198364,0.47497737407684326,-0.07942928373813629,11
869,S_141,S_141_patch_0005,5,/content/PATIENT_RECONSTRUCTED_PREDICTIONS_FROM_PATCHES/patch_predictions_npz/0000869_S_141_S_141_patch_0005.npz,0.57069331407547,0.4115105867385864,0.40762248635292053,-0.27197083830833435,8
870,S_141,S_141_patch_0006,6,/content/PATIENT_RECONSTRUCTED_PREDICTIONS_FROM_PATCHES/patch_predictions_npz/0000870_S_141_S_141_patch_0006.npz,0.6329352259635925,0.3601602613925934,0.4523715078830719,-0.28358080983161926,3
871,S_141,S_141_patch_0007,7,/content/PATIENT_RECONSTRUCTED_PREDICTIONS_FROM_PATCHES/patch_predictions_npz/0000871_S_141_S_141_patch_0007.npz,0.5622145533561707,0.390791654586792,0.4521676301956177,-0.2439337521791458,2
872,S_142,S_142_patch_0000,0,/content/PATIENT_RECONSTRUCTED_PREDICTIONS_FROM_PATCHES/patch_predictions_npz/0000872_S_142_S_142_patch_0000.npz,0.4093889892101288,0.47464099526405334,0.4352854788303375,-0.1780581921339035,1
873,S_142,S_142_patch_0001,1,/content/PATIENT_RECONSTRUCTED_PREDICTIONS_FROM_PATCHES/patch_predictions_npz/0000873_S_142_S_142_patch_0001.npz,0.5011934638023376,0.4537196457386017,0.42054787278175354,-0.013116446323692799,1
874,S_142,S_142_patch_0002,2,/content/PATIENT_RECONSTRUCTED_PREDICTIONS_FROM_PATCHES/patch_predictions_npz/0000874_S_142_S_142_patch_0002.npz,0.5331926345825195,0.42105817794799805,0.398541122674942,0.2395072728395462,8
875,S_142,S_142_patch_0003,3,/content/PATIENT_RECONSTRUCTED_PREDICTIONS_FROM_PATCHES/patch_predictions_npz/0000875_S_142_S_142_patch_0003.npz,0.5572454929351807,0.3789888918399811,0.46279287338256836,0.02942810393869877,6
876,S_142,S_142_patch_0004,4,/content/PATIENT_RECONSTRUCTED_PREDICTIONS_FROM_PATCHES/patch_predictions_npz/0000876_S_142_S_142_patch_0004.npz,0.5453588366508484,0.38739895820617676,0.48278823494911194,-0.1898518204689026,9
877,S_142,S_142_patch_0005,5,/content/PATIENT_RECONSTRUCTED_PREDICTIONS_FROM_PATCHES/patch_predictions_npz/0000877_S_142_S_142_patch_0005.npz,0.5941370129585266,0.4063204824924469,0.3694583475589752,-0.3575749099254608,8
878,S_142,S_142_patch_0006,6,/content/PATIENT_RECONSTRUCTED_PREDICTIONS_FROM_PATCHES/patch_predictions_npz/0000878_S_142_S_142_patch_0006.npz,0.6233512759208679,0.35977792739868164,0.4653492271900177,-0.23598237335681915,2
879,S_142,S_142_patch_0007,7,/content/PATIENT_RECONSTRUCTED_PREDICTIONS_FROM_PATCHES/patch_predictions_npz/0000879_S_142_S_142_patch_0007.npz,0.6078143119812012,0.38021644949913025,0.4581652581691742,-0.41398799419403076,2
880,S_143,S_143_patch_0000,0,/content/PATIENT_RECONSTRUCTED_PREDICTIONS_FROM_PATCHES/patch_predictions_npz/0000880_S_143_S_143_patch_0000.npz,0.4093320369720459,0.4737568795681,0.4297304153442383,-0.24530798196792603,2
881,S_143,S_143_patch_0001,1,/content/PATIENT_RECONSTRUCTED_PREDICTIONS_FROM_PATCHES/patch_predictions_npz/0000881_S_143_S_143_patch_0001.npz,0.5292479991912842,0.44541001319885254,0.40978536009788513,-0.06463152170181274,2
882,S_143,S_143_patch_0002,2,/content/PATIENT_RECONSTRUCTED_PREDICTIONS_FROM_PATCHES/patch_predictions_npz/0000882_S_143_S_143_patch_0002.npz,0.5481731295585632,0.4185656011104584,0.392723947763443,0.18111461400985718,10
883,S_143,S_143_patch_0003,3,/content/PATIENT_RECONSTRUCTED_PREDICTIONS_FROM_PATCHES/patch_predictions_npz/0000883_S_143_S_143_patch_0003.npz,0.5606964826583862,0.39380335807800293,0.4545496702194214,0.041612908244132996,8
884,S_143,S_143_patch_0004,4,/content/PATIENT_RECONSTRUCTED_PREDICTIONS_FROM_PATCHES/patch_predictions_npz/0000884_S_143_S_143_patch_0004.npz,0.5765999555587769,0.3881779611110687,0.48956063389778137,-0.29117271304130554,9
885,S_143,S_143_patch_0005,5,/content/PATIENT_RECONSTRUCTED_PREDICTIONS_FROM_PATCHES/patch_predictions_npz/0000885_S_143_S_143_patch_0005.npz,0.6018428206443787,0.4088941514492035,0.38784733414649963,-0.432094007730484,7
886,S_143,S_143_patch_0006,6,/content/PATIENT_RECONSTRUCTED_PREDICTIONS_FROM_PATCHES/patch_predictions_npz/0000886_S_143_S_143_patch_0006.npz,0.6105866432189941,0.3657321035861969,0.45453882217407227,-0.27272817492485046,4
887,S_143,S_143_patch_0007,7,/content/PATIENT_RECONSTRUCTED_PREDICTIONS_FROM_PATCHES/patch_predictions_npz/0000887_S_143_S_143_patch_0007.npz,0.5445452332496643,0.4011736810207367,0.44880911707878113,-0.22590269148349762,2
888,S_144,S_144_patch_0000,0,/content/PATIENT_RECONSTRUCTED_PREDICTIONS_FROM_PATCHES/patch_predictions_npz/0000888_S_144_S_144_patch_0000.npz,0.40738749504089355,0.4727664887905121,0.43135568499565125,-0.23154671490192413,2
889,S_144,S_144_patch_0001,1,/content/PATIENT_RECONSTRUCTED_PREDICTIONS_FROM_PATCHES/patch_predictions_npz/0000889_S_144_S_144_patch_0001.npz,0.5312409996986389,0.44648507237434387,0.41266342997550964,-0.07626839727163315,2
890,S_144,S_144_patch_0002,2,/content/PATIENT_RECONSTRUCTED_PREDICTIONS_FROM_PATCHES/patch_predictions_npz/0000890_S_144_S_144_patch_0002.npz,0.5656812191009521,0.41288700699806213,0.38927531242370605,0.22337031364440918,5
891,S_144,S_144_patch_0003,3,/content/PATIENT_RECONSTRUCTED_PREDICTIONS_FROM_PATCHES/patch_predictions_npz/0000891_S_144_S_144_patch_0003.npz,0.560245931148529,0.38051676750183105,0.46151313185691833,0.031500283628702164,6
892,S_144,S_144_patch_0004,4,/content/PATIENT_RECONSTRUCTED_PREDICTIONS_FROM_PATCHES/patch_predictions_npz/0000892_S_144_S_144_patch_0004.npz,0.5311303734779358,0.3896866738796234,0.4782610237598419,-0.14345957338809967,9
893,S_144,S_144_patch_0005,5,/content/PATIENT_RECONSTRUCTED_PREDICTIONS_FROM_PATCHES/patch_predictions_npz/0000893_S_144_S_144_patch_0005.npz,0.5768448710441589,0.4048517644405365,0.3780069351196289,-0.3103463649749756,8
894,S_144,S_144_patch_0006,6,/content/PATIENT_RECONSTRUCTED_PREDICTIONS_FROM_PATCHES/patch_predictions_npz/0000894_S_144_S_144_patch_0006.npz,0.6479334235191345,0.34881293773651123,0.4562399387359619,-0.30741289258003235,3
895,S_144,S_144_patch_0007,7,/content/PATIENT_RECONSTRUCTED_PREDICTIONS_FROM_PATCHES/patch_predictions_npz/0000895_S_144_S_144_patch_0007.npz,0.5937871336936951,0.3828953206539154,0.44456562399864197,-0.3665209710597992,2
896,S_145,S_145_patch_0000,0,/content/PATIENT_RECONSTRUCTED_PREDICTIONS_FROM_PATCHES/patch_predictions_npz/0000896_S_145_S_145_patch_0000.npz,0.4086933135986328,0.474680632352829,0.43496426939964294,-0.17852358520030975,1
897,S_145,S_145_patch_0001,1,/content/PATIENT_RECONSTRUCTED_PREDICTIONS_FROM_PATCHES/patch_predictions_npz/0000897_S_145_S_145_patch_0001.npz,0.4925553798675537,0.4568411409854889,0.4218013286590576,-0.018853893503546715,2
898,S_145,S_145_patch_0002,2,/content/PATIENT_RECONSTRUCTED_PREDICTIONS_FROM_PATCHES/patch_predictions_npz/0000898_S_145_S_145_patch_0002.npz,0.5131566524505615,0.4279855787754059,0.4041607677936554,0.2130161076784134,11
899,S_145,S_145_patch_0003,3,/content/PATIENT_RECONSTRUCTED_PREDICTIONS_FROM_PATCHES/patch_predictions_npz/0000899_S_145_S_145_patch_0003.npz,0.5244923233985901,0.39802995324134827,0.45658349990844727,0.05135959014296532,7
900,S_145,S_145_patch_0004,4,/content/PATIENT_RECONSTRUCTED_PREDICTIONS_FROM_PATCHES/patch_predictions_npz/0000900_S_145_S_145_patch_0004.npz,0.51444411277771,0.4063974916934967,0.4757980406284332,-0.1533650904893875,11
901,S_145,S_145_patch_0005,5,/content/PATIENT_RECONSTRUCTED_PREDICTIONS_FROM_PATCHES/patch_predictions_npz/0000901_S_145_S_145_patch_0005.npz,0.5497778058052063,0.4198931157588959,0.39201048016548157,-0.2749353051185608,6
902,S_145,S_145_patch_0006,6,/content/PATIENT_RECONSTRUCTED_PREDICTIONS_FROM_PATCHES/patch_predictions_npz/0000902_S_145_S_145_patch_0006.npz,0.5919252038002014,0.3764280378818512,0.458053320646286,-0.23577602207660675,4
903,S_145,S_145_patch_0007,7,/content/PATIENT_RECONSTRUCTED_PREDICTIONS_FROM_PATCHES/patch_predictions_npz/0000903_S_145_S_145_patch_0007.npz,0.520013153553009,0.4136113226413727,0.4496026039123535,-0.19068290293216705,2
904,S_146,S_146_patch_0000,0,/content/PATIENT_RECONSTRUCTED_PREDICTIONS_FROM_PATCHES/patch_predictions_npz/0000904_S_146_S_146_patch_0000.npz,0.3948250114917755,0.4625873565673828,0.43500903248786926,0.058020222932100296,1
905,S_146,S_146_patch_0001,1,/content/PATIENT_RECONSTRUCTED_PREDICTIONS_FROM_PATCHES/patch_predictions_npz/0000905_S_146_S_146_patch_0001.npz,0.4734586775302887,0.4548341929912567,0.4228498041629791,0.05968424677848816,2
906,S_146,S_146_patch_0002,2,/content/PATIENT_RECONSTRUCTED_PREDICTIONS_FROM_PATCHES/patch_predictions_npz/0000906_S_146_S_146_patch_0002.npz,0.4969278872013092,0.43115556240081787,0.40777158737182617,0.2339906245470047,12
907,S_146,S_146_patch_0003,3,/content/PATIENT_RECONSTRUCTED_PREDICTIONS_FROM_PATCHES/patch_predictions_npz/0000907_S_146_S_146_patch_0003.npz,0.5035629868507385,0.40806499123573303,0.4499204158782959,0.13513994216918945,8
908,S_146,S_146_patch_0004,4,/content/PATIENT_RECONSTRUCTED_PREDICTIONS_FROM_PATCHES/patch_predictions_npz/0000908_S_146_S_146_patch_0004.npz,0.49768152832984924,0.40696075558662415,0.4708487093448639,-0.04213917255401611,10
909,S_146,S_146_patch_0005,5,/content/PATIENT_RECONSTRUCTED_PREDICTIONS_FROM_PATCHES/patch_predictions_npz/0000909_S_146_S_146_patch_0005.npz,0.5229344367980957,0.4219623804092407,0.4081156253814697,-0.16413117945194244,8
910,S_146,S_146_patch_0006,6,/content/PATIENT_RECONSTRUCTED_PREDICTIONS_FROM_PATCHES/patch_predictions_npz/0000910_S_146_S_146_patch_0006.npz,0.5441031455993652,0.395099401473999,0.4459104537963867,-0.10298586636781693,4
911,S_146,S_146_patch_0007,7,/content/PATIENT_RECONSTRUCTED_PREDICTIONS_FROM_PATCHES/patch_predictions_npz/0000911_S_146_S_146_patch_0007.npz,0.5017532706260681,0.41306257247924805,0.44891008734703064,-0.08819913119077682,2
912,S_147,S_147_patch_0000,0,/content/PATIENT_RECONSTRUCTED_PREDICTIONS_FROM_PATCHES/patch_predictions_npz/0000912_S_147_S_147_patch_0000.npz,0.39750465750694275,0.4637914001941681,0.4324982166290283,-0.016229376196861267,2
913,S_147,S_147_patch_0001,1,/content/PATIENT_RECONSTRUCTED_PREDICTIONS_FROM_PATCHES/patch_predictions_npz/0000913_S_147_S_147_patch_0001.npz,0.4776245057582855,0.4517660439014435,0.41901299357414246,0.05426397919654846,4
914,S_147,S_147_patch_0002,2,/content/PATIENT_RECONSTRUCTED_PREDICTIONS_FROM_PATCHES/patch_predictions_npz/0000914_S_147_S_147_patch_0002.npz,0.4874649941921234,0.43328800797462463,0.4075145423412323,0.2359311580657959,9
915,S_147,S_147_patch_0003,3,/content/PATIENT_RECONSTRUCTED_PREDICTIONS_FROM_PATCHES/patch_predictions_npz/0000915_S_147_S_147_patch_0003.npz,0.4892519414424896,0.4084128439426422,0.44953373074531555,0.14339704811573029,6
916,S_147,S_147_patch_0004,4,/content/PATIENT_RECONSTRUCTED_PREDICTIONS_FROM_PATCHES/patch_predictions_npz/0000916_S_147_S_147_patch_0004.npz,0.4811590909957886,0.4117492139339447,0.46548914909362793,0.010488728992640972,9
917,S_147,S_147_patch_0005,5,/content/PATIENT_RECONSTRUCTED_PREDICTIONS_FROM_PATCHES/patch_predictions_npz/0000917_S_147_S_147_patch_0005.npz,0.5166961550712585,0.4206796884536743,0.4080001413822174,-0.12650622427463531,8
918,S_147,S_147_patch_0006,6,/content/PATIENT_RECONSTRUCTED_PREDICTIONS_FROM_PATCHES/patch_predictions_npz/0000918_S_147_S_147_patch_0006.npz,0.5500015616416931,0.39399030804634094,0.4442633092403412,-0.10269462317228317,4
919,S_147,S_147_patch_0007,7,/content/PATIENT_RECONSTRUCTED_PREDICTIONS_FROM_PATCHES/patch_predictions_npz/0000919_S_147_S_147_patch_0007.npz,0.49458202719688416,0.41171446442604065,0.4508047103881836,-0.058092985302209854,2
920,S_148,S_148_patch_0000,0,/content/PATIENT_RECONSTRUCTED_PREDICTIONS_FROM_PATCHES/patch_predictions_npz/0000920_S_148_S_148_patch_0000.npz,0.39692965149879456,0.4646376669406891,0.4338208734989166,0.010492965579032898,2
921,S_148,S_148_patch_0001,1,/content/PATIENT_RECONSTRUCTED_PREDICTIONS_FROM_PATCHES/patch_predictions_npz/0000921_S_148_S_148_patch_0001.npz,0.48622235655784607,0.4522145688533783,0.41804957389831543,0.04150998219847679,2
922,S_148,S_148_patch_0002,2,/content/PATIENT_RECONSTRUCTED_PREDICTIONS_FROM_PATCHES/patch_predictions_npz/0000922_S_148_S_148_patch_0002.npz,0.5188504457473755,0.42503222823143005,0.40164101123809814,0.23579902946949005,9
923,S_148,S_148_patch_0003,3,/content/PATIENT_RECONSTRUCTED_PREDICTIONS_FROM_PATCHES/patch_predictions_npz/0000923_S_148_S_148_patch_0003.npz,0.5338827967643738,0.3957086503505707,0.45430514216423035,0.08039014786481857,7
924,S_148,S_148_patch_0004,4,/content/PATIENT_RECONSTRUCTED_PREDICTIONS_FROM_PATCHES/patch_predictions_npz/0000924_S_148_S_148_patch_0004.npz,0.509323239326477,0.40141311287879944,0.474804550409317,-0.07977903634309769,10
925,S_148,S_148_patch_0005,5,/content/PATIENT_RECONSTRUCTED_PREDICTIONS_FROM_PATCHES/patch_predictions_npz/0000925_S_148_S_148_patch_0005.npz,0.5519415140151978,0.41443201899528503,0.3884541690349579,-0.2320307493209839,7
926,S_148,S_148_patch_0006,6,/content/PATIENT_RECONSTRUCTED_PREDICTIONS_FROM_PATCHES/patch_predictions_npz/0000926_S_148_S_148_patch_0006.npz,0.5879502296447754,0.3752979338169098,0.4517698287963867,-0.17758269608020782,4
927,S_148,S_148_patch_0007,7,/content/PATIENT_RECONSTRUCTED_PREDICTIONS_FROM_PATCHES/patch_predictions_npz/0000927_S_148_S_148_patch_0007.npz,0.5398649573326111,0.39884641766548157,0.45159295201301575,-0.20271383225917816,2
928,S_149,S_149_patch_0000,0,/content/PATIENT_RECONSTRUCTED_PREDICTIONS_FROM_PATCHES/patch_predictions_npz/0000928_S_149_S_149_patch_0000.npz,0.40888676047325134,0.473489910364151,0.4321575164794922,-0.20106570422649384,2
929,S_149,S_149_patch_0001,1,/content/PATIENT_RECONSTRUCTED_PREDICTIONS_FROM_PATCHES/patch_predictions_npz/0000929_S_149_S_149_patch_0001.npz,0.4926033914089203,0.4504363536834717,0.4189879596233368,0.012463584542274475,1
930,S_149,S_149_patch_0002,2,/content/PATIENT_RECONSTRUCTED_PREDICTIONS_FROM_PATCHES/patch_predictions_npz/0000930_S_149_S_149_patch_0002.npz,0.5168829560279846,0.4272101819515228,0.40238797664642334,0.23270682990550995,9
931,S_149,S_149_patch_0003,3,/content/PATIENT_RECONSTRUCTED_PREDICTIONS_FROM_PATCHES/patch_predictions_npz/0000931_S_149_S_149_patch_0003.npz,0.5339202880859375,0.39182353019714355,0.45468977093696594,0.08913608640432358,6
932,S_149,S_149_patch_0004,4,/content/PATIENT_RECONSTRUCTED_PREDICTIONS_FROM_PATCHES/patch_predictions_npz/0000932_S_149_S_149_patch_0004.npz,0.530332088470459,0.3896653652191162,0.47949501872062683,-0.14241231977939606,8
933,S_149,S_149_patch_0005,5,/content/PATIENT_RECONSTRUCTED_PREDICTIONS_FROM_PATCHES/patch_predictions_npz/0000933_S_149_S_149_patch_0005.npz,0.5576580166816711,0.4118303954601288,0.3901500701904297,-0.24664203822612762,8
934,S_149,S_149_patch_0006,6,/content/PATIENT_RECONSTRUCTED_PREDICTIONS_FROM_PATCHES/patch_predictions_npz/0000934_S_149_S_149_patch_0006.npz,0.5971591472625732,0.37022289633750916,0.45131000876426697,-0.18978314101696014,5
935,S_149,S_149_patch_0007,7,/content/PATIENT_RECONSTRUCTED_PREDICTIONS_FROM_PATCHES/patch_predictions_npz/0000935_S_149_S_149_patch_0007.npz,0.5425109267234802,0.3977104723453522,0.4497326910495758,-0.2106129378080368,2
936,S_150,S_150_patch_0000,0,/content/PATIENT_RECONSTRUCTED_PREDICTIONS_FROM_PATCHES/patch_predictions_npz/0000936_S_150_S_150_patch_0000.npz,0.40306106209754944,0.46991410851478577,0.43144264817237854,-0.15467727184295654,2
937,S_150,S_150_patch_0001,1,/content/PATIENT_RECONSTRUCTED_PREDICTIONS_FROM_PATCHES/patch_predictions_npz/0000937_S_150_S_150_patch_0001.npz,0.4966883659362793,0.45112523436546326,0.42069923877716064,0.0027196493465453386,1
938,S_150,S_150_patch_0002,2,/content/PATIENT_RECONSTRUCTED_PREDICTIONS_FROM_PATCHES/patch_predictions_npz/0000938_S_150_S_150_patch_0002.npz,0.5320441126823425,0.4268700182437897,0.3996622562408447,0.22717995941638947,8
939,S_150,S_150_patch_0003,3,/content/PATIENT_RECONSTRUCTED_PREDICTIONS_FROM_PATCHES/patch_predictions_npz/0000939_S_150_S_150_patch_0003.npz,0.5473321676254272,0.38894280791282654,0.45969507098197937,0.0608995258808136,8
940,S_150,S_150_patch_0004,4,/content/PATIENT_RECONSTRUCTED_PREDICTIONS_FROM_PATCHES/patch_predictions_npz/0000940_S_150_S_150_patch_0004.npz,0.5322085618972778,0.39039596915245056,0.47663816809654236,-0.16002099215984344,9
941,S_150,S_150_patch_0005,5,/content/PATIENT_RECONSTRUCTED_PREDICTIONS_FROM_PATCHES/patch_predictions_npz/0000941_S_150_S_150_patch_0005.npz,0.5788671970367432,0.4068795144557953,0.3708895742893219,-0.3084396421909332,8
942,S_150,S_150_patch_0006,6,/content/PATIENT_RECONSTRUCTED_PREDICTIONS_FROM_PATCHES/patch_predictions_npz/0000942_S_150_S_150_patch_0006.npz,0.604981005191803,0.36566194891929626,0.45877406001091003,-0.18618886172771454,3
943,S_150,S_150_patch_0007,7,/content/PATIENT_RECONSTRUCTED_PREDICTIONS_FROM_PATCHES/patch_predictions_npz/0000943_S_150_S_150_patch_0007.npz,0.5672545433044434,0.39191171526908875,0.4475116729736328,-0.2911401689052582,2
944,S_151,S_151_patch_0000,0,/content/PATIENT_RECONSTRUCTED_PREDICTIONS_FROM_PATCHES/patch_predictions_npz/0000944_S_151_S_151_patch_0000.npz,0.413682222366333,0.4791085422039032,0.4310271441936493,-0.3143726885318756,3
945,S_151,S_151_patch_0001,1,/content/PATIENT_RECONSTRUCTED_PREDICTIONS_FROM_PATCHES/patch_predictions_npz/0000945_S_151_S_151_patch_0001.npz,0.547188937664032,0.4455571472644806,0.4062800407409668,-0.14305944740772247,2
946,S_151,S_151_patch_0002,2,/content/PATIENT_RECONSTRUCTED_PREDICTIONS_FROM_PATCHES/patch_predictions_npz/0000946_S_151_S_151_patch_0002.npz,0.5773451924324036,0.41695258021354675,0.3837010860443115,0.16791735589504242,9
947,S_151,S_151_patch_0003,3,/content/PATIENT_RECONSTRUCTED_PREDICTIONS_FROM_PATCHES/patch_predictions_npz/0000947_S_151_S_151_patch_0003.npz,0.5723535418510437,0.38166388869285583,0.4636594355106354,-0.053408071398735046,7
948,S_151,S_151_patch_0004,4,/content/PATIENT_RECONSTRUCTED_PREDICTIONS_FROM_PATCHES/patch_predictions_npz/0000948_S_151_S_151_patch_0004.npz,0.5432877540588379,0.395577996969223,0.4806390702724457,-0.2529466152191162,10
949,S_151,S_151_patch_0005,5,/content/PATIENT_RECONSTRUCTED_PREDICTIONS_FROM_PATCHES/patch_predictions_npz/0000949_S_151_S_151_patch_0005.npz,0.608975350856781,0.40868258476257324,0.3649084270000458,-0.45737913250923157,8
950,S_151,S_151_patch_0006,6,/content/PATIENT_RECONSTRUCTED_PREDICTIONS_FROM_PATCHES/patch_predictions_npz/0000950_S_151_S_151_patch_0006.npz,0.6206030249595642,0.37306785583496094,0.4665025472640991,-0.3098139464855194,2
951,S_151,S_151_patch_0007,7,/content/PATIENT_RECONSTRUCTED_PREDICTIONS_FROM_PATCHES/patch_predictions_npz/0000951_S_151_S_151_patch_0007.npz,0.5438872575759888,0.4053894579410553,0.4535975754261017,-0.2741840183734894,2
952,S_152,S_152_patch_0000,0,/content/PATIENT_RECONSTRUCTED_PREDICTIONS_FROM_PATCHES/patch_predictions_npz/0000952_S_152_S_152_patch_0000.npz,0.40455949306488037,0.47058573365211487,0.43260231614112854,-0.13290496170520782,2
953,S_152,S_152_patch_0001,1,/content/PATIENT_RECONSTRUCTED_PREDICTIONS_FROM_PATCHES/patch_predictions_npz/0000953_S_152_S_152_patch_0001.npz,0.4883871078491211,0.4521177113056183,0.4163839817047119,0.015164888463914394,1
954,S_152,S_152_patch_0002,2,/content/PATIENT_RECONSTRUCTED_PREDICTIONS_FROM_PATCHES/patch_predictions_npz/0000954_S_152_S_152_patch_0002.npz,0.5040696859359741,0.4361788332462311,0.40883851051330566,0.19852781295776367,10
955,S_152,S_152_patch_0003,3,/content/PATIENT_RECONSTRUCTED_PREDICTIONS_FROM_PATCHES/patch_predictions_npz/0000955_S_152_S_152_patch_0003.npz,0.5090513825416565,0.40442028641700745,0.45145466923713684,0.0787259116768837,9
956,S_152,S_152_patch_0004,4,/content/PATIENT_RECONSTRUCTED_PREDICTIONS_FROM_PATCHES/patch_predictions_npz/0000956_S_152_S_152_patch_0004.npz,0.5038627982139587,0.4086126983165741,0.4701819121837616,-0.08075623959302902,10
957,S_152,S_152_patch_0005,5,/content/PATIENT_RECONSTRUCTED_PREDICTIONS_FROM_PATCHES/patch_predictions_npz/0000957_S_152_S_152_patch_0005.npz,0.5264797806739807,0.4264538288116455,0.4078647196292877,-0.19051997363567352,8
958,S_152,S_152_patch_0006,6,/content/PATIENT_RECONSTRUCTED_PREDICTIONS_FROM_PATCHES/patch_predictions_npz/0000958_S_152_S_152_patch_0006.npz,0.5484138131141663,0.401165634393692,0.43847334384918213,-0.1467444747686386,3
959,S_152,S_152_patch_0007,7,/content/PATIENT_RECONSTRUCTED_PREDICTIONS_FROM_PATCHES/patch_predictions_npz/0000959_S_152_S_152_patch_0007.npz,0.48711463809013367,0.4175766408443451,0.4542750120162964,-0.04037453606724739,2
960,S_153,S_153_patch_0000,0,/content/PATIENT_RECONSTRUCTED_PREDICTIONS_FROM_PATCHES/patch_predictions_npz/0000960_S_153_S_153_patch_0000.npz,0.3946714699268341,0.46348676085472107,0.4353224039077759,0.03545881435275078,1
961,S_153,S_153_patch_0001,1,/content/PATIENT_RECONSTRUCTED_PREDICTIONS_FROM_PATCHES/patch_predictions_npz/0000961_S_153_S_153_patch_0001.npz,0.4784219264984131,0.4545111656188965,0.4216955602169037,0.026874342933297157,2
962,S_153,S_153_patch_0002,2,/content/PATIENT_RECONSTRUCTED_PREDICTIONS_FROM_PATCHES/patch_predictions_npz/0000962_S_153_S_153_patch_0002.npz,0.4926801025867462,0.43826818466186523,0.4091140329837799,0.2017567753791809,12
963,S_153,S_153_patch_0003,3,/content/PATIENT_RECONSTRUCTED_PREDICTIONS_FROM_PATCHES/patch_predictions_npz/0000963_S_153_S_153_patch_0003.npz,0.50185227394104,0.4121920168399811,0.4489642083644867,0.10679546743631363,7
964,S_153,S_153_patch_0004,4,/content/PATIENT_RECONSTRUCTED_PREDICTIONS_FROM_PATCHES/patch_predictions_npz/0000964_S_153_S_153_patch_0004.npz,0.49139639735221863,0.4157494604587555,0.4692936837673187,-0.04698232188820839,10
965,S_153,S_153_patch_0005,5,/content/PATIENT_RECONSTRUCTED_PREDICTIONS_FROM_PATCHES/patch_predictions_npz/0000965_S_153_S_153_patch_0005.npz,0.5262450575828552,0.429349422454834,0.41127490997314453,-0.1854637861251831,8
966,S_153,S_153_patch_0006,6,/content/PATIENT_RECONSTRUCTED_PREDICTIONS_FROM_PATCHES/patch_predictions_npz/0000966_S_153_S_153_patch_0006.npz,0.560386598110199,0.39641866087913513,0.45273706316947937,-0.1609814614057541,4
967,S_153,S_153_patch_0007,7,/content/PATIENT_RECONSTRUCTED_PREDICTIONS_FROM_PATCHES/patch_predictions_npz/0000967_S_153_S_153_patch_0007.npz,0.49537041783332825,0.41595420241355896,0.4550282657146454,-0.08700432628393173,3
968,S_154,S_154_patch_0000,0,/content/PATIENT_RECONSTRUCTED_PREDICTIONS_FROM_PATCHES/patch_predictions_npz/0000968_S_154_S_154_patch_0000.npz,0.4000016450881958,0.4674032926559448,0.43366363644599915,-0.04954630136489868,2
969,S_154,S_154_patch_0001,1,/content/PATIENT_RECONSTRUCTED_PREDICTIONS_FROM_PATCHES/patch_predictions_npz/0000969_S_154_S_154_patch_0001.npz,0.4911941587924957,0.4549555778503418,0.4178520143032074,-0.004098273813724518,2
970,S_154,S_154_patch_0002,2,/content/PATIENT_RECONSTRUCTED_PREDICTIONS_FROM_PATCHES/patch_predictions_npz/0000970_S_154_S_154_patch_0002.npz,0.5124801993370056,0.4359736442565918,0.40511927008628845,0.1781206578016281,13
971,S_154,S_154_patch_0003,3,/content/PATIENT_RECONSTRUCTED_PREDICTIONS_FROM_PATCHES/patch_predictions_npz/0000971_S_154_S_154_patch_0003.npz,0.5293941497802734,0.40709829330444336,0.4476349353790283,0.05547191575169563,9
972,S_154,S_154_patch_0004,4,/content/PATIENT_RECONSTRUCTED_PREDICTIONS_FROM_PATCHES/patch_predictions_npz/0000972_S_154_S_154_patch_0004.npz,0.4988790452480316,0.41390642523765564,0.47044897079467773,-0.08455070108175278,8
973,S_154,S_154_patch_0005,5,/content/PATIENT_RECONSTRUCTED_PREDICTIONS_FROM_PATCHES/patch_predictions_npz/0000973_S_154_S_154_patch_0005.npz,0.5265663266181946,0.4267825782299042,0.3998028337955475,-0.20129495859146118,9
974,S_154,S_154_patch_0006,6,/content/PATIENT_RECONSTRUCTED_PREDICTIONS_FROM_PATCHES/patch_predictions_npz/0000974_S_154_S_154_patch_0006.npz,0.565485417842865,0.3896063268184662,0.4514968693256378,-0.17505194246768951,4
975,S_154,S_154_patch_0007,7,/content/PATIENT_RECONSTRUCTED_PREDICTIONS_FROM_PATCHES/patch_predictions_npz/0000975_S_154_S_154_patch_0007.npz,0.48997971415519714,0.41705307364463806,0.4506528377532959,-0.06588894873857498,2
976,S_155,S_155_patch_0000,0,/content/PATIENT_RECONSTRUCTED_PREDICTIONS_FROM_PATCHES/patch_predictions_npz/0000976_S_155_S_155_patch_0000.npz,0.3973037302494049,0.46578073501586914,0.43639054894447327,0.024855613708496094,2
977,S_155,S_155_patch_0001,1,/content/PATIENT_RECONSTRUCTED_PREDICTIONS_FROM_PATCHES/patch_predictions_npz/0000977_S_155_S_155_patch_0001.npz,0.4735078811645508,0.4634738266468048,0.42884862422943115,0.026645436882972717,2
978,S_155,S_155_patch_0002,2,/content/PATIENT_RECONSTRUCTED_PREDICTIONS_FROM_PATCHES/patch_predictions_npz/0000978_S_155_S_155_patch_0002.npz,0.489314466714859,0.44516369700431824,0.4152212142944336,0.155831441283226,12
979,S_155,S_155_patch_0003,3,/content/PATIENT_RECONSTRUCTED_PREDICTIONS_FROM_PATCHES/patch_predictions_npz/0000979_S_155_S_155_patch_0003.npz,0.5023648142814636,0.42356714606285095,0.4452049732208252,0.12225160002708435,11
980,S_155,S_155_patch_0004,4,/content/PATIENT_RECONSTRUCTED_PREDICTIONS_FROM_PATCHES/patch_predictions_npz/0000980_S_155_S_155_patch_0004.npz,0.5048554539680481,0.4121691882610321,0.46266618371009827,-0.012535794638097286,9
981,S_155,S_155_patch_0005,5,/content/PATIENT_RECONSTRUCTED_PREDICTIONS_FROM_PATCHES/patch_predictions_npz/0000981_S_155_S_155_patch_0005.npz,0.5237966179847717,0.4284469783306122,0.42722585797309875,-0.15400691330432892,9
982,S_155,S_155_patch_0006,6,/content/PATIENT_RECONSTRUCTED_PREDICTIONS_FROM_PATCHES/patch_predictions_npz/0000982_S_155_S_155_patch_0006.npz,0.5678359866142273,0.3935145139694214,0.45756492018699646,-0.18296192586421967,6
983,S_155,S_155_patch_0007,7,/content/PATIENT_RECONSTRUCTED_PREDICTIONS_FROM_PATCHES/patch_predictions_npz/0000983_S_155_S_155_patch_0007.npz,0.49691057205200195,0.41404154896736145,0.45384976267814636,-0.06860828399658203,2
984,S_156,S_156_patch_0000,0,/content/PATIENT_RECONSTRUCTED_PREDICTIONS_FROM_PATCHES/patch_predictions_npz/0000984_S_156_S_156_patch_0000.npz,0.40472325682640076,0.47189000248908997,0.43387484550476074,-0.13726083934307098,1
985,S_156,S_156_patch_0001,1,/content/PATIENT_RECONSTRUCTED_PREDICTIONS_FROM_PATCHES/patch_predictions_npz/0000985_S_156_S_156_patch_0001.npz,0.5185074210166931,0.45287343859672546,0.41314128041267395,-0.06555920094251633,5
986,S_156,S_156_patch_0002,2,/content/PATIENT_RECONSTRUCTED_PREDICTIONS_FROM_PATCHES/patch_predictions_npz/0000986_S_156_S_156_patch_0002.npz,0.5405207872390747,0.42995908856391907,0.40298569202423096,0.19027124345302582,11
987,S_156,S_156_patch_0003,3,/content/PATIENT_RECONSTRUCTED_PREDICTIONS_FROM_PATCHES/patch_predictions_npz/0000987_S_156_S_156_patch_0003.npz,0.5555753111839294,0.38549375534057617,0.4602440893650055,-0.007178042083978653,7
988,S_156,S_156_patch_0004,4,/content/PATIENT_RECONSTRUCTED_PREDICTIONS_FROM_PATCHES/patch_predictions_npz/0000988_S_156_S_156_patch_0004.npz,0.5339694619178772,0.4040067195892334,0.47643032670021057,-0.1788880079984665,10
989,S_156,S_156_patch_0005,5,/content/PATIENT_RECONSTRUCTED_PREDICTIONS_FROM_PATCHES/patch_predictions_npz/0000989_S_156_S_156_patch_0005.npz,0.5682175159454346,0.4161396026611328,0.39812514185905457,-0.28804054856300354,7
990,S_156,S_156_patch_0006,6,/content/PATIENT_RECONSTRUCTED_PREDICTIONS_FROM_PATCHES/patch_predictions_npz/0000990_S_156_S_156_patch_0006.npz,0.6068035960197449,0.3738532066345215,0.4481782615184784,-0.24952393770217896,4
991,S_156,S_156_patch_0007,7,/content/PATIENT_RECONSTRUCTED_PREDICTIONS_FROM_PATCHES/patch_predictions_npz/0000991_S_156_S_156_patch_0007.npz,0.5440029501914978,0.40397027134895325,0.45684075355529785,-0.24449299275875092,2
992,S_157,S_157_patch_0000,0,/content/PATIENT_RECONSTRUCTED_PREDICTIONS_FROM_PATCHES/patch_predictions_npz/0000992_S_157_S_157_patch_0000.npz,0.4044273793697357,0.47072842717170715,0.4350799024105072,-0.10786184668540955,1
993,S_157,S_157_patch_0001,1,/content/PATIENT_RECONSTRUCTED_PREDICTIONS_FROM_PATCHES/patch_predictions_npz/0000993_S_157_S_157_patch_0001.npz,0.4856683313846588,0.45472028851509094,0.42244771122932434,0.018430626019835472,1
994,S_157,S_157_patch_0002,2,/content/PATIENT_RECONSTRUCTED_PREDICTIONS_FROM_PATCHES/patch_predictions_npz/0000994_S_157_S_157_patch_0002.npz,0.506321907043457,0.4265214502811432,0.40422749519348145,0.22988885641098022,10
995,S_157,S_157_patch_0003,3,/content/PATIENT_RECONSTRUCTED_PREDICTIONS_FROM_PATCHES/patch_predictions_npz/0000995_S_157_S_157_patch_0003.npz,0.5011458992958069,0.40446463227272034,0.4519563615322113,0.1227952167391777,6
996,S_157,S_157_patch_0004,4,/content/PATIENT_RECONSTRUCTED_PREDICTIONS_FROM_PATCHES/patch_predictions_npz/0000996_S_157_S_157_patch_0004.npz,0.48996374011039734,0.40957963466644287,0.4678713381290436,-0.027632400393486023,10
997,S_157,S_157_patch_0005,5,/content/PATIENT_RECONSTRUCTED_PREDICTIONS_FROM_PATCHES/patch_predictions_npz/0000997_S_157_S_157_patch_0005.npz,0.5259096026420593,0.421646386384964,0.3989189565181732,-0.16506363451480865,8
998,S_157,S_157_patch_0006,6,/content/PATIENT_RECONSTRUCTED_PREDICTIONS_FROM_PATCHES/patch_predictions_npz/0000998_S_157_S_157_patch_0006.npz,0.5719348788261414,0.38432034850120544,0.44971850514411926,-0.15180851519107819,4
999,S_157,S_157_patch_0007,7,/content/PATIENT_RECONSTRUCTED_PREDICTIONS_FROM_PATCHES/patch_predictions_npz/0000999_S_157_S_157_patch_0007.npz,0.5279661417007446,0.40555039048194885,0.4494136571884155,-0.19259148836135864,2
1000,S_158,S_158_patch_0000,0,/content/PATIENT_RECONSTRUCTED_PREDICTIONS_FROM_PATCHES/patch_predictions_npz/0001000_S_158_S_158_patch_0000.npz,0.40420612692832947,0.47101736068725586,0.4313744604587555,-0.044998619705438614,3
1001,S_158,S_158_patch_0001,1,/content/PATIENT_RECONSTRUCTED_PREDICTIONS_FROM_PATCHES/patch_predictions_npz/0001001_S_158_S_158_patch_0001.npz,0.48237311840057373,0.45360663533210754,0.41486668586730957,0.037665627896785736,3
1002,S_158,S_158_patch_0002,2,/content/PATIENT_RECONSTRUCTED_PREDICTIONS_FROM_PATCHES/patch_predictions_npz/0001002_S_158_S_158_patch_0002.npz,0.5358913540840149,0.42976561188697815,0.4001406133174896,0.18520033359527588,11
1003,S_158,S_158_patch_0003,3,/content/PATIENT_RECONSTRUCTED_PREDICTIONS_FROM_PATCHES/patch_predictions_npz/0001003_S_158_S_158_patch_0003.npz,0.5551061034202576,0.3886446952819824,0.4593162536621094,-0.010069121606647968,9
1004,S_158,S_158_patch_0004,4,/content/PATIENT_RECONSTRUCTED_PREDICTIONS_FROM_PATCHES/patch_predictions_npz/0001004_S_158_S_158_patch_0004.npz,0.5229383111000061,0.40630412101745605,0.47492465376853943,-0.16772006452083588,9
1005,S_158,S_158_patch_0005,5,/content/PATIENT_RECONSTRUCTED_PREDICTIONS_FROM_PATCHES/patch_predictions_npz/0001005_S_158_S_158_patch_0005.npz,0.5168384909629822,0.42982009053230286,0.4079922139644623,-0.1761809140443802,7
1006,S_158,S_158_patch_0006,6,/content/PATIENT_RECONSTRUCTED_PREDICTIONS_FROM_PATCHES/patch_predictions_npz/0001006_S_158_S_158_patch_0006.npz,0.5551776885986328,0.3912792503833771,0.4588984549045563,-0.15533818304538727,3
1007,S_158,S_158_patch_0007,7,/content/PATIENT_RECONSTRUCTED_PREDICTIONS_FROM_PATCHES/patch_predictions_npz/0001007_S_158_S_158_patch_0007.npz,0.5306324362754822,0.4097656309604645,0.4467993676662445,-0.20809316635131836,2
1008,S_160,S_160_patch_0000,0,/content/PATIENT_RECONSTRUCTED_PREDICTIONS_FROM_PATCHES/patch_predictions_npz/0001008_S_160_S_160_patch_0000.npz,0.4068242609500885,0.47277724742889404,0.4342055320739746,-0.17153342068195343,1
1009,S_160,S_160_patch_0001,1,/content/PATIENT_RECONSTRUCTED_PREDICTIONS_FROM_PATCHES/patch_predictions_npz/0001009_S_160_S_160_patch_0001.npz,0.5188152194023132,0.4540020227432251,0.41724562644958496,-0.08863747864961624,2
1010,S_160,S_160_patch_0002,2,/content/PATIENT_RECONSTRUCTED_PREDICTIONS_FROM_PATCHES/patch_predictions_npz/0001010_S_160_S_160_patch_0002.npz,0.5532369613647461,0.419445663690567,0.3922536373138428,0.18269586563110352,10
1011,S_160,S_160_patch_0003,3,/content/PATIENT_RECONSTRUCTED_PREDICTIONS_FROM_PATCHES/patch_predictions_npz/0001011_S_160_S_160_patch_0003.npz,0.5655322670936584,0.38879480957984924,0.4607762098312378,-0.012272818945348263,7
1012,S_160,S_160_patch_0004,4,/content/PATIENT_RECONSTRUCTED_PREDICTIONS_FROM_PATCHES/patch_predictions_npz/0001012_S_160_S_160_patch_0004.npz,0.5403761267662048,0.3998938500881195,0.484634667634964,-0.22583310306072235,9
1013,S_160,S_160_patch_0005,5,/content/PATIENT_RECONSTRUCTED_PREDICTIONS_FROM_PATCHES/patch_predictions_npz/0001013_S_160_S_160_patch_0005.npz,0.5842301249504089,0.41796550154685974,0.3792286217212677,-0.39985164999961853,8
1014,S_160,S_160_patch_0006,6,/content/PATIENT_RECONSTRUCTED_PREDICTIONS_FROM_PATCHES/patch_predictions_npz/0001014_S_160_S_160_patch_0006.npz,0.6337922215461731,0.3653396666049957,0.4719579219818115,-0.33535900712013245,2
1015,S_160,S_160_patch_0007,7,/content/PATIENT_RECONSTRUCTED_PREDICTIONS_FROM_PATCHES/patch_predictions_npz/0001015_S_160_S_160_patch_0007.npz,0.5731303095817566,0.3975483179092407,0.4496619701385498,-0.36035454273223877,2
1016,S_161,S_161_patch_0000,0,/content/PATIENT_RECONSTRUCTED_PREDICTIONS_FROM_PATCHES/patch_predictions_npz/0001016_S_161_S_161_patch_0000.npz,0.4131450653076172,0.47830644249916077,0.4333294630050659,-0.2729492485523224,1
1017,S_161,S_161_patch_0001,1,/content/PATIENT_RECONSTRUCTED_PREDICTIONS_FROM_PATCHES/patch_predictions_npz/0001017_S_161_S_161_patch_0001.npz,0.5236018300056458,0.4502057135105133,0.4129033386707306,-0.08117809146642685,2
1018,S_161,S_161_patch_0002,2,/content/PATIENT_RECONSTRUCTED_PREDICTIONS_FROM_PATCHES/patch_predictions_npz/0001018_S_161_S_161_patch_0002.npz,0.5613358616828918,0.41815587878227234,0.3927149772644043,0.19701461493968964,10
1019,S_161,S_161_patch_0003,3,/content/PATIENT_RECONSTRUCTED_PREDICTIONS_FROM_PATCHES/patch_predictions_npz/0001019_S_161_S_161_patch_0003.npz,0.5788066983222961,0.3715439736843109,0.4649828374385834,-0.04941543936729431,6
1020,S_161,S_161_patch_0004,4,/content/PATIENT_RECONSTRUCTED_PREDICTIONS_FROM_PATCHES/patch_predictions_npz/0001020_S_161_S_161_patch_0004.npz,0.5500304102897644,0.3949187099933624,0.48373690247535706,-0.2661486864089966,11
1021,S_161,S_161_patch_0005,5,/content/PATIENT_RECONSTRUCTED_PREDICTIONS_FROM_PATCHES/patch_predictions_npz/0001021_S_161_S_161_patch_0005.npz,0.594163179397583,0.4140048325061798,0.3766244947910309,-0.4253333806991577,8
1022,S_161,S_161_patch_0006,6,/content/PATIENT_RECONSTRUCTED_PREDICTIONS_FROM_PATCHES/patch_predictions_npz/0001022_S_161_S_161_patch_0006.npz,0.6449902057647705,0.35919323563575745,0.4586465358734131,-0.3572635352611542,3
1023,S_161,S_161_patch_0007,7,/content/PATIENT_RECONSTRUCTED_PREDICTIONS_FROM_PATCHES/patch_predictions_npz/0001023_S_161_S_161_patch_0007.npz,0.5769660472869873,0.3925098180770874,0.4494713246822357,-0.3378348648548126,2
1024,S_162,S_162_patch_0000,0,/content/PATIENT_RECONSTRUCTED_PREDICTIONS_FROM_PATCHES/patch_predictions_npz/0001024_S_162_S_162_patch_0000.npz,0.40737804770469666,0.4730108678340912,0.43526801466941833,-0.1585836261510849,1
1025,S_162,S_162_patch_0001,1,/content/PATIENT_RECONSTRUCTED_PREDICTIONS_FROM_PATCHES/patch_predictions_npz/0001025_S_162_S_162_patch_0001.npz,0.5149694681167603,0.4573369026184082,0.41987553238868713,-0.08618829399347305,2
1026,S_162,S_162_patch_0002,2,/content/PATIENT_RECONSTRUCTED_PREDICTIONS_FROM_PATCHES/patch_predictions_npz/0001026_S_162_S_162_patch_0002.npz,0.5556665658950806,0.4202190935611725,0.3916718065738678,0.1697332113981247,15
1027,S_162,S_162_patch_0003,3,/content/PATIENT_RECONSTRUCTED_PREDICTIONS_FROM_PATCHES/patch_predictions_npz/0001027_S_162_S_162_patch_0003.npz,0.567481279373169,0.38094744086265564,0.46135151386260986,-0.01755150780081749,7
1028,S_162,S_162_patch_0004,4,/content/PATIENT_RECONSTRUCTED_PREDICTIONS_FROM_PATCHES/patch_predictions_npz/0001028_S_162_S_162_patch_0004.npz,0.5558053851127625,0.3907003402709961,0.48688414692878723,-0.2507677376270294,10
1029,S_162,S_162_patch_0005,5,/content/PATIENT_RECONSTRUCTED_PREDICTIONS_FROM_PATCHES/patch_predictions_npz/0001029_S_162_S_162_patch_0005.npz,0.5949086546897888,0.40639886260032654,0.3729929029941559,-0.3943291902542114,7
1030,S_162,S_162_patch_0006,6,/content/PATIENT_RECONSTRUCTED_PREDICTIONS_FROM_PATCHES/patch_predictions_npz/0001030_S_162_S_162_patch_0006.npz,0.6550334095954895,0.34853389859199524,0.4657372534275055,-0.3573170602321625,3
1031,S_162,S_162_patch_0007,7,/content/PATIENT_RECONSTRUCTED_PREDICTIONS_FROM_PATCHES/patch_predictions_npz/0001031_S_162_S_162_patch_0007.npz,0.5683467984199524,0.39806950092315674,0.4478985369205475,-0.33589962124824524,2
1032,S_163,S_163_patch_0000,0,/content/PATIENT_RECONSTRUCTED_PREDICTIONS_FROM_PATCHES/patch_predictions_npz/0001032_S_163_S_163_patch_0000.npz,0.4146699011325836,0.48109206557273865,0.43494629859924316,-0.29033756256103516,1
1033,S_163,S_163_patch_0001,1,/content/PATIENT_RECONSTRUCTED_PREDICTIONS_FROM_PATCHES/patch_predictions_npz/0001033_S_163_S_163_patch_0001.npz,0.5106410384178162,0.45027241110801697,0.41711410880088806,-0.044582873582839966,1
1034,S_163,S_163_patch_0002,2,/content/PATIENT_RECONSTRUCTED_PREDICTIONS_FROM_PATCHES/patch_predictions_npz/0001034_S_163_S_163_patch_0002.npz,0.5350465178489685,0.42572546005249023,0.39588817954063416,0.2089473456144333,12
1035,S_163,S_163_patch_0003,3,/content/PATIENT_RECONSTRUCTED_PREDICTIONS_FROM_PATCHES/patch_predictions_npz/0001035_S_163_S_163_patch_0003.npz,0.5596144795417786,0.38740015029907227,0.45881569385528564,0.01796041987836361,8
1036,S_163,S_163_patch_0004,4,/content/PATIENT_RECONSTRUCTED_PREDICTIONS_FROM_PATCHES/patch_predictions_npz/0001036_S_163_S_163_patch_0004.npz,0.5621803402900696,0.39082208275794983,0.48961111903190613,-0.28252092003822327,10
1037,S_163,S_163_patch_0005,5,/content/PATIENT_RECONSTRUCTED_PREDICTIONS_FROM_PATCHES/patch_predictions_npz/0001037_S_163_S_163_patch_0005.npz,0.5993461012840271,0.41663941740989685,0.384721040725708,-0.4349267780780792,9
1038,S_163,S_163_patch_0006,6,/content/PATIENT_RECONSTRUCTED_PREDICTIONS_FROM_PATCHES/patch_predictions_npz/0001038_S_163_S_163_patch_0006.npz,0.6161201596260071,0.3753471374511719,0.45258545875549316,-0.28228119015693665,3
1039,S_163,S_163_patch_0007,7,/content/PATIENT_RECONSTRUCTED_PREDICTIONS_FROM_PATCHES/patch_predictions_npz/0001039_S_163_S_163_patch_0007.npz,0.5487070679664612,0.4064600467681885,0.45650777220726013,-0.31216344237327576,2
1040,S_164,S_164_patch_0000,0,/content/PATIENT_RECONSTRUCTED_PREDICTIONS_FROM_PATCHES/patch_predictions_npz/0001040_S_164_S_164_patch_0000.npz,0.4081120491027832,0.4745728075504303,0.4348299205303192,-0.1880442053079605,1
1041,S_164,S_164_patch_0001,1,/content/PATIENT_RECONSTRUCTED_PREDICTIONS_FROM_PATCHES/patch_predictions_npz/0001041_S_164_S_164_patch_0001.npz,0.508617639541626,0.45766130089759827,0.4216800630092621,-0.0696486160159111,2
1042,S_164,S_164_patch_0002,2,/content/PATIENT_RECONSTRUCTED_PREDICTIONS_FROM_PATCHES/patch_predictions_npz/0001042_S_164_S_164_patch_0002.npz,0.5538206100463867,0.4145642817020416,0.3897998034954071,0.2001080960035324,11
1043,S_164,S_164_patch_0003,3,/content/PATIENT_RECONSTRUCTED_PREDICTIONS_FROM_PATCHES/patch_predictions_npz/0001043_S_164_S_164_patch_0003.npz,0.5650939345359802,0.38465842604637146,0.45837903022766113,0.006778584327548742,6
1044,S_164,S_164_patch_0004,4,/content/PATIENT_RECONSTRUCTED_PREDICTIONS_FROM_PATCHES/patch_predictions_npz/0001044_S_164_S_164_patch_0004.npz,0.5505267977714539,0.39355817437171936,0.4861494302749634,-0.20683415234088898,9
1045,S_164,S_164_patch_0005,5,/content/PATIENT_RECONSTRUCTED_PREDICTIONS_FROM_PATCHES/patch_predictions_npz/0001045_S_164_S_164_patch_0005.npz,0.5813474059104919,0.4082310199737549,0.3809686601161957,-0.3545598089694977,8
1046,S_164,S_164_patch_0006,6,/content/PATIENT_RECONSTRUCTED_PREDICTIONS_FROM_PATCHES/patch_predictions_npz/0001046_S_164_S_164_patch_0006.npz,0.6224237680435181,0.3621728718280792,0.46113160252571106,-0.2915251553058624,3
1047,S_164,S_164_patch_0007,7,/content/PATIENT_RECONSTRUCTED_PREDICTIONS_FROM_PATCHES/patch_predictions_npz/0001047_S_164_S_164_patch_0007.npz,0.5444685816764832,0.40677914023399353,0.44818100333213806,-0.27304282784461975,2
1048,S_165,S_165_patch_0000,0,/content/PATIENT_RECONSTRUCTED_PREDICTIONS_FROM_PATCHES/patch_predictions_npz/0001048_S_165_S_165_patch_0000.npz,0.40186724066734314,0.46811458468437195,0.43386903405189514,-0.07365506142377853,1
1049,S_165,S_165_patch_0001,1,/content/PATIENT_RECONSTRUCTED_PREDICTIONS_FROM_PATCHES/patch_predictions_npz/0001049_S_165_S_165_patch_0001.npz,0.49138304591178894,0.4497653543949127,0.41654694080352783,0.01117114257067442,2
1050,S_165,S_165_patch_0002,2,/content/PATIENT_RECONSTRUCTED_PREDICTIONS_FROM_PATCHES/patch_predictions_npz/0001050_S_165_S_165_patch_0002.npz,0.5140096545219421,0.426661878824234,0.4007655680179596,0.21778421103954315,10
1051,S_165,S_165_patch_0003,3,/content/PATIENT_RECONSTRUCTED_PREDICTIONS_FROM_PATCHES/patch_predictions_npz/0001051_S_165_S_165_patch_0003.npz,0.5216253399848938,0.40270963311195374,0.4501742422580719,0.08270315080881119,6
1052,S_165,S_165_patch_0004,4,/content/PATIENT_RECONSTRUCTED_PREDICTIONS_FROM_PATCHES/patch_predictions_npz/0001052_S_165_S_165_patch_0004.npz,0.5171431303024292,0.40346941351890564,0.4756759703159332,-0.11804542690515518,10
1053,S_165,S_165_patch_0005,5,/content/PATIENT_RECONSTRUCTED_PREDICTIONS_FROM_PATCHES/patch_predictions_npz/0001053_S_165_S_165_patch_0005.npz,0.5613145232200623,0.41546201705932617,0.39183440804481506,-0.28972184658050537,8
1054,S_165,S_165_patch_0006,6,/content/PATIENT_RECONSTRUCTED_PREDICTIONS_FROM_PATCHES/patch_predictions_npz/0001054_S_165_S_165_patch_0006.npz,0.6107182502746582,0.37298575043678284,0.4468673765659332,-0.26400595903396606,3
1055,S_165,S_165_patch_0007,7,/content/PATIENT_RECONSTRUCTED_PREDICTIONS_FROM_PATCHES/patch_predictions_npz/0001055_S_165_S_165_patch_0007.npz,0.5301432013511658,0.4064594805240631,0.4556545913219452,-0.19485272467136383,2
1056,S_166,S_166_patch_0000,0,/content/PATIENT_RECONSTRUCTED_PREDICTIONS_FROM_PATCHES/patch_predictions_npz/0001056_S_166_S_166_patch_0000.npz,0.4176677465438843,0.48277661204338074,0.43365204334259033,-0.2744954228401184,3
1057,S_166,S_166_patch_0001,1,/content/PATIENT_RECONSTRUCTED_PREDICTIONS_FROM_PATCHES/patch_predictions_npz/0001057_S_166_S_166_patch_0001.npz,0.5448281764984131,0.45415982604026794,0.41012904047966003,-0.15698200464248657,3
1058,S_166,S_166_patch_0002,2,/content/PATIENT_RECONSTRUCTED_PREDICTIONS_FROM_PATCHES/patch_predictions_npz/0001058_S_166_S_166_patch_0002.npz,0.5826281905174255,0.4250463545322418,0.3915105164051056,0.1403774470090866,11
1059,S_166,S_166_patch_0003,3,/content/PATIENT_RECONSTRUCTED_PREDICTIONS_FROM_PATCHES/patch_predictions_npz/0001059_S_166_S_166_patch_0003.npz,0.5773102641105652,0.3829169273376465,0.46258556842803955,-0.021587103605270386,9
1060,S_166,S_166_patch_0004,4,/content/PATIENT_RECONSTRUCTED_PREDICTIONS_FROM_PATCHES/patch_predictions_npz/0001060_S_166_S_166_patch_0004.npz,0.5713949799537659,0.38187289237976074,0.4901171922683716,-0.3018497824668884,10
1061,S_166,S_166_patch_0005,5,/content/PATIENT_RECONSTRUCTED_PREDICTIONS_FROM_PATCHES/patch_predictions_npz/0001061_S_166_S_166_patch_0005.npz,0.5796124339103699,0.41561317443847656,0.38281571865081787,-0.36036625504493713,8
1062,S_166,S_166_patch_0006,6,/content/PATIENT_RECONSTRUCTED_PREDICTIONS_FROM_PATCHES/patch_predictions_npz/0001062_S_166_S_166_patch_0006.npz,0.6189654469490051,0.3733085095882416,0.45481792092323303,-0.29514893889427185,4
1063,S_166,S_166_patch_0007,7,/content/PATIENT_RECONSTRUCTED_PREDICTIONS_FROM_PATCHES/patch_predictions_npz/0001063_S_166_S_166_patch_0007.npz,0.6264040470123291,0.37597206234931946,0.455541729927063,-0.51071697473526,2
1064,S_167,S_167_patch_0000,0,/content/PATIENT_RECONSTRUCTED_PREDICTIONS_FROM_PATCHES/patch_predictions_npz/0001064_S_167_S_167_patch_0000.npz,0.3998691141605377,0.4666154682636261,0.4340238869190216,-0.03439588472247124,1
1065,S_167,S_167_patch_0001,1,/content/PATIENT_RECONSTRUCTED_PREDICTIONS_FROM_PATCHES/patch_predictions_npz/0001065_S_167_S_167_patch_0001.npz,0.4917314946651459,0.4532966613769531,0.41703423857688904,0.007455746177583933,4
1066,S_167,S_167_patch_0002,2,/content/PATIENT_RECONSTRUCTED_PREDICTIONS_FROM_PATCHES/patch_predictions_npz/0001066_S_167_S_167_patch_0002.npz,0.5059143900871277,0.4353426396846771,0.40493714809417725,0.18276099860668182,13
1067,S_167,S_167_patch_0003,3,/content/PATIENT_RECONSTRUCTED_PREDICTIONS_FROM_PATCHES/patch_predictions_npz/0001067_S_167_S_167_patch_0003.npz,0.5087690949440002,0.4077642858028412,0.4494694471359253,0.0941680371761322,8
1068,S_167,S_167_patch_0004,4,/content/PATIENT_RECONSTRUCTED_PREDICTIONS_FROM_PATCHES/patch_predictions_npz/0001068_S_167_S_167_patch_0004.npz,0.5015071630477905,0.41158410906791687,0.4693666398525238,-0.09111282229423523,9
1069,S_167,S_167_patch_0005,5,/content/PATIENT_RECONSTRUCTED_PREDICTIONS_FROM_PATCHES/patch_predictions_npz/0001069_S_167_S_167_patch_0005.npz,0.5284340381622314,0.4259554445743561,0.40497466921806335,-0.2122148871421814,8
1070,S_167,S_167_patch_0006,6,/content/PATIENT_RECONSTRUCTED_PREDICTIONS_FROM_PATCHES/patch_predictions_npz/0001070_S_167_S_167_patch_0006.npz,0.5587461590766907,0.39634767174720764,0.44641873240470886,-0.1914217621088028,3
1071,S_167,S_167_patch_0007,7,/content/PATIENT_RECONSTRUCTED_PREDICTIONS_FROM_PATCHES/patch_predictions_npz/0001071_S_167_S_167_patch_0007.npz,0.5041053891181946,0.41809573769569397,0.4506954848766327,-0.13317732512950897,2
1072,S_168,S_168_patch_0000,0,/content/PATIENT_RECONSTRUCTED_PREDICTIONS_FROM_PATCHES/patch_predictions_npz/0001072_S_168_S_168_patch_0000.npz,0.3987678587436676,0.4659757912158966,0.4353283643722534,0.007350111845880747,1
1073,S_168,S_168_patch_0001,1,/content/PATIENT_RECONSTRUCTED_PREDICTIONS_FROM_PATCHES/patch_predictions_npz/0001073_S_168_S_168_patch_0001.npz,0.4822124242782593,0.4588429033756256,0.42306220531463623,0.012581336311995983,2
1074,S_168,S_168_patch_0002,2,/content/PATIENT_RECONSTRUCTED_PREDICTIONS_FROM_PATCHES/patch_predictions_npz/0001074_S_168_S_168_patch_0002.npz,0.5015372633934021,0.4384373128414154,0.4071557819843292,0.1614002138376236,12
1075,S_168,S_168_patch_0003,3,/content/PATIENT_RECONSTRUCTED_PREDICTIONS_FROM_PATCHES/patch_predictions_npz/0001075_S_168_S_168_patch_0003.npz,0.5131845474243164,0.4092106819152832,0.4464235007762909,0.10659005492925644,7
1076,S_168,S_168_patch_0004,4,/content/PATIENT_RECONSTRUCTED_PREDICTIONS_FROM_PATCHES/patch_predictions_npz/0001076_S_168_S_168_patch_0004.npz,0.5061084628105164,0.41133245825767517,0.47142282128334045,-0.08769580721855164,11
1077,S_168,S_168_patch_0005,5,/content/PATIENT_RECONSTRUCTED_PREDICTIONS_FROM_PATCHES/patch_predictions_npz/0001077_S_168_S_168_patch_0005.npz,0.5280338525772095,0.42593368887901306,0.4059298038482666,-0.20811235904693604,8
1078,S_168,S_168_patch_0006,6,/content/PATIENT_RECONSTRUCTED_PREDICTIONS_FROM_PATCHES/patch_predictions_npz/0001078_S_168_S_168_patch_0006.npz,0.5582826733589172,0.39326223731040955,0.4421623647212982,-0.15984465181827545,4
1079,S_168,S_168_patch_0007,7,/content/PATIENT_RECONSTRUCTED_PREDICTIONS_FROM_PATCHES/patch_predictions_npz/0001079_S_168_S_168_patch_0007.npz,0.48948368430137634,0.41968443989753723,0.45010408759117126,-0.06656990200281143,2
1080,S_169,S_169_patch_0000,0,/content/PATIENT_RECONSTRUCTED_PREDICTIONS_FROM_PATCHES/patch_predictions_npz/0001080_S_169_S_169_patch_0000.npz,0.4138372838497162,0.4793877601623535,0.43678322434425354,-0.22969365119934082,1
1081,S_169,S_169_patch_0001,1,/content/PATIENT_RECONSTRUCTED_PREDICTIONS_FROM_PATCHES/patch_predictions_npz/0001081_S_169_S_169_patch_0001.npz,0.5087584853172302,0.4566798210144043,0.41862961649894714,-0.06510353833436966,1
1082,S_169,S_169_patch_0002,2,/content/PATIENT_RECONSTRUCTED_PREDICTIONS_FROM_PATCHES/patch_predictions_npz/0001082_S_169_S_169_patch_0002.npz,0.5438551306724548,0.4195714294910431,0.39353179931640625,0.20053565502166748,10
1083,S_169,S_169_patch_0003,3,/content/PATIENT_RECONSTRUCTED_PREDICTIONS_FROM_PATCHES/patch_predictions_npz/0001083_S_169_S_169_patch_0003.npz,0.5588187575340271,0.3824252188205719,0.4595581591129303,-0.005929919425398111,6
1084,S_169,S_169_patch_0004,4,/content/PATIENT_RECONSTRUCTED_PREDICTIONS_FROM_PATCHES/patch_predictions_npz/0001084_S_169_S_169_patch_0004.npz,0.5351975560188293,0.3962057828903198,0.4802020490169525,-0.218849778175354,10
1085,S_169,S_169_patch_0005,5,/content/PATIENT_RECONSTRUCTED_PREDICTIONS_FROM_PATCHES/patch_predictions_npz/0001085_S_169_S_169_patch_0005.npz,0.5839685797691345,0.40991052985191345,0.37752166390419006,-0.38761964440345764,8
1086,S_169,S_169_patch_0006,6,/content/PATIENT_RECONSTRUCTED_PREDICTIONS_FROM_PATCHES/patch_predictions_npz/0001086_S_169_S_169_patch_0006.npz,0.6483139395713806,0.35446301102638245,0.46011391282081604,-0.35949549078941345,4
1087,S_169,S_169_patch_0007,7,/content/PATIENT_RECONSTRUCTED_PREDICTIONS_FROM_PATCHES/patch_predictions_npz/0001087_S_169_S_169_patch_0007.npz,0.5649023652076721,0.398272305727005,0.45327436923980713,-0.31897199153900146,2
1088,S_170,S_170_patch_0000,0,/content/PATIENT_RECONSTRUCTED_PREDICTIONS_FROM_PATCHES/patch_predictions_npz/0001088_S_170_S_170_patch_0000.npz,0.40844908356666565,0.47536900639533997,0.43647196888923645,-0.18174998462200165,1
1089,S_170,S_170_patch_0001,1,/content/PATIENT_RECONSTRUCTED_PREDICTIONS_FROM_PATCHES/patch_predictions_npz/0001089_S_170_S_170_patch_0001.npz,0.5285221338272095,0.45352181792259216,0.4179561138153076,-0.11982252448797226,2
1090,S_170,S_170_patch_0002,2,/content/PATIENT_RECONSTRUCTED_PREDICTIONS_FROM_PATCHES/patch_predictions_npz/0001090_S_170_S_170_patch_0002.npz,0.5503130555152893,0.4219916760921478,0.39382660388946533,0.15830233693122864,13
1091,S_170,S_170_patch_0003,3,/content/PATIENT_RECONSTRUCTED_PREDICTIONS_FROM_PATCHES/patch_predictions_npz/0001091_S_170_S_170_patch_0003.npz,0.5460346341133118,0.40130460262298584,0.4565301835536957,0.03402334451675415,8
1092,S_170,S_170_patch_0004,4,/content/PATIENT_RECONSTRUCTED_PREDICTIONS_FROM_PATCHES/patch_predictions_npz/0001092_S_170_S_170_patch_0004.npz,0.535417377948761,0.4056544303894043,0.48384055495262146,-0.16592751443386078,9
1093,S_170,S_170_patch_0005,5,/content/PATIENT_RECONSTRUCTED_PREDICTIONS_FROM_PATCHES/patch_predictions_npz/0001093_S_170_S_170_patch_0005.npz,0.5641941428184509,0.4222480058670044,0.3998664915561676,-0.30945566296577454,8
1094,S_170,S_170_patch_0006,6,/content/PATIENT_RECONSTRUCTED_PREDICTIONS_FROM_PATCHES/patch_predictions_npz/0001094_S_170_S_170_patch_0006.npz,0.6091815829277039,0.3764711320400238,0.46210160851478577,-0.2598213255405426,4
1095,S_170,S_170_patch_0007,7,/content/PATIENT_RECONSTRUCTED_PREDICTIONS_FROM_PATCHES/patch_predictions_npz/0001095_S_170_S_170_patch_0007.npz,0.5433810353279114,0.4043629467487335,0.44971492886543274,-0.24263669550418854,2
1096,S_171,S_171_patch_0000,0,/content/PATIENT_RECONSTRUCTED_PREDICTIONS_FROM_PATCHES/patch_predictions_npz/0001096_S_171_S_171_patch_0000.npz,0.4138009548187256,0.480318546295166,0.43699905276298523,-0.2459251433610916,1
1097,S_171,S_171_patch_0001,1,/content/PATIENT_RECONSTRUCTED_PREDICTIONS_FROM_PATCHES/patch_predictions_npz/0001097_S_171_S_171_patch_0001.npz,0.5128624439239502,0.4639516770839691,0.422640323638916,-0.10273917764425278,3
1098,S_171,S_171_patch_0002,2,/content/PATIENT_RECONSTRUCTED_PREDICTIONS_FROM_PATCHES/patch_predictions_npz/0001098_S_171_S_171_patch_0002.npz,0.5602694153785706,0.4176483452320099,0.3879587948322296,0.17802798748016357,13
1099,S_171,S_171_patch_0003,3,/content/PATIENT_RECONSTRUCTED_PREDICTIONS_FROM_PATCHES/patch_predictions_npz/0001099_S_171_S_171_patch_0003.npz,0.5600888133049011,0.3892676532268524,0.45851731300354004,-0.014077882282435894,8
1100,S_171,S_171_patch_0004,4,/content/PATIENT_RECONSTRUCTED_PREDICTIONS_FROM_PATCHES/patch_predictions_npz/0001100_S_171_S_171_patch_0004.npz,0.5497839450836182,0.39414867758750916,0.4851365089416504,-0.22339992225170135,9
1101,S_171,S_171_patch_0005,5,/content/PATIENT_RECONSTRUCTED_PREDICTIONS_FROM_PATCHES/patch_predictions_npz/0001101_S_171_S_171_patch_0005.npz,0.5986289381980896,0.40916386246681213,0.3762098252773285,-0.4239065647125244,8
1102,S_171,S_171_patch_0006,6,/content/PATIENT_RECONSTRUCTED_PREDICTIONS_FROM_PATCHES/patch_predictions_npz/0001102_S_171_S_171_patch_0006.npz,0.6642960906028748,0.3479190766811371,0.4689684808254242,-0.3924647271633148,3
1103,S_171,S_171_patch_0007,7,/content/PATIENT_RECONSTRUCTED_PREDICTIONS_FROM_PATCHES/patch_predictions_npz/0001103_S_171_S_171_patch_0007.npz,0.6121852993965149,0.38637909293174744,0.449008584022522,-0.4833848178386688,2
1104,S_172,S_172_patch_0000,0,/content/PATIENT_RECONSTRUCTED_PREDICTIONS_FROM_PATCHES/patch_predictions_npz/0001104_S_172_S_172_patch_0000.npz,0.41104891896247864,0.47708866000175476,0.4348738193511963,-0.1986423283815384,1
1105,S_172,S_172_patch_0001,1,/content/PATIENT_RECONSTRUCTED_PREDICTIONS_FROM_PATCHES/patch_predictions_npz/0001105_S_172_S_172_patch_0001.npz,0.518728494644165,0.4538971483707428,0.41491255164146423,-0.08792906254529953,2
1106,S_172,S_172_patch_0002,2,/content/PATIENT_RECONSTRUCTED_PREDICTIONS_FROM_PATCHES/patch_predictions_npz/0001106_S_172_S_172_patch_0002.npz,0.5485755205154419,0.4253873825073242,0.39251887798309326,0.17695678770542145,11
1107,S_172,S_172_patch_0003,3,/content/PATIENT_RECONSTRUCTED_PREDICTIONS_FROM_PATCHES/patch_predictions_npz/0001107_S_172_S_172_patch_0003.npz,0.5648624300956726,0.3804587423801422,0.45991620421409607,-0.02038574405014515,7
1108,S_172,S_172_patch_0004,4,/content/PATIENT_RECONSTRUCTED_PREDICTIONS_FROM_PATCHES/patch_predictions_npz/0001108_S_172_S_172_patch_0004.npz,0.5580279231071472,0.3865991532802582,0.4873422682285309,-0.24671493470668793,10
1109,S_172,S_172_patch_0005,5,/content/PATIENT_RECONSTRUCTED_PREDICTIONS_FROM_PATCHES/patch_predictions_npz/0001109_S_172_S_172_patch_0005.npz,0.6038067936897278,0.4088693857192993,0.3803849220275879,-0.43852826952934265,8
1110,S_172,S_172_patch_0006,6,/content/PATIENT_RECONSTRUCTED_PREDICTIONS_FROM_PATCHES/patch_predictions_npz/0001110_S_172_S_172_patch_0006.npz,0.6439163088798523,0.3598383367061615,0.4627126157283783,-0.358879417181015,3
1111,S_172,S_172_patch_0007,7,/content/PATIENT_RECONSTRUCTED_PREDICTIONS_FROM_PATCHES/patch_predictions_npz/0001111_S_172_S_172_patch_0007.npz,0.5750462412834167,0.3948793411254883,0.45508894324302673,-0.3586188852787018,2
1112,S_173,S_173_patch_0000,0,/content/PATIENT_RECONSTRUCTED_PREDICTIONS_FROM_PATCHES/patch_predictions_npz/0001112_S_173_S_173_patch_0000.npz,0.4075704514980316,0.4720430374145508,0.43444570899009705,-0.13196034729480743,2
1113,S_173,S_173_patch_0001,1,/content/PATIENT_RECONSTRUCTED_PREDICTIONS_FROM_PATCHES/patch_predictions_npz/0001113_S_173_S_173_patch_0001.npz,0.5135663151741028,0.4575260579586029,0.42074552178382874,-0.0984346866607666,3
1114,S_173,S_173_patch_0002,2,/content/PATIENT_RECONSTRUCTED_PREDICTIONS_FROM_PATCHES/patch_predictions_npz/0001114_S_173_S_173_patch_0002.npz,0.5562646985054016,0.4268883168697357,0.39490512013435364,0.12387007474899292,9
1115,S_173,S_173_patch_0003,3,/content/PATIENT_RECONSTRUCTED_PREDICTIONS_FROM_PATCHES/patch_predictions_npz/0001115_S_173_S_173_patch_0003.npz,0.5727596282958984,0.38907480239868164,0.4540504515171051,0.026674345135688782,10
1116,S_173,S_173_patch_0004,4,/content/PATIENT_RECONSTRUCTED_PREDICTIONS_FROM_PATCHES/patch_predictions_npz/0001116_S_173_S_173_patch_0004.npz,0.5637007355690002,0.39379453659057617,0.4861558675765991,-0.21760106086730957,10
1117,S_173,S_173_patch_0005,5,/content/PATIENT_RECONSTRUCTED_PREDICTIONS_FROM_PATCHES/patch_predictions_npz/0001117_S_173_S_173_patch_0005.npz,0.5712575316429138,0.41745486855506897,0.3995778560638428,-0.3317663371562958,8
1118,S_173,S_173_patch_0006,6,/content/PATIENT_RECONSTRUCTED_PREDICTIONS_FROM_PATCHES/patch_predictions_npz/0001118_S_173_S_173_patch_0006.npz,0.6088593602180481,0.3711670935153961,0.44850602746009827,-0.26215144991874695,4
1119,S_173,S_173_patch_0007,7,/content/PATIENT_RECONSTRUCTED_PREDICTIONS_FROM_PATCHES/patch_predictions_npz/0001119_S_173_S_173_patch_0007.npz,0.5431267619132996,0.4070843458175659,0.4509471356868744,-0.24716393649578094,2
1120,S_174,S_174_patch_0000,0,/content/PATIENT_RECONSTRUCTED_PREDICTIONS_FROM_PATCHES/patch_predictions_npz/0001120_S_174_S_174_patch_0000.npz,0.4089442491531372,0.47718000411987305,0.43212834000587463,-0.24799847602844238,2
1121,S_174,S_174_patch_0001,1,/content/PATIENT_RECONSTRUCTED_PREDICTIONS_FROM_PATCHES/patch_predictions_npz/0001121_S_174_S_174_patch_0001.npz,0.5393266677856445,0.4515358507633209,0.40749016404151917,-0.11574556678533554,2
1122,S_174,S_174_patch_0002,2,/content/PATIENT_RECONSTRUCTED_PREDICTIONS_FROM_PATCHES/patch_predictions_npz/0001122_S_174_S_174_patch_0002.npz,0.5743833780288696,0.4233287274837494,0.3950408399105072,0.15937741100788116,9
1123,S_174,S_174_patch_0003,3,/content/PATIENT_RECONSTRUCTED_PREDICTIONS_FROM_PATCHES/patch_predictions_npz/0001123_S_174_S_174_patch_0003.npz,0.5879330635070801,0.37766894698143005,0.4666001498699188,-0.07769647985696793,9
1124,S_174,S_174_patch_0004,4,/content/PATIENT_RECONSTRUCTED_PREDICTIONS_FROM_PATCHES/patch_predictions_npz/0001124_S_174_S_174_patch_0004.npz,0.572711706161499,0.38283976912498474,0.48897412419319153,-0.3263685703277588,9
1125,S_174,S_174_patch_0005,5,/content/PATIENT_RECONSTRUCTED_PREDICTIONS_FROM_PATCHES/patch_predictions_npz/0001125_S_174_S_174_patch_0005.npz,0.621616005897522,0.40664640069007874,0.3618403375148773,-0.5162569880485535,8
1126,S_174,S_174_patch_0006,6,/content/PATIENT_RECONSTRUCTED_PREDICTIONS_FROM_PATCHES/patch_predictions_npz/0001126_S_174_S_174_patch_0006.npz,0.666611909866333,0.3521123230457306,0.46468648314476013,-0.41908106207847595,4
1127,S_174,S_174_patch_0007,7,/content/PATIENT_RECONSTRUCTED_PREDICTIONS_FROM_PATCHES/patch_predictions_npz/0001127_S_174_S_174_patch_0007.npz,0.6024109721183777,0.3869663178920746,0.4472714364528656,-0.42810162901878357,2
1128,S_175,S_175_patch_0000,0,/content/PATIENT_RECONSTRUCTED_PREDICTIONS_FROM_PATCHES/patch_predictions_npz/0001128_S_175_S_175_patch_0000.npz,0.4048897325992584,0.4706766903400421,0.4341214597225189,-0.12000828981399536,1
1129,S_175,S_175_patch_0001,1,/content/PATIENT_RECONSTRUCTED_PREDICTIONS_FROM_PATCHES/patch_predictions_npz/0001129_S_175_S_175_patch_0001.npz,0.518674373626709,0.45170724391937256,0.4138054847717285,-0.0692942664027214,1
1130,S_175,S_175_patch_0002,2,/content/PATIENT_RECONSTRUCTED_PREDICTIONS_FROM_PATCHES/patch_predictions_npz/0001130_S_175_S_175_patch_0002.npz,0.5401789546012878,0.4219074249267578,0.39584216475486755,0.20796696841716766,10
1131,S_175,S_175_patch_0003,3,/content/PATIENT_RECONSTRUCTED_PREDICTIONS_FROM_PATCHES/patch_predictions_npz/0001131_S_175_S_175_patch_0003.npz,0.5480260252952576,0.3853842318058014,0.45822665095329285,0.0036903147120028734,6
1132,S_175,S_175_patch_0004,4,/content/PATIENT_RECONSTRUCTED_PREDICTIONS_FROM_PATCHES/patch_predictions_npz/0001132_S_175_S_175_patch_0004.npz,0.530215322971344,0.3996303379535675,0.47943416237831116,-0.18531976640224457,12
1133,S_175,S_175_patch_0005,5,/content/PATIENT_RECONSTRUCTED_PREDICTIONS_FROM_PATCHES/patch_predictions_npz/0001133_S_175_S_175_patch_0005.npz,0.5656706690788269,0.41649332642555237,0.38702893257141113,-0.33248960971832275,8
1134,S_175,S_175_patch_0006,6,/content/PATIENT_RECONSTRUCTED_PREDICTIONS_FROM_PATCHES/patch_predictions_npz/0001134_S_175_S_175_patch_0006.npz,0.605776846408844,0.3703515827655792,0.45726051926612854,-0.26686328649520874,3
1135,S_175,S_175_patch_0007,7,/content/PATIENT_RECONSTRUCTED_PREDICTIONS_FROM_PATCHES/patch_predictions_npz/0001135_S_175_S_175_patch_0007.npz,0.5358116030693054,0.40611541271209717,0.4473782479763031,-0.21236586570739746,2
1136,S_176,S_176_patch_0000,0,/content/PATIENT_RECONSTRUCTED_PREDICTIONS_FROM_PATCHES/patch_predictions_npz/0001136_S_176_S_176_patch_0000.npz,0.4074552059173584,0.47359660267829895,0.43507400155067444,-0.1461249142885208,1
1137,S_176,S_176_patch_0001,1,/content/PATIENT_RECONSTRUCTED_PREDICTIONS_FROM_PATCHES/patch_predictions_npz/0001137_S_176_S_176_patch_0001.npz,0.48325908184051514,0.45630428194999695,0.42441526055336,0.016310669481754303,1
1138,S_176,S_176_patch_0002,2,/content/PATIENT_RECONSTRUCTED_PREDICTIONS_FROM_PATCHES/patch_predictions_npz/0001138_S_176_S_176_patch_0002.npz,0.5196143984794617,0.4264315664768219,0.39948132634162903,0.23228061199188232,10
1139,S_176,S_176_patch_0003,3,/content/PATIENT_RECONSTRUCTED_PREDICTIONS_FROM_PATCHES/patch_predictions_npz/0001139_S_176_S_176_patch_0003.npz,0.5385783314704895,0.3886777460575104,0.4583699405193329,0.03942367061972618,6
1140,S_176,S_176_patch_0004,4,/content/PATIENT_RECONSTRUCTED_PREDICTIONS_FROM_PATCHES/patch_predictions_npz/0001140_S_176_S_176_patch_0004.npz,0.5201753973960876,0.40340328216552734,0.4778866469860077,-0.14200158417224884,9
1141,S_176,S_176_patch_0005,5,/content/PATIENT_RECONSTRUCTED_PREDICTIONS_FROM_PATCHES/patch_predictions_npz/0001141_S_176_S_176_patch_0005.npz,0.5512600541114807,0.4185507595539093,0.4012906551361084,-0.24416275322437286,8
1142,S_176,S_176_patch_0006,6,/content/PATIENT_RECONSTRUCTED_PREDICTIONS_FROM_PATCHES/patch_predictions_npz/0001142_S_176_S_176_patch_0006.npz,0.6139483451843262,0.3704165518283844,0.4564325511455536,-0.25789934396743774,2
1143,S_176,S_176_patch_0007,7,/content/PATIENT_RECONSTRUCTED_PREDICTIONS_FROM_PATCHES/patch_predictions_npz/0001143_S_176_S_176_patch_0007.npz,0.55731201171875,0.40017056465148926,0.45257923007011414,-0.31438592076301575,2
1144,S_178,S_178_patch_0000,0,/content/PATIENT_RECONSTRUCTED_PREDICTIONS_FROM_PATCHES/patch_predictions_npz/0001144_S_178_S_178_patch_0000.npz,0.39816609025001526,0.4647180736064911,0.4337567389011383,0.009918834082782269,3
1145,S_178,S_178_patch_0001,1,/content/PATIENT_RECONSTRUCTED_PREDICTIONS_FROM_PATCHES/patch_predictions_npz/0001145_S_178_S_178_patch_0001.npz,0.4830068349838257,0.46035465598106384,0.42437148094177246,0.03236475586891174,9
1146,S_178,S_178_patch_0002,2,/content/PATIENT_RECONSTRUCTED_PREDICTIONS_FROM_PATCHES/patch_predictions_npz/0001146_S_178_S_178_patch_0002.npz,0.5115835070610046,0.43877944350242615,0.412771075963974,0.1851678490638733,9
1147,S_178,S_178_patch_0003,3,/content/PATIENT_RECONSTRUCTED_PREDICTIONS_FROM_PATCHES/patch_predictions_npz/0001147_S_178_S_178_patch_0003.npz,0.5491307377815247,0.3950982987880707,0.45559751987457275,0.04316719248890877,9
1148,S_178,S_178_patch_0004,4,/content/PATIENT_RECONSTRUCTED_PREDICTIONS_FROM_PATCHES/patch_predictions_npz/0001148_S_178_S_178_patch_0004.npz,0.5357712507247925,0.4000481069087982,0.47877073287963867,-0.13886676728725433,9
1149,S_178,S_178_patch_0005,5,/content/PATIENT_RECONSTRUCTED_PREDICTIONS_FROM_PATCHES/patch_predictions_npz/0001149_S_178_S_178_patch_0005.npz,0.5428451895713806,0.41608884930610657,0.4244403839111328,-0.19612234830856323,8
1150,S_178,S_178_patch_0006,6,/content/PATIENT_RECONSTRUCTED_PREDICTIONS_FROM_PATCHES/patch_predictions_npz/0001150_S_178_S_178_patch_0006.npz,0.5656780004501343,0.3928067684173584,0.4425031244754791,-0.1524411290884018,7
1151,S_178,S_178_patch_0007,7,/content/PATIENT_RECONSTRUCTED_PREDICTIONS_FROM_PATCHES/patch_predictions_npz/0001151_S_178_S_178_patch_0007.npz,0.5016594529151917,0.4120168387889862,0.4531969130039215,-0.08626388758420944,3
1152,S_179,S_179_patch_0000,0,/content/PATIENT_RECONSTRUCTED_PREDICTIONS_FROM_PATCHES/patch_predictions_npz/0001152_S_179_S_179_patch_0000.npz,0.402026891708374,0.4691803753376007,0.43540453910827637,-0.06657073646783829,1
1153,S_179,S_179_patch_0001,1,/content/PATIENT_RECONSTRUCTED_PREDICTIONS_FROM_PATCHES/patch_predictions_npz/0001153_S_179_S_179_patch_0001.npz,0.49228978157043457,0.4535176753997803,0.41966840624809265,0.000295211881166324,2
1154,S_179,S_179_patch_0002,2,/content/PATIENT_RECONSTRUCTED_PREDICTIONS_FROM_PATCHES/patch_predictions_npz/0001154_S_179_S_179_patch_0002.npz,0.504730761051178,0.43658003211021423,0.4068570137023926,0.19673579931259155,14
1155,S_179,S_179_patch_0003,3,/content/PATIENT_RECONSTRUCTED_PREDICTIONS_FROM_PATCHES/patch_predictions_npz/0001155_S_179_S_179_patch_0003.npz,0.513493001461029,0.40993475914001465,0.44968390464782715,0.09283358603715897,9
1156,S_179,S_179_patch_0004,4,/content/PATIENT_RECONSTRUCTED_PREDICTIONS_FROM_PATCHES/patch_predictions_npz/0001156_S_179_S_179_patch_0004.npz,0.5081703662872314,0.41231513023376465,0.47049379348754883,-0.04532009735703468,8
1157,S_179,S_179_patch_0005,5,/content/PATIENT_RECONSTRUCTED_PREDICTIONS_FROM_PATCHES/patch_predictions_npz/0001157_S_179_S_179_patch_0005.npz,0.532663881778717,0.42434045672416687,0.4234102964401245,-0.20230233669281006,8
1158,S_179,S_179_patch_0006,6,/content/PATIENT_RECONSTRUCTED_PREDICTIONS_FROM_PATCHES/patch_predictions_npz/0001158_S_179_S_179_patch_0006.npz,0.5714641809463501,0.38839420676231384,0.45100703835487366,-0.18737828731536865,4
1159,S_179,S_179_patch_0007,7,/content/PATIENT_RECONSTRUCTED_PREDICTIONS_FROM_PATCHES/patch_predictions_npz/0001159_S_179_S_179_patch_0007.npz,0.5165339112281799,0.41132569313049316,0.44986018538475037,-0.14129137992858887,2
1160,S_180,S_180_patch_0000,0,/content/PATIENT_RECONSTRUCTED_PREDICTIONS_FROM_PATCHES/patch_predictions_npz/0001160_S_180_S_180_patch_0000.npz,0.4082585573196411,0.47454729676246643,0.43377915024757385,-0.20446813106536865,1
1161,S_180,S_180_patch_0001,1,/content/PATIENT_RECONSTRUCTED_PREDICTIONS_FROM_PATCHES/patch_predictions_npz/0001161_S_180_S_180_patch_0001.npz,0.5190020203590393,0.4575788974761963,0.4194064438343048,-0.0963081419467926,1
1162,S_180,S_180_patch_0002,2,/content/PATIENT_RECONSTRUCTED_PREDICTIONS_FROM_PATCHES/patch_predictions_npz/0001162_S_180_S_180_patch_0002.npz,0.5538517832756042,0.41636863350868225,0.38966742157936096,0.18573737144470215,11
1163,S_180,S_180_patch_0003,3,/content/PATIENT_RECONSTRUCTED_PREDICTIONS_FROM_PATCHES/patch_predictions_npz/0001163_S_180_S_180_patch_0003.npz,0.5394389033317566,0.39158734679222107,0.4562734067440033,0.054743725806474686,6
1164,S_180,S_180_patch_0004,4,/content/PATIENT_RECONSTRUCTED_PREDICTIONS_FROM_PATCHES/patch_predictions_npz/0001164_S_180_S_180_patch_0004.npz,0.5361522436141968,0.39740681648254395,0.4815029203891754,-0.17369794845581055,9
1165,S_180,S_180_patch_0005,5,/content/PATIENT_RECONSTRUCTED_PREDICTIONS_FROM_PATCHES/patch_predictions_npz/0001165_S_180_S_180_patch_0005.npz,0.5846271514892578,0.41296932101249695,0.3828132152557373,-0.377760648727417,8
1166,S_180,S_180_patch_0006,6,/content/PATIENT_RECONSTRUCTED_PREDICTIONS_FROM_PATCHES/patch_predictions_npz/0001166_S_180_S_180_patch_0006.npz,0.6207285523414612,0.3632819652557373,0.46115824580192566,-0.28726133704185486,4
1167,S_180,S_180_patch_0007,7,/content/PATIENT_RECONSTRUCTED_PREDICTIONS_FROM_PATCHES/patch_predictions_npz/0001167_S_180_S_180_patch_0007.npz,0.5449923276901245,0.4046920835971832,0.4474394619464874,-0.256949245929718,2
1168,S_181,S_181_patch_0000,0,/content/PATIENT_RECONSTRUCTED_PREDICTIONS_FROM_PATCHES/patch_predictions_npz/0001168_S_181_S_181_patch_0000.npz,0.40366479754447937,0.4709554612636566,0.43451938033103943,-0.08848363161087036,4
1169,S_181,S_181_patch_0001,1,/content/PATIENT_RECONSTRUCTED_PREDICTIONS_FROM_PATCHES/patch_predictions_npz/0001169_S_181_S_181_patch_0001.npz,0.48329102993011475,0.45923933386802673,0.419780969619751,0.016420012339949608,3
1170,S_181,S_181_patch_0002,2,/content/PATIENT_RECONSTRUCTED_PREDICTIONS_FROM_PATCHES/patch_predictions_npz/0001170_S_181_S_181_patch_0002.npz,0.4925163686275482,0.43716657161712646,0.4082506597042084,0.19432830810546875,14
1171,S_181,S_181_patch_0003,3,/content/PATIENT_RECONSTRUCTED_PREDICTIONS_FROM_PATCHES/patch_predictions_npz/0001171_S_181_S_181_patch_0003.npz,0.5062105655670166,0.4161674976348877,0.44472742080688477,0.10577825456857681,7
1172,S_181,S_181_patch_0004,4,/content/PATIENT_RECONSTRUCTED_PREDICTIONS_FROM_PATCHES/patch_predictions_npz/0001172_S_181_S_181_patch_0004.npz,0.4985729157924652,0.4154394567012787,0.4708550274372101,-0.08820494264364243,10
1173,S_181,S_181_patch_0005,5,/content/PATIENT_RECONSTRUCTED_PREDICTIONS_FROM_PATCHES/patch_predictions_npz/0001173_S_181_S_181_patch_0005.npz,0.5209168791770935,0.42931994795799255,0.40282759070396423,-0.1900310516357422,7
1174,S_181,S_181_patch_0006,6,/content/PATIENT_RECONSTRUCTED_PREDICTIONS_FROM_PATCHES/patch_predictions_npz/0001174_S_181_S_181_patch_0006.npz,0.538472592830658,0.39987286925315857,0.4526928961277008,-0.12408050149679184,3
1175,S_181,S_181_patch_0007,7,/content/PATIENT_RECONSTRUCTED_PREDICTIONS_FROM_PATCHES/patch_predictions_npz/0001175_S_181_S_181_patch_0007.npz,0.4883688688278198,0.4227299988269806,0.44833648204803467,-0.0777195617556572,2
1176,S_182,S_182_patch_0000,0,/content/PATIENT_RECONSTRUCTED_PREDICTIONS_FROM_PATCHES/patch_predictions_npz/0001176_S_182_S_182_patch_0000.npz,0.40337076783180237,0.4703601598739624,0.43461358547210693,-0.09709397703409195,1
1177,S_182,S_182_patch_0001,1,/content/PATIENT_RECONSTRUCTED_PREDICTIONS_FROM_PATCHES/patch_predictions_npz/0001177_S_182_S_182_patch_0001.npz,0.4813421666622162,0.4607977569103241,0.4256208837032318,-0.005692535545676947,2
1178,S_182,S_182_patch_0002,2,/content/PATIENT_RECONSTRUCTED_PREDICTIONS_FROM_PATCHES/patch_predictions_npz/0001178_S_182_S_182_patch_0002.npz,0.517376184463501,0.4287852346897125,0.4014481008052826,0.21835249662399292,9
1179,S_182,S_182_patch_0003,3,/content/PATIENT_RECONSTRUCTED_PREDICTIONS_FROM_PATCHES/patch_predictions_npz/0001179_S_182_S_182_patch_0003.npz,0.5282575488090515,0.3949092924594879,0.4560733139514923,0.05025149881839752,7
1180,S_182,S_182_patch_0004,4,/content/PATIENT_RECONSTRUCTED_PREDICTIONS_FROM_PATCHES/patch_predictions_npz/0001180_S_182_S_182_patch_0004.npz,0.5202221870422363,0.40445569157600403,0.47687506675720215,-0.14518092572689056,10
1181,S_182,S_182_patch_0005,5,/content/PATIENT_RECONSTRUCTED_PREDICTIONS_FROM_PATCHES/patch_predictions_npz/0001181_S_182_S_182_patch_0005.npz,0.5679799914360046,0.41715526580810547,0.39290380477905273,-0.316495805978775,8
1182,S_182,S_182_patch_0006,6,/content/PATIENT_RECONSTRUCTED_PREDICTIONS_FROM_PATCHES/patch_predictions_npz/0001182_S_182_S_182_patch_0006.npz,0.601155698299408,0.38272473216056824,0.4407719075679779,-0.26259127259254456,6
1183,S_182,S_182_patch_0007,7,/content/PATIENT_RECONSTRUCTED_PREDICTIONS_FROM_PATCHES/patch_predictions_npz/0001183_S_182_S_182_patch_0007.npz,0.5408847332000732,0.40674254298210144,0.4551376402378082,-0.2605735957622528,2
1184,S_183,S_183_patch_0000,0,/content/PATIENT_RECONSTRUCTED_PREDICTIONS_FROM_PATCHES/patch_predictions_npz/0001184_S_183_S_183_patch_0000.npz,0.4025478661060333,0.4689367711544037,0.43412265181541443,-0.08978161215782166,1
1185,S_183,S_183_patch_0001,1,/content/PATIENT_RECONSTRUCTED_PREDICTIONS_FROM_PATCHES/patch_predictions_npz/0001185_S_183_S_183_patch_0001.npz,0.5190278887748718,0.4519381821155548,0.414823055267334,-0.07205777615308762,3
1186,S_183,S_183_patch_0002,2,/content/PATIENT_RECONSTRUCTED_PREDICTIONS_FROM_PATCHES/patch_predictions_npz/0001186_S_183_S_183_patch_0002.npz,0.5395622253417969,0.4255717098712921,0.3968540132045746,0.17135609686374664,12
1187,S_183,S_183_patch_0003,3,/content/PATIENT_RECONSTRUCTED_PREDICTIONS_FROM_PATCHES/patch_predictions_npz/0001187_S_183_S_183_patch_0003.npz,0.5353131890296936,0.4036218822002411,0.4521132707595825,0.06584152579307556,9
1188,S_183,S_183_patch_0004,4,/content/PATIENT_RECONSTRUCTED_PREDICTIONS_FROM_PATCHES/patch_predictions_npz/0001188_S_183_S_183_patch_0004.npz,0.540230929851532,0.40190884470939636,0.47972527146339417,-0.16957134008407593,10
1189,S_183,S_183_patch_0005,5,/content/PATIENT_RECONSTRUCTED_PREDICTIONS_FROM_PATCHES/patch_predictions_npz/0001189_S_183_S_183_patch_0005.npz,0.559394359588623,0.4214249551296234,0.4141923487186432,-0.31131741404533386,8
1190,S_183,S_183_patch_0006,6,/content/PATIENT_RECONSTRUCTED_PREDICTIONS_FROM_PATCHES/patch_predictions_npz/0001190_S_183_S_183_patch_0006.npz,0.5424479842185974,0.40197646617889404,0.4537658393383026,-0.14629696309566498,4
1191,S_183,S_183_patch_0007,7,/content/PATIENT_RECONSTRUCTED_PREDICTIONS_FROM_PATCHES/patch_predictions_npz/0001191_S_183_S_183_patch_0007.npz,0.5134084820747375,0.41395440697669983,0.44614091515541077,-0.14679451286792755,2
1192,S_184,S_184_patch_0000,0,/content/PATIENT_RECONSTRUCTED_PREDICTIONS_FROM_PATCHES/patch_predictions_npz/0001192_S_184_S_184_patch_0000.npz,0.400558203458786,0.4671749770641327,0.43334364891052246,-0.06657315045595169,1
1193,S_184,S_184_patch_0001,1,/content/PATIENT_RECONSTRUCTED_PREDICTIONS_FROM_PATCHES/patch_predictions_npz/0001193_S_184_S_184_patch_0001.npz,0.5034398436546326,0.4509890079498291,0.41481080651283264,-0.03430077061057091,2
1194,S_184,S_184_patch_0002,2,/content/PATIENT_RECONSTRUCTED_PREDICTIONS_FROM_PATCHES/patch_predictions_npz/0001194_S_184_S_184_patch_0002.npz,0.5275117754936218,0.4257489740848541,0.39674949645996094,0.17191743850708008,12
1195,S_184,S_184_patch_0003,3,/content/PATIENT_RECONSTRUCTED_PREDICTIONS_FROM_PATCHES/patch_predictions_npz/0001195_S_184_S_184_patch_0003.npz,0.5214006304740906,0.41098323464393616,0.44299304485321045,0.09531382471323013,7
1196,S_184,S_184_patch_0004,4,/content/PATIENT_RECONSTRUCTED_PREDICTIONS_FROM_PATCHES/patch_predictions_npz/0001196_S_184_S_184_patch_0004.npz,0.5165500044822693,0.4059077203273773,0.47485625743865967,-0.11498868465423584,10
1197,S_184,S_184_patch_0005,5,/content/PATIENT_RECONSTRUCTED_PREDICTIONS_FROM_PATCHES/patch_predictions_npz/0001197_S_184_S_184_patch_0005.npz,0.5316846966743469,0.4227825403213501,0.4046640396118164,-0.20866622030735016,9
1198,S_184,S_184_patch_0006,6,/content/PATIENT_RECONSTRUCTED_PREDICTIONS_FROM_PATCHES/patch_predictions_npz/0001198_S_184_S_184_patch_0006.npz,0.5707854628562927,0.38920751214027405,0.45480990409851074,-0.20085667073726654,3
1199,S_184,S_184_patch_0007,7,/content/PATIENT_RECONSTRUCTED_PREDICTIONS_FROM_PATCHES/patch_predictions_npz/0001199_S_184_S_184_patch_0007.npz,0.5034413933753967,0.4193805754184723,0.4494921863079071,-0.136566162109375,2
1200,S_185,S_185_patch_0000,0,/content/PATIENT_RECONSTRUCTED_PREDICTIONS_FROM_PATCHES/patch_predictions_npz/0001200_S_185_S_185_patch_0000.npz,0.39678260684013367,0.4639933109283447,0.43275442719459534,-0.014479771256446838,1
1201,S_185,S_185_patch_0001,1,/content/PATIENT_RECONSTRUCTED_PREDICTIONS_FROM_PATCHES/patch_predictions_npz/0001201_S_185_S_185_patch_0001.npz,0.4859144687652588,0.4566342830657959,0.4201860725879669,-8.361538493772969e-05,5
1202,S_185,S_185_patch_0002,2,/content/PATIENT_RECONSTRUCTED_PREDICTIONS_FROM_PATCHES/patch_predictions_npz/0001202_S_185_S_185_patch_0002.npz,0.4975154399871826,0.4381507933139801,0.4077812731266022,0.1712970733642578,10
1203,S_185,S_185_patch_0003,3,/content/PATIENT_RECONSTRUCTED_PREDICTIONS_FROM_PATCHES/patch_predictions_npz/0001203_S_185_S_185_patch_0003.npz,0.510938823223114,0.40990138053894043,0.44956088066101074,0.0738169327378273,8
1204,S_185,S_185_patch_0004,4,/content/PATIENT_RECONSTRUCTED_PREDICTIONS_FROM_PATCHES/patch_predictions_npz/0001204_S_185_S_185_patch_0004.npz,0.49839627742767334,0.4166848659515381,0.47030043601989746,-0.08573641628026962,10
1205,S_185,S_185_patch_0005,5,/content/PATIENT_RECONSTRUCTED_PREDICTIONS_FROM_PATCHES/patch_predictions_npz/0001205_S_185_S_185_patch_0005.npz,0.5167060494422913,0.427042156457901,0.4056070148944855,-0.16788619756698608,8
1206,S_185,S_185_patch_0006,6,/content/PATIENT_RECONSTRUCTED_PREDICTIONS_FROM_PATCHES/patch_predictions_npz/0001206_S_185_S_185_patch_0006.npz,0.5462051033973694,0.39529943466186523,0.4480765759944916,-0.13032369315624237,4
1207,S_185,S_185_patch_0007,7,/content/PATIENT_RECONSTRUCTED_PREDICTIONS_FROM_PATCHES/patch_predictions_npz/0001207_S_185_S_185_patch_0007.npz,0.49159908294677734,0.42008814215660095,0.44835472106933594,-0.07893895357847214,2
1208,S_186,S_186_patch_0000,0,/content/PATIENT_RECONSTRUCTED_PREDICTIONS_FROM_PATCHES/patch_predictions_npz/0001208_S_186_S_186_patch_0000.npz,0.4037435054779053,0.47072693705558777,0.43590834736824036,-0.07143080234527588,1
1209,S_186,S_186_patch_0001,1,/content/PATIENT_RECONSTRUCTED_PREDICTIONS_FROM_PATCHES/patch_predictions_npz/0001209_S_186_S_186_patch_0001.npz,0.4876047670841217,0.4565471112728119,0.4193742573261261,0.009419959038496017,2
1210,S_186,S_186_patch_0002,2,/content/PATIENT_RECONSTRUCTED_PREDICTIONS_FROM_PATCHES/patch_predictions_npz/0001210_S_186_S_186_patch_0002.npz,0.4944589138031006,0.4368703365325928,0.4094432592391968,0.2023676186800003,12
1211,S_186,S_186_patch_0003,3,/content/PATIENT_RECONSTRUCTED_PREDICTIONS_FROM_PATCHES/patch_predictions_npz/0001211_S_186_S_186_patch_0003.npz,0.5025624632835388,0.41774335503578186,0.4458620250225067,0.11983887106180191,9
1212,S_186,S_186_patch_0004,4,/content/PATIENT_RECONSTRUCTED_PREDICTIONS_FROM_PATCHES/patch_predictions_npz/0001212_S_186_S_186_patch_0004.npz,0.5006428360939026,0.411031574010849,0.4707510769367218,-0.0504298061132431,8
1213,S_186,S_186_patch_0005,5,/content/PATIENT_RECONSTRUCTED_PREDICTIONS_FROM_PATCHES/patch_predictions_npz/0001213_S_186_S_186_patch_0005.npz,0.5145981907844543,0.42598819732666016,0.41263237595558167,-0.14908243715763092,8
1214,S_186,S_186_patch_0006,6,/content/PATIENT_RECONSTRUCTED_PREDICTIONS_FROM_PATCHES/patch_predictions_npz/0001214_S_186_S_186_patch_0006.npz,0.5564637780189514,0.39138054847717285,0.45080694556236267,-0.13953272998332977,4
1215,S_186,S_186_patch_0007,7,/content/PATIENT_RECONSTRUCTED_PREDICTIONS_FROM_PATCHES/patch_predictions_npz/0001215_S_186_S_186_patch_0007.npz,0.4958546459674835,0.4185403287410736,0.44638940691947937,-0.09590062499046326,2
1216,S_187,S_187_patch_0000,0,/content/PATIENT_RECONSTRUCTED_PREDICTIONS_FROM_PATCHES/patch_predictions_npz/0001216_S_187_S_187_patch_0000.npz,0.41024112701416016,0.4759545624256134,0.43301889300346375,-0.20351338386535645,2
1217,S_187,S_187_patch_0001,1,/content/PATIENT_RECONSTRUCTED_PREDICTIONS_FROM_PATCHES/patch_predictions_npz/0001217_S_187_S_187_patch_0001.npz,0.49761080741882324,0.45599284768104553,0.4200458526611328,-0.03463480994105339,2
1218,S_187,S_187_patch_0002,2,/content/PATIENT_RECONSTRUCTED_PREDICTIONS_FROM_PATCHES/patch_predictions_npz/0001218_S_187_S_187_patch_0002.npz,0.5249989628791809,0.42939266562461853,0.3989516496658325,0.19212184846401215,14
1219,S_187,S_187_patch_0003,3,/content/PATIENT_RECONSTRUCTED_PREDICTIONS_FROM_PATCHES/patch_predictions_npz/0001219_S_187_S_187_patch_0003.npz,0.5396495461463928,0.3884953260421753,0.45808613300323486,0.02803194522857666,6
1220,S_187,S_187_patch_0004,4,/content/PATIENT_RECONSTRUCTED_PREDICTIONS_FROM_PATCHES/patch_predictions_npz/0001220_S_187_S_187_patch_0004.npz,0.5212644934654236,0.4036806523799896,0.4771083891391754,-0.16388863325119019,10
1221,S_187,S_187_patch_0005,5,/content/PATIENT_RECONSTRUCTED_PREDICTIONS_FROM_PATCHES/patch_predictions_npz/0001221_S_187_S_187_patch_0005.npz,0.5528068542480469,0.41971901059150696,0.39323869347572327,-0.2750689685344696,8
1222,S_187,S_187_patch_0006,6,/content/PATIENT_RECONSTRUCTED_PREDICTIONS_FROM_PATCHES/patch_predictions_npz/0001222_S_187_S_187_patch_0006.npz,0.5804166793823242,0.38684239983558655,0.4531291723251343,-0.21432167291641235,4
1223,S_187,S_187_patch_0007,7,/content/PATIENT_RECONSTRUCTED_PREDICTIONS_FROM_PATCHES/patch_predictions_npz/0001223_S_187_S_187_patch_0007.npz,0.5474918484687805,0.40157434344291687,0.449082612991333,-0.2553040683269501,2
1224,S_188,S_188_patch_0000,0,/content/PATIENT_RECONSTRUCTED_PREDICTIONS_FROM_PATCHES/patch_predictions_npz/0001224_S_188_S_188_patch_0000.npz,0.3980468213558197,0.46483898162841797,0.433289498090744,-0.024208271875977516,2
1225,S_188,S_188_patch_0001,1,/content/PATIENT_RECONSTRUCTED_PREDICTIONS_FROM_PATCHES/patch_predictions_npz/0001225_S_188_S_188_patch_0001.npz,0.4885575473308563,0.4523380696773529,0.41813433170318604,0.0073965080082416534,2
1226,S_188,S_188_patch_0002,2,/content/PATIENT_RECONSTRUCTED_PREDICTIONS_FROM_PATCHES/patch_predictions_npz/0001226_S_188_S_188_patch_0002.npz,0.5118542909622192,0.4323504865169525,0.4031108319759369,0.18642181158065796,11
1227,S_188,S_188_patch_0003,3,/content/PATIENT_RECONSTRUCTED_PREDICTIONS_FROM_PATCHES/patch_predictions_npz/0001227_S_188_S_188_patch_0003.npz,0.5238466262817383,0.397648423910141,0.45398226380348206,0.03653047978878021,9
1228,S_188,S_188_patch_0004,4,/content/PATIENT_RECONSTRUCTED_PREDICTIONS_FROM_PATCHES/patch_predictions_npz/0001228_S_188_S_188_patch_0004.npz,0.5042152404785156,0.4093739092350006,0.4712074100971222,-0.0888366624712944,9
1229,S_188,S_188_patch_0005,5,/content/PATIENT_RECONSTRUCTED_PREDICTIONS_FROM_PATCHES/patch_predictions_npz/0001229_S_188_S_188_patch_0005.npz,0.530168354511261,0.4216644763946533,0.406663179397583,-0.20004381239414215,8
1230,S_188,S_188_patch_0006,6,/content/PATIENT_RECONSTRUCTED_PREDICTIONS_FROM_PATCHES/patch_predictions_npz/0001230_S_188_S_188_patch_0006.npz,0.5669520497322083,0.3857288360595703,0.44754067063331604,-0.166941836476326,5
1231,S_188,S_188_patch_0007,7,/content/PATIENT_RECONSTRUCTED_PREDICTIONS_FROM_PATCHES/patch_predictions_npz/0001231_S_188_S_188_patch_0007.npz,0.49774470925331116,0.41585150361061096,0.44868341088294983,-0.08310087025165558,2
1232,S_189,S_189_patch_0000,0,/content/PATIENT_RECONSTRUCTED_PREDICTIONS_FROM_PATCHES/patch_predictions_npz/0001232_S_189_S_189_patch_0000.npz,0.40024256706237793,0.4672895669937134,0.4340345561504364,-0.036635782569646835,1
1233,S_189,S_189_patch_0001,1,/content/PATIENT_RECONSTRUCTED_PREDICTIONS_FROM_PATCHES/patch_predictions_npz/0001233_S_189_S_189_patch_0001.npz,0.48167988657951355,0.45706796646118164,0.4214150905609131,0.014995049685239792,2
1234,S_189,S_189_patch_0002,2,/content/PATIENT_RECONSTRUCTED_PREDICTIONS_FROM_PATCHES/patch_predictions_npz/0001234_S_189_S_189_patch_0002.npz,0.4918297827243805,0.43736255168914795,0.40920379757881165,0.20006103813648224,13
1235,S_189,S_189_patch_0003,3,/content/PATIENT_RECONSTRUCTED_PREDICTIONS_FROM_PATCHES/patch_predictions_npz/0001235_S_189_S_189_patch_0003.npz,0.5063071846961975,0.41347894072532654,0.4487551152706146,0.0924481451511383,9
1236,S_189,S_189_patch_0004,4,/content/PATIENT_RECONSTRUCTED_PREDICTIONS_FROM_PATCHES/patch_predictions_npz/0001236_S_189_S_189_patch_0004.npz,0.5009162425994873,0.41401004791259766,0.47176459431648254,-0.08629200607538223,8
1237,S_189,S_189_patch_0005,5,/content/PATIENT_RECONSTRUCTED_PREDICTIONS_FROM_PATCHES/patch_predictions_npz/0001237_S_189_S_189_patch_0005.npz,0.5113922953605652,0.42783841490745544,0.4122428596019745,-0.15712636709213257,8
1238,S_189,S_189_patch_0006,6,/content/PATIENT_RECONSTRUCTED_PREDICTIONS_FROM_PATCHES/patch_predictions_npz/0001238_S_189_S_189_patch_0006.npz,0.5509007573127747,0.3932429850101471,0.44866833090782166,-0.14554496109485626,3
1239,S_189,S_189_patch_0007,7,/content/PATIENT_RECONSTRUCTED_PREDICTIONS_FROM_PATCHES/patch_predictions_npz/0001239_S_189_S_189_patch_0007.npz,0.47979557514190674,0.42099329829216003,0.44905129075050354,-0.02348160743713379,2
1240,S_190,S_190_patch_0000,0,/content/PATIENT_RECONSTRUCTED_PREDICTIONS_FROM_PATCHES/patch_predictions_npz/0001240_S_190_S_190_patch_0000.npz,0.4023079574108124,0.4699622094631195,0.43537989258766174,-0.0549035370349884,1
1241,S_190,S_190_patch_0001,1,/content/PATIENT_RECONSTRUCTED_PREDICTIONS_FROM_PATCHES/patch_predictions_npz/0001241_S_190_S_190_patch_0001.npz,0.4884990453720093,0.4607492983341217,0.42375895380973816,-0.020365288481116295,3
1242,S_190,S_190_patch_0002,2,/content/PATIENT_RECONSTRUCTED_PREDICTIONS_FROM_PATCHES/patch_predictions_npz/0001242_S_190_S_190_patch_0002.npz,0.5117813348770142,0.4315810203552246,0.40480175614356995,0.18849195539951324,13
1243,S_190,S_190_patch_0003,3,/content/PATIENT_RECONSTRUCTED_PREDICTIONS_FROM_PATCHES/patch_predictions_npz/0001243_S_190_S_190_patch_0003.npz,0.5269926190376282,0.4055968225002289,0.4499681890010834,0.07738826423883438,8
1244,S_190,S_190_patch_0004,4,/content/PATIENT_RECONSTRUCTED_PREDICTIONS_FROM_PATCHES/patch_predictions_npz/0001244_S_190_S_190_patch_0004.npz,0.5289433598518372,0.4039480686187744,0.47970470786094666,-0.17154139280319214,11
1245,S_190,S_190_patch_0005,5,/content/PATIENT_RECONSTRUCTED_PREDICTIONS_FROM_PATCHES/patch_predictions_npz/0001245_S_190_S_190_patch_0005.npz,0.5517537593841553,0.41926586627960205,0.39414048194885254,-0.28456223011016846,8
1246,S_190,S_190_patch_0006,6,/content/PATIENT_RECONSTRUCTED_PREDICTIONS_FROM_PATCHES/patch_predictions_npz/0001246_S_190_S_190_patch_0006.npz,0.5672803521156311,0.3856000006198883,0.4490220248699188,-0.1843709498643875,4
1247,S_190,S_190_patch_0007,7,/content/PATIENT_RECONSTRUCTED_PREDICTIONS_FROM_PATCHES/patch_predictions_npz/0001247_S_190_S_190_patch_0007.npz,0.5073488354682922,0.4132464826107025,0.4491085112094879,-0.11339940875768661,2
1248,S_191,S_191_patch_0000,0,/content/PATIENT_RECONSTRUCTED_PREDICTIONS_FROM_PATCHES/patch_predictions_npz/0001248_S_191_S_191_patch_0000.npz,0.40812137722969055,0.4746103584766388,0.4359292984008789,-0.14818590879440308,1
1249,S_191,S_191_patch_0001,1,/content/PATIENT_RECONSTRUCTED_PREDICTIONS_FROM_PATCHES/patch_predictions_npz/0001249_S_191_S_191_patch_0001.npz,0.5024552345275879,0.4595320522785187,0.4225189983844757,-0.06266748905181885,1
1250,S_191,S_191_patch_0002,2,/content/PATIENT_RECONSTRUCTED_PREDICTIONS_FROM_PATCHES/patch_predictions_npz/0001250_S_191_S_191_patch_0002.npz,0.5413307547569275,0.4237551987171173,0.3946800231933594,0.17329688370227814,11
1251,S_191,S_191_patch_0003,3,/content/PATIENT_RECONSTRUCTED_PREDICTIONS_FROM_PATCHES/patch_predictions_npz/0001251_S_191_S_191_patch_0003.npz,0.535404622554779,0.39668527245521545,0.4541213810443878,0.05851173400878906,6
1252,S_191,S_191_patch_0004,4,/content/PATIENT_RECONSTRUCTED_PREDICTIONS_FROM_PATCHES/patch_predictions_npz/0001252_S_191_S_191_patch_0004.npz,0.5265184044837952,0.4031755030155182,0.4787624776363373,-0.15911225974559784,9
1253,S_191,S_191_patch_0005,5,/content/PATIENT_RECONSTRUCTED_PREDICTIONS_FROM_PATCHES/patch_predictions_npz/0001253_S_191_S_191_patch_0005.npz,0.5645448565483093,0.41858696937561035,0.3851288855075836,-0.32746192812919617,8
1254,S_191,S_191_patch_0006,6,/content/PATIENT_RECONSTRUCTED_PREDICTIONS_FROM_PATCHES/patch_predictions_npz/0001254_S_191_S_191_patch_0006.npz,0.5841243863105774,0.3833368718624115,0.459086537361145,-0.2250349074602127,4
1255,S_191,S_191_patch_0007,7,/content/PATIENT_RECONSTRUCTED_PREDICTIONS_FROM_PATCHES/patch_predictions_npz/0001255_S_191_S_191_patch_0007.npz,0.5185802578926086,0.4155336618423462,0.446407288312912,-0.18887938559055328,2
1256,S_192,S_192_patch_0000,0,/content/PATIENT_RECONSTRUCTED_PREDICTIONS_FROM_PATCHES/patch_predictions_npz/0001256_S_192_S_192_patch_0000.npz,0.40857577323913574,0.47470417618751526,0.4364541471004486,-0.1486743837594986,1
1257,S_192,S_192_patch_0001,1,/content/PATIENT_RECONSTRUCTED_PREDICTIONS_FROM_PATCHES/patch_predictions_npz/0001257_S_192_S_192_patch_0001.npz,0.5025107860565186,0.45622530579566956,0.42013171315193176,-0.03921406716108322,1
1258,S_192,S_192_patch_0002,2,/content/PATIENT_RECONSTRUCTED_PREDICTIONS_FROM_PATCHES/patch_predictions_npz/0001258_S_192_S_192_patch_0002.npz,0.5344240069389343,0.4242342710494995,0.39756903052330017,0.2092643529176712,11
1259,S_192,S_192_patch_0003,3,/content/PATIENT_RECONSTRUCTED_PREDICTIONS_FROM_PATCHES/patch_predictions_npz/0001259_S_192_S_192_patch_0003.npz,0.5490630269050598,0.3856722414493561,0.4584052860736847,0.008235164918005466,6
1260,S_192,S_192_patch_0004,4,/content/PATIENT_RECONSTRUCTED_PREDICTIONS_FROM_PATCHES/patch_predictions_npz/0001260_S_192_S_192_patch_0004.npz,0.5290489196777344,0.40377283096313477,0.47984281182289124,-0.17260022461414337,11
1261,S_192,S_192_patch_0005,5,/content/PATIENT_RECONSTRUCTED_PREDICTIONS_FROM_PATCHES/patch_predictions_npz/0001261_S_192_S_192_patch_0005.npz,0.5699980854988098,0.4163564145565033,0.3816109001636505,-0.32501667737960815,8
1262,S_192,S_192_patch_0006,6,/content/PATIENT_RECONSTRUCTED_PREDICTIONS_FROM_PATCHES/patch_predictions_npz/0001262_S_192_S_192_patch_0006.npz,0.6156420707702637,0.3670901358127594,0.46578848361968994,-0.26671507954597473,2
1263,S_192,S_192_patch_0007,7,/content/PATIENT_RECONSTRUCTED_PREDICTIONS_FROM_PATCHES/patch_predictions_npz/0001263_S_192_S_192_patch_0007.npz,0.5491577982902527,0.4090331494808197,0.45254936814308167,-0.2931247651576996,2
1264,S_193,S_193_patch_0000,0,/content/PATIENT_RECONSTRUCTED_PREDICTIONS_FROM_PATCHES/patch_predictions_npz/0001264_S_193_S_193_patch_0000.npz,0.40333595871925354,0.4696185290813446,0.4339963495731354,-0.11050844192504883,1
1265,S_193,S_193_patch_0001,1,/content/PATIENT_RECONSTRUCTED_PREDICTIONS_FROM_PATCHES/patch_predictions_npz/0001265_S_193_S_193_patch_0001.npz,0.5190369486808777,0.4493114650249481,0.41213640570640564,-0.07564863562583923,2
1266,S_193,S_193_patch_0002,2,/content/PATIENT_RECONSTRUCTED_PREDICTIONS_FROM_PATCHES/patch_predictions_npz/0001266_S_193_S_193_patch_0002.npz,0.5420258045196533,0.4251558780670166,0.3932572305202484,0.1656610369682312,10
1267,S_193,S_193_patch_0003,3,/content/PATIENT_RECONSTRUCTED_PREDICTIONS_FROM_PATCHES/patch_predictions_npz/0001267_S_193_S_193_patch_0003.npz,0.5415763258934021,0.39641645550727844,0.4546445310115814,0.027205102145671844,7
1268,S_193,S_193_patch_0004,4,/content/PATIENT_RECONSTRUCTED_PREDICTIONS_FROM_PATCHES/patch_predictions_npz/0001268_S_193_S_193_patch_0004.npz,0.5145612955093384,0.4081689417362213,0.4758331775665283,-0.1346561759710312,12
1269,S_193,S_193_patch_0005,5,/content/PATIENT_RECONSTRUCTED_PREDICTIONS_FROM_PATCHES/patch_predictions_npz/0001269_S_193_S_193_patch_0005.npz,0.5464125275611877,0.423296719789505,0.40243950486183167,-0.2683278024196625,8
1270,S_193,S_193_patch_0006,6,/content/PATIENT_RECONSTRUCTED_PREDICTIONS_FROM_PATCHES/patch_predictions_npz/0001270_S_193_S_193_patch_0006.npz,0.5830506086349487,0.38702139258384705,0.45171496272087097,-0.2321370393037796,4
1271,S_193,S_193_patch_0007,7,/content/PATIENT_RECONSTRUCTED_PREDICTIONS_FROM_PATCHES/patch_predictions_npz/0001271_S_193_S_193_patch_0007.npz,0.5197032690048218,0.4139169156551361,0.4530113637447357,-0.19889883697032928,2
1272,S_194,S_194_patch_0000,0,/content/PATIENT_RECONSTRUCTED_PREDICTIONS_FROM_PATCHES/patch_predictions_npz/0001272_S_194_S_194_patch_0000.npz,0.40234318375587463,0.4691394865512848,0.43530145287513733,-0.05520141124725342,1
1273,S_194,S_194_patch_0001,1,/content/PATIENT_RECONSTRUCTED_PREDICTIONS_FROM_PATCHES/patch_predictions_npz/0001273_S_194_S_194_patch_0001.npz,0.48756155371665955,0.4547472894191742,0.4197094142436981,0.006534161511808634,1
1274,S_194,S_194_patch_0002,2,/content/PATIENT_RECONSTRUCTED_PREDICTIONS_FROM_PATCHES/patch_predictions_npz/0001274_S_194_S_194_patch_0002.npz,0.5105081796646118,0.42909538745880127,0.402738094329834,0.21297843754291534,8
1275,S_194,S_194_patch_0003,3,/content/PATIENT_RECONSTRUCTED_PREDICTIONS_FROM_PATCHES/patch_predictions_npz/0001275_S_194_S_194_patch_0003.npz,0.525212287902832,0.3938407897949219,0.4523390531539917,0.06372351199388504,8
1276,S_194,S_194_patch_0004,4,/content/PATIENT_RECONSTRUCTED_PREDICTIONS_FROM_PATCHES/patch_predictions_npz/0001276_S_194_S_194_patch_0004.npz,0.5197800993919373,0.40174737572669983,0.476572185754776,-0.12316177040338516,9
1277,S_194,S_194_patch_0005,5,/content/PATIENT_RECONSTRUCTED_PREDICTIONS_FROM_PATCHES/patch_predictions_npz/0001277_S_194_S_194_patch_0005.npz,0.5363503694534302,0.4243389666080475,0.40008917450904846,-0.2209673672914505,8
1278,S_194,S_194_patch_0006,6,/content/PATIENT_RECONSTRUCTED_PREDICTIONS_FROM_PATCHES/patch_predictions_npz/0001278_S_194_S_194_patch_0006.npz,0.5661222338676453,0.3906899392604828,0.45270660519599915,-0.17455227673053741,4
1279,S_194,S_194_patch_0007,7,/content/PATIENT_RECONSTRUCTED_PREDICTIONS_FROM_PATCHES/patch_predictions_npz/0001279_S_194_S_194_patch_0007.npz,0.5128406882286072,0.416452556848526,0.4518955647945404,-0.16781561076641083,2
1280,S_195,S_195_patch_0000,0,/content/PATIENT_RECONSTRUCTED_PREDICTIONS_FROM_PATCHES/patch_predictions_npz/0001280_S_195_S_195_patch_0000.npz,0.40893498063087463,0.4749949872493744,0.4349629580974579,-0.18349452316761017,1
1281,S_195,S_195_patch_0001,1,/content/PATIENT_RECONSTRUCTED_PREDICTIONS_FROM_PATCHES/patch_predictions_npz/0001281_S_195_S_195_patch_0001.npz,0.5129860639572144,0.45850417017936707,0.41935113072395325,-0.07033003866672516,2
1282,S_195,S_195_patch_0002,2,/content/PATIENT_RECONSTRUCTED_PREDICTIONS_FROM_PATCHES/patch_predictions_npz/0001282_S_195_S_195_patch_0002.npz,0.5205271244049072,0.4273819029331207,0.4022831916809082,0.1955079883337021,12
1283,S_195,S_195_patch_0003,3,/content/PATIENT_RECONSTRUCTED_PREDICTIONS_FROM_PATCHES/patch_predictions_npz/0001283_S_195_S_195_patch_0003.npz,0.5355465412139893,0.3953806459903717,0.4561060667037964,0.03831524774432182,7
1284,S_195,S_195_patch_0004,4,/content/PATIENT_RECONSTRUCTED_PREDICTIONS_FROM_PATCHES/patch_predictions_npz/0001284_S_195_S_195_patch_0004.npz,0.5050256252288818,0.41116681694984436,0.47387632727622986,-0.10558667033910751,10
1285,S_195,S_195_patch_0005,5,/content/PATIENT_RECONSTRUCTED_PREDICTIONS_FROM_PATCHES/patch_predictions_npz/0001285_S_195_S_195_patch_0005.npz,0.5171155333518982,0.4269472658634186,0.40193453431129456,-0.16960854828357697,8
1286,S_195,S_195_patch_0006,6,/content/PATIENT_RECONSTRUCTED_PREDICTIONS_FROM_PATCHES/patch_predictions_npz/0001286_S_195_S_195_patch_0006.npz,0.6046158075332642,0.3712012469768524,0.46038445830345154,-0.2610449492931366,3
1287,S_195,S_195_patch_0007,7,/content/PATIENT_RECONSTRUCTED_PREDICTIONS_FROM_PATCHES/patch_predictions_npz/0001287_S_195_S_195_patch_0007.npz,0.5421076416969299,0.40429389476776123,0.4483100473880768,-0.23234884440898895,2
1288,S_196,S_196_patch_0000,0,/content/PATIENT_RECONSTRUCTED_PREDICTIONS_FROM_PATCHES/patch_predictions_npz/0001288_S_196_S_196_patch_0000.npz,0.41002321243286133,0.4764287769794464,0.4346228539943695,-0.23653291165828705,1
1289,S_196,S_196_patch_0001,1,/content/PATIENT_RECONSTRUCTED_PREDICTIONS_FROM_PATCHES/patch_predictions_npz/0001289_S_196_S_196_patch_0001.npz,0.5167259573936462,0.4552811086177826,0.418967604637146,-0.10040334612131119,2
1290,S_196,S_196_patch_0002,2,/content/PATIENT_RECONSTRUCTED_PREDICTIONS_FROM_PATCHES/patch_predictions_npz/0001290_S_196_S_196_patch_0002.npz,0.5410565733909607,0.4247623383998871,0.39580845832824707,0.16002272069454193,15
1291,S_196,S_196_patch_0003,3,/content/PATIENT_RECONSTRUCTED_PREDICTIONS_FROM_PATCHES/patch_predictions_npz/0001291_S_196_S_196_patch_0003.npz,0.5603504776954651,0.393219918012619,0.4581291973590851,-0.014475337229669094,7
1292,S_196,S_196_patch_0004,4,/content/PATIENT_RECONSTRUCTED_PREDICTIONS_FROM_PATCHES/patch_predictions_npz/0001292_S_196_S_196_patch_0004.npz,0.5545653104782104,0.3939875066280365,0.48775148391723633,-0.2667820453643799,9
1293,S_196,S_196_patch_0005,5,/content/PATIENT_RECONSTRUCTED_PREDICTIONS_FROM_PATCHES/patch_predictions_npz/0001293_S_196_S_196_patch_0005.npz,0.5893272757530212,0.4131690561771393,0.38543519377708435,-0.3977071940898895,8
1294,S_196,S_196_patch_0006,6,/content/PATIENT_RECONSTRUCTED_PREDICTIONS_FROM_PATCHES/patch_predictions_npz/0001294_S_196_S_196_patch_0006.npz,0.633547306060791,0.3655678927898407,0.4645097255706787,-0.33000460267066956,2
1295,S_196,S_196_patch_0007,7,/content/PATIENT_RECONSTRUCTED_PREDICTIONS_FROM_PATCHES/patch_predictions_npz/0001295_S_196_S_196_patch_0007.npz,0.5722288489341736,0.3962540626525879,0.4489123523235321,-0.34521451592445374,2
1296,S_197,S_197_patch_0000,0,/content/PATIENT_RECONSTRUCTED_PREDICTIONS_FROM_PATCHES/patch_predictions_npz/0001296_S_197_S_197_patch_0000.npz,0.40472498536109924,0.46577224135398865,0.43360161781311035,-0.00653869891539216,3
1297,S_197,S_197_patch_0001,1,/content/PATIENT_RECONSTRUCTED_PREDICTIONS_FROM_PATCHES/patch_predictions_npz/0001297_S_197_S_197_patch_0001.npz,0.48751306533813477,0.4631410539150238,0.4241574704647064,-0.02729266881942749,9
1298,S_197,S_197_patch_0002,2,/content/PATIENT_RECONSTRUCTED_PREDICTIONS_FROM_PATCHES/patch_predictions_npz/0001298_S_197_S_197_patch_0002.npz,0.5071179866790771,0.44607019424438477,0.4128049314022064,0.12618735432624817,13
1299,S_197,S_197_patch_0003,3,/content/PATIENT_RECONSTRUCTED_PREDICTIONS_FROM_PATCHES/patch_predictions_npz/0001299_S_197_S_197_patch_0003.npz,0.531480610370636,0.4166356027126312,0.44860538840293884,0.06373192369937897,12
1300,S_197,S_197_patch_0004,4,/content/PATIENT_RECONSTRUCTED_PREDICTIONS_FROM_PATCHES/patch_predictions_npz/0001300_S_197_S_197_patch_0004.npz,0.5085158944129944,0.42045021057128906,0.46744418144226074,-0.07423804700374603,10
1301,S_197,S_197_patch_0005,5,/content/PATIENT_RECONSTRUCTED_PREDICTIONS_FROM_PATCHES/patch_predictions_npz/0001301_S_197_S_197_patch_0005.npz,0.5224077105522156,0.4289475381374359,0.4285409450531006,-0.14798606932163239,9
1302,S_197,S_197_patch_0006,6,/content/PATIENT_RECONSTRUCTED_PREDICTIONS_FROM_PATCHES/patch_predictions_npz/0001302_S_197_S_197_patch_0006.npz,0.5607237219810486,0.3990009129047394,0.45400118827819824,-0.17218489944934845,8
1303,S_197,S_197_patch_0007,7,/content/PATIENT_RECONSTRUCTED_PREDICTIONS_FROM_PATCHES/patch_predictions_npz/0001303_S_197_S_197_patch_0007.npz,0.5022605061531067,0.4148779809474945,0.4571283757686615,-0.10307175666093826,2
1304,S_198,S_198_patch_0000,0,/content/PATIENT_RECONSTRUCTED_PREDICTIONS_FROM_PATCHES/patch_predictions_npz/0001304_S_198_S_198_patch_0000.npz,0.4047154188156128,0.4711267054080963,0.4336298406124115,-0.12978853285312653,1
1305,S_198,S_198_patch_0001,1,/content/PATIENT_RECONSTRUCTED_PREDICTIONS_FROM_PATCHES/patch_predictions_npz/0001305_S_198_S_198_patch_0001.npz,0.5012592673301697,0.4521534740924835,0.4155779182910919,-0.03277784213423729,2
1306,S_198,S_198_patch_0002,2,/content/PATIENT_RECONSTRUCTED_PREDICTIONS_FROM_PATCHES/patch_predictions_npz/0001306_S_198_S_198_patch_0002.npz,0.5228468179702759,0.42754611372947693,0.39997348189353943,0.20251460373401642,9
1307,S_198,S_198_patch_0003,3,/content/PATIENT_RECONSTRUCTED_PREDICTIONS_FROM_PATCHES/patch_predictions_npz/0001307_S_198_S_198_patch_0003.npz,0.5371719002723694,0.3883090913295746,0.4564375877380371,0.01982997916638851,7
1308,S_198,S_198_patch_0004,4,/content/PATIENT_RECONSTRUCTED_PREDICTIONS_FROM_PATCHES/patch_predictions_npz/0001308_S_198_S_198_patch_0004.npz,0.5177677273750305,0.4047149419784546,0.4746827185153961,-0.15740662813186646,9
1309,S_198,S_198_patch_0005,5,/content/PATIENT_RECONSTRUCTED_PREDICTIONS_FROM_PATCHES/patch_predictions_npz/0001309_S_198_S_198_patch_0005.npz,0.5520479083061218,0.4208790957927704,0.3910815417766571,-0.28427425026893616,9
1310,S_198,S_198_patch_0006,6,/content/PATIENT_RECONSTRUCTED_PREDICTIONS_FROM_PATCHES/patch_predictions_npz/0001310_S_198_S_198_patch_0006.npz,0.5777447819709778,0.38532695174217224,0.44611653685569763,-0.20025397837162018,3
1311,S_198,S_198_patch_0007,7,/content/PATIENT_RECONSTRUCTED_PREDICTIONS_FROM_PATCHES/patch_predictions_npz/0001311_S_198_S_198_patch_0007.npz,0.5272145867347717,0.4086398184299469,0.4497773349285126,-0.1962558776140213,2
1312,S_199,S_199_patch_0000,0,/content/PATIENT_RECONSTRUCTED_PREDICTIONS_FROM_PATCHES/patch_predictions_npz/0001312_S_199_S_199_patch_0000.npz,0.4144708812236786,0.47855880856513977,0.43285444378852844,-0.2768387496471405,2
1313,S_199,S_199_patch_0001,1,/content/PATIENT_RECONSTRUCTED_PREDICTIONS_FROM_PATCHES/patch_predictions_npz/0001313_S_199_S_199_patch_0001.npz,0.5048778653144836,0.461796373128891,0.4222356975078583,-0.07859889417886734,2
1314,S_199,S_199_patch_0002,2,/content/PATIENT_RECONSTRUCTED_PREDICTIONS_FROM_PATCHES/patch_predictions_npz/0001314_S_199_S_199_patch_0002.npz,0.5513972640037537,0.42175713181495667,0.3913874924182892,0.17658214271068573,10
1315,S_199,S_199_patch_0003,3,/content/PATIENT_RECONSTRUCTED_PREDICTIONS_FROM_PATCHES/patch_predictions_npz/0001315_S_199_S_199_patch_0003.npz,0.566214919090271,0.3821052014827728,0.460256963968277,-0.0017723565688356757,7
1316,S_199,S_199_patch_0004,4,/content/PATIENT_RECONSTRUCTED_PREDICTIONS_FROM_PATCHES/patch_predictions_npz/0001316_S_199_S_199_patch_0004.npz,0.5536671280860901,0.3865079879760742,0.4858386814594269,-0.24569183588027954,8
1317,S_199,S_199_patch_0005,5,/content/PATIENT_RECONSTRUCTED_PREDICTIONS_FROM_PATCHES/patch_predictions_npz/0001317_S_199_S_199_patch_0005.npz,0.5943828821182251,0.40635356307029724,0.3737601339817047,-0.3968801498413086,8
1318,S_199,S_199_patch_0006,6,/content/PATIENT_RECONSTRUCTED_PREDICTIONS_FROM_PATCHES/patch_predictions_npz/0001318_S_199_S_199_patch_0006.npz,0.6361339688301086,0.3564269542694092,0.46004727482795715,-0.3074902594089508,3
1319,S_199,S_199_patch_0007,7,/content/PATIENT_RECONSTRUCTED_PREDICTIONS_FROM_PATCHES/patch_predictions_npz/0001319_S_199_S_199_patch_0007.npz,0.5720720887184143,0.3943823575973511,0.44740429520606995,-0.3352489471435547,2
1320,S_200,S_200_patch_0000,0,/content/PATIENT_RECONSTRUCTED_PREDICTIONS_FROM_PATCHES/patch_predictions_npz/0001320_S_200_S_200_patch_0000.npz,0.40380188822746277,0.4707227945327759,0.43577492237091064,-0.06877976655960083,1
1321,S_200,S_200_patch_0001,1,/content/PATIENT_RECONSTRUCTED_PREDICTIONS_FROM_PATCHES/patch_predictions_npz/0001321_S_200_S_200_patch_0001.npz,0.4827030599117279,0.4533442258834839,0.4193725287914276,0.02762715518474579,1
1322,S_200,S_200_patch_0002,2,/content/PATIENT_RECONSTRUCTED_PREDICTIONS_FROM_PATCHES/patch_predictions_npz/0001322_S_200_S_200_patch_0002.npz,0.4940963685512543,0.43500828742980957,0.4091860055923462,0.22351308166980743,12
1323,S_200,S_200_patch_0003,3,/content/PATIENT_RECONSTRUCTED_PREDICTIONS_FROM_PATCHES/patch_predictions_npz/0001323_S_200_S_200_patch_0003.npz,0.508491575717926,0.4026626646518707,0.45332232117652893,0.0740010216832161,6
1324,S_200,S_200_patch_0004,4,/content/PATIENT_RECONSTRUCTED_PREDICTIONS_FROM_PATCHES/patch_predictions_npz/0001324_S_200_S_200_patch_0004.npz,0.49482056498527527,0.41568461060523987,0.46923062205314636,-0.07407376170158386,10
1325,S_200,S_200_patch_0005,5,/content/PATIENT_RECONSTRUCTED_PREDICTIONS_FROM_PATCHES/patch_predictions_npz/0001325_S_200_S_200_patch_0005.npz,0.516530454158783,0.43067851662635803,0.4061313569545746,-0.17381663620471954,8
1326,S_200,S_200_patch_0006,6,/content/PATIENT_RECONSTRUCTED_PREDICTIONS_FROM_PATCHES/patch_predictions_npz/0001326_S_200_S_200_patch_0006.npz,0.5478142499923706,0.398341566324234,0.44465720653533936,-0.12958036363124847,5
1327,S_200,S_200_patch_0007,7,/content/PATIENT_RECONSTRUCTED_PREDICTIONS_FROM_PATCHES/patch_predictions_npz/0001327_S_200_S_200_patch_0007.npz,0.5046685338020325,0.4175392687320709,0.44804060459136963,-0.1264052540063858,2
1328,S_201,S_201_patch_0000,0,/content/PATIENT_RECONSTRUCTED_PREDICTIONS_FROM_PATCHES/patch_predictions_npz/0001328_S_201_S_201_patch_0000.npz,0.3997400999069214,0.46615979075431824,0.43323031067848206,-0.06702316552400589,1
1329,S_201,S_201_patch_0001,1,/content/PATIENT_RECONSTRUCTED_PREDICTIONS_FROM_PATCHES/patch_predictions_npz/0001329_S_201_S_201_patch_0001.npz,0.49936643242836,0.4528677463531494,0.4163682460784912,-0.01865166239440441,2
1330,S_201,S_201_patch_0002,2,/content/PATIENT_RECONSTRUCTED_PREDICTIONS_FROM_PATCHES/patch_predictions_npz/0001330_S_201_S_201_patch_0002.npz,0.522970974445343,0.4232354164123535,0.39873024821281433,0.21272118389606476,12
1331,S_201,S_201_patch_0003,3,/content/PATIENT_RECONSTRUCTED_PREDICTIONS_FROM_PATCHES/patch_predictions_npz/0001331_S_201_S_201_patch_0003.npz,0.5523932576179504,0.38851484656333923,0.4588249623775482,-0.008449457585811615,6
1332,S_201,S_201_patch_0004,4,/content/PATIENT_RECONSTRUCTED_PREDICTIONS_FROM_PATCHES/patch_predictions_npz/0001332_S_201_S_201_patch_0004.npz,0.5163223147392273,0.40729281306266785,0.4766288697719574,-0.13784299790859222,8
1333,S_201,S_201_patch_0005,5,/content/PATIENT_RECONSTRUCTED_PREDICTIONS_FROM_PATCHES/patch_predictions_npz/0001333_S_201_S_201_patch_0005.npz,0.5500155091285706,0.4201209545135498,0.3925893306732178,-0.27050966024398804,8
1334,S_201,S_201_patch_0006,6,/content/PATIENT_RECONSTRUCTED_PREDICTIONS_FROM_PATCHES/patch_predictions_npz/0001334_S_201_S_201_patch_0006.npz,0.5937612056732178,0.3770134150981903,0.45875653624534607,-0.23914887011051178,2
1335,S_201,S_201_patch_0007,7,/content/PATIENT_RECONSTRUCTED_PREDICTIONS_FROM_PATCHES/patch_predictions_npz/0001335_S_201_S_201_patch_0007.npz,0.5094146728515625,0.41594114899635315,0.4491824209690094,-0.14925208687782288,2
1336,S_202,S_202_patch_0000,0,/content/PATIENT_RECONSTRUCTED_PREDICTIONS_FROM_PATCHES/patch_predictions_npz/0001336_S_202_S_202_patch_0000.npz,0.4088822901248932,0.4747673571109772,0.4368671178817749,-0.16268855333328247,1
1337,S_202,S_202_patch_0001,1,/content/PATIENT_RECONSTRUCTED_PREDICTIONS_FROM_PATCHES/patch_predictions_npz/0001337_S_202_S_202_patch_0001.npz,0.5050731301307678,0.4638993442058563,0.42489349842071533,-0.08931789547204971,1
1338,S_202,S_202_patch_0002,2,/content/PATIENT_RECONSTRUCTED_PREDICTIONS_FROM_PATCHES/patch_predictions_npz/0001338_S_202_S_202_patch_0002.npz,0.5404096245765686,0.42687174677848816,0.3963439464569092,0.16536855697631836,12
1339,S_202,S_202_patch_0003,3,/content/PATIENT_RECONSTRUCTED_PREDICTIONS_FROM_PATCHES/patch_predictions_npz/0001339_S_202_S_202_patch_0003.npz,0.5564126968383789,0.38651904463768005,0.4600156247615814,-0.020716089755296707,6
1340,S_202,S_202_patch_0004,4,/content/PATIENT_RECONSTRUCTED_PREDICTIONS_FROM_PATCHES/patch_predictions_npz/0001340_S_202_S_202_patch_0004.npz,0.5390037894248962,0.3995819091796875,0.4833098351955414,-0.21190114319324493,10
1341,S_202,S_202_patch_0005,5,/content/PATIENT_RECONSTRUCTED_PREDICTIONS_FROM_PATCHES/patch_predictions_npz/0001341_S_202_S_202_patch_0005.npz,0.5689072012901306,0.41622844338417053,0.3972257077693939,-0.32155802845954895,9
1342,S_202,S_202_patch_0006,6,/content/PATIENT_RECONSTRUCTED_PREDICTIONS_FROM_PATCHES/patch_predictions_npz/0001342_S_202_S_202_patch_0006.npz,0.5974487066268921,0.38469794392585754,0.4571031332015991,-0.25285378098487854,3
1343,S_202,S_202_patch_0007,7,/content/PATIENT_RECONSTRUCTED_PREDICTIONS_FROM_PATCHES/patch_predictions_npz/0001343_S_202_S_202_patch_0007.npz,0.5504221320152283,0.4052858352661133,0.4502544403076172,-0.296193927526474,1
1344,S_203,S_203_patch_0000,0,/content/PATIENT_RECONSTRUCTED_PREDICTIONS_FROM_PATCHES/patch_predictions_npz/0001344_S_203_S_203_patch_0000.npz,0.39952245354652405,0.4668981730937958,0.4347197115421295,-0.01220653485506773,2
1345,S_203,S_203_patch_0001,1,/content/PATIENT_RECONSTRUCTED_PREDICTIONS_FROM_PATCHES/patch_predictions_npz/0001345_S_203_S_203_patch_0001.npz,0.47955361008644104,0.45427870750427246,0.4193648099899292,0.03773622214794159,2
1346,S_203,S_203_patch_0002,2,/content/PATIENT_RECONSTRUCTED_PREDICTIONS_FROM_PATCHES/patch_predictions_npz/0001346_S_203_S_203_patch_0002.npz,0.49676230549812317,0.44001778960227966,0.41114458441734314,0.18905527889728546,13
1347,S_203,S_203_patch_0003,3,/content/PATIENT_RECONSTRUCTED_PREDICTIONS_FROM_PATCHES/patch_predictions_npz/0001347_S_203_S_203_patch_0003.npz,0.5054274797439575,0.41287660598754883,0.4467985928058624,0.09858652204275131,11
1348,S_203,S_203_patch_0004,4,/content/PATIENT_RECONSTRUCTED_PREDICTIONS_FROM_PATCHES/patch_predictions_npz/0001348_S_203_S_203_patch_0004.npz,0.49493691325187683,0.4142245352268219,0.46839165687561035,-0.03940824046730995,9
1349,S_203,S_203_patch_0005,5,/content/PATIENT_RECONSTRUCTED_PREDICTIONS_FROM_PATCHES/patch_predictions_npz/0001349_S_203_S_203_patch_0005.npz,0.5053627490997314,0.4296470880508423,0.41579437255859375,-0.12011025100946426,8
1350,S_203,S_203_patch_0006,6,/content/PATIENT_RECONSTRUCTED_PREDICTIONS_FROM_PATCHES/patch_predictions_npz/0001350_S_203_S_203_patch_0006.npz,0.5243258476257324,0.40768730640411377,0.44524452090263367,-0.07858540862798691,5
1351,S_203,S_203_patch_0007,7,/content/PATIENT_RECONSTRUCTED_PREDICTIONS_FROM_PATCHES/patch_predictions_npz/0001351_S_203_S_203_patch_0007.npz,0.46146735548973083,0.42523393034935,0.45027342438697815,0.04238014295697212,2
1352,S_204,S_204_patch_0000,0,/content/PATIENT_RECONSTRUCTED_PREDICTIONS_FROM_PATCHES/patch_predictions_npz/0001352_S_204_S_204_patch_0000.npz,0.4053651988506317,0.47210338711738586,0.4359937012195587,-0.12237214297056198,1
1353,S_204,S_204_patch_0001,1,/content/PATIENT_RECONSTRUCTED_PREDICTIONS_FROM_PATCHES/patch_predictions_npz/0001353_S_204_S_204_patch_0001.npz,0.5015491843223572,0.45772579312324524,0.4221242368221283,-0.06796074658632278,2
1354,S_204,S_204_patch_0002,2,/content/PATIENT_RECONSTRUCTED_PREDICTIONS_FROM_PATCHES/patch_predictions_npz/0001354_S_204_S_204_patch_0002.npz,0.5318405628204346,0.4252391755580902,0.3963068425655365,0.18238012492656708,9
1355,S_204,S_204_patch_0003,3,/content/PATIENT_RECONSTRUCTED_PREDICTIONS_FROM_PATCHES/patch_predictions_npz/0001355_S_204_S_204_patch_0003.npz,0.5265669822692871,0.3995232880115509,0.4560716450214386,0.04173487424850464,8
1356,S_204,S_204_patch_0004,4,/content/PATIENT_RECONSTRUCTED_PREDICTIONS_FROM_PATCHES/patch_predictions_npz/0001356_S_204_S_204_patch_0004.npz,0.5232518315315247,0.407422810792923,0.47856226563453674,-0.17672395706176758,12
1357,S_204,S_204_patch_0005,5,/content/PATIENT_RECONSTRUCTED_PREDICTIONS_FROM_PATCHES/patch_predictions_npz/0001357_S_204_S_204_patch_0005.npz,0.5703575015068054,0.4202768802642822,0.3848196566104889,-0.33338794112205505,8
1358,S_204,S_204_patch_0006,6,/content/PATIENT_RECONSTRUCTED_PREDICTIONS_FROM_PATCHES/patch_predictions_npz/0001358_S_204_S_204_patch_0006.npz,0.604888379573822,0.3766014873981476,0.4631713330745697,-0.25360000133514404,2
1359,S_204,S_204_patch_0007,7,/content/PATIENT_RECONSTRUCTED_PREDICTIONS_FROM_PATCHES/patch_predictions_npz/0001359_S_204_S_204_patch_0007.npz,0.5410885214805603,0.40654778480529785,0.4511057436466217,-0.2630511522293091,1
1360,S_205,S_205_patch_0000,0,/content/PATIENT_RECONSTRUCTED_PREDICTIONS_FROM_PATCHES/patch_predictions_npz/0001360_S_205_S_205_patch_0000.npz,0.4022817313671112,0.4700571298599243,0.43615809082984924,-0.062114257365465164,1
1361,S_205,S_205_patch_0001,1,/content/PATIENT_RECONSTRUCTED_PREDICTIONS_FROM_PATCHES/patch_predictions_npz/0001361_S_205_S_205_patch_0001.npz,0.47781896591186523,0.45640066266059875,0.4219706952571869,0.022299200296401978,2
1362,S_205,S_205_patch_0002,2,/content/PATIENT_RECONSTRUCTED_PREDICTIONS_FROM_PATCHES/patch_predictions_npz/0001362_S_205_S_205_patch_0002.npz,0.48642492294311523,0.43863725662231445,0.4111815392971039,0.21013778448104858,14
1363,S_205,S_205_patch_0003,3,/content/PATIENT_RECONSTRUCTED_PREDICTIONS_FROM_PATCHES/patch_predictions_npz/0001363_S_205_S_205_patch_0003.npz,0.5005221962928772,0.4113456904888153,0.4462329149246216,0.11365663260221481,7
1364,S_205,S_205_patch_0004,4,/content/PATIENT_RECONSTRUCTED_PREDICTIONS_FROM_PATCHES/patch_predictions_npz/0001364_S_205_S_205_patch_0004.npz,0.5031382441520691,0.40709736943244934,0.4705352783203125,-0.047181662172079086,8
1365,S_205,S_205_patch_0005,5,/content/PATIENT_RECONSTRUCTED_PREDICTIONS_FROM_PATCHES/patch_predictions_npz/0001365_S_205_S_205_patch_0005.npz,0.5388726592063904,0.421335369348526,0.4089980125427246,-0.21905069053173065,9
1366,S_205,S_205_patch_0006,6,/content/PATIENT_RECONSTRUCTED_PREDICTIONS_FROM_PATCHES/patch_predictions_npz/0001366_S_205_S_205_patch_0006.npz,0.5763196349143982,0.3883242607116699,0.4457012712955475,-0.19369719922542572,3
1367,S_205,S_205_patch_0007,7,/content/PATIENT_RECONSTRUCTED_PREDICTIONS_FROM_PATCHES/patch_predictions_npz/0001367_S_205_S_205_patch_0007.npz,0.5190432667732239,0.40731707215309143,0.4562181532382965,-0.14172028005123138,3
1368,S_206,S_206_patch_0000,0,/content/PATIENT_RECONSTRUCTED_PREDICTIONS_FROM_PATCHES/patch_predictions_npz/0001368_S_206_S_206_patch_0000.npz,0.4144662916660309,0.48204371333122253,0.4362276494503021,-0.2993541955947876,2
1369,S_206,S_206_patch_0001,1,/content/PATIENT_RECONSTRUCTED_PREDICTIONS_FROM_PATCHES/patch_predictions_npz/0001369_S_206_S_206_patch_0001.npz,0.5015439987182617,0.46815943717956543,0.42835500836372375,-0.10529748350381851,2
1370,S_206,S_206_patch_0002,2,/content/PATIENT_RECONSTRUCTED_PREDICTIONS_FROM_PATCHES/patch_predictions_npz/0001370_S_206_S_206_patch_0002.npz,0.5457220077514648,0.4252786934375763,0.3961588442325592,0.1556706577539444,11
1371,S_206,S_206_patch_0003,3,/content/PATIENT_RECONSTRUCTED_PREDICTIONS_FROM_PATCHES/patch_predictions_npz/0001371_S_206_S_206_patch_0003.npz,0.5578581094741821,0.38947638869285583,0.4623444974422455,-0.028709759935736656,6
1372,S_206,S_206_patch_0004,4,/content/PATIENT_RECONSTRUCTED_PREDICTIONS_FROM_PATCHES/patch_predictions_npz/0001372_S_206_S_206_patch_0004.npz,0.5385287404060364,0.4063795506954193,0.48419830203056335,-0.2368140071630478,10
1373,S_206,S_206_patch_0005,5,/content/PATIENT_RECONSTRUCTED_PREDICTIONS_FROM_PATCHES/patch_predictions_npz/0001373_S_206_S_206_patch_0005.npz,0.5740376114845276,0.4226306676864624,0.3873901665210724,-0.3697258532047272,9
1374,S_206,S_206_patch_0006,6,/content/PATIENT_RECONSTRUCTED_PREDICTIONS_FROM_PATCHES/patch_predictions_npz/0001374_S_206_S_206_patch_0006.npz,0.6270173788070679,0.3687114715576172,0.47049465775489807,-0.3194161653518677,3
1375,S_206,S_206_patch_0007,7,/content/PATIENT_RECONSTRUCTED_PREDICTIONS_FROM_PATCHES/patch_predictions_npz/0001375_S_206_S_206_patch_0007.npz,0.5443503260612488,0.40921303629875183,0.449127197265625,-0.29200348258018494,2
1376,S_21,S_21_patch_0000,0,/content/PATIENT_RECONSTRUCTED_PREDICTIONS_FROM_PATCHES/patch_predictions_npz/0001376_S_21_S_21_patch_0000.npz,0.40097543597221375,0.4670499265193939,0.4330778121948242,-0.08444776386022568,2
1377,S_21,S_21_patch_0001,1,/content/PATIENT_RECONSTRUCTED_PREDICTIONS_FROM_PATCHES/patch_predictions_npz/0001377_S_21_S_21_patch_0001.npz,0.49918460845947266,0.4508419930934906,0.41673269867897034,-0.021722638979554176,2
1378,S_21,S_21_patch_0002,2,/content/PATIENT_RECONSTRUCTED_PREDICTIONS_FROM_PATCHES/patch_predictions_npz/0001378_S_21_S_21_patch_0002.npz,0.5128292441368103,0.4303070604801178,0.40162792801856995,0.18374072015285492,9
1379,S_21,S_21_patch_0003,3,/content/PATIENT_RECONSTRUCTED_PREDICTIONS_FROM_PATCHES/patch_predictions_npz/0001379_S_21_S_21_patch_0003.npz,0.5098075270652771,0.41356995701789856,0.44396913051605225,0.11960390955209732,7
1380,S_21,S_21_patch_0004,4,/content/PATIENT_RECONSTRUCTED_PREDICTIONS_FROM_PATCHES/patch_predictions_npz/0001380_S_21_S_21_patch_0004.npz,0.5028060674667358,0.407029390335083,0.4706111252307892,-0.039982471615076065,9
1381,S_21,S_21_patch_0005,5,/content/PATIENT_RECONSTRUCTED_PREDICTIONS_FROM_PATCHES/patch_predictions_npz/0001381_S_21_S_21_patch_0005.npz,0.527353823184967,0.4205520451068878,0.40792855620384216,-0.1723545640707016,8
1382,S_21,S_21_patch_0006,6,/content/PATIENT_RECONSTRUCTED_PREDICTIONS_FROM_PATCHES/patch_predictions_npz/0001382_S_21_S_21_patch_0006.npz,0.5708045363426208,0.3872022330760956,0.44263505935668945,-0.16447502374649048,5
1383,S_21,S_21_patch_0007,7,/content/PATIENT_RECONSTRUCTED_PREDICTIONS_FROM_PATCHES/patch_predictions_npz/0001383_S_21_S_21_patch_0007.npz,0.53774493932724,0.40353724360466003,0.4517718255519867,-0.19854088127613068,2
1384,S_22,S_22_patch_0000,0,/content/PATIENT_RECONSTRUCTED_PREDICTIONS_FROM_PATCHES/patch_predictions_npz/0001384_S_22_S_22_patch_0000.npz,0.40527641773223877,0.47126758098602295,0.43410417437553406,-0.1683872789144516,1
1385,S_22,S_22_patch_0001,1,/content/PATIENT_RECONSTRUCTED_PREDICTIONS_FROM_PATCHES/patch_predictions_npz/0001385_S_22_S_22_patch_0001.npz,0.5194057822227478,0.4484783411026001,0.4176081120967865,-0.0722820982336998,2
1386,S_22,S_22_patch_0002,2,/content/PATIENT_RECONSTRUCTED_PREDICTIONS_FROM_PATCHES/patch_predictions_npz/0001386_S_22_S_22_patch_0002.npz,0.5470266938209534,0.4132472574710846,0.39132794737815857,0.2446274310350418,9
1387,S_22,S_22_patch_0003,3,/content/PATIENT_RECONSTRUCTED_PREDICTIONS_FROM_PATCHES/patch_predictions_npz/0001387_S_22_S_22_patch_0003.npz,0.5456951856613159,0.38395488262176514,0.45539236068725586,0.06904426962137222,6
1388,S_22,S_22_patch_0004,4,/content/PATIENT_RECONSTRUCTED_PREDICTIONS_FROM_PATCHES/patch_predictions_npz/0001388_S_22_S_22_patch_0004.npz,0.5455104112625122,0.3934808671474457,0.4829334020614624,-0.15958841145038605,9
1389,S_22,S_22_patch_0005,5,/content/PATIENT_RECONSTRUCTED_PREDICTIONS_FROM_PATCHES/patch_predictions_npz/0001389_S_22_S_22_patch_0005.npz,0.5915869474411011,0.40575146675109863,0.3856055438518524,-0.3607332408428192,8
1390,S_22,S_22_patch_0006,6,/content/PATIENT_RECONSTRUCTED_PREDICTIONS_FROM_PATCHES/patch_predictions_npz/0001390_S_22_S_22_patch_0006.npz,0.6334858536720276,0.3618288040161133,0.45688924193382263,-0.3265450596809387,4
1391,S_22,S_22_patch_0007,7,/content/PATIENT_RECONSTRUCTED_PREDICTIONS_FROM_PATCHES/patch_predictions_npz/0001391_S_22_S_22_patch_0007.npz,0.6068024039268494,0.3867126405239105,0.44895288348197937,-0.4562196731567383,2
1392,S_23,S_23_patch_0000,0,/content/PATIENT_RECONSTRUCTED_PREDICTIONS_FROM_PATCHES/patch_predictions_npz/0001392_S_23_S_23_patch_0000.npz,0.4129134714603424,0.4764672517776489,0.42867326736450195,-0.33210405707359314,2
1393,S_23,S_23_patch_0001,1,/content/PATIENT_RECONSTRUCTED_PREDICTIONS_FROM_PATCHES/patch_predictions_npz/0001393_S_23_S_23_patch_0001.npz,0.5234628319740295,0.4464998245239258,0.4118903577327728,-0.07952623814344406,3
1394,S_23,S_23_patch_0002,2,/content/PATIENT_RECONSTRUCTED_PREDICTIONS_FROM_PATCHES/patch_predictions_npz/0001394_S_23_S_23_patch_0002.npz,0.5581433773040771,0.41558584570884705,0.39112618565559387,0.20238511264324188,9
1395,S_23,S_23_patch_0003,3,/content/PATIENT_RECONSTRUCTED_PREDICTIONS_FROM_PATCHES/patch_predictions_npz/0001395_S_23_S_23_patch_0003.npz,0.5766974091529846,0.3788822591304779,0.4578494131565094,0.008626655675470829,9
1396,S_23,S_23_patch_0004,4,/content/PATIENT_RECONSTRUCTED_PREDICTIONS_FROM_PATCHES/patch_predictions_npz/0001396_S_23_S_23_patch_0004.npz,0.5669851303100586,0.390883207321167,0.4873746931552887,-0.2230944186449051,10
1397,S_23,S_23_patch_0005,5,/content/PATIENT_RECONSTRUCTED_PREDICTIONS_FROM_PATCHES/patch_predictions_npz/0001397_S_23_S_23_patch_0005.npz,0.6190573573112488,0.4046498239040375,0.3785797357559204,-0.46982505917549133,8
1398,S_23,S_23_patch_0006,6,/content/PATIENT_RECONSTRUCTED_PREDICTIONS_FROM_PATCHES/patch_predictions_npz/0001398_S_23_S_23_patch_0006.npz,0.6629976630210876,0.3422870635986328,0.4557133615016937,-0.3714219033718109,3
1399,S_23,S_23_patch_0007,7,/content/PATIENT_RECONSTRUCTED_PREDICTIONS_FROM_PATCHES/patch_predictions_npz/0001399_S_23_S_23_patch_0007.npz,0.6018118262290955,0.3798157870769501,0.4523429870605469,-0.37039709091186523,2
1400,S_24,S_24_patch_0000,0,/content/PATIENT_RECONSTRUCTED_PREDICTIONS_FROM_PATCHES/patch_predictions_npz/0001400_S_24_S_24_patch_0000.npz,0.41402602195739746,0.4781900644302368,0.4306658208370209,-0.3656539022922516,1
1401,S_24,S_24_patch_0001,1,/content/PATIENT_RECONSTRUCTED_PREDICTIONS_FROM_PATCHES/patch_predictions_npz/0001401_S_24_S_24_patch_0001.npz,0.5505133271217346,0.4502730369567871,0.41443607211112976,-0.17306947708129883,3
1402,S_24,S_24_patch_0002,2,/content/PATIENT_RECONSTRUCTED_PREDICTIONS_FROM_PATCHES/patch_predictions_npz/0001402_S_24_S_24_patch_0002.npz,0.5702880024909973,0.42639362812042236,0.39228710532188416,0.15889813005924225,10
1403,S_24,S_24_patch_0003,3,/content/PATIENT_RECONSTRUCTED_PREDICTIONS_FROM_PATCHES/patch_predictions_npz/0001403_S_24_S_24_patch_0003.npz,0.5708220601081848,0.38508328795433044,0.46092915534973145,-0.005844764411449432,8
1404,S_24,S_24_patch_0004,4,/content/PATIENT_RECONSTRUCTED_PREDICTIONS_FROM_PATCHES/patch_predictions_npz/0001404_S_24_S_24_patch_0004.npz,0.5674774050712585,0.38731107115745544,0.48932862281799316,-0.29572373628616333,9
1405,S_24,S_24_patch_0005,5,/content/PATIENT_RECONSTRUCTED_PREDICTIONS_FROM_PATCHES/patch_predictions_npz/0001405_S_24_S_24_patch_0005.npz,0.609210193157196,0.40990328788757324,0.3724229335784912,-0.4248138666152954,8
1406,S_24,S_24_patch_0006,6,/content/PATIENT_RECONSTRUCTED_PREDICTIONS_FROM_PATCHES/patch_predictions_npz/0001406_S_24_S_24_patch_0006.npz,0.6176701188087463,0.36677372455596924,0.46237602829933167,-0.2557245194911957,3
1407,S_24,S_24_patch_0007,7,/content/PATIENT_RECONSTRUCTED_PREDICTIONS_FROM_PATCHES/patch_predictions_npz/0001407_S_24_S_24_patch_0007.npz,0.5466822981834412,0.3984356224536896,0.4531268775463104,-0.24427001178264618,2
1408,S_25,S_25_patch_0000,0,/content/PATIENT_RECONSTRUCTED_PREDICTIONS_FROM_PATCHES/patch_predictions_npz/0001408_S_25_S_25_patch_0000.npz,0.3992808163166046,0.4665195047855377,0.43536126613616943,-0.018116647377610207,1
1409,S_25,S_25_patch_0001,1,/content/PATIENT_RECONSTRUCTED_PREDICTIONS_FROM_PATCHES/patch_predictions_npz/0001409_S_25_S_25_patch_0001.npz,0.48125627636909485,0.4555246829986572,0.4223882853984833,0.028011560440063477,2
1410,S_25,S_25_patch_0002,2,/content/PATIENT_RECONSTRUCTED_PREDICTIONS_FROM_PATCHES/patch_predictions_npz/0001410_S_25_S_25_patch_0002.npz,0.49670982360839844,0.43769732117652893,0.4097113609313965,0.2153293341398239,11
1411,S_25,S_25_patch_0003,3,/content/PATIENT_RECONSTRUCTED_PREDICTIONS_FROM_PATCHES/patch_predictions_npz/0001411_S_25_S_25_patch_0003.npz,0.5133238434791565,0.39588865637779236,0.45515725016593933,0.07595782727003098,7
1412,S_25,S_25_patch_0004,4,/content/PATIENT_RECONSTRUCTED_PREDICTIONS_FROM_PATCHES/patch_predictions_npz/0001412_S_25_S_25_patch_0004.npz,0.5078540444374084,0.4055718183517456,0.4709455966949463,-0.0864291861653328,11
1413,S_25,S_25_patch_0005,5,/content/PATIENT_RECONSTRUCTED_PREDICTIONS_FROM_PATCHES/patch_predictions_npz/0001413_S_25_S_25_patch_0005.npz,0.5567824244499207,0.41704583168029785,0.3931412398815155,-0.24673883616924286,8
1414,S_25,S_25_patch_0006,6,/content/PATIENT_RECONSTRUCTED_PREDICTIONS_FROM_PATCHES/patch_predictions_npz/0001414_S_25_S_25_patch_0006.npz,0.5793152451515198,0.3860350549221039,0.45037969946861267,-0.1793544739484787,4
1415,S_25,S_25_patch_0007,7,/content/PATIENT_RECONSTRUCTED_PREDICTIONS_FROM_PATCHES/patch_predictions_npz/0001415_S_25_S_25_patch_0007.npz,0.5149549245834351,0.411306232213974,0.45514628291130066,-0.14396581053733826,4
1416,S_26,S_26_patch_0000,0,/content/PATIENT_RECONSTRUCTED_PREDICTIONS_FROM_PATCHES/patch_predictions_npz/0001416_S_26_S_26_patch_0000.npz,0.40587007999420166,0.4718223512172699,0.43604791164398193,-0.11513635516166687,1
1417,S_26,S_26_patch_0001,1,/content/PATIENT_RECONSTRUCTED_PREDICTIONS_FROM_PATCHES/patch_predictions_npz/0001417_S_26_S_26_patch_0001.npz,0.5024351477622986,0.4563538730144501,0.42211058735847473,-0.034161847084760666,3
1418,S_26,S_26_patch_0002,2,/content/PATIENT_RECONSTRUCTED_PREDICTIONS_FROM_PATCHES/patch_predictions_npz/0001418_S_26_S_26_patch_0002.npz,0.5372999310493469,0.41762837767601013,0.39557361602783203,0.21567900478839874,8
1419,S_26,S_26_patch_0003,3,/content/PATIENT_RECONSTRUCTED_PREDICTIONS_FROM_PATCHES/patch_predictions_npz/0001419_S_26_S_26_patch_0003.npz,0.5596133470535278,0.3741063177585602,0.4611130952835083,-0.00036156424903310835,5
1420,S_26,S_26_patch_0004,4,/content/PATIENT_RECONSTRUCTED_PREDICTIONS_FROM_PATCHES/patch_predictions_npz/0001420_S_26_S_26_patch_0004.npz,0.5420531630516052,0.3896796405315399,0.4805476665496826,-0.20481039583683014,9
1421,S_26,S_26_patch_0005,5,/content/PATIENT_RECONSTRUCTED_PREDICTIONS_FROM_PATCHES/patch_predictions_npz/0001421_S_26_S_26_patch_0005.npz,0.6057330965995789,0.40316352248191833,0.3619399964809418,-0.40724751353263855,9
1422,S_26,S_26_patch_0006,6,/content/PATIENT_RECONSTRUCTED_PREDICTIONS_FROM_PATCHES/patch_predictions_npz/0001422_S_26_S_26_patch_0006.npz,0.6359114050865173,0.3582419455051422,0.46587833762168884,-0.2853490710258484,3
1423,S_26,S_26_patch_0007,7,/content/PATIENT_RECONSTRUCTED_PREDICTIONS_FROM_PATCHES/patch_predictions_npz/0001423_S_26_S_26_patch_0007.npz,0.5678343772888184,0.3978722393512726,0.45805391669273376,-0.34194985032081604,2
1424,S_27,S_27_patch_0000,0,/content/PATIENT_RECONSTRUCTED_PREDICTIONS_FROM_PATCHES/patch_predictions_npz/0001424_S_27_S_27_patch_0000.npz,0.4064788520336151,0.4717060327529907,0.4315800666809082,-0.2090901881456375,1
1425,S_27,S_27_patch_0001,1,/content/PATIENT_RECONSTRUCTED_PREDICTIONS_FROM_PATCHES/patch_predictions_npz/0001425_S_27_S_27_patch_0001.npz,0.5305451154708862,0.45227861404418945,0.412273645401001,-0.10106167197227478,2
1426,S_27,S_27_patch_0002,2,/content/PATIENT_RECONSTRUCTED_PREDICTIONS_FROM_PATCHES/patch_predictions_npz/0001426_S_27_S_27_patch_0002.npz,0.5331864356994629,0.4278965890407562,0.3972848951816559,0.15726013481616974,9
1427,S_27,S_27_patch_0003,3,/content/PATIENT_RECONSTRUCTED_PREDICTIONS_FROM_PATCHES/patch_predictions_npz/0001427_S_27_S_27_patch_0003.npz,0.5470912456512451,0.39541029930114746,0.4498429298400879,0.050152748823165894,9
1428,S_27,S_27_patch_0004,4,/content/PATIENT_RECONSTRUCTED_PREDICTIONS_FROM_PATCHES/patch_predictions_npz/0001428_S_27_S_27_patch_0004.npz,0.5141414999961853,0.4059036076068878,0.47462451457977295,-0.09711548686027527,8
1429,S_27,S_27_patch_0005,5,/content/PATIENT_RECONSTRUCTED_PREDICTIONS_FROM_PATCHES/patch_predictions_npz/0001429_S_27_S_27_patch_0005.npz,0.5419008135795593,0.41966772079467773,0.3945542275905609,-0.23233909904956818,8
1430,S_27,S_27_patch_0006,6,/content/PATIENT_RECONSTRUCTED_PREDICTIONS_FROM_PATCHES/patch_predictions_npz/0001430_S_27_S_27_patch_0006.npz,0.5943066477775574,0.37287792563438416,0.4553859233856201,-0.22355657815933228,4
1431,S_27,S_27_patch_0007,7,/content/PATIENT_RECONSTRUCTED_PREDICTIONS_FROM_PATCHES/patch_predictions_npz/0001431_S_27_S_27_patch_0007.npz,0.5201179385185242,0.4087545573711395,0.4516378343105316,-0.15833447873592377,2
1432,S_28,S_28_patch_0000,0,/content/PATIENT_RECONSTRUCTED_PREDICTIONS_FROM_PATCHES/patch_predictions_npz/0001432_S_28_S_28_patch_0000.npz,0.4149203598499298,0.4792034924030304,0.4310127794742584,-0.3276873528957367,2
1433,S_28,S_28_patch_0001,1,/content/PATIENT_RECONSTRUCTED_PREDICTIONS_FROM_PATCHES/patch_predictions_npz/0001433_S_28_S_28_patch_0001.npz,0.5284956693649292,0.4465552568435669,0.4114513695240021,-0.0912981629371643,2
1434,S_28,S_28_patch_0002,2,/content/PATIENT_RECONSTRUCTED_PREDICTIONS_FROM_PATCHES/patch_predictions_npz/0001434_S_28_S_28_patch_0002.npz,0.5458397269248962,0.42155906558036804,0.3941478729248047,0.19915980100631714,9
1435,S_28,S_28_patch_0003,3,/content/PATIENT_RECONSTRUCTED_PREDICTIONS_FROM_PATCHES/patch_predictions_npz/0001435_S_28_S_28_patch_0003.npz,0.5598348379135132,0.3824591338634491,0.46118390560150146,-0.022774962708353996,7
1436,S_28,S_28_patch_0004,4,/content/PATIENT_RECONSTRUCTED_PREDICTIONS_FROM_PATCHES/patch_predictions_npz/0001436_S_28_S_28_patch_0004.npz,0.5441854596138,0.3948235511779785,0.48199209570884705,-0.24618744850158691,10
1437,S_28,S_28_patch_0005,5,/content/PATIENT_RECONSTRUCTED_PREDICTIONS_FROM_PATCHES/patch_predictions_npz/0001437_S_28_S_28_patch_0005.npz,0.5973475575447083,0.41289258003234863,0.37728869915008545,-0.4305247366428375,8
1438,S_28,S_28_patch_0006,6,/content/PATIENT_RECONSTRUCTED_PREDICTIONS_FROM_PATCHES/patch_predictions_npz/0001438_S_28_S_28_patch_0006.npz,0.6801283955574036,0.3468458652496338,0.46469345688819885,-0.42741259932518005,4
1439,S_28,S_28_patch_0007,7,/content/PATIENT_RECONSTRUCTED_PREDICTIONS_FROM_PATCHES/patch_predictions_npz/0001439_S_28_S_28_patch_0007.npz,0.5855292677879333,0.3913082182407379,0.4521903693675995,-0.38237741589546204,2
1440,S_29,S_29_patch_0000,0,/content/PATIENT_RECONSTRUCTED_PREDICTIONS_FROM_PATCHES/patch_predictions_npz/0001440_S_29_S_29_patch_0000.npz,0.4051685333251953,0.4708024561405182,0.4344494342803955,-0.1155904158949852,2
1441,S_29,S_29_patch_0001,1,/content/PATIENT_RECONSTRUCTED_PREDICTIONS_FROM_PATCHES/patch_predictions_npz/0001441_S_29_S_29_patch_0001.npz,0.5088205933570862,0.44789373874664307,0.4139585494995117,-0.02353663742542267,1
1442,S_29,S_29_patch_0002,2,/content/PATIENT_RECONSTRUCTED_PREDICTIONS_FROM_PATCHES/patch_predictions_npz/0001442_S_29_S_29_patch_0002.npz,0.5463217496871948,0.41884446144104004,0.3916751444339752,0.20688708126544952,12
1443,S_29,S_29_patch_0003,3,/content/PATIENT_RECONSTRUCTED_PREDICTIONS_FROM_PATCHES/patch_predictions_npz/0001443_S_29_S_29_patch_0003.npz,0.56337970495224,0.37312638759613037,0.4576110541820526,0.012798257172107697,8
1444,S_29,S_29_patch_0004,4,/content/PATIENT_RECONSTRUCTED_PREDICTIONS_FROM_PATCHES/patch_predictions_npz/0001444_S_29_S_29_patch_0004.npz,0.5520192980766296,0.38388535380363464,0.4797602891921997,-0.20792125165462494,10
1445,S_29,S_29_patch_0005,5,/content/PATIENT_RECONSTRUCTED_PREDICTIONS_FROM_PATCHES/patch_predictions_npz/0001445_S_29_S_29_patch_0005.npz,0.5935208797454834,0.40245160460472107,0.37237823009490967,-0.371342271566391,9
1446,S_29,S_29_patch_0006,6,/content/PATIENT_RECONSTRUCTED_PREDICTIONS_FROM_PATCHES/patch_predictions_npz/0001446_S_29_S_29_patch_0006.npz,0.6239131093025208,0.35837140679359436,0.45421528816223145,-0.27415892481803894,3
1447,S_29,S_29_patch_0007,7,/content/PATIENT_RECONSTRUCTED_PREDICTIONS_FROM_PATCHES/patch_predictions_npz/0001447_S_29_S_29_patch_0007.npz,0.5413419604301453,0.400150865316391,0.4546909034252167,-0.2108895182609558,2
1448,S_30,S_30_patch_0000,0,/content/PATIENT_RECONSTRUCTED_PREDICTIONS_FROM_PATCHES/patch_predictions_npz/0001448_S_30_S_30_patch_0000.npz,0.40383386611938477,0.47041335701942444,0.4350833594799042,-0.0809611976146698,1
1449,S_30,S_30_patch_0001,1,/content/PATIENT_RECONSTRUCTED_PREDICTIONS_FROM_PATCHES/patch_predictions_npz/0001449_S_30_S_30_patch_0001.npz,0.4880255162715912,0.465238481760025,0.42470183968544006,-0.03771000728011131,2
1450,S_30,S_30_patch_0002,2,/content/PATIENT_RECONSTRUCTED_PREDICTIONS_FROM_PATCHES/patch_predictions_npz/0001450_S_30_S_30_patch_0002.npz,0.5441709160804749,0.4188680648803711,0.3938636779785156,0.1910531371831894,11
1451,S_30,S_30_patch_0003,3,/content/PATIENT_RECONSTRUCTED_PREDICTIONS_FROM_PATCHES/patch_predictions_npz/0001451_S_30_S_30_patch_0003.npz,0.5863545536994934,0.37688112258911133,0.4611992835998535,-0.03248951956629753,6
1452,S_30,S_30_patch_0004,4,/content/PATIENT_RECONSTRUCTED_PREDICTIONS_FROM_PATCHES/patch_predictions_npz/0001452_S_30_S_30_patch_0004.npz,0.5493887066841125,0.3909936249256134,0.4853999614715576,-0.23921740055084229,9
1453,S_30,S_30_patch_0005,5,/content/PATIENT_RECONSTRUCTED_PREDICTIONS_FROM_PATCHES/patch_predictions_npz/0001453_S_30_S_30_patch_0005.npz,0.581218421459198,0.411627858877182,0.3835105895996094,-0.36616578698158264,8
1454,S_30,S_30_patch_0006,6,/content/PATIENT_RECONSTRUCTED_PREDICTIONS_FROM_PATCHES/patch_predictions_npz/0001454_S_30_S_30_patch_0006.npz,0.6229692101478577,0.36045002937316895,0.4604155123233795,-0.2766476571559906,3
1455,S_30,S_30_patch_0007,7,/content/PATIENT_RECONSTRUCTED_PREDICTIONS_FROM_PATCHES/patch_predictions_npz/0001455_S_30_S_30_patch_0007.npz,0.5485053658485413,0.4022022485733032,0.4440777599811554,-0.2630724608898163,2
1456,S_31,S_31_patch_0000,0,/content/PATIENT_RECONSTRUCTED_PREDICTIONS_FROM_PATCHES/patch_predictions_npz/0001456_S_31_S_31_patch_0000.npz,0.39894619584083557,0.46518346667289734,0.4319826066493988,-0.08677534013986588,1
1457,S_31,S_31_patch_0001,1,/content/PATIENT_RECONSTRUCTED_PREDICTIONS_FROM_PATCHES/patch_predictions_npz/0001457_S_31_S_31_patch_0001.npz,0.5145618319511414,0.4447585344314575,0.41383686661720276,-0.04751657322049141,3
1458,S_31,S_31_patch_0002,2,/content/PATIENT_RECONSTRUCTED_PREDICTIONS_FROM_PATCHES/patch_predictions_npz/0001458_S_31_S_31_patch_0002.npz,0.5523360371589661,0.4139518737792969,0.38958510756492615,0.1974835842847824,11
1459,S_31,S_31_patch_0003,3,/content/PATIENT_RECONSTRUCTED_PREDICTIONS_FROM_PATCHES/patch_predictions_npz/0001459_S_31_S_31_patch_0003.npz,0.5769572257995605,0.37561991810798645,0.4603172540664673,-0.03073938377201557,8
1460,S_31,S_31_patch_0004,4,/content/PATIENT_RECONSTRUCTED_PREDICTIONS_FROM_PATCHES/patch_predictions_npz/0001460_S_31_S_31_patch_0004.npz,0.5322161316871643,0.40210971236228943,0.4815007150173187,-0.18343485891819,9
1461,S_31,S_31_patch_0005,5,/content/PATIENT_RECONSTRUCTED_PREDICTIONS_FROM_PATCHES/patch_predictions_npz/0001461_S_31_S_31_patch_0005.npz,0.551055371761322,0.4182593822479248,0.3965931832790375,-0.2636520564556122,8
1462,S_31,S_31_patch_0006,6,/content/PATIENT_RECONSTRUCTED_PREDICTIONS_FROM_PATCHES/patch_predictions_npz/0001462_S_31_S_31_patch_0006.npz,0.6057103872299194,0.3747274875640869,0.45436152815818787,-0.27321264147758484,3
1463,S_31,S_31_patch_0007,7,/content/PATIENT_RECONSTRUCTED_PREDICTIONS_FROM_PATCHES/patch_predictions_npz/0001463_S_31_S_31_patch_0007.npz,0.5192803740501404,0.4122049808502197,0.45320114493370056,-0.19094999134540558,2
1464,S_32,S_32_patch_0000,0,/content/PATIENT_RECONSTRUCTED_PREDICTIONS_FROM_PATCHES/patch_predictions_npz/0001464_S_32_S_32_patch_0000.npz,0.416777104139328,0.48052287101745605,0.43218255043029785,-0.3420296609401703,1
1465,S_32,S_32_patch_0001,1,/content/PATIENT_RECONSTRUCTED_PREDICTIONS_FROM_PATCHES/patch_predictions_npz/0001465_S_32_S_32_patch_0001.npz,0.5331394672393799,0.4483211040496826,0.4118107259273529,-0.0914832353591919,2
1466,S_32,S_32_patch_0002,2,/content/PATIENT_RECONSTRUCTED_PREDICTIONS_FROM_PATCHES/patch_predictions_npz/0001466_S_32_S_32_patch_0002.npz,0.5572131872177124,0.41575923562049866,0.39060258865356445,0.1915075182914734,11
1467,S_32,S_32_patch_0003,3,/content/PATIENT_RECONSTRUCTED_PREDICTIONS_FROM_PATCHES/patch_predictions_npz/0001467_S_32_S_32_patch_0003.npz,0.5823250412940979,0.3767871856689453,0.46432337164878845,-0.0515940822660923,9
1468,S_32,S_32_patch_0004,4,/content/PATIENT_RECONSTRUCTED_PREDICTIONS_FROM_PATCHES/patch_predictions_npz/0001468_S_32_S_32_patch_0004.npz,0.5317546725273132,0.3999257981777191,0.4749108552932739,-0.18653154373168945,9
1469,S_32,S_32_patch_0005,5,/content/PATIENT_RECONSTRUCTED_PREDICTIONS_FROM_PATCHES/patch_predictions_npz/0001469_S_32_S_32_patch_0005.npz,0.6026082038879395,0.40730205178260803,0.36866259574890137,-0.42809686064720154,8
1470,S_32,S_32_patch_0006,6,/content/PATIENT_RECONSTRUCTED_PREDICTIONS_FROM_PATCHES/patch_predictions_npz/0001470_S_32_S_32_patch_0006.npz,0.6905202865600586,0.33858785033226013,0.4713912904262543,-0.44678211212158203,3
1471,S_32,S_32_patch_0007,7,/content/PATIENT_RECONSTRUCTED_PREDICTIONS_FROM_PATCHES/patch_predictions_npz/0001471_S_32_S_32_patch_0007.npz,0.5756707191467285,0.39080050587654114,0.45301732420921326,-0.33624520897865295,2
1472,S_33,S_33_patch_0000,0,/content/PATIENT_RECONSTRUCTED_PREDICTIONS_FROM_PATCHES/patch_predictions_npz/0001472_S_33_S_33_patch_0000.npz,0.40745511651039124,0.4743785858154297,0.4345662593841553,-0.19171017408370972,1
1473,S_33,S_33_patch_0001,1,/content/PATIENT_RECONSTRUCTED_PREDICTIONS_FROM_PATCHES/patch_predictions_npz/0001473_S_33_S_33_patch_0001.npz,0.5020638704299927,0.45716392993927,0.4228343665599823,-0.04980995133519173,1
1474,S_33,S_33_patch_0002,2,/content/PATIENT_RECONSTRUCTED_PREDICTIONS_FROM_PATCHES/patch_predictions_npz/0001474_S_33_S_33_patch_0002.npz,0.5273657441139221,0.43339967727661133,0.40256261825561523,0.18528695404529572,10
1475,S_33,S_33_patch_0003,3,/content/PATIENT_RECONSTRUCTED_PREDICTIONS_FROM_PATCHES/patch_predictions_npz/0001475_S_33_S_33_patch_0003.npz,0.5417743921279907,0.39662495255470276,0.4569324553012848,0.03610570728778839,8
1476,S_33,S_33_patch_0004,4,/content/PATIENT_RECONSTRUCTED_PREDICTIONS_FROM_PATCHES/patch_predictions_npz/0001476_S_33_S_33_patch_0004.npz,0.5441207885742188,0.40428876876831055,0.48273929953575134,-0.2051781862974167,10
1477,S_33,S_33_patch_0005,5,/content/PATIENT_RECONSTRUCTED_PREDICTIONS_FROM_PATCHES/patch_predictions_npz/0001477_S_33_S_33_patch_0005.npz,0.573881208896637,0.4215024411678314,0.3953905403614044,-0.31693413853645325,8
1478,S_33,S_33_patch_0006,6,/content/PATIENT_RECONSTRUCTED_PREDICTIONS_FROM_PATCHES/patch_predictions_npz/0001478_S_33_S_33_patch_0006.npz,0.5951730608940125,0.3815181255340576,0.45672813057899475,-0.22133708000183105,3
1479,S_33,S_33_patch_0007,7,/content/PATIENT_RECONSTRUCTED_PREDICTIONS_FROM_PATCHES/patch_predictions_npz/0001479_S_33_S_33_patch_0007.npz,0.540662407875061,0.40386533737182617,0.4526893198490143,-0.2437860369682312,2
1480,S_34,S_34_patch_0000,0,/content/PATIENT_RECONSTRUCTED_PREDICTIONS_FROM_PATCHES/patch_predictions_npz/0001480_S_34_S_34_patch_0000.npz,0.40264949202537537,0.467232346534729,0.43177247047424316,-0.03769302740693092,4
1481,S_34,S_34_patch_0001,1,/content/PATIENT_RECONSTRUCTED_PREDICTIONS_FROM_PATCHES/patch_predictions_npz/0001481_S_34_S_34_patch_0001.npz,0.47971370816230774,0.4559958875179291,0.41805073618888855,0.03260386362671852,1
1482,S_34,S_34_patch_0002,2,/content/PATIENT_RECONSTRUCTED_PREDICTIONS_FROM_PATCHES/patch_predictions_npz/0001482_S_34_S_34_patch_0002.npz,0.5028380751609802,0.4403187036514282,0.4121284782886505,0.17902131378650665,13
1483,S_34,S_34_patch_0003,3,/content/PATIENT_RECONSTRUCTED_PREDICTIONS_FROM_PATCHES/patch_predictions_npz/0001483_S_34_S_34_patch_0003.npz,0.5010550618171692,0.41389819979667664,0.445525199174881,0.12421762198209763,10
1484,S_34,S_34_patch_0004,4,/content/PATIENT_RECONSTRUCTED_PREDICTIONS_FROM_PATCHES/patch_predictions_npz/0001484_S_34_S_34_patch_0004.npz,0.4919489920139313,0.41360244154930115,0.46137645840644836,-0.020928820595145226,10
1485,S_34,S_34_patch_0005,5,/content/PATIENT_RECONSTRUCTED_PREDICTIONS_FROM_PATCHES/patch_predictions_npz/0001485_S_34_S_34_patch_0005.npz,0.516690194606781,0.42353925108909607,0.40782108902931213,-0.12328097969293594,8
1486,S_34,S_34_patch_0006,6,/content/PATIENT_RECONSTRUCTED_PREDICTIONS_FROM_PATCHES/patch_predictions_npz/0001486_S_34_S_34_patch_0006.npz,0.543469250202179,0.3964838683605194,0.44521641731262207,-0.09454212337732315,5
1487,S_34,S_34_patch_0007,7,/content/PATIENT_RECONSTRUCTED_PREDICTIONS_FROM_PATCHES/patch_predictions_npz/0001487_S_34_S_34_patch_0007.npz,0.46848782896995544,0.41863223910331726,0.4515332281589508,0.0434846393764019,2
1488,S_35,S_35_patch_0000,0,/content/PATIENT_RECONSTRUCTED_PREDICTIONS_FROM_PATCHES/patch_predictions_npz/0001488_S_35_S_35_patch_0000.npz,0.4013986885547638,0.46780526638031006,0.4342704117298126,-0.054665591567754745,1
1489,S_35,S_35_patch_0001,1,/content/PATIENT_RECONSTRUCTED_PREDICTIONS_FROM_PATCHES/patch_predictions_npz/0001489_S_35_S_35_patch_0001.npz,0.4945928752422333,0.45472344756126404,0.42123329639434814,-0.008391082286834717,2
1490,S_35,S_35_patch_0002,2,/content/PATIENT_RECONSTRUCTED_PREDICTIONS_FROM_PATCHES/patch_predictions_npz/0001490_S_35_S_35_patch_0002.npz,0.5323172807693481,0.4172224998474121,0.3951224982738495,0.23769469559192657,9
1491,S_35,S_35_patch_0003,3,/content/PATIENT_RECONSTRUCTED_PREDICTIONS_FROM_PATCHES/patch_predictions_npz/0001491_S_35_S_35_patch_0003.npz,0.5353901982307434,0.39264869689941406,0.4560782015323639,0.054047781974077225,6
1492,S_35,S_35_patch_0004,4,/content/PATIENT_RECONSTRUCTED_PREDICTIONS_FROM_PATCHES/patch_predictions_npz/0001492_S_35_S_35_patch_0004.npz,0.5254533886909485,0.3994213044643402,0.4797245264053345,-0.14737480878829956,8
1493,S_35,S_35_patch_0005,5,/content/PATIENT_RECONSTRUCTED_PREDICTIONS_FROM_PATCHES/patch_predictions_npz/0001493_S_35_S_35_patch_0005.npz,0.574591338634491,0.4132109582424164,0.3783814013004303,-0.33244457840919495,8
1494,S_35,S_35_patch_0006,6,/content/PATIENT_RECONSTRUCTED_PREDICTIONS_FROM_PATCHES/patch_predictions_npz/0001494_S_35_S_35_patch_0006.npz,0.6147333979606628,0.3634743392467499,0.46059396862983704,-0.25182315707206726,2
1495,S_35,S_35_patch_0007,7,/content/PATIENT_RECONSTRUCTED_PREDICTIONS_FROM_PATCHES/patch_predictions_npz/0001495_S_35_S_35_patch_0007.npz,0.541562557220459,0.4041273593902588,0.45164141058921814,-0.2509688138961792,2
1496,S_36,S_36_patch_0000,0,/content/PATIENT_RECONSTRUCTED_PREDICTIONS_FROM_PATCHES/patch_predictions_npz/0001496_S_36_S_36_patch_0000.npz,0.4073735475540161,0.47324562072753906,0.4358818531036377,-0.14360104501247406,2
1497,S_36,S_36_patch_0001,1,/content/PATIENT_RECONSTRUCTED_PREDICTIONS_FROM_PATCHES/patch_predictions_npz/0001497_S_36_S_36_patch_0001.npz,0.523719310760498,0.45909976959228516,0.4190964698791504,-0.10118976980447769,2
1498,S_36,S_36_patch_0002,2,/content/PATIENT_RECONSTRUCTED_PREDICTIONS_FROM_PATCHES/patch_predictions_npz/0001498_S_36_S_36_patch_0002.npz,0.5674460530281067,0.42966699600219727,0.3936469852924347,0.12236086279153824,11
1499,S_36,S_36_patch_0003,3,/content/PATIENT_RECONSTRUCTED_PREDICTIONS_FROM_PATCHES/patch_predictions_npz/0001499_S_36_S_36_patch_0003.npz,0.5869900584220886,0.39215636253356934,0.4603497087955475,-0.040374260395765305,10
1500,S_36,S_36_patch_0004,4,/content/PATIENT_RECONSTRUCTED_PREDICTIONS_FROM_PATCHES/patch_predictions_npz/0001500_S_36_S_36_patch_0004.npz,0.5197431445121765,0.4084644019603729,0.477632999420166,-0.1158134937286377,9
1501,S_36,S_36_patch_0005,5,/content/PATIENT_RECONSTRUCTED_PREDICTIONS_FROM_PATCHES/patch_predictions_npz/0001501_S_36_S_36_patch_0005.npz,0.5404090881347656,0.42422929406166077,0.39475879073143005,-0.22567975521087646,7
1502,S_36,S_36_patch_0006,6,/content/PATIENT_RECONSTRUCTED_PREDICTIONS_FROM_PATCHES/patch_predictions_npz/0001502_S_36_S_36_patch_0006.npz,0.5846813917160034,0.38358449935913086,0.4604242146015167,-0.20486681163311005,3
1503,S_36,S_36_patch_0007,7,/content/PATIENT_RECONSTRUCTED_PREDICTIONS_FROM_PATCHES/patch_predictions_npz/0001503_S_36_S_36_patch_0007.npz,0.48363566398620605,0.42134889960289,0.45016416907310486,-0.05965004488825798,2
1504,S_37,S_37_patch_0000,0,/content/PATIENT_RECONSTRUCTED_PREDICTIONS_FROM_PATCHES/patch_predictions_npz/0001504_S_37_S_37_patch_0000.npz,0.405647873878479,0.4726647436618805,0.4358169734477997,-0.10542547702789307,1
1505,S_37,S_37_patch_0001,1,/content/PATIENT_RECONSTRUCTED_PREDICTIONS_FROM_PATCHES/patch_predictions_npz/0001505_S_37_S_37_patch_0001.npz,0.49375486373901367,0.4533447325229645,0.42126646637916565,0.0027233660221099854,2
1506,S_37,S_37_patch_0002,2,/content/PATIENT_RECONSTRUCTED_PREDICTIONS_FROM_PATCHES/patch_predictions_npz/0001506_S_37_S_37_patch_0002.npz,0.525291919708252,0.4201427698135376,0.39684346318244934,0.24288856983184814,10
1507,S_37,S_37_patch_0003,3,/content/PATIENT_RECONSTRUCTED_PREDICTIONS_FROM_PATCHES/patch_predictions_npz/0001507_S_37_S_37_patch_0003.npz,0.5259160399436951,0.39695772528648376,0.4548936188220978,0.07323350757360458,6
1508,S_37,S_37_patch_0004,4,/content/PATIENT_RECONSTRUCTED_PREDICTIONS_FROM_PATCHES/patch_predictions_npz/0001508_S_37_S_37_patch_0004.npz,0.522066056728363,0.40243539214134216,0.4769544303417206,-0.1446366161108017,9
1509,S_37,S_37_patch_0005,5,/content/PATIENT_RECONSTRUCTED_PREDICTIONS_FROM_PATCHES/patch_predictions_npz/0001509_S_37_S_37_patch_0005.npz,0.5609259009361267,0.417182594537735,0.3857499659061432,-0.28945183753967285,9
1510,S_37,S_37_patch_0006,6,/content/PATIENT_RECONSTRUCTED_PREDICTIONS_FROM_PATCHES/patch_predictions_npz/0001510_S_37_S_37_patch_0006.npz,0.5849044322967529,0.3794468343257904,0.4554908275604248,-0.19048376381397247,3
1511,S_37,S_37_patch_0007,7,/content/PATIENT_RECONSTRUCTED_PREDICTIONS_FROM_PATCHES/patch_predictions_npz/0001511_S_37_S_37_patch_0007.npz,0.5628464221954346,0.39961668848991394,0.4487069547176361,-0.31870725750923157,2
1512,S_38,S_38_patch_0000,0,/content/PATIENT_RECONSTRUCTED_PREDICTIONS_FROM_PATCHES/patch_predictions_npz/0001512_S_38_S_38_patch_0000.npz,0.41663751006126404,0.47950276732444763,0.4292745888233185,-0.3563631474971771,2
1513,S_38,S_38_patch_0001,1,/content/PATIENT_RECONSTRUCTED_PREDICTIONS_FROM_PATCHES/patch_predictions_npz/0001513_S_38_S_38_patch_0001.npz,0.5406137108802795,0.4457681477069855,0.40898582339286804,-0.10884692519903183,1
1514,S_38,S_38_patch_0002,2,/content/PATIENT_RECONSTRUCTED_PREDICTIONS_FROM_PATCHES/patch_predictions_npz/0001514_S_38_S_38_patch_0002.npz,0.595262348651886,0.4073217213153839,0.3783380091190338,0.1803523302078247,8
1515,S_38,S_38_patch_0003,3,/content/PATIENT_RECONSTRUCTED_PREDICTIONS_FROM_PATCHES/patch_predictions_npz/0001515_S_38_S_38_patch_0003.npz,0.6037848591804504,0.36520862579345703,0.463756799697876,-0.039822474122047424,9
1516,S_38,S_38_patch_0004,4,/content/PATIENT_RECONSTRUCTED_PREDICTIONS_FROM_PATCHES/patch_predictions_npz/0001516_S_38_S_38_patch_0004.npz,0.571178674697876,0.37854766845703125,0.4884223937988281,-0.2858954966068268,9
1517,S_38,S_38_patch_0005,5,/content/PATIENT_RECONSTRUCTED_PREDICTIONS_FROM_PATCHES/patch_predictions_npz/0001517_S_38_S_38_patch_0005.npz,0.6218659281730652,0.39886927604675293,0.3586508333683014,-0.4602692425251007,8
1518,S_38,S_38_patch_0006,6,/content/PATIENT_RECONSTRUCTED_PREDICTIONS_FROM_PATCHES/patch_predictions_npz/0001518_S_38_S_38_patch_0006.npz,0.660544216632843,0.345879465341568,0.4614444673061371,-0.33629336953163147,2
1519,S_38,S_38_patch_0007,7,/content/PATIENT_RECONSTRUCTED_PREDICTIONS_FROM_PATCHES/patch_predictions_npz/0001519_S_38_S_38_patch_0007.npz,0.5884831547737122,0.38662752509117126,0.45040568709373474,-0.3727930784225464,2
1520,S_39,S_39_patch_0000,0,/content/PATIENT_RECONSTRUCTED_PREDICTIONS_FROM_PATCHES/patch_predictions_npz/0001520_S_39_S_39_patch_0000.npz,0.4135795831680298,0.47856369614601135,0.4331049919128418,-0.27939680218696594,2
1521,S_39,S_39_patch_0001,1,/content/PATIENT_RECONSTRUCTED_PREDICTIONS_FROM_PATCHES/patch_predictions_npz/0001521_S_39_S_39_patch_0001.npz,0.5309826731681824,0.44263020157814026,0.4110015332698822,-0.07287044823169708,1
1522,S_39,S_39_patch_0002,2,/content/PATIENT_RECONSTRUCTED_PREDICTIONS_FROM_PATCHES/patch_predictions_npz/0001522_S_39_S_39_patch_0002.npz,0.5733950734138489,0.4087800085544586,0.38581791520118713,0.21408456563949585,8
1523,S_39,S_39_patch_0003,3,/content/PATIENT_RECONSTRUCTED_PREDICTIONS_FROM_PATCHES/patch_predictions_npz/0001523_S_39_S_39_patch_0003.npz,0.5873599052429199,0.365888386964798,0.4638466536998749,-0.025625163689255714,6
1524,S_39,S_39_patch_0004,4,/content/PATIENT_RECONSTRUCTED_PREDICTIONS_FROM_PATCHES/patch_predictions_npz/0001524_S_39_S_39_patch_0004.npz,0.5653574466705322,0.38013601303100586,0.48738956451416016,-0.25872424244880676,8
1525,S_39,S_39_patch_0005,5,/content/PATIENT_RECONSTRUCTED_PREDICTIONS_FROM_PATCHES/patch_predictions_npz/0001525_S_39_S_39_patch_0005.npz,0.6259503960609436,0.3982817232608795,0.35527753829956055,-0.4873387813568115,8
1526,S_39,S_39_patch_0006,6,/content/PATIENT_RECONSTRUCTED_PREDICTIONS_FROM_PATCHES/patch_predictions_npz/0001526_S_39_S_39_patch_0006.npz,0.6605300307273865,0.34490272402763367,0.4689648151397705,-0.36426910758018494,3
1527,S_39,S_39_patch_0007,7,/content/PATIENT_RECONSTRUCTED_PREDICTIONS_FROM_PATCHES/patch_predictions_npz/0001527_S_39_S_39_patch_0007.npz,0.5907964110374451,0.3862673342227936,0.44694218039512634,-0.3659540116786957,2
1528,S_40,S_40_patch_0000,0,/content/PATIENT_RECONSTRUCTED_PREDICTIONS_FROM_PATCHES/patch_predictions_npz/0001528_S_40_S_40_patch_0000.npz,0.4027014672756195,0.46810683608055115,0.4311162531375885,-0.14337559044361115,1
1529,S_40,S_40_patch_0001,1,/content/PATIENT_RECONSTRUCTED_PREDICTIONS_FROM_PATCHES/patch_predictions_npz/0001529_S_40_S_40_patch_0001.npz,0.5096290707588196,0.44187113642692566,0.4143175184726715,-0.026926936581730843,1
1530,S_40,S_40_patch_0002,2,/content/PATIENT_RECONSTRUCTED_PREDICTIONS_FROM_PATCHES/patch_predictions_npz/0001530_S_40_S_40_patch_0002.npz,0.5263025164604187,0.4220443069934845,0.3960754871368408,0.21261729300022125,10
1531,S_40,S_40_patch_0003,3,/content/PATIENT_RECONSTRUCTED_PREDICTIONS_FROM_PATCHES/patch_predictions_npz/0001531_S_40_S_40_patch_0003.npz,0.5426834225654602,0.39051875472068787,0.4522278606891632,0.06784018129110336,7
1532,S_40,S_40_patch_0004,4,/content/PATIENT_RECONSTRUCTED_PREDICTIONS_FROM_PATCHES/patch_predictions_npz/0001532_S_40_S_40_patch_0004.npz,0.5449532866477966,0.39257755875587463,0.4822486340999603,-0.16277657449245453,9
1533,S_40,S_40_patch_0005,5,/content/PATIENT_RECONSTRUCTED_PREDICTIONS_FROM_PATCHES/patch_predictions_npz/0001533_S_40_S_40_patch_0005.npz,0.5802001357078552,0.4094221293926239,0.38856998085975647,-0.34442654252052307,8
1534,S_40,S_40_patch_0006,6,/content/PATIENT_RECONSTRUCTED_PREDICTIONS_FROM_PATCHES/patch_predictions_npz/0001534_S_40_S_40_patch_0006.npz,0.6151136755943298,0.36401891708374023,0.4493500888347626,-0.27668413519859314,4
1535,S_40,S_40_patch_0007,7,/content/PATIENT_RECONSTRUCTED_PREDICTIONS_FROM_PATCHES/patch_predictions_npz/0001535_S_40_S_40_patch_0007.npz,0.5454252362251282,0.4013395309448242,0.44945862889289856,-0.22788818180561066,2
1536,S_41,S_41_patch_0000,0,/content/PATIENT_RECONSTRUCTED_PREDICTIONS_FROM_PATCHES/patch_predictions_npz/0001536_S_41_S_41_patch_0000.npz,0.40150487422943115,0.4672488272190094,0.43261483311653137,-0.12581230700016022,1
1537,S_41,S_41_patch_0001,1,/content/PATIENT_RECONSTRUCTED_PREDICTIONS_FROM_PATCHES/patch_predictions_npz/0001537_S_41_S_41_patch_0001.npz,0.5103878974914551,0.44610485434532166,0.41587504744529724,-0.04542618989944458,1
1538,S_41,S_41_patch_0002,2,/content/PATIENT_RECONSTRUCTED_PREDICTIONS_FROM_PATCHES/patch_predictions_npz/0001538_S_41_S_41_patch_0002.npz,0.535653829574585,0.42497196793556213,0.3962632119655609,0.21621733903884888,9
1539,S_41,S_41_patch_0003,3,/content/PATIENT_RECONSTRUCTED_PREDICTIONS_FROM_PATCHES/patch_predictions_npz/0001539_S_41_S_41_patch_0003.npz,0.5513951182365417,0.3913956582546234,0.4552899897098541,0.05453085899353027,9
1540,S_41,S_41_patch_0004,4,/content/PATIENT_RECONSTRUCTED_PREDICTIONS_FROM_PATCHES/patch_predictions_npz/0001540_S_41_S_41_patch_0004.npz,0.5381768345832825,0.39513739943504333,0.4830155372619629,-0.17853491008281708,9
1541,S_41,S_41_patch_0005,5,/content/PATIENT_RECONSTRUCTED_PREDICTIONS_FROM_PATCHES/patch_predictions_npz/0001541_S_41_S_41_patch_0005.npz,0.5876101851463318,0.4170548915863037,0.3796440064907074,-0.3770376741886139,8
1542,S_41,S_41_patch_0006,6,/content/PATIENT_RECONSTRUCTED_PREDICTIONS_FROM_PATCHES/patch_predictions_npz/0001542_S_41_S_41_patch_0006.npz,0.61370849609375,0.3720938265323639,0.4656791388988495,-0.2577946186065674,3
1543,S_41,S_41_patch_0007,7,/content/PATIENT_RECONSTRUCTED_PREDICTIONS_FROM_PATCHES/patch_predictions_npz/0001543_S_41_S_41_patch_0007.npz,0.5439566969871521,0.40540382266044617,0.45295771956443787,-0.28268423676490784,3
1544,S_42,S_42_patch_0000,0,/content/PATIENT_RECONSTRUCTED_PREDICTIONS_FROM_PATCHES/patch_predictions_npz/0001544_S_42_S_42_patch_0000.npz,0.3958406448364258,0.4635181427001953,0.43417367339134216,0.02614372968673706,2
1545,S_42,S_42_patch_0001,1,/content/PATIENT_RECONSTRUCTED_PREDICTIONS_FROM_PATCHES/patch_predictions_npz/0001545_S_42_S_42_patch_0001.npz,0.47484782338142395,0.4551652669906616,0.42216822504997253,0.05070679262280464,3
1546,S_42,S_42_patch_0002,2,/content/PATIENT_RECONSTRUCTED_PREDICTIONS_FROM_PATCHES/patch_predictions_npz/0001546_S_42_S_42_patch_0002.npz,0.48849448561668396,0.43869757652282715,0.41312703490257263,0.21038125455379486,11
1547,S_42,S_42_patch_0003,3,/content/PATIENT_RECONSTRUCTED_PREDICTIONS_FROM_PATCHES/patch_predictions_npz/0001547_S_42_S_42_patch_0003.npz,0.5018777251243591,0.4082200527191162,0.4476710855960846,0.13285595178604126,9
1548,S_42,S_42_patch_0004,4,/content/PATIENT_RECONSTRUCTED_PREDICTIONS_FROM_PATCHES/patch_predictions_npz/0001548_S_42_S_42_patch_0004.npz,0.5024915337562561,0.4071855843067169,0.4646205008029938,-0.020221488550305367,9
1549,S_42,S_42_patch_0005,5,/content/PATIENT_RECONSTRUCTED_PREDICTIONS_FROM_PATCHES/patch_predictions_npz/0001549_S_42_S_42_patch_0005.npz,0.5165767669677734,0.4214145243167877,0.4196211099624634,-0.11412984132766724,8
1550,S_42,S_42_patch_0006,6,/content/PATIENT_RECONSTRUCTED_PREDICTIONS_FROM_PATCHES/patch_predictions_npz/0001550_S_42_S_42_patch_0006.npz,0.5497440695762634,0.3949226140975952,0.44328656792640686,-0.10816600173711777,4
1551,S_42,S_42_patch_0007,7,/content/PATIENT_RECONSTRUCTED_PREDICTIONS_FROM_PATCHES/patch_predictions_npz/0001551_S_42_S_42_patch_0007.npz,0.493192583322525,0.41401270031929016,0.45191705226898193,-0.047666873782873154,2
1552,S_43,S_43_patch_0000,0,/content/PATIENT_RECONSTRUCTED_PREDICTIONS_FROM_PATCHES/patch_predictions_npz/0001552_S_43_S_43_patch_0000.npz,0.40087029337882996,0.468288391828537,0.43546488881111145,-0.06409681588411331,1
1553,S_43,S_43_patch_0001,1,/content/PATIENT_RECONSTRUCTED_PREDICTIONS_FROM_PATCHES/patch_predictions_npz/0001553_S_43_S_43_patch_0001.npz,0.4858074188232422,0.455101877450943,0.42321982979774475,0.003883725730702281,1
1554,S_43,S_43_patch_0002,2,/content/PATIENT_RECONSTRUCTED_PREDICTIONS_FROM_PATCHES/patch_predictions_npz/0001554_S_43_S_43_patch_0002.npz,0.5117174386978149,0.4319556653499603,0.4038487374782562,0.2046581506729126,12
1555,S_43,S_43_patch_0003,3,/content/PATIENT_RECONSTRUCTED_PREDICTIONS_FROM_PATCHES/patch_predictions_npz/0001555_S_43_S_43_patch_0003.npz,0.5271854996681213,0.39864468574523926,0.4561847150325775,0.054996952414512634,8
1556,S_43,S_43_patch_0004,4,/content/PATIENT_RECONSTRUCTED_PREDICTIONS_FROM_PATCHES/patch_predictions_npz/0001556_S_43_S_43_patch_0004.npz,0.5309291481971741,0.4000178873538971,0.4812362492084503,-0.15225841104984283,9
1557,S_43,S_43_patch_0005,5,/content/PATIENT_RECONSTRUCTED_PREDICTIONS_FROM_PATCHES/patch_predictions_npz/0001557_S_43_S_43_patch_0005.npz,0.5712012648582458,0.4164232313632965,0.3948027193546295,-0.3013215959072113,8
1558,S_43,S_43_patch_0006,6,/content/PATIENT_RECONSTRUCTED_PREDICTIONS_FROM_PATCHES/patch_predictions_npz/0001558_S_43_S_43_patch_0006.npz,0.6108384728431702,0.3761333227157593,0.4504522383213043,-0.23833490908145905,4
1559,S_43,S_43_patch_0007,7,/content/PATIENT_RECONSTRUCTED_PREDICTIONS_FROM_PATCHES/patch_predictions_npz/0001559_S_43_S_43_patch_0007.npz,0.5546109676361084,0.39994391798973083,0.45648327469825745,-0.2840975522994995,2
1560,S_44,S_44_patch_0000,0,/content/PATIENT_RECONSTRUCTED_PREDICTIONS_FROM_PATCHES/patch_predictions_npz/0001560_S_44_S_44_patch_0000.npz,0.3987978398799896,0.46777400374412537,0.4324834644794464,-0.10666263848543167,2
1561,S_44,S_44_patch_0001,1,/content/PATIENT_RECONSTRUCTED_PREDICTIONS_FROM_PATCHES/patch_predictions_npz/0001561_S_44_S_44_patch_0001.npz,0.5158365368843079,0.44468411803245544,0.4129224717617035,-0.021436849609017372,3
1562,S_44,S_44_patch_0002,2,/content/PATIENT_RECONSTRUCTED_PREDICTIONS_FROM_PATCHES/patch_predictions_npz/0001562_S_44_S_44_patch_0002.npz,0.5708606839179993,0.41076400876045227,0.38653552532196045,0.23404008150100708,8
1563,S_44,S_44_patch_0003,3,/content/PATIENT_RECONSTRUCTED_PREDICTIONS_FROM_PATCHES/patch_predictions_npz/0001563_S_44_S_44_patch_0003.npz,0.5745798945426941,0.37750768661499023,0.46300795674324036,0.0032037347555160522,7
1564,S_44,S_44_patch_0004,4,/content/PATIENT_RECONSTRUCTED_PREDICTIONS_FROM_PATCHES/patch_predictions_npz/0001564_S_44_S_44_patch_0004.npz,0.527005672454834,0.3965882360935211,0.47515881061553955,-0.13782364130020142,11
1565,S_44,S_44_patch_0005,5,/content/PATIENT_RECONSTRUCTED_PREDICTIONS_FROM_PATCHES/patch_predictions_npz/0001565_S_44_S_44_patch_0005.npz,0.6245619058609009,0.39842501282691956,0.35549676418304443,-0.47538459300994873,8
1566,S_44,S_44_patch_0006,6,/content/PATIENT_RECONSTRUCTED_PREDICTIONS_FROM_PATCHES/patch_predictions_npz/0001566_S_44_S_44_patch_0006.npz,0.675140380859375,0.33973756432533264,0.4674959182739258,-0.37713897228240967,3
1567,S_44,S_44_patch_0007,7,/content/PATIENT_RECONSTRUCTED_PREDICTIONS_FROM_PATCHES/patch_predictions_npz/0001567_S_44_S_44_patch_0007.npz,0.5735008120536804,0.39122244715690613,0.4533850848674774,-0.2992664873600006,2
1568,S_45,S_45_patch_0000,0,/content/PATIENT_RECONSTRUCTED_PREDICTIONS_FROM_PATCHES/patch_predictions_npz/0001568_S_45_S_45_patch_0000.npz,0.39762675762176514,0.464125394821167,0.4347440302371979,0.0070738173089921474,1
1569,S_45,S_45_patch_0001,1,/content/PATIENT_RECONSTRUCTED_PREDICTIONS_FROM_PATCHES/patch_predictions_npz/0001569_S_45_S_45_patch_0001.npz,0.4752219617366791,0.45415282249450684,0.4233212172985077,0.052350252866744995,1
1570,S_45,S_45_patch_0002,2,/content/PATIENT_RECONSTRUCTED_PREDICTIONS_FROM_PATCHES/patch_predictions_npz/0001570_S_45_S_45_patch_0002.npz,0.4937479496002197,0.4318896234035492,0.4068690538406372,0.23267070949077606,13
1571,S_45,S_45_patch_0003,3,/content/PATIENT_RECONSTRUCTED_PREDICTIONS_FROM_PATCHES/patch_predictions_npz/0001571_S_45_S_45_patch_0003.npz,0.5015882849693298,0.40227627754211426,0.450883150100708,0.12775291502475739,7
1572,S_45,S_45_patch_0004,4,/content/PATIENT_RECONSTRUCTED_PREDICTIONS_FROM_PATCHES/patch_predictions_npz/0001572_S_45_S_45_patch_0004.npz,0.5010775923728943,0.4047081172466278,0.46933236718177795,-0.05252324044704437,10
1573,S_45,S_45_patch_0005,5,/content/PATIENT_RECONSTRUCTED_PREDICTIONS_FROM_PATCHES/patch_predictions_npz/0001573_S_45_S_45_patch_0005.npz,0.5480279922485352,0.41537904739379883,0.3870883882045746,-0.21376067399978638,8
1574,S_45,S_45_patch_0006,6,/content/PATIENT_RECONSTRUCTED_PREDICTIONS_FROM_PATCHES/patch_predictions_npz/0001574_S_45_S_45_patch_0006.npz,0.5741555094718933,0.38012704253196716,0.45943203568458557,-0.1409568190574646,4
1575,S_45,S_45_patch_0007,7,/content/PATIENT_RECONSTRUCTED_PREDICTIONS_FROM_PATCHES/patch_predictions_npz/0001575_S_45_S_45_patch_0007.npz,0.4900487959384918,0.4170558750629425,0.44585713744163513,-0.07447809725999832,2
1576,S_46,S_46_patch_0000,0,/content/PATIENT_RECONSTRUCTED_PREDICTIONS_FROM_PATCHES/patch_predictions_npz/0001576_S_46_S_46_patch_0000.npz,0.40511807799339294,0.4714498817920685,0.434224396944046,-0.15711380541324615,1
1577,S_46,S_46_patch_0001,1,/content/PATIENT_RECONSTRUCTED_PREDICTIONS_FROM_PATCHES/patch_predictions_npz/0001577_S_46_S_46_patch_0001.npz,0.5150191187858582,0.44497403502464294,0.416316419839859,-0.05243467167019844,2
1578,S_46,S_46_patch_0002,2,/content/PATIENT_RECONSTRUCTED_PREDICTIONS_FROM_PATCHES/patch_predictions_npz/0001578_S_46_S_46_patch_0002.npz,0.543457567691803,0.4139603078365326,0.3913215398788452,0.2197171449661255,11
1579,S_46,S_46_patch_0003,3,/content/PATIENT_RECONSTRUCTED_PREDICTIONS_FROM_PATCHES/patch_predictions_npz/0001579_S_46_S_46_patch_0003.npz,0.537747323513031,0.38707950711250305,0.45574629306793213,0.06046820804476738,6
1580,S_46,S_46_patch_0004,4,/content/PATIENT_RECONSTRUCTED_PREDICTIONS_FROM_PATCHES/patch_predictions_npz/0001580_S_46_S_46_patch_0004.npz,0.5239918231964111,0.4022386968135834,0.47883501648902893,-0.14781275391578674,9
1581,S_46,S_46_patch_0005,5,/content/PATIENT_RECONSTRUCTED_PREDICTIONS_FROM_PATCHES/patch_predictions_npz/0001581_S_46_S_46_patch_0005.npz,0.5698273777961731,0.41802844405174255,0.3914856016635895,-0.3228456974029541,8
1582,S_46,S_46_patch_0006,6,/content/PATIENT_RECONSTRUCTED_PREDICTIONS_FROM_PATCHES/patch_predictions_npz/0001582_S_46_S_46_patch_0006.npz,0.6103930473327637,0.37318673729896545,0.4599475860595703,-0.2575820982456207,6
1583,S_46,S_46_patch_0007,7,/content/PATIENT_RECONSTRUCTED_PREDICTIONS_FROM_PATCHES/patch_predictions_npz/0001583_S_46_S_46_patch_0007.npz,0.5422454476356506,0.4046212434768677,0.45109105110168457,-0.25714561343193054,2
1584,S_47,S_47_patch_0000,0,/content/PATIENT_RECONSTRUCTED_PREDICTIONS_FROM_PATCHES/patch_predictions_npz/0001584_S_47_S_47_patch_0000.npz,0.40128055214881897,0.4686945676803589,0.43513813614845276,-0.04015131667256355,1
1585,S_47,S_47_patch_0001,1,/content/PATIENT_RECONSTRUCTED_PREDICTIONS_FROM_PATCHES/patch_predictions_npz/0001585_S_47_S_47_patch_0001.npz,0.4916912615299225,0.4620700776576996,0.42313647270202637,-0.016928404569625854,2
1586,S_47,S_47_patch_0002,2,/content/PATIENT_RECONSTRUCTED_PREDICTIONS_FROM_PATCHES/patch_predictions_npz/0001586_S_47_S_47_patch_0002.npz,0.48805806040763855,0.4398786127567291,0.40927743911743164,0.1925044059753418,12
1587,S_47,S_47_patch_0003,3,/content/PATIENT_RECONSTRUCTED_PREDICTIONS_FROM_PATCHES/patch_predictions_npz/0001587_S_47_S_47_patch_0003.npz,0.5358496308326721,0.40590229630470276,0.4505253732204437,0.06359552592039108,8
1588,S_47,S_47_patch_0004,4,/content/PATIENT_RECONSTRUCTED_PREDICTIONS_FROM_PATCHES/patch_predictions_npz/0001588_S_47_S_47_patch_0004.npz,0.5312710404396057,0.4047146737575531,0.4812842607498169,-0.15348906815052032,10
1589,S_47,S_47_patch_0005,5,/content/PATIENT_RECONSTRUCTED_PREDICTIONS_FROM_PATCHES/patch_predictions_npz/0001589_S_47_S_47_patch_0005.npz,0.5131569504737854,0.4237978458404541,0.4117260277271271,-0.135481059551239,7
1590,S_47,S_47_patch_0006,6,/content/PATIENT_RECONSTRUCTED_PREDICTIONS_FROM_PATCHES/patch_predictions_npz/0001590_S_47_S_47_patch_0006.npz,0.579660952091217,0.37703201174736023,0.457462877035141,-0.1874229907989502,3
1591,S_47,S_47_patch_0007,7,/content/PATIENT_RECONSTRUCTED_PREDICTIONS_FROM_PATCHES/patch_predictions_npz/0001591_S_47_S_47_patch_0007.npz,0.5394836664199829,0.40279269218444824,0.44565343856811523,-0.20873169600963593,2
1592,S_48,S_48_patch_0000,0,/content/PATIENT_RECONSTRUCTED_PREDICTIONS_FROM_PATCHES/patch_predictions_npz/0001592_S_48_S_48_patch_0000.npz,0.40812695026397705,0.4733273983001709,0.4370037019252777,-0.17336803674697876,1
1593,S_48,S_48_patch_0001,1,/content/PATIENT_RECONSTRUCTED_PREDICTIONS_FROM_PATCHES/patch_predictions_npz/0001593_S_48_S_48_patch_0001.npz,0.5362345576286316,0.4514802396297455,0.4185117483139038,-0.11774176359176636,1
1594,S_48,S_48_patch_0002,2,/content/PATIENT_RECONSTRUCTED_PREDICTIONS_FROM_PATCHES/patch_predictions_npz/0001594_S_48_S_48_patch_0002.npz,0.5725097060203552,0.40897002816200256,0.3854850232601166,0.18082256615161896,10
1595,S_48,S_48_patch_0003,3,/content/PATIENT_RECONSTRUCTED_PREDICTIONS_FROM_PATCHES/patch_predictions_npz/0001595_S_48_S_48_patch_0003.npz,0.5789912343025208,0.3797183930873871,0.4548099935054779,0.02416376769542694,7
1596,S_48,S_48_patch_0004,4,/content/PATIENT_RECONSTRUCTED_PREDICTIONS_FROM_PATCHES/patch_predictions_npz/0001596_S_48_S_48_patch_0004.npz,0.5719119906425476,0.38798388838768005,0.4894992411136627,-0.2891467809677124,10
1597,S_48,S_48_patch_0005,5,/content/PATIENT_RECONSTRUCTED_PREDICTIONS_FROM_PATCHES/patch_predictions_npz/0001597_S_48_S_48_patch_0005.npz,0.6319430470466614,0.39415112137794495,0.35648396611213684,-0.4950302541255951,7
1598,S_48,S_48_patch_0006,6,/content/PATIENT_RECONSTRUCTED_PREDICTIONS_FROM_PATCHES/patch_predictions_npz/0001598_S_48_S_48_patch_0006.npz,0.6780166625976562,0.34127745032310486,0.47473669052124023,-0.41207155585289,2
1599,S_48,S_48_patch_0007,7,/content/PATIENT_RECONSTRUCTED_PREDICTIONS_FROM_PATCHES/patch_predictions_npz/0001599_S_48_S_48_patch_0007.npz,0.6147444844245911,0.38136181235313416,0.4505281150341034,-0.4683012068271637,2
1600,S_49,S_49_patch_0000,0,/content/PATIENT_RECONSTRUCTED_PREDICTIONS_FROM_PATCHES/patch_predictions_npz/0001600_S_49_S_49_patch_0000.npz,0.3986113965511322,0.46501049399375916,0.43494632840156555,-0.0037479151505976915,2
1601,S_49,S_49_patch_0001,1,/content/PATIENT_RECONSTRUCTED_PREDICTIONS_FROM_PATCHES/patch_predictions_npz/0001601_S_49_S_49_patch_0001.npz,0.49444779753685,0.44871044158935547,0.4167517423629761,0.017472635954618454,4
1602,S_49,S_49_patch_0002,2,/content/PATIENT_RECONSTRUCTED_PREDICTIONS_FROM_PATCHES/patch_predictions_npz/0001602_S_49_S_49_patch_0002.npz,0.5146569609642029,0.42847228050231934,0.4015476703643799,0.18606531620025635,12
1603,S_49,S_49_patch_0003,3,/content/PATIENT_RECONSTRUCTED_PREDICTIONS_FROM_PATCHES/patch_predictions_npz/0001603_S_49_S_49_patch_0003.npz,0.5221664309501648,0.40599051117897034,0.44298210740089417,0.11259982734918594,8
1604,S_49,S_49_patch_0004,4,/content/PATIENT_RECONSTRUCTED_PREDICTIONS_FROM_PATCHES/patch_predictions_npz/0001604_S_49_S_49_patch_0004.npz,0.5068271160125732,0.4050865173339844,0.46995875239372253,-0.0521041564643383,8
1605,S_49,S_49_patch_0005,5,/content/PATIENT_RECONSTRUCTED_PREDICTIONS_FROM_PATCHES/patch_predictions_npz/0001605_S_49_S_49_patch_0005.npz,0.5260472893714905,0.42074573040008545,0.40878042578697205,-0.16456568241119385,8
1606,S_49,S_49_patch_0006,6,/content/PATIENT_RECONSTRUCTED_PREDICTIONS_FROM_PATCHES/patch_predictions_npz/0001606_S_49_S_49_patch_0006.npz,0.5507071018218994,0.3936983644962311,0.4399721920490265,-0.12248349189758301,3
1607,S_49,S_49_patch_0007,7,/content/PATIENT_RECONSTRUCTED_PREDICTIONS_FROM_PATCHES/patch_predictions_npz/0001607_S_49_S_49_patch_0007.npz,0.4854094684123993,0.4177588224411011,0.44921329617500305,-0.03405691310763359,2
1608,S_50,S_50_patch_0000,0,/content/PATIENT_RECONSTRUCTED_PREDICTIONS_FROM_PATCHES/patch_predictions_npz/0001608_S_50_S_50_patch_0000.npz,0.4095531404018402,0.4744092524051666,0.43659651279449463,-0.1779920905828476,1
1609,S_50,S_50_patch_0001,1,/content/PATIENT_RECONSTRUCTED_PREDICTIONS_FROM_PATCHES/patch_predictions_npz/0001609_S_50_S_50_patch_0001.npz,0.5209053158760071,0.4519721567630768,0.41794100403785706,-0.07843563705682755,1
1610,S_50,S_50_patch_0002,2,/content/PATIENT_RECONSTRUCTED_PREDICTIONS_FROM_PATCHES/patch_predictions_npz/0001610_S_50_S_50_patch_0002.npz,0.5387345552444458,0.4236496388912201,0.39540281891822815,0.1942596286535263,9
1611,S_50,S_50_patch_0003,3,/content/PATIENT_RECONSTRUCTED_PREDICTIONS_FROM_PATCHES/patch_predictions_npz/0001611_S_50_S_50_patch_0003.npz,0.5586606860160828,0.38021770119667053,0.45994898676872253,0.00632265442982316,6
1612,S_50,S_50_patch_0004,4,/content/PATIENT_RECONSTRUCTED_PREDICTIONS_FROM_PATCHES/patch_predictions_npz/0001612_S_50_S_50_patch_0004.npz,0.5445592999458313,0.39158201217651367,0.48236382007598877,-0.2094019651412964,9
1613,S_50,S_50_patch_0005,5,/content/PATIENT_RECONSTRUCTED_PREDICTIONS_FROM_PATCHES/patch_predictions_npz/0001613_S_50_S_50_patch_0005.npz,0.5979993939399719,0.4109458923339844,0.376177579164505,-0.39378198981285095,8
1614,S_50,S_50_patch_0006,6,/content/PATIENT_RECONSTRUCTED_PREDICTIONS_FROM_PATCHES/patch_predictions_npz/0001614_S_50_S_50_patch_0006.npz,0.6301063895225525,0.3684064447879791,0.45535337924957275,-0.2982882559299469,4
1615,S_50,S_50_patch_0007,7,/content/PATIENT_RECONSTRUCTED_PREDICTIONS_FROM_PATCHES/patch_predictions_npz/0001615_S_50_S_50_patch_0007.npz,0.5517235398292542,0.4041096270084381,0.4565357267856598,-0.3014967441558838,2
1616,S_51,S_51_patch_0000,0,/content/PATIENT_RECONSTRUCTED_PREDICTIONS_FROM_PATCHES/patch_predictions_npz/0001616_S_51_S_51_patch_0000.npz,0.4019114077091217,0.4686916172504425,0.43541526794433594,-0.05244576930999756,1
1617,S_51,S_51_patch_0001,1,/content/PATIENT_RECONSTRUCTED_PREDICTIONS_FROM_PATCHES/patch_predictions_npz/0001617_S_51_S_51_patch_0001.npz,0.49533113837242126,0.45233216881752014,0.4187377691268921,-0.003948524594306946,2
1618,S_51,S_51_patch_0002,2,/content/PATIENT_RECONSTRUCTED_PREDICTIONS_FROM_PATCHES/patch_predictions_npz/0001618_S_51_S_51_patch_0002.npz,0.5151171684265137,0.4264203608036041,0.40190497040748596,0.21786409616470337,11
1619,S_51,S_51_patch_0003,3,/content/PATIENT_RECONSTRUCTED_PREDICTIONS_FROM_PATCHES/patch_predictions_npz/0001619_S_51_S_51_patch_0003.npz,0.5228236317634583,0.3930293023586273,0.4531930983066559,0.07288064062595367,6
1620,S_51,S_51_patch_0004,4,/content/PATIENT_RECONSTRUCTED_PREDICTIONS_FROM_PATCHES/patch_predictions_npz/0001620_S_51_S_51_patch_0004.npz,0.4997030794620514,0.40782859921455383,0.46913567185401917,-0.05418677628040314,9
1621,S_51,S_51_patch_0005,5,/content/PATIENT_RECONSTRUCTED_PREDICTIONS_FROM_PATCHES/patch_predictions_npz/0001621_S_51_S_51_patch_0005.npz,0.5308529734611511,0.42066654562950134,0.40014782547950745,-0.1860966682434082,8
1622,S_51,S_51_patch_0006,6,/content/PATIENT_RECONSTRUCTED_PREDICTIONS_FROM_PATCHES/patch_predictions_npz/0001622_S_51_S_51_patch_0006.npz,0.5565827488899231,0.389626145362854,0.4448767900466919,-0.12663327157497406,4
1623,S_51,S_51_patch_0007,7,/content/PATIENT_RECONSTRUCTED_PREDICTIONS_FROM_PATCHES/patch_predictions_npz/0001623_S_51_S_51_patch_0007.npz,0.5076074004173279,0.41074636578559875,0.44893428683280945,-0.10292452573776245,2
1624,S_52,S_52_patch_0000,0,/content/PATIENT_RECONSTRUCTED_PREDICTIONS_FROM_PATCHES/patch_predictions_npz/0001624_S_52_S_52_patch_0000.npz,0.404840350151062,0.47305265069007874,0.4359874427318573,-0.1318345069885254,1
1625,S_52,S_52_patch_0001,1,/content/PATIENT_RECONSTRUCTED_PREDICTIONS_FROM_PATCHES/patch_predictions_npz/0001625_S_52_S_52_patch_0001.npz,0.5033965110778809,0.460947722196579,0.4224514663219452,-0.07043115049600601,3
1626,S_52,S_52_patch_0002,2,/content/PATIENT_RECONSTRUCTED_PREDICTIONS_FROM_PATCHES/patch_predictions_npz/0001626_S_52_S_52_patch_0002.npz,0.5508401989936829,0.41381311416625977,0.3892439305782318,0.19870853424072266,8
1627,S_52,S_52_patch_0003,3,/content/PATIENT_RECONSTRUCTED_PREDICTIONS_FROM_PATCHES/patch_predictions_npz/0001627_S_52_S_52_patch_0003.npz,0.5632259249687195,0.3886462152004242,0.45960187911987305,0.006516297813504934,6
1628,S_52,S_52_patch_0004,4,/content/PATIENT_RECONSTRUCTED_PREDICTIONS_FROM_PATCHES/patch_predictions_npz/0001628_S_52_S_52_patch_0004.npz,0.5247737765312195,0.40496230125427246,0.480370432138443,-0.16221340000629425,9
1629,S_52,S_52_patch_0005,5,/content/PATIENT_RECONSTRUCTED_PREDICTIONS_FROM_PATCHES/patch_predictions_npz/0001629_S_52_S_52_patch_0005.npz,0.5767791867256165,0.41794314980506897,0.38626599311828613,-0.35628411173820496,8
1630,S_52,S_52_patch_0006,6,/content/PATIENT_RECONSTRUCTED_PREDICTIONS_FROM_PATCHES/patch_predictions_npz/0001630_S_52_S_52_patch_0006.npz,0.607609212398529,0.3782441318035126,0.46127602458000183,-0.27335914969444275,2
1631,S_52,S_52_patch_0007,7,/content/PATIENT_RECONSTRUCTED_PREDICTIONS_FROM_PATCHES/patch_predictions_npz/0001631_S_52_S_52_patch_0007.npz,0.5418418049812317,0.40344366431236267,0.4509703814983368,-0.2552046477794647,2
1632,S_53,S_53_patch_0000,0,/content/PATIENT_RECONSTRUCTED_PREDICTIONS_FROM_PATCHES/patch_predictions_npz/0001632_S_53_S_53_patch_0000.npz,0.4150877892971039,0.47856107354164124,0.4303608238697052,-0.3360992968082428,2
1633,S_53,S_53_patch_0001,1,/content/PATIENT_RECONSTRUCTED_PREDICTIONS_FROM_PATCHES/patch_predictions_npz/0001633_S_53_S_53_patch_0001.npz,0.5322805047035217,0.4496243894100189,0.413846492767334,-0.10204100608825684,2
1634,S_53,S_53_patch_0002,2,/content/PATIENT_RECONSTRUCTED_PREDICTIONS_FROM_PATCHES/patch_predictions_npz/0001634_S_53_S_53_patch_0002.npz,0.5671418309211731,0.41054603457450867,0.3828600347042084,0.19926905632019043,10
1635,S_53,S_53_patch_0003,3,/content/PATIENT_RECONSTRUCTED_PREDICTIONS_FROM_PATCHES/patch_predictions_npz/0001635_S_53_S_53_patch_0003.npz,0.5892823338508606,0.37063801288604736,0.46159520745277405,-0.01856386847794056,6
1636,S_53,S_53_patch_0004,4,/content/PATIENT_RECONSTRUCTED_PREDICTIONS_FROM_PATCHES/patch_predictions_npz/0001636_S_53_S_53_patch_0004.npz,0.5579285025596619,0.3837277889251709,0.48626065254211426,-0.2608914077281952,8
1637,S_53,S_53_patch_0005,5,/content/PATIENT_RECONSTRUCTED_PREDICTIONS_FROM_PATCHES/patch_predictions_npz/0001637_S_53_S_53_patch_0005.npz,0.5934063792228699,0.40916088223457336,0.3709610402584076,-0.40048715472221375,8
1638,S_53,S_53_patch_0006,6,/content/PATIENT_RECONSTRUCTED_PREDICTIONS_FROM_PATCHES/patch_predictions_npz/0001638_S_53_S_53_patch_0006.npz,0.6419719457626343,0.35464075207710266,0.4619227647781372,-0.3220696747303009,2
1639,S_53,S_53_patch_0007,7,/content/PATIENT_RECONSTRUCTED_PREDICTIONS_FROM_PATCHES/patch_predictions_npz/0001639_S_53_S_53_patch_0007.npz,0.5874310731887817,0.3864682614803314,0.44787243008613586,-0.35696157813072205,1
1640,S_54,S_54_patch_0000,0,/content/PATIENT_RECONSTRUCTED_PREDICTIONS_FROM_PATCHES/patch_predictions_npz/0001640_S_54_S_54_patch_0000.npz,0.40369728207588196,0.4695938527584076,0.4325660765171051,-0.13567481935024261,1
1641,S_54,S_54_patch_0001,1,/content/PATIENT_RECONSTRUCTED_PREDICTIONS_FROM_PATCHES/patch_predictions_npz/0001641_S_54_S_54_patch_0001.npz,0.5123339891433716,0.4476994574069977,0.4127425253391266,-0.04323722422122955,1
1642,S_54,S_54_patch_0002,2,/content/PATIENT_RECONSTRUCTED_PREDICTIONS_FROM_PATCHES/patch_predictions_npz/0001642_S_54_S_54_patch_0002.npz,0.5325083136558533,0.4347149431705475,0.40034055709838867,0.1591751128435135,11
1643,S_54,S_54_patch_0003,3,/content/PATIENT_RECONSTRUCTED_PREDICTIONS_FROM_PATCHES/patch_predictions_npz/0001643_S_54_S_54_patch_0003.npz,0.5217052102088928,0.4128328263759613,0.44644877314567566,0.10149016231298447,8
1644,S_54,S_54_patch_0004,4,/content/PATIENT_RECONSTRUCTED_PREDICTIONS_FROM_PATCHES/patch_predictions_npz/0001644_S_54_S_54_patch_0004.npz,0.4744586646556854,0.42232194542884827,0.4572072923183441,0.03275560960173607,8
1645,S_54,S_54_patch_0005,5,/content/PATIENT_RECONSTRUCTED_PREDICTIONS_FROM_PATCHES/patch_predictions_npz/0001645_S_54_S_54_patch_0005.npz,0.5671627521514893,0.41618266701698303,0.3921927213668823,-0.30395081639289856,7
1646,S_54,S_54_patch_0006,6,/content/PATIENT_RECONSTRUCTED_PREDICTIONS_FROM_PATCHES/patch_predictions_npz/0001646_S_54_S_54_patch_0006.npz,0.6127069592475891,0.3712709844112396,0.4683647155761719,-0.2911081612110138,3
1647,S_54,S_54_patch_0007,7,/content/PATIENT_RECONSTRUCTED_PREDICTIONS_FROM_PATCHES/patch_predictions_npz/0001647_S_54_S_54_patch_0007.npz,0.5256178975105286,0.40647295117378235,0.45493006706237793,-0.18046541512012482,2
1648,S_55,S_55_patch_0000,0,/content/PATIENT_RECONSTRUCTED_PREDICTIONS_FROM_PATCHES/patch_predictions_npz/0001648_S_55_S_55_patch_0000.npz,0.40881240367889404,0.47469189763069153,0.43439435958862305,-0.21973955631256104,1
1649,S_55,S_55_patch_0001,1,/content/PATIENT_RECONSTRUCTED_PREDICTIONS_FROM_PATCHES/patch_predictions_npz/0001649_S_55_S_55_patch_0001.npz,0.5308759808540344,0.4419471323490143,0.41168615221977234,-0.0789194330573082,1
1650,S_55,S_55_patch_0002,2,/content/PATIENT_RECONSTRUCTED_PREDICTIONS_FROM_PATCHES/patch_predictions_npz/0001650_S_55_S_55_patch_0002.npz,0.5612941980361938,0.41053828597068787,0.38903117179870605,0.2119596004486084,11
1651,S_55,S_55_patch_0003,3,/content/PATIENT_RECONSTRUCTED_PREDICTIONS_FROM_PATCHES/patch_predictions_npz/0001651_S_55_S_55_patch_0003.npz,0.558144748210907,0.38899102807044983,0.45955097675323486,0.021159732714295387,7
1652,S_55,S_55_patch_0004,4,/content/PATIENT_RECONSTRUCTED_PREDICTIONS_FROM_PATCHES/patch_predictions_npz/0001652_S_55_S_55_patch_0004.npz,0.5591554045677185,0.39309418201446533,0.48918893933296204,-0.25421491265296936,10
1653,S_55,S_55_patch_0005,5,/content/PATIENT_RECONSTRUCTED_PREDICTIONS_FROM_PATCHES/patch_predictions_npz/0001653_S_55_S_55_patch_0005.npz,0.5890447497367859,0.4112277925014496,0.376863569021225,-0.3874832093715668,7
1654,S_55,S_55_patch_0006,6,/content/PATIENT_RECONSTRUCTED_PREDICTIONS_FROM_PATCHES/patch_predictions_npz/0001654_S_55_S_55_patch_0006.npz,0.6314713954925537,0.3613028824329376,0.4686661958694458,-0.305743008852005,3
1655,S_55,S_55_patch_0007,7,/content/PATIENT_RECONSTRUCTED_PREDICTIONS_FROM_PATCHES/patch_predictions_npz/0001655_S_55_S_55_patch_0007.npz,0.5726566314697266,0.3964811861515045,0.446527361869812,-0.3515355587005615,2
1656,S_56,S_56_patch_0000,0,/content/PATIENT_RECONSTRUCTED_PREDICTIONS_FROM_PATCHES/patch_predictions_npz/0001656_S_56_S_56_patch_0000.npz,0.41179609298706055,0.47723066806793213,0.435028076171875,-0.22559599578380585,1
1657,S_56,S_56_patch_0001,1,/content/PATIENT_RECONSTRUCTED_PREDICTIONS_FROM_PATCHES/patch_predictions_npz/0001657_S_56_S_56_patch_0001.npz,0.5090324282646179,0.4512859880924225,0.4178858995437622,-0.037921447306871414,1
1658,S_56,S_56_patch_0002,2,/content/PATIENT_RECONSTRUCTED_PREDICTIONS_FROM_PATCHES/patch_predictions_npz/0001658_S_56_S_56_patch_0002.npz,0.5383407473564148,0.4191233813762665,0.39394131302833557,0.20393778383731842,10
1659,S_56,S_56_patch_0003,3,/content/PATIENT_RECONSTRUCTED_PREDICTIONS_FROM_PATCHES/patch_predictions_npz/0001659_S_56_S_56_patch_0003.npz,0.5500418543815613,0.38655614852905273,0.45452311635017395,0.040015850216150284,6
1660,S_56,S_56_patch_0004,4,/content/PATIENT_RECONSTRUCTED_PREDICTIONS_FROM_PATCHES/patch_predictions_npz/0001660_S_56_S_56_patch_0004.npz,0.5423650741577148,0.3918604850769043,0.48280057311058044,-0.1752261370420456,10
1661,S_56,S_56_patch_0005,5,/content/PATIENT_RECONSTRUCTED_PREDICTIONS_FROM_PATCHES/patch_predictions_npz/0001661_S_56_S_56_patch_0005.npz,0.5873289704322815,0.40752705931663513,0.3795340061187744,-0.35891667008399963,8
1662,S_56,S_56_patch_0006,6,/content/PATIENT_RECONSTRUCTED_PREDICTIONS_FROM_PATCHES/patch_predictions_npz/0001662_S_56_S_56_patch_0006.npz,0.624739944934845,0.3661034107208252,0.45371198654174805,-0.294486403465271,5
1663,S_56,S_56_patch_0007,7,/content/PATIENT_RECONSTRUCTED_PREDICTIONS_FROM_PATCHES/patch_predictions_npz/0001663_S_56_S_56_patch_0007.npz,0.5584732890129089,0.4006260633468628,0.4569002389907837,-0.30851852893829346,2
1664,S_57,S_57_patch_0000,0,/content/PATIENT_RECONSTRUCTED_PREDICTIONS_FROM_PATCHES/patch_predictions_npz/0001664_S_57_S_57_patch_0000.npz,0.4085841178894043,0.4738300144672394,0.43604397773742676,-0.169621542096138,1
1665,S_57,S_57_patch_0001,1,/content/PATIENT_RECONSTRUCTED_PREDICTIONS_FROM_PATCHES/patch_predictions_npz/0001665_S_57_S_57_patch_0001.npz,0.515845000743866,0.45774468779563904,0.42215409874916077,-0.09263793379068375,2
1666,S_57,S_57_patch_0002,2,/content/PATIENT_RECONSTRUCTED_PREDICTIONS_FROM_PATCHES/patch_predictions_npz/0001666_S_57_S_57_patch_0002.npz,0.5563836097717285,0.4152792990207672,0.38938069343566895,0.16846227645874023,12
1667,S_57,S_57_patch_0003,3,/content/PATIENT_RECONSTRUCTED_PREDICTIONS_FROM_PATCHES/patch_predictions_npz/0001667_S_57_S_57_patch_0003.npz,0.5641201138496399,0.3833516538143158,0.45416930317878723,0.02403811551630497,7
1668,S_57,S_57_patch_0004,4,/content/PATIENT_RECONSTRUCTED_PREDICTIONS_FROM_PATCHES/patch_predictions_npz/0001668_S_57_S_57_patch_0004.npz,0.5681163668632507,0.38404354453086853,0.48708152770996094,-0.29262036085128784,9
1669,S_57,S_57_patch_0005,5,/content/PATIENT_RECONSTRUCTED_PREDICTIONS_FROM_PATCHES/patch_predictions_npz/0001669_S_57_S_57_patch_0005.npz,0.6229054927825928,0.395839124917984,0.35760173201560974,-0.4837794005870819,8
1670,S_57,S_57_patch_0006,6,/content/PATIENT_RECONSTRUCTED_PREDICTIONS_FROM_PATCHES/patch_predictions_npz/0001670_S_57_S_57_patch_0006.npz,0.6530831456184387,0.34694918990135193,0.4697306156158447,-0.3622899055480957,2
1671,S_57,S_57_patch_0007,7,/content/PATIENT_RECONSTRUCTED_PREDICTIONS_FROM_PATCHES/patch_predictions_npz/0001671_S_57_S_57_patch_0007.npz,0.5989951491355896,0.3826398551464081,0.45165956020355225,-0.3938210904598236,2
1672,S_58,S_58_patch_0000,0,/content/PATIENT_RECONSTRUCTED_PREDICTIONS_FROM_PATCHES/patch_predictions_npz/0001672_S_58_S_58_patch_0000.npz,0.40860283374786377,0.4743553102016449,0.4345375597476959,-0.12654799222946167,5
1673,S_58,S_58_patch_0001,1,/content/PATIENT_RECONSTRUCTED_PREDICTIONS_FROM_PATCHES/patch_predictions_npz/0001673_S_58_S_58_patch_0001.npz,0.48710235953330994,0.4564880132675171,0.4188995361328125,0.008345838636159897,3
1674,S_58,S_58_patch_0002,2,/content/PATIENT_RECONSTRUCTED_PREDICTIONS_FROM_PATCHES/patch_predictions_npz/0001674_S_58_S_58_patch_0002.npz,0.5062339305877686,0.4410131275653839,0.4107961654663086,0.17043845355510712,13
1675,S_58,S_58_patch_0003,3,/content/PATIENT_RECONSTRUCTED_PREDICTIONS_FROM_PATCHES/patch_predictions_npz/0001675_S_58_S_58_patch_0003.npz,0.5022072196006775,0.41204679012298584,0.45442521572113037,0.07454327493906021,8
1676,S_58,S_58_patch_0004,4,/content/PATIENT_RECONSTRUCTED_PREDICTIONS_FROM_PATCHES/patch_predictions_npz/0001676_S_58_S_58_patch_0004.npz,0.4741020202636719,0.4239472448825836,0.4592876732349396,0.010087788105010986,10
1677,S_58,S_58_patch_0005,5,/content/PATIENT_RECONSTRUCTED_PREDICTIONS_FROM_PATCHES/patch_predictions_npz/0001677_S_58_S_58_patch_0005.npz,0.5149551033973694,0.4248695373535156,0.4093059301376343,-0.12716421484947205,7
1678,S_58,S_58_patch_0006,6,/content/PATIENT_RECONSTRUCTED_PREDICTIONS_FROM_PATCHES/patch_predictions_npz/0001678_S_58_S_58_patch_0006.npz,0.5785315632820129,0.38332828879356384,0.4677315056324005,-0.20766128599643707,3
1679,S_58,S_58_patch_0007,7,/content/PATIENT_RECONSTRUCTED_PREDICTIONS_FROM_PATCHES/patch_predictions_npz/0001679_S_58_S_58_patch_0007.npz,0.5120990872383118,0.4124593734741211,0.44831863045692444,-0.13665209710597992,2
1680,S_59,S_59_patch_0000,0,/content/PATIENT_RECONSTRUCTED_PREDICTIONS_FROM_PATCHES/patch_predictions_npz/0001680_S_59_S_59_patch_0000.npz,0.4175248146057129,0.48188480734825134,0.4332626760005951,-0.3347513675689697,1
1681,S_59,S_59_patch_0001,1,/content/PATIENT_RECONSTRUCTED_PREDICTIONS_FROM_PATCHES/patch_predictions_npz/0001681_S_59_S_59_patch_0001.npz,0.5352909564971924,0.4510537087917328,0.41279101371765137,-0.09735757857561111,2
1682,S_59,S_59_patch_0002,2,/content/PATIENT_RECONSTRUCTED_PREDICTIONS_FROM_PATCHES/patch_predictions_npz/0001682_S_59_S_59_patch_0002.npz,0.5839707851409912,0.4029656946659088,0.3811681270599365,0.21995539963245392,8
1683,S_59,S_59_patch_0003,3,/content/PATIENT_RECONSTRUCTED_PREDICTIONS_FROM_PATCHES/patch_predictions_npz/0001683_S_59_S_59_patch_0003.npz,0.5853970646858215,0.36916565895080566,0.4635493755340576,-0.02176523208618164,6
1684,S_59,S_59_patch_0004,4,/content/PATIENT_RECONSTRUCTED_PREDICTIONS_FROM_PATCHES/patch_predictions_npz/0001684_S_59_S_59_patch_0004.npz,0.5483687520027161,0.3897024393081665,0.485416442155838,-0.2236032485961914,9
1685,S_59,S_59_patch_0005,5,/content/PATIENT_RECONSTRUCTED_PREDICTIONS_FROM_PATCHES/patch_predictions_npz/0001685_S_59_S_59_patch_0005.npz,0.5608239769935608,0.41673755645751953,0.38832056522369385,-0.2955440878868103,8
1686,S_59,S_59_patch_0006,6,/content/PATIENT_RECONSTRUCTED_PREDICTIONS_FROM_PATCHES/patch_predictions_npz/0001686_S_59_S_59_patch_0006.npz,0.6077295541763306,0.36948728561401367,0.46054568886756897,-0.2471536248922348,3
1687,S_59,S_59_patch_0007,7,/content/PATIENT_RECONSTRUCTED_PREDICTIONS_FROM_PATCHES/patch_predictions_npz/0001687_S_59_S_59_patch_0007.npz,0.5597088932991028,0.39680585265159607,0.44288650155067444,-0.2789700925350189,2
1688,S_60,S_60_patch_0000,0,/content/PATIENT_RECONSTRUCTED_PREDICTIONS_FROM_PATCHES/patch_predictions_npz/0001688_S_60_S_60_patch_0000.npz,0.4006011188030243,0.4665827453136444,0.43392375111579895,-0.043826792389154434,2
1689,S_60,S_60_patch_0001,1,/content/PATIENT_RECONSTRUCTED_PREDICTIONS_FROM_PATCHES/patch_predictions_npz/0001689_S_60_S_60_patch_0001.npz,0.49076399207115173,0.46001824736595154,0.42076054215431213,-0.021310806274414062,2
1690,S_60,S_60_patch_0002,2,/content/PATIENT_RECONSTRUCTED_PREDICTIONS_FROM_PATCHES/patch_predictions_npz/0001690_S_60_S_60_patch_0002.npz,0.5138714909553528,0.43770524859428406,0.4027518928050995,0.12194928526878357,12
1691,S_60,S_60_patch_0003,3,/content/PATIENT_RECONSTRUCTED_PREDICTIONS_FROM_PATCHES/patch_predictions_npz/0001691_S_60_S_60_patch_0003.npz,0.5405599474906921,0.4020942747592926,0.45056721568107605,0.025354459881782532,9
1692,S_60,S_60_patch_0004,4,/content/PATIENT_RECONSTRUCTED_PREDICTIONS_FROM_PATCHES/patch_predictions_npz/0001692_S_60_S_60_patch_0004.npz,0.5169543623924255,0.4090079367160797,0.47398829460144043,-0.11889636516571045,9
1693,S_60,S_60_patch_0005,5,/content/PATIENT_RECONSTRUCTED_PREDICTIONS_FROM_PATCHES/patch_predictions_npz/0001693_S_60_S_60_patch_0005.npz,0.5319973826408386,0.42102327942848206,0.4026223123073578,-0.1980171948671341,8
1694,S_60,S_60_patch_0006,6,/content/PATIENT_RECONSTRUCTED_PREDICTIONS_FROM_PATCHES/patch_predictions_npz/0001694_S_60_S_60_patch_0006.npz,0.5835903286933899,0.3764376640319824,0.4562535583972931,-0.19685380160808563,3
1695,S_60,S_60_patch_0007,7,/content/PATIENT_RECONSTRUCTED_PREDICTIONS_FROM_PATCHES/patch_predictions_npz/0001695_S_60_S_60_patch_0007.npz,0.510896623134613,0.41136977076530457,0.45047780871391296,-0.11981425434350967,2
1696,S_61,S_61_patch_0000,0,/content/PATIENT_RECONSTRUCTED_PREDICTIONS_FROM_PATCHES/patch_predictions_npz/0001696_S_61_S_61_patch_0000.npz,0.40441688895225525,0.4707469642162323,0.43594932556152344,-0.10897266864776611,1
1697,S_61,S_61_patch_0001,1,/content/PATIENT_RECONSTRUCTED_PREDICTIONS_FROM_PATCHES/patch_predictions_npz/0001697_S_61_S_61_patch_0001.npz,0.5059370994567871,0.4501626491546631,0.4186936318874359,-0.02480931580066681,3
1698,S_61,S_61_patch_0002,2,/content/PATIENT_RECONSTRUCTED_PREDICTIONS_FROM_PATCHES/patch_predictions_npz/0001698_S_61_S_61_patch_0002.npz,0.5310381650924683,0.42446938157081604,0.39777567982673645,0.20125283300876617,14
1699,S_61,S_61_patch_0003,3,/content/PATIENT_RECONSTRUCTED_PREDICTIONS_FROM_PATCHES/patch_predictions_npz/0001699_S_61_S_61_patch_0003.npz,0.5401682257652283,0.39633142948150635,0.4563356339931488,0.05247993394732475,7
1700,S_61,S_61_patch_0004,4,/content/PATIENT_RECONSTRUCTED_PREDICTIONS_FROM_PATCHES/patch_predictions_npz/0001700_S_61_S_61_patch_0004.npz,0.5430261492729187,0.39861926436424255,0.4843539297580719,-0.20122051239013672,10
1701,S_61,S_61_patch_0005,5,/content/PATIENT_RECONSTRUCTED_PREDICTIONS_FROM_PATCHES/patch_predictions_npz/0001701_S_61_S_61_patch_0005.npz,0.5553261637687683,0.42291733622550964,0.39720794558525085,-0.2818143665790558,8
1702,S_61,S_61_patch_0006,6,/content/PATIENT_RECONSTRUCTED_PREDICTIONS_FROM_PATCHES/patch_predictions_npz/0001702_S_61_S_61_patch_0006.npz,0.5897273421287537,0.3843035399913788,0.46031561493873596,-0.22635506093502045,5
1703,S_61,S_61_patch_0007,7,/content/PATIENT_RECONSTRUCTED_PREDICTIONS_FROM_PATCHES/patch_predictions_npz/0001703_S_61_S_61_patch_0007.npz,0.5406104326248169,0.40770915150642395,0.45000961422920227,-0.25834569334983826,2
1704,S_62,S_62_patch_0000,0,/content/PATIENT_RECONSTRUCTED_PREDICTIONS_FROM_PATCHES/patch_predictions_npz/0001704_S_62_S_62_patch_0000.npz,0.4046511650085449,0.47019410133361816,0.43434420228004456,-0.10080039501190186,1
1705,S_62,S_62_patch_0001,1,/content/PATIENT_RECONSTRUCTED_PREDICTIONS_FROM_PATCHES/patch_predictions_npz/0001705_S_62_S_62_patch_0001.npz,0.5028769969940186,0.44792476296424866,0.4142087996006012,-0.009099535644054413,1
1706,S_62,S_62_patch_0002,2,/content/PATIENT_RECONSTRUCTED_PREDICTIONS_FROM_PATCHES/patch_predictions_npz/0001706_S_62_S_62_patch_0002.npz,0.521342933177948,0.4244561195373535,0.3994498550891876,0.22114787995815277,11
1707,S_62,S_62_patch_0003,3,/content/PATIENT_RECONSTRUCTED_PREDICTIONS_FROM_PATCHES/patch_predictions_npz/0001707_S_62_S_62_patch_0003.npz,0.529795229434967,0.3923478126525879,0.4541279077529907,0.04980885982513428,6
1708,S_62,S_62_patch_0004,4,/content/PATIENT_RECONSTRUCTED_PREDICTIONS_FROM_PATCHES/patch_predictions_npz/0001708_S_62_S_62_patch_0004.npz,0.5258921384811401,0.3999086320400238,0.4769038259983063,-0.16219456493854523,10
1709,S_62,S_62_patch_0005,5,/content/PATIENT_RECONSTRUCTED_PREDICTIONS_FROM_PATCHES/patch_predictions_npz/0001709_S_62_S_62_patch_0005.npz,0.5722986459732056,0.4139474332332611,0.3789769411087036,-0.3312532901763916,8
1710,S_62,S_62_patch_0006,6,/content/PATIENT_RECONSTRUCTED_PREDICTIONS_FROM_PATCHES/patch_predictions_npz/0001710_S_62_S_62_patch_0006.npz,0.6059630513191223,0.369907945394516,0.45855939388275146,-0.2483973503112793,3
1711,S_62,S_62_patch_0007,7,/content/PATIENT_RECONSTRUCTED_PREDICTIONS_FROM_PATCHES/patch_predictions_npz/0001711_S_62_S_62_patch_0007.npz,0.5329203009605408,0.4058874845504761,0.4518944323062897,-0.20910799503326416,2
1712,S_63,S_63_patch_0000,0,/content/PATIENT_RECONSTRUCTED_PREDICTIONS_FROM_PATCHES/patch_predictions_npz/0001712_S_63_S_63_patch_0000.npz,0.40611839294433594,0.4731661379337311,0.43422114849090576,-0.19325828552246094,1
1713,S_63,S_63_patch_0001,1,/content/PATIENT_RECONSTRUCTED_PREDICTIONS_FROM_PATCHES/patch_predictions_npz/0001713_S_63_S_63_patch_0001.npz,0.5094539523124695,0.4457310736179352,0.41626954078674316,-0.03560776636004448,3
1714,S_63,S_63_patch_0002,2,/content/PATIENT_RECONSTRUCTED_PREDICTIONS_FROM_PATCHES/patch_predictions_npz/0001714_S_63_S_63_patch_0002.npz,0.513612687587738,0.4230661392211914,0.4006703197956085,0.2546781599521637,9
1715,S_63,S_63_patch_0003,3,/content/PATIENT_RECONSTRUCTED_PREDICTIONS_FROM_PATCHES/patch_predictions_npz/0001715_S_63_S_63_patch_0003.npz,0.5230891108512878,0.39802494645118713,0.45193326473236084,0.10541953891515732,6
1716,S_63,S_63_patch_0004,4,/content/PATIENT_RECONSTRUCTED_PREDICTIONS_FROM_PATCHES/patch_predictions_npz/0001716_S_63_S_63_patch_0004.npz,0.5400725603103638,0.39783820509910583,0.4812851846218109,-0.15921810269355774,10
1717,S_63,S_63_patch_0005,5,/content/PATIENT_RECONSTRUCTED_PREDICTIONS_FROM_PATCHES/patch_predictions_npz/0001717_S_63_S_63_patch_0005.npz,0.585880696773529,0.4141075611114502,0.38746777176856995,-0.36412525177001953,8
1718,S_63,S_63_patch_0006,6,/content/PATIENT_RECONSTRUCTED_PREDICTIONS_FROM_PATCHES/patch_predictions_npz/0001718_S_63_S_63_patch_0006.npz,0.6276789307594299,0.3670789897441864,0.4616025984287262,-0.3155604898929596,3
1719,S_63,S_63_patch_0007,7,/content/PATIENT_RECONSTRUCTED_PREDICTIONS_FROM_PATCHES/patch_predictions_npz/0001719_S_63_S_63_patch_0007.npz,0.5625287294387817,0.4008355438709259,0.4506036937236786,-0.32610365748405457,2
1720,S_64,S_64_patch_0000,0,/content/PATIENT_RECONSTRUCTED_PREDICTIONS_FROM_PATCHES/patch_predictions_npz/0001720_S_64_S_64_patch_0000.npz,0.3978289067745209,0.46502193808555603,0.43344879150390625,-0.027454799041152,3
1721,S_64,S_64_patch_0001,1,/content/PATIENT_RECONSTRUCTED_PREDICTIONS_FROM_PATCHES/patch_predictions_npz/0001721_S_64_S_64_patch_0001.npz,0.4766155183315277,0.46001648902893066,0.42269542813301086,0.024301880970597267,2
1722,S_64,S_64_patch_0002,2,/content/PATIENT_RECONSTRUCTED_PREDICTIONS_FROM_PATCHES/patch_predictions_npz/0001722_S_64_S_64_patch_0002.npz,0.488930344581604,0.43660274147987366,0.4102818965911865,0.19872348010540009,9
1723,S_64,S_64_patch_0003,3,/content/PATIENT_RECONSTRUCTED_PREDICTIONS_FROM_PATCHES/patch_predictions_npz/0001723_S_64_S_64_patch_0003.npz,0.5101725459098816,0.41429460048675537,0.4450285732746124,0.12297912687063217,8
1724,S_64,S_64_patch_0004,4,/content/PATIENT_RECONSTRUCTED_PREDICTIONS_FROM_PATCHES/patch_predictions_npz/0001724_S_64_S_64_patch_0004.npz,0.5299355387687683,0.39968347549438477,0.47421741485595703,-0.10958372801542282,7
1725,S_64,S_64_patch_0005,5,/content/PATIENT_RECONSTRUCTED_PREDICTIONS_FROM_PATCHES/patch_predictions_npz/0001725_S_64_S_64_patch_0005.npz,0.5287411212921143,0.4237726926803589,0.41810882091522217,-0.1932358294725418,8
1726,S_64,S_64_patch_0006,6,/content/PATIENT_RECONSTRUCTED_PREDICTIONS_FROM_PATCHES/patch_predictions_npz/0001726_S_64_S_64_patch_0006.npz,0.5582932829856873,0.3918643295764923,0.45549461245536804,-0.15541106462478638,4
1727,S_64,S_64_patch_0007,7,/content/PATIENT_RECONSTRUCTED_PREDICTIONS_FROM_PATCHES/patch_predictions_npz/0001727_S_64_S_64_patch_0007.npz,0.4942748248577118,0.4183363616466522,0.44873401522636414,-0.07971694320440292,2
1728,S_65,S_65_patch_0000,0,/content/PATIENT_RECONSTRUCTED_PREDICTIONS_FROM_PATCHES/patch_predictions_npz/0001728_S_65_S_65_patch_0000.npz,0.4066508710384369,0.47340574860572815,0.43478822708129883,-0.15397940576076508,1
1729,S_65,S_65_patch_0001,1,/content/PATIENT_RECONSTRUCTED_PREDICTIONS_FROM_PATCHES/patch_predictions_npz/0001729_S_65_S_65_patch_0001.npz,0.5142104029655457,0.45236995816230774,0.4183661639690399,-0.06790971010923386,2
1730,S_65,S_65_patch_0002,2,/content/PATIENT_RECONSTRUCTED_PREDICTIONS_FROM_PATCHES/patch_predictions_npz/0001730_S_65_S_65_patch_0002.npz,0.5413833260536194,0.4237344264984131,0.3931487500667572,0.16095690429210663,14
1731,S_65,S_65_patch_0003,3,/content/PATIENT_RECONSTRUCTED_PREDICTIONS_FROM_PATCHES/patch_predictions_npz/0001731_S_65_S_65_patch_0003.npz,0.5298649072647095,0.4070989787578583,0.4502542018890381,0.08531323820352554,9
1732,S_65,S_65_patch_0004,4,/content/PATIENT_RECONSTRUCTED_PREDICTIONS_FROM_PATCHES/patch_predictions_npz/0001732_S_65_S_65_patch_0004.npz,0.5626080632209778,0.3953433334827423,0.48958274722099304,-0.2685992121696472,9
1733,S_65,S_65_patch_0005,5,/content/PATIENT_RECONSTRUCTED_PREDICTIONS_FROM_PATCHES/patch_predictions_npz/0001733_S_65_S_65_patch_0005.npz,0.5916150212287903,0.40864408016204834,0.3941243588924408,-0.4031125605106354,8
1734,S_65,S_65_patch_0006,6,/content/PATIENT_RECONSTRUCTED_PREDICTIONS_FROM_PATCHES/patch_predictions_npz/0001734_S_65_S_65_patch_0006.npz,0.6294299364089966,0.36294791102409363,0.4512934982776642,-0.32573968172073364,3
1735,S_65,S_65_patch_0007,7,/content/PATIENT_RECONSTRUCTED_PREDICTIONS_FROM_PATCHES/patch_predictions_npz/0001735_S_65_S_65_patch_0007.npz,0.5699934959411621,0.39829739928245544,0.44383397698402405,-0.3373683989048004,2
1736,S_66,S_66_patch_0000,0,/content/PATIENT_RECONSTRUCTED_PREDICTIONS_FROM_PATCHES/patch_predictions_npz/0001736_S_66_S_66_patch_0000.npz,0.402028352022171,0.46877071261405945,0.43450918793678284,-0.08818875998258591,1
1737,S_66,S_66_patch_0001,1,/content/PATIENT_RECONSTRUCTED_PREDICTIONS_FROM_PATCHES/patch_predictions_npz/0001737_S_66_S_66_patch_0001.npz,0.49227261543273926,0.4534410536289215,0.422064870595932,-0.010377260856330395,1
1738,S_66,S_66_patch_0002,2,/content/PATIENT_RECONSTRUCTED_PREDICTIONS_FROM_PATCHES/patch_predictions_npz/0001738_S_66_S_66_patch_0002.npz,0.52027428150177,0.42135927081108093,0.3978496491909027,0.22678400576114655,8
1739,S_66,S_66_patch_0003,3,/content/PATIENT_RECONSTRUCTED_PREDICTIONS_FROM_PATCHES/patch_predictions_npz/0001739_S_66_S_66_patch_0003.npz,0.5316939949989319,0.3929140567779541,0.4543520510196686,0.06280191987752914,7
1740,S_66,S_66_patch_0004,4,/content/PATIENT_RECONSTRUCTED_PREDICTIONS_FROM_PATCHES/patch_predictions_npz/0001740_S_66_S_66_patch_0004.npz,0.5249319076538086,0.39825281500816345,0.47803381085395813,-0.15052108466625214,9
1741,S_66,S_66_patch_0005,5,/content/PATIENT_RECONSTRUCTED_PREDICTIONS_FROM_PATCHES/patch_predictions_npz/0001741_S_66_S_66_patch_0005.npz,0.5839319825172424,0.4085496962070465,0.3721984922885895,-0.35199370980262756,8
1742,S_66,S_66_patch_0006,6,/content/PATIENT_RECONSTRUCTED_PREDICTIONS_FROM_PATCHES/patch_predictions_npz/0001742_S_66_S_66_patch_0006.npz,0.61724454164505,0.3666236400604248,0.45414891839027405,-0.27210500836372375,3
1743,S_66,S_66_patch_0007,7,/content/PATIENT_RECONSTRUCTED_PREDICTIONS_FROM_PATCHES/patch_predictions_npz/0001743_S_66_S_66_patch_0007.npz,0.5418067574501038,0.40652331709861755,0.4524231255054474,-0.2634540796279907,2
1744,S_67,S_67_patch_0000,0,/content/PATIENT_RECONSTRUCTED_PREDICTIONS_FROM_PATCHES/patch_predictions_npz/0001744_S_67_S_67_patch_0000.npz,0.4082452952861786,0.47472116351127625,0.43613138794898987,-0.15953300893306732,1
1745,S_67,S_67_patch_0001,1,/content/PATIENT_RECONSTRUCTED_PREDICTIONS_FROM_PATCHES/patch_predictions_npz/0001745_S_67_S_67_patch_0001.npz,0.5187423825263977,0.4573933184146881,0.4200170934200287,-0.09887844324111938,2
1746,S_67,S_67_patch_0002,2,/content/PATIENT_RECONSTRUCTED_PREDICTIONS_FROM_PATCHES/patch_predictions_npz/0001746_S_67_S_67_patch_0002.npz,0.555188000202179,0.4236181080341339,0.39151933789253235,0.11796563863754272,11
1747,S_67,S_67_patch_0003,3,/content/PATIENT_RECONSTRUCTED_PREDICTIONS_FROM_PATCHES/patch_predictions_npz/0001747_S_67_S_67_patch_0003.npz,0.5622021555900574,0.39448800683021545,0.45350703597068787,0.013365200720727444,8
1748,S_67,S_67_patch_0004,4,/content/PATIENT_RECONSTRUCTED_PREDICTIONS_FROM_PATCHES/patch_predictions_npz/0001748_S_67_S_67_patch_0004.npz,0.536065399646759,0.4047134220600128,0.48324820399284363,-0.20892834663391113,9
1749,S_67,S_67_patch_0005,5,/content/PATIENT_RECONSTRUCTED_PREDICTIONS_FROM_PATCHES/patch_predictions_npz/0001749_S_67_S_67_patch_0005.npz,0.5737948417663574,0.4176967442035675,0.38522157073020935,-0.3472229540348053,8
1750,S_67,S_67_patch_0006,6,/content/PATIENT_RECONSTRUCTED_PREDICTIONS_FROM_PATCHES/patch_predictions_npz/0001750_S_67_S_67_patch_0006.npz,0.6276673674583435,0.36658594012260437,0.46778878569602966,-0.3243595063686371,2
1751,S_67,S_67_patch_0007,7,/content/PATIENT_RECONSTRUCTED_PREDICTIONS_FROM_PATCHES/patch_predictions_npz/0001751_S_67_S_67_patch_0007.npz,0.5510994791984558,0.4043818414211273,0.448261022567749,-0.28386735916137695,2
1752,S_68,S_68_patch_0000,0,/content/PATIENT_RECONSTRUCTED_PREDICTIONS_FROM_PATCHES/patch_predictions_npz/0001752_S_68_S_68_patch_0000.npz,0.4084511697292328,0.4736526906490326,0.434255987405777,-0.18036818504333496,1
1753,S_68,S_68_patch_0001,1,/content/PATIENT_RECONSTRUCTED_PREDICTIONS_FROM_PATCHES/patch_predictions_npz/0001753_S_68_S_68_patch_0001.npz,0.5054731965065002,0.45034828782081604,0.41612884402275085,-0.021509965881705284,2
1754,S_68,S_68_patch_0002,2,/content/PATIENT_RECONSTRUCTED_PREDICTIONS_FROM_PATCHES/patch_predictions_npz/0001754_S_68_S_68_patch_0002.npz,0.5187469720840454,0.4276951253414154,0.4009023904800415,0.21201489865779877,14
1755,S_68,S_68_patch_0003,3,/content/PATIENT_RECONSTRUCTED_PREDICTIONS_FROM_PATCHES/patch_predictions_npz/0001755_S_68_S_68_patch_0003.npz,0.5220996737480164,0.3989448547363281,0.4518124759197235,0.07804534584283829,7
1756,S_68,S_68_patch_0004,4,/content/PATIENT_RECONSTRUCTED_PREDICTIONS_FROM_PATCHES/patch_predictions_npz/0001756_S_68_S_68_patch_0004.npz,0.512345016002655,0.4050850570201874,0.4734041690826416,-0.07880432158708572,9
1757,S_68,S_68_patch_0005,5,/content/PATIENT_RECONSTRUCTED_PREDICTIONS_FROM_PATCHES/patch_predictions_npz/0001757_S_68_S_68_patch_0005.npz,0.5292868614196777,0.42269396781921387,0.41333460807800293,-0.1835155040025711,7
1758,S_68,S_68_patch_0006,6,/content/PATIENT_RECONSTRUCTED_PREDICTIONS_FROM_PATCHES/patch_predictions_npz/0001758_S_68_S_68_patch_0006.npz,0.5660827159881592,0.39203622937202454,0.4454251527786255,-0.1649533212184906,3
1759,S_68,S_68_patch_0007,7,/content/PATIENT_RECONSTRUCTED_PREDICTIONS_FROM_PATCHES/patch_predictions_npz/0001759_S_68_S_68_patch_0007.npz,0.5041748285293579,0.41477170586586,0.45278027653694153,-0.11299359798431396,2
1760,S_69,S_69_patch_0000,0,/content/PATIENT_RECONSTRUCTED_PREDICTIONS_FROM_PATCHES/patch_predictions_npz/0001760_S_69_S_69_patch_0000.npz,0.4096809923648834,0.47550758719444275,0.4354436695575714,-0.21178211271762848,1
1761,S_69,S_69_patch_0001,1,/content/PATIENT_RECONSTRUCTED_PREDICTIONS_FROM_PATCHES/patch_predictions_npz/0001761_S_69_S_69_patch_0001.npz,0.5302002429962158,0.45070672035217285,0.4155672490596771,-0.10152257233858109,3
1762,S_69,S_69_patch_0002,2,/content/PATIENT_RECONSTRUCTED_PREDICTIONS_FROM_PATCHES/patch_predictions_npz/0001762_S_69_S_69_patch_0002.npz,0.5642017722129822,0.4157097339630127,0.3889442980289459,0.16959638893604279,11
1763,S_69,S_69_patch_0003,3,/content/PATIENT_RECONSTRUCTED_PREDICTIONS_FROM_PATCHES/patch_predictions_npz/0001763_S_69_S_69_patch_0003.npz,0.5695343017578125,0.38225698471069336,0.4636847972869873,-0.05282324180006981,6
1764,S_69,S_69_patch_0004,4,/content/PATIENT_RECONSTRUCTED_PREDICTIONS_FROM_PATCHES/patch_predictions_npz/0001764_S_69_S_69_patch_0004.npz,0.5269750952720642,0.408764123916626,0.4788931608200073,-0.20503120124340057,9
1765,S_69,S_69_patch_0005,5,/content/PATIENT_RECONSTRUCTED_PREDICTIONS_FROM_PATCHES/patch_predictions_npz/0001765_S_69_S_69_patch_0005.npz,0.5709778070449829,0.4210481643676758,0.38423752784729004,-0.34770891070365906,8
1766,S_69,S_69_patch_0006,6,/content/PATIENT_RECONSTRUCTED_PREDICTIONS_FROM_PATCHES/patch_predictions_npz/0001766_S_69_S_69_patch_0006.npz,0.6163130402565002,0.37599384784698486,0.4638316333293915,-0.3011297881603241,3
1767,S_69,S_69_patch_0007,7,/content/PATIENT_RECONSTRUCTED_PREDICTIONS_FROM_PATCHES/patch_predictions_npz/0001767_S_69_S_69_patch_0007.npz,0.5543585419654846,0.40482065081596375,0.45086002349853516,-0.30236223340034485,2
1768,S_70,S_70_patch_0000,0,/content/PATIENT_RECONSTRUCTED_PREDICTIONS_FROM_PATCHES/patch_predictions_npz/0001768_S_70_S_70_patch_0000.npz,0.4038565158843994,0.4687010943889618,0.43211469054222107,-0.14378684759140015,2
1769,S_70,S_70_patch_0001,1,/content/PATIENT_RECONSTRUCTED_PREDICTIONS_FROM_PATCHES/patch_predictions_npz/0001769_S_70_S_70_patch_0001.npz,0.5304690599441528,0.44227442145347595,0.4084371030330658,-0.07730213552713394,2
1770,S_70,S_70_patch_0002,2,/content/PATIENT_RECONSTRUCTED_PREDICTIONS_FROM_PATCHES/patch_predictions_npz/0001770_S_70_S_70_patch_0002.npz,0.556731641292572,0.41127467155456543,0.3860303461551666,0.20234842598438263,12
1771,S_70,S_70_patch_0003,3,/content/PATIENT_RECONSTRUCTED_PREDICTIONS_FROM_PATCHES/patch_predictions_npz/0001771_S_70_S_70_patch_0003.npz,0.5651823282241821,0.3807539939880371,0.4546642303466797,0.013057634234428406,7
1772,S_70,S_70_patch_0004,4,/content/PATIENT_RECONSTRUCTED_PREDICTIONS_FROM_PATCHES/patch_predictions_npz/0001772_S_70_S_70_patch_0004.npz,0.520475447177887,0.4025849401950836,0.47586026787757874,-0.13801464438438416,10
1773,S_70,S_70_patch_0005,5,/content/PATIENT_RECONSTRUCTED_PREDICTIONS_FROM_PATCHES/patch_predictions_npz/0001773_S_70_S_70_patch_0005.npz,0.546308696269989,0.41721057891845703,0.3883659839630127,-0.24604475498199463,9
1774,S_70,S_70_patch_0006,6,/content/PATIENT_RECONSTRUCTED_PREDICTIONS_FROM_PATCHES/patch_predictions_npz/0001774_S_70_S_70_patch_0006.npz,0.604091227054596,0.3641015589237213,0.46161386370658875,-0.22739720344543457,3
1775,S_70,S_70_patch_0007,7,/content/PATIENT_RECONSTRUCTED_PREDICTIONS_FROM_PATCHES/patch_predictions_npz/0001775_S_70_S_70_patch_0007.npz,0.5329812169075012,0.40700849890708923,0.4473303258419037,-0.20059780776500702,2
1776,S_71,S_71_patch_0000,0,/content/PATIENT_RECONSTRUCTED_PREDICTIONS_FROM_PATCHES/patch_predictions_npz/0001776_S_71_S_71_patch_0000.npz,0.4086814820766449,0.4743938446044922,0.43444135785102844,-0.20695824921131134,1
1777,S_71,S_71_patch_0001,1,/content/PATIENT_RECONSTRUCTED_PREDICTIONS_FROM_PATCHES/patch_predictions_npz/0001777_S_71_S_71_patch_0001.npz,0.5219119787216187,0.445636510848999,0.4142855703830719,-0.06870009750127792,2
1778,S_71,S_71_patch_0002,2,/content/PATIENT_RECONSTRUCTED_PREDICTIONS_FROM_PATCHES/patch_predictions_npz/0001778_S_71_S_71_patch_0002.npz,0.5519095063209534,0.4136437475681305,0.3916492164134979,0.21429045498371124,12
1779,S_71,S_71_patch_0003,3,/content/PATIENT_RECONSTRUCTED_PREDICTIONS_FROM_PATCHES/patch_predictions_npz/0001779_S_71_S_71_patch_0003.npz,0.5575384497642517,0.3888586461544037,0.46041083335876465,0.005556732416152954,8
1780,S_71,S_71_patch_0004,4,/content/PATIENT_RECONSTRUCTED_PREDICTIONS_FROM_PATCHES/patch_predictions_npz/0001780_S_71_S_71_patch_0004.npz,0.5499968528747559,0.39574548602104187,0.4868867099285126,-0.23927746713161469,9
1781,S_71,S_71_patch_0005,5,/content/PATIENT_RECONSTRUCTED_PREDICTIONS_FROM_PATCHES/patch_predictions_npz/0001781_S_71_S_71_patch_0005.npz,0.5818912982940674,0.4138728082180023,0.38128459453582764,-0.376851886510849,7
1782,S_71,S_71_patch_0006,6,/content/PATIENT_RECONSTRUCTED_PREDICTIONS_FROM_PATCHES/patch_predictions_npz/0001782_S_71_S_71_patch_0006.npz,0.6288949847221375,0.36318597197532654,0.4640273153781891,-0.3031698763370514,4
1783,S_71,S_71_patch_0007,7,/content/PATIENT_RECONSTRUCTED_PREDICTIONS_FROM_PATCHES/patch_predictions_npz/0001783_S_71_S_71_patch_0007.npz,0.5649725794792175,0.39812830090522766,0.44931772351264954,-0.31640127301216125,2
1784,S_72,S_72_patch_0000,0,/content/PATIENT_RECONSTRUCTED_PREDICTIONS_FROM_PATCHES/patch_predictions_npz/0001784_S_72_S_72_patch_0000.npz,0.3991260230541229,0.4663785398006439,0.4357101023197174,-0.01465455163270235,1
1785,S_72,S_72_patch_0001,1,/content/PATIENT_RECONSTRUCTED_PREDICTIONS_FROM_PATCHES/patch_predictions_npz/0001785_S_72_S_72_patch_0001.npz,0.49730047583580017,0.4520385265350342,0.41906604170799255,-0.005029087420552969,1
1786,S_72,S_72_patch_0002,2,/content/PATIENT_RECONSTRUCTED_PREDICTIONS_FROM_PATCHES/patch_predictions_npz/0001786_S_72_S_72_patch_0002.npz,0.5114096999168396,0.43444910645484924,0.4048497974872589,0.2024890035390854,11
1787,S_72,S_72_patch_0003,3,/content/PATIENT_RECONSTRUCTED_PREDICTIONS_FROM_PATCHES/patch_predictions_npz/0001787_S_72_S_72_patch_0003.npz,0.5219724774360657,0.3990314304828644,0.4539202153682709,0.07288163900375366,7
1788,S_72,S_72_patch_0004,4,/content/PATIENT_RECONSTRUCTED_PREDICTIONS_FROM_PATCHES/patch_predictions_npz/0001788_S_72_S_72_patch_0004.npz,0.5066103935241699,0.40905681252479553,0.4730028212070465,-0.07375141978263855,9
1789,S_72,S_72_patch_0005,5,/content/PATIENT_RECONSTRUCTED_PREDICTIONS_FROM_PATCHES/patch_predictions_npz/0001789_S_72_S_72_patch_0005.npz,0.5356265902519226,0.42012330889701843,0.4116232395172119,-0.1910954713821411,8
1790,S_72,S_72_patch_0006,6,/content/PATIENT_RECONSTRUCTED_PREDICTIONS_FROM_PATCHES/patch_predictions_npz/0001790_S_72_S_72_patch_0006.npz,0.5753292441368103,0.3890949785709381,0.44755232334136963,-0.1757788211107254,5
1791,S_72,S_72_patch_0007,7,/content/PATIENT_RECONSTRUCTED_PREDICTIONS_FROM_PATCHES/patch_predictions_npz/0001791_S_72_S_72_patch_0007.npz,0.5081375241279602,0.4141664505004883,0.45480212569236755,-0.12438309192657471,2
1792,S_73,S_73_patch_0000,0,/content/PATIENT_RECONSTRUCTED_PREDICTIONS_FROM_PATCHES/patch_predictions_npz/0001792_S_73_S_73_patch_0000.npz,0.4096480906009674,0.47474607825279236,0.43654152750968933,-0.18343067169189453,1
1793,S_73,S_73_patch_0001,1,/content/PATIENT_RECONSTRUCTED_PREDICTIONS_FROM_PATCHES/patch_predictions_npz/0001793_S_73_S_73_patch_0001.npz,0.5221510529518127,0.45431628823280334,0.41948768496513367,-0.09123196452856064,1
1794,S_73,S_73_patch_0002,2,/content/PATIENT_RECONSTRUCTED_PREDICTIONS_FROM_PATCHES/patch_predictions_npz/0001794_S_73_S_73_patch_0002.npz,0.5632808804512024,0.4141272306442261,0.3895070552825928,0.1808767318725586,11
1795,S_73,S_73_patch_0003,3,/content/PATIENT_RECONSTRUCTED_PREDICTIONS_FROM_PATCHES/patch_predictions_npz/0001795_S_73_S_73_patch_0003.npz,0.5744227766990662,0.38232889771461487,0.4568018913269043,0.007862817496061325,7
1796,S_73,S_73_patch_0004,4,/content/PATIENT_RECONSTRUCTED_PREDICTIONS_FROM_PATCHES/patch_predictions_npz/0001796_S_73_S_73_patch_0004.npz,0.5642561316490173,0.3944036066532135,0.48901131749153137,-0.2625791132450104,9
1797,S_73,S_73_patch_0005,5,/content/PATIENT_RECONSTRUCTED_PREDICTIONS_FROM_PATCHES/patch_predictions_npz/0001797_S_73_S_73_patch_0005.npz,0.6153876185417175,0.4038551151752472,0.3679143488407135,-0.4624079763889313,8
1798,S_73,S_73_patch_0006,6,/content/PATIENT_RECONSTRUCTED_PREDICTIONS_FROM_PATCHES/patch_predictions_npz/0001798_S_73_S_73_patch_0006.npz,0.6654782891273499,0.3468381464481354,0.46656668186187744,-0.3809323310852051,3
1799,S_73,S_73_patch_0007,7,/content/PATIENT_RECONSTRUCTED_PREDICTIONS_FROM_PATCHES/patch_predictions_npz/0001799_S_73_S_73_patch_0007.npz,0.5994300246238708,0.38852038979530334,0.44759610295295715,-0.42928290367126465,2
1800,S_74,S_74_patch_0000,0,/content/PATIENT_RECONSTRUCTED_PREDICTIONS_FROM_PATCHES/patch_predictions_npz/0001800_S_74_S_74_patch_0000.npz,0.4039248526096344,0.4701727330684662,0.43513068556785583,-0.07899432629346848,2
1801,S_74,S_74_patch_0001,1,/content/PATIENT_RECONSTRUCTED_PREDICTIONS_FROM_PATCHES/patch_predictions_npz/0001801_S_74_S_74_patch_0001.npz,0.5030253529548645,0.453919380903244,0.41639575362205505,-0.02546057105064392,1
1802,S_74,S_74_patch_0002,2,/content/PATIENT_RECONSTRUCTED_PREDICTIONS_FROM_PATCHES/patch_predictions_npz/0001802_S_74_S_74_patch_0002.npz,0.5170281529426575,0.4320509135723114,0.40244773030281067,0.19559253752231598,13
1803,S_74,S_74_patch_0003,3,/content/PATIENT_RECONSTRUCTED_PREDICTIONS_FROM_PATCHES/patch_predictions_npz/0001803_S_74_S_74_patch_0003.npz,0.5257429480552673,0.39207684993743896,0.4571443796157837,0.045682862401008606,9
1804,S_74,S_74_patch_0004,4,/content/PATIENT_RECONSTRUCTED_PREDICTIONS_FROM_PATCHES/patch_predictions_npz/0001804_S_74_S_74_patch_0004.npz,0.51057368516922,0.406612366437912,0.4705755412578583,-0.11617197841405869,9
1805,S_74,S_74_patch_0005,5,/content/PATIENT_RECONSTRUCTED_PREDICTIONS_FROM_PATCHES/patch_predictions_npz/0001805_S_74_S_74_patch_0005.npz,0.5620282888412476,0.4164212644100189,0.38347697257995605,-0.29875418543815613,9
1806,S_74,S_74_patch_0006,6,/content/PATIENT_RECONSTRUCTED_PREDICTIONS_FROM_PATCHES/patch_predictions_npz/0001806_S_74_S_74_patch_0006.npz,0.5942124724388123,0.37635350227355957,0.4543423652648926,-0.2295234650373459,2
1807,S_74,S_74_patch_0007,7,/content/PATIENT_RECONSTRUCTED_PREDICTIONS_FROM_PATCHES/patch_predictions_npz/0001807_S_74_S_74_patch_0007.npz,0.5190578103065491,0.4088802635669708,0.4536089599132538,-0.1532994955778122,2
1808,S_75,S_75_patch_0000,0,/content/PATIENT_RECONSTRUCTED_PREDICTIONS_FROM_PATCHES/patch_predictions_npz/0001808_S_75_S_75_patch_0000.npz,0.4178429841995239,0.48286569118499756,0.4361134469509125,-0.3142305314540863,2
1809,S_75,S_75_patch_0001,1,/content/PATIENT_RECONSTRUCTED_PREDICTIONS_FROM_PATCHES/patch_predictions_npz/0001809_S_75_S_75_patch_0001.npz,0.5309590697288513,0.4500894248485565,0.4138621389865875,-0.10117045044898987,2
1810,S_75,S_75_patch_0002,2,/content/PATIENT_RECONSTRUCTED_PREDICTIONS_FROM_PATCHES/patch_predictions_npz/0001810_S_75_S_75_patch_0002.npz,0.5604197382926941,0.4202559292316437,0.3905242383480072,0.17327487468719482,12
1811,S_75,S_75_patch_0003,3,/content/PATIENT_RECONSTRUCTED_PREDICTIONS_FROM_PATCHES/patch_predictions_npz/0001811_S_75_S_75_patch_0003.npz,0.57534259557724,0.37672415375709534,0.46092429757118225,-0.040502119809389114,6
1812,S_75,S_75_patch_0004,4,/content/PATIENT_RECONSTRUCTED_PREDICTIONS_FROM_PATCHES/patch_predictions_npz/0001812_S_75_S_75_patch_0004.npz,0.5480016469955444,0.3970131576061249,0.4842681884765625,-0.239826038479805,10
1813,S_75,S_75_patch_0005,5,/content/PATIENT_RECONSTRUCTED_PREDICTIONS_FROM_PATCHES/patch_predictions_npz/0001813_S_75_S_75_patch_0005.npz,0.5906084179878235,0.4111400842666626,0.37862730026245117,-0.38369786739349365,8
1814,S_75,S_75_patch_0006,6,/content/PATIENT_RECONSTRUCTED_PREDICTIONS_FROM_PATCHES/patch_predictions_npz/0001814_S_75_S_75_patch_0006.npz,0.62074875831604,0.37091585993766785,0.45578232407569885,-0.2913512885570526,4
1815,S_75,S_75_patch_0007,7,/content/PATIENT_RECONSTRUCTED_PREDICTIONS_FROM_PATCHES/patch_predictions_npz/0001815_S_75_S_75_patch_0007.npz,0.5526148676872253,0.40713682770729065,0.4527305066585541,-0.30872631072998047,2
1816,S_76,S_76_patch_0000,0,/content/PATIENT_RECONSTRUCTED_PREDICTIONS_FROM_PATCHES/patch_predictions_npz/0001816_S_76_S_76_patch_0000.npz,0.4037077724933624,0.4703717529773712,0.4344524145126343,-0.09068717807531357,1
1817,S_76,S_76_patch_0001,1,/content/PATIENT_RECONSTRUCTED_PREDICTIONS_FROM_PATCHES/patch_predictions_npz/0001817_S_76_S_76_patch_0001.npz,0.5043913722038269,0.4536641538143158,0.41735801100730896,-0.028957558795809746,2
1818,S_76,S_76_patch_0002,2,/content/PATIENT_RECONSTRUCTED_PREDICTIONS_FROM_PATCHES/patch_predictions_npz/0001818_S_76_S_76_patch_0002.npz,0.5334897637367249,0.4222240746021271,0.3939764201641083,0.19124729931354523,13
1819,S_76,S_76_patch_0003,3,/content/PATIENT_RECONSTRUCTED_PREDICTIONS_FROM_PATCHES/patch_predictions_npz/0001819_S_76_S_76_patch_0003.npz,0.5412941575050354,0.3933893144130707,0.4519711434841156,0.043083760887384415,6
1820,S_76,S_76_patch_0004,4,/content/PATIENT_RECONSTRUCTED_PREDICTIONS_FROM_PATCHES/patch_predictions_npz/0001820_S_76_S_76_patch_0004.npz,0.5270072817802429,0.40159133076667786,0.4794001281261444,-0.1450134962797165,8
1821,S_76,S_76_patch_0005,5,/content/PATIENT_RECONSTRUCTED_PREDICTIONS_FROM_PATCHES/patch_predictions_npz/0001821_S_76_S_76_patch_0005.npz,0.5473052859306335,0.42179903388023376,0.3964499533176422,-0.2548888027667999,8
1822,S_76,S_76_patch_0006,6,/content/PATIENT_RECONSTRUCTED_PREDICTIONS_FROM_PATCHES/patch_predictions_npz/0001822_S_76_S_76_patch_0006.npz,0.5720943808555603,0.385943740606308,0.45433786511421204,-0.1843663901090622,4
1823,S_76,S_76_patch_0007,7,/content/PATIENT_RECONSTRUCTED_PREDICTIONS_FROM_PATCHES/patch_predictions_npz/0001823_S_76_S_76_patch_0007.npz,0.5115838646888733,0.4156579077243805,0.44785869121551514,-0.1517583280801773,2
1824,S_77,S_77_patch_0000,0,/content/PATIENT_RECONSTRUCTED_PREDICTIONS_FROM_PATCHES/patch_predictions_npz/0001824_S_77_S_77_patch_0000.npz,0.41574612259864807,0.48195138573646545,0.4348582923412323,-0.29576730728149414,2
1825,S_77,S_77_patch_0001,1,/content/PATIENT_RECONSTRUCTED_PREDICTIONS_FROM_PATCHES/patch_predictions_npz/0001825_S_77_S_77_patch_0001.npz,0.5246365666389465,0.44992753863334656,0.41580629348754883,-0.07870037108659744,2
1826,S_77,S_77_patch_0002,2,/content/PATIENT_RECONSTRUCTED_PREDICTIONS_FROM_PATCHES/patch_predictions_npz/0001826_S_77_S_77_patch_0002.npz,0.5557834506034851,0.417534202337265,0.3911600112915039,0.19802896678447723,10
1827,S_77,S_77_patch_0003,3,/content/PATIENT_RECONSTRUCTED_PREDICTIONS_FROM_PATCHES/patch_predictions_npz/0001827_S_77_S_77_patch_0003.npz,0.5575701594352722,0.3874315321445465,0.4588494300842285,0.017641808837652206,7
1828,S_77,S_77_patch_0004,4,/content/PATIENT_RECONSTRUCTED_PREDICTIONS_FROM_PATCHES/patch_predictions_npz/0001828_S_77_S_77_patch_0004.npz,0.532701849937439,0.40102270245552063,0.48250147700309753,-0.18952500820159912,10
1829,S_77,S_77_patch_0005,5,/content/PATIENT_RECONSTRUCTED_PREDICTIONS_FROM_PATCHES/patch_predictions_npz/0001829_S_77_S_77_patch_0005.npz,0.5720853805541992,0.4193030893802643,0.3886353075504303,-0.3504449129104614,8
1830,S_77,S_77_patch_0006,6,/content/PATIENT_RECONSTRUCTED_PREDICTIONS_FROM_PATCHES/patch_predictions_npz/0001830_S_77_S_77_patch_0006.npz,0.6034523248672485,0.3772260248661041,0.4542299509048462,-0.2611055374145508,4
1831,S_77,S_77_patch_0007,7,/content/PATIENT_RECONSTRUCTED_PREDICTIONS_FROM_PATCHES/patch_predictions_npz/0001831_S_77_S_77_patch_0007.npz,0.546014130115509,0.4038974940776825,0.4510164260864258,-0.24570773541927338,2
1832,S_78,S_78_patch_0000,0,/content/PATIENT_RECONSTRUCTED_PREDICTIONS_FROM_PATCHES/patch_predictions_npz/0001832_S_78_S_78_patch_0000.npz,0.3895517885684967,0.45780012011528015,0.4340786933898926,0.12236484885215759,1
1833,S_78,S_78_patch_0001,1,/content/PATIENT_RECONSTRUCTED_PREDICTIONS_FROM_PATCHES/patch_predictions_npz/0001833_S_78_S_78_patch_0001.npz,0.4569593369960785,0.45144224166870117,0.4235459566116333,0.10491267591714859,2
1834,S_78,S_78_patch_0002,2,/content/PATIENT_RECONSTRUCTED_PREDICTIONS_FROM_PATCHES/patch_predictions_npz/0001834_S_78_S_78_patch_0002.npz,0.4833855628967285,0.4322117269039154,0.4105411469936371,0.24508225917816162,11
1835,S_78,S_78_patch_0003,3,/content/PATIENT_RECONSTRUCTED_PREDICTIONS_FROM_PATCHES/patch_predictions_npz/0001835_S_78_S_78_patch_0003.npz,0.49320244789123535,0.4121159017086029,0.4451026916503906,0.15544742345809937,7
1836,S_78,S_78_patch_0004,4,/content/PATIENT_RECONSTRUCTED_PREDICTIONS_FROM_PATCHES/patch_predictions_npz/0001836_S_78_S_78_patch_0004.npz,0.5013443231582642,0.40441814064979553,0.46625378727912903,-0.004859367851167917,9
1837,S_78,S_78_patch_0005,5,/content/PATIENT_RECONSTRUCTED_PREDICTIONS_FROM_PATCHES/patch_predictions_npz/0001837_S_78_S_78_patch_0005.npz,0.5245679020881653,0.4162963926792145,0.41682109236717224,-0.15733061730861664,8
1838,S_78,S_78_patch_0006,6,/content/PATIENT_RECONSTRUCTED_PREDICTIONS_FROM_PATCHES/patch_predictions_npz/0001838_S_78_S_78_patch_0006.npz,0.565441906452179,0.3877423107624054,0.43378233909606934,-0.1743500679731369,5
1839,S_78,S_78_patch_0007,7,/content/PATIENT_RECONSTRUCTED_PREDICTIONS_FROM_PATCHES/patch_predictions_npz/0001839_S_78_S_78_patch_0007.npz,0.5026629567146301,0.41343143582344055,0.45150434970855713,-0.08800942450761795,2
1840,S_79,S_79_patch_0000,0,/content/PATIENT_RECONSTRUCTED_PREDICTIONS_FROM_PATCHES/patch_predictions_npz/0001840_S_79_S_79_patch_0000.npz,0.4194357395172119,0.4850054979324341,0.4315376579761505,-0.43359318375587463,2
1841,S_79,S_79_patch_0001,1,/content/PATIENT_RECONSTRUCTED_PREDICTIONS_FROM_PATCHES/patch_predictions_npz/0001841_S_79_S_79_patch_0001.npz,0.558735191822052,0.4461089074611664,0.40966132283210754,-0.18478529155254364,1
1842,S_79,S_79_patch_0002,2,/content/PATIENT_RECONSTRUCTED_PREDICTIONS_FROM_PATCHES/patch_predictions_npz/0001842_S_79_S_79_patch_0002.npz,0.5850940942764282,0.42112937569618225,0.3885994851589203,0.16224175691604614,15
1843,S_79,S_79_patch_0003,3,/content/PATIENT_RECONSTRUCTED_PREDICTIONS_FROM_PATCHES/patch_predictions_npz/0001843_S_79_S_79_patch_0003.npz,0.5840537548065186,0.372092604637146,0.46480801701545715,-0.06252139061689377,8
1844,S_79,S_79_patch_0004,4,/content/PATIENT_RECONSTRUCTED_PREDICTIONS_FROM_PATCHES/patch_predictions_npz/0001844_S_79_S_79_patch_0004.npz,0.5760415196418762,0.38421449065208435,0.48928773403167725,-0.33351239562034607,9
1845,S_79,S_79_patch_0005,5,/content/PATIENT_RECONSTRUCTED_PREDICTIONS_FROM_PATCHES/patch_predictions_npz/0001845_S_79_S_79_patch_0005.npz,0.6171443462371826,0.40897929668426514,0.3736524283885956,-0.47233152389526367,8
1846,S_79,S_79_patch_0006,6,/content/PATIENT_RECONSTRUCTED_PREDICTIONS_FROM_PATCHES/patch_predictions_npz/0001846_S_79_S_79_patch_0006.npz,0.6339752674102783,0.36316779255867004,0.4538843631744385,-0.3059926927089691,4
1847,S_79,S_79_patch_0007,7,/content/PATIENT_RECONSTRUCTED_PREDICTIONS_FROM_PATCHES/patch_predictions_npz/0001847_S_79_S_79_patch_0007.npz,0.5382428169250488,0.40361595153808594,0.45343855023384094,-0.2282298058271408,4
1848,S_80,S_80_patch_0000,0,/content/PATIENT_RECONSTRUCTED_PREDICTIONS_FROM_PATCHES/patch_predictions_npz/0001848_S_80_S_80_patch_0000.npz,0.4053601324558258,0.47119274735450745,0.43404698371887207,-0.10609132051467896,3
1849,S_80,S_80_patch_0001,1,/content/PATIENT_RECONSTRUCTED_PREDICTIONS_FROM_PATCHES/patch_predictions_npz/0001849_S_80_S_80_patch_0001.npz,0.5038300156593323,0.44899865984916687,0.4131154716014862,-0.008664518594741821,2
1850,S_80,S_80_patch_0002,2,/content/PATIENT_RECONSTRUCTED_PREDICTIONS_FROM_PATCHES/patch_predictions_npz/0001850_S_80_S_80_patch_0002.npz,0.5187959671020508,0.42681658267974854,0.39859750866889954,0.21060019731521606,12
1851,S_80,S_80_patch_0003,3,/content/PATIENT_RECONSTRUCTED_PREDICTIONS_FROM_PATCHES/patch_predictions_npz/0001851_S_80_S_80_patch_0003.npz,0.518217146396637,0.4036997854709625,0.4460180699825287,0.11360657960176468,7
1852,S_80,S_80_patch_0004,4,/content/PATIENT_RECONSTRUCTED_PREDICTIONS_FROM_PATCHES/patch_predictions_npz/0001852_S_80_S_80_patch_0004.npz,0.5028427243232727,0.4064415693283081,0.47128239274024963,-0.05961162969470024,9
1853,S_80,S_80_patch_0005,5,/content/PATIENT_RECONSTRUCTED_PREDICTIONS_FROM_PATCHES/patch_predictions_npz/0001853_S_80_S_80_patch_0005.npz,0.5396144390106201,0.4192667007446289,0.39460790157318115,-0.21643628180027008,8
1854,S_80,S_80_patch_0006,6,/content/PATIENT_RECONSTRUCTED_PREDICTIONS_FROM_PATCHES/patch_predictions_npz/0001854_S_80_S_80_patch_0006.npz,0.582533061504364,0.37863853573799133,0.4582327902317047,-0.1967572420835495,4
1855,S_80,S_80_patch_0007,7,/content/PATIENT_RECONSTRUCTED_PREDICTIONS_FROM_PATCHES/patch_predictions_npz/0001855_S_80_S_80_patch_0007.npz,0.4984019100666046,0.41470834612846375,0.4504484236240387,-0.08546019345521927,2
1856,S_81,S_81_patch_0000,0,/content/PATIENT_RECONSTRUCTED_PREDICTIONS_FROM_PATCHES/patch_predictions_npz/0001856_S_81_S_81_patch_0000.npz,0.40961146354675293,0.47587695717811584,0.43424805998802185,-0.25416669249534607,1
1857,S_81,S_81_patch_0001,1,/content/PATIENT_RECONSTRUCTED_PREDICTIONS_FROM_PATCHES/patch_predictions_npz/0001857_S_81_S_81_patch_0001.npz,0.5326703190803528,0.4443892240524292,0.41332224011421204,-0.10801901668310165,3
1858,S_81,S_81_patch_0002,2,/content/PATIENT_RECONSTRUCTED_PREDICTIONS_FROM_PATCHES/patch_predictions_npz/0001858_S_81_S_81_patch_0002.npz,0.5387751460075378,0.42331162095069885,0.39475753903388977,0.19283723831176758,10
1859,S_81,S_81_patch_0003,3,/content/PATIENT_RECONSTRUCTED_PREDICTIONS_FROM_PATCHES/patch_predictions_npz/0001859_S_81_S_81_patch_0003.npz,0.5457669496536255,0.39226779341697693,0.456030011177063,0.03885197266936302,6
1860,S_81,S_81_patch_0004,4,/content/PATIENT_RECONSTRUCTED_PREDICTIONS_FROM_PATCHES/patch_predictions_npz/0001860_S_81_S_81_patch_0004.npz,0.5506061911582947,0.3966403901576996,0.4851771891117096,-0.21590185165405273,10
1861,S_81,S_81_patch_0005,5,/content/PATIENT_RECONSTRUCTED_PREDICTIONS_FROM_PATCHES/patch_predictions_npz/0001861_S_81_S_81_patch_0005.npz,0.592974066734314,0.4136129915714264,0.3892239034175873,-0.38637223839759827,8
1862,S_81,S_81_patch_0006,6,/content/PATIENT_RECONSTRUCTED_PREDICTIONS_FROM_PATCHES/patch_predictions_npz/0001862_S_81_S_81_patch_0006.npz,0.6387819647789001,0.36383363604545593,0.4617575705051422,-0.33964458107948303,4
1863,S_81,S_81_patch_0007,7,/content/PATIENT_RECONSTRUCTED_PREDICTIONS_FROM_PATCHES/patch_predictions_npz/0001863_S_81_S_81_patch_0007.npz,0.5690060257911682,0.3992840051651001,0.45058831572532654,-0.3482908010482788,2
1864,S_82,S_82_patch_0000,0,/content/PATIENT_RECONSTRUCTED_PREDICTIONS_FROM_PATCHES/patch_predictions_npz/0001864_S_82_S_82_patch_0000.npz,0.39855483174324036,0.4659941494464874,0.43556880950927734,0.01072129886597395,1
1865,S_82,S_82_patch_0001,1,/content/PATIENT_RECONSTRUCTED_PREDICTIONS_FROM_PATCHES/patch_predictions_npz/0001865_S_82_S_82_patch_0001.npz,0.48406982421875,0.45262250304222107,0.4199220836162567,0.03662709891796112,1
1866,S_82,S_82_patch_0002,2,/content/PATIENT_RECONSTRUCTED_PREDICTIONS_FROM_PATCHES/patch_predictions_npz/0001866_S_82_S_82_patch_0002.npz,0.4969591200351715,0.43434008955955505,0.4079344570636749,0.22032780945301056,12
1867,S_82,S_82_patch_0003,3,/content/PATIENT_RECONSTRUCTED_PREDICTIONS_FROM_PATCHES/patch_predictions_npz/0001867_S_82_S_82_patch_0003.npz,0.5128304362297058,0.4006973206996918,0.4516041576862335,0.08984998613595963,6
1868,S_82,S_82_patch_0004,4,/content/PATIENT_RECONSTRUCTED_PREDICTIONS_FROM_PATCHES/patch_predictions_npz/0001868_S_82_S_82_patch_0004.npz,0.5042224526405334,0.40718594193458557,0.4696584939956665,-0.06850066035985947,11
1869,S_82,S_82_patch_0005,5,/content/PATIENT_RECONSTRUCTED_PREDICTIONS_FROM_PATCHES/patch_predictions_npz/0001869_S_82_S_82_patch_0005.npz,0.5379031300544739,0.4178137481212616,0.40295299887657166,-0.19507719576358795,8
1870,S_82,S_82_patch_0006,6,/content/PATIENT_RECONSTRUCTED_PREDICTIONS_FROM_PATCHES/patch_predictions_npz/0001870_S_82_S_82_patch_0006.npz,0.5742651224136353,0.38277730345726013,0.4519058167934418,-0.1638883501291275,3
1871,S_82,S_82_patch_0007,7,/content/PATIENT_RECONSTRUCTED_PREDICTIONS_FROM_PATCHES/patch_predictions_npz/0001871_S_82_S_82_patch_0007.npz,0.5044042468070984,0.41384410858154297,0.45409461855888367,-0.10368078202009201,2
1872,S_83,S_83_patch_0000,0,/content/PATIENT_RECONSTRUCTED_PREDICTIONS_FROM_PATCHES/patch_predictions_npz/0001872_S_83_S_83_patch_0000.npz,0.4048563241958618,0.47159257531166077,0.4342866837978363,-0.12953250110149384,1
1873,S_83,S_83_patch_0001,1,/content/PATIENT_RECONSTRUCTED_PREDICTIONS_FROM_PATCHES/patch_predictions_npz/0001873_S_83_S_83_patch_0001.npz,0.5121069550514221,0.4519350826740265,0.4175832271575928,-0.05750169977545738,2
1874,S_83,S_83_patch_0002,2,/content/PATIENT_RECONSTRUCTED_PREDICTIONS_FROM_PATCHES/patch_predictions_npz/0001874_S_83_S_83_patch_0002.npz,0.5401837229728699,0.41728702187538147,0.39311572909355164,0.20135873556137085,8
1875,S_83,S_83_patch_0003,3,/content/PATIENT_RECONSTRUCTED_PREDICTIONS_FROM_PATCHES/patch_predictions_npz/0001875_S_83_S_83_patch_0003.npz,0.5363315939903259,0.3982807695865631,0.45091381669044495,0.07620160281658173,8
1876,S_83,S_83_patch_0004,4,/content/PATIENT_RECONSTRUCTED_PREDICTIONS_FROM_PATCHES/patch_predictions_npz/0001876_S_83_S_83_patch_0004.npz,0.5760733485221863,0.3869509696960449,0.4914499521255493,-0.2990332245826721,9
1877,S_83,S_83_patch_0005,5,/content/PATIENT_RECONSTRUCTED_PREDICTIONS_FROM_PATCHES/patch_predictions_npz/0001877_S_83_S_83_patch_0005.npz,0.5936019420623779,0.40728434920310974,0.38367554545402527,-0.399006724357605,8
1878,S_83,S_83_patch_0006,6,/content/PATIENT_RECONSTRUCTED_PREDICTIONS_FROM_PATCHES/patch_predictions_npz/0001878_S_83_S_83_patch_0006.npz,0.6172758340835571,0.36346980929374695,0.45340773463249207,-0.2819846570491791,3
1879,S_83,S_83_patch_0007,7,/content/PATIENT_RECONSTRUCTED_PREDICTIONS_FROM_PATCHES/patch_predictions_npz/0001879_S_83_S_83_patch_0007.npz,0.5505104660987854,0.4060860872268677,0.4474622309207916,-0.27959635853767395,2
1880,S_84,S_84_patch_0000,0,/content/PATIENT_RECONSTRUCTED_PREDICTIONS_FROM_PATCHES/patch_predictions_npz/0001880_S_84_S_84_patch_0000.npz,0.40303924679756165,0.4690566062927246,0.4333914518356323,-0.12458393722772598,1
1881,S_84,S_84_patch_0001,1,/content/PATIENT_RECONSTRUCTED_PREDICTIONS_FROM_PATCHES/patch_predictions_npz/0001881_S_84_S_84_patch_0001.npz,0.4956563413143158,0.4470667839050293,0.4188147485256195,0.010687283240258694,2
1882,S_84,S_84_patch_0002,2,/content/PATIENT_RECONSTRUCTED_PREDICTIONS_FROM_PATCHES/patch_predictions_npz/0001882_S_84_S_84_patch_0002.npz,0.5241062641143799,0.4209250509738922,0.39794838428497314,0.23938246071338654,10
1883,S_84,S_84_patch_0003,3,/content/PATIENT_RECONSTRUCTED_PREDICTIONS_FROM_PATCHES/patch_predictions_npz/0001883_S_84_S_84_patch_0003.npz,0.5405662059783936,0.3883446156978607,0.4560907185077667,0.06350258737802505,6
1884,S_84,S_84_patch_0004,4,/content/PATIENT_RECONSTRUCTED_PREDICTIONS_FROM_PATCHES/patch_predictions_npz/0001884_S_84_S_84_patch_0004.npz,0.539036750793457,0.39159271121025085,0.4810987412929535,-0.1493920236825943,10
1885,S_84,S_84_patch_0005,5,/content/PATIENT_RECONSTRUCTED_PREDICTIONS_FROM_PATCHES/patch_predictions_npz/0001885_S_84_S_84_patch_0005.npz,0.5904414057731628,0.40284791588783264,0.3693571090698242,-0.3589535653591156,8
1886,S_84,S_84_patch_0006,6,/content/PATIENT_RECONSTRUCTED_PREDICTIONS_FROM_PATCHES/patch_predictions_npz/0001886_S_84_S_84_patch_0006.npz,0.6325827240943909,0.3550095856189728,0.4621073007583618,-0.2954382598400116,2
1887,S_84,S_84_patch_0007,7,/content/PATIENT_RECONSTRUCTED_PREDICTIONS_FROM_PATCHES/patch_predictions_npz/0001887_S_84_S_84_patch_0007.npz,0.5408466458320618,0.4053758680820465,0.44647833704948425,-0.2428625077009201,2
1888,S_85,S_85_patch_0000,0,/content/PATIENT_RECONSTRUCTED_PREDICTIONS_FROM_PATCHES/patch_predictions_npz/0001888_S_85_S_85_patch_0000.npz,0.398486465215683,0.4646206200122833,0.4307821989059448,-0.08295562118291855,1
1889,S_85,S_85_patch_0001,1,/content/PATIENT_RECONSTRUCTED_PREDICTIONS_FROM_PATCHES/patch_predictions_npz/0001889_S_85_S_85_patch_0001.npz,0.4936714470386505,0.4441709518432617,0.4161745011806488,0.02212928980588913,1
1890,S_85,S_85_patch_0002,2,/content/PATIENT_RECONSTRUCTED_PREDICTIONS_FROM_PATCHES/patch_predictions_npz/0001890_S_85_S_85_patch_0002.npz,0.5123634934425354,0.42378631234169006,0.40072163939476013,0.25545158982276917,11
1891,S_85,S_85_patch_0003,3,/content/PATIENT_RECONSTRUCTED_PREDICTIONS_FROM_PATCHES/patch_predictions_npz/0001891_S_85_S_85_patch_0003.npz,0.5235956311225891,0.39225348830223083,0.45469412207603455,0.07923152297735214,5
1892,S_85,S_85_patch_0004,4,/content/PATIENT_RECONSTRUCTED_PREDICTIONS_FROM_PATCHES/patch_predictions_npz/0001892_S_85_S_85_patch_0004.npz,0.5065993070602417,0.4052969515323639,0.4726569354534149,-0.11167337745428085,10
1893,S_85,S_85_patch_0005,5,/content/PATIENT_RECONSTRUCTED_PREDICTIONS_FROM_PATCHES/patch_predictions_npz/0001893_S_85_S_85_patch_0005.npz,0.5371524691581726,0.42154040932655334,0.39623376727104187,-0.22104348242282867,8
1894,S_85,S_85_patch_0006,6,/content/PATIENT_RECONSTRUCTED_PREDICTIONS_FROM_PATCHES/patch_predictions_npz/0001894_S_85_S_85_patch_0006.npz,0.5686689615249634,0.3858901560306549,0.44295358657836914,-0.16559536755084991,3
1895,S_85,S_85_patch_0007,7,/content/PATIENT_RECONSTRUCTED_PREDICTIONS_FROM_PATCHES/patch_predictions_npz/0001895_S_85_S_85_patch_0007.npz,0.51725834608078,0.40850093960762024,0.4482623338699341,-0.14600367844104767,2
1896,S_87,S_87_patch_0000,0,/content/PATIENT_RECONSTRUCTED_PREDICTIONS_FROM_PATCHES/patch_predictions_npz/0001896_S_87_S_87_patch_0000.npz,0.4023238718509674,0.46898674964904785,0.43244293332099915,-0.137657031416893,2
1897,S_87,S_87_patch_0001,1,/content/PATIENT_RECONSTRUCTED_PREDICTIONS_FROM_PATCHES/patch_predictions_npz/0001897_S_87_S_87_patch_0001.npz,0.5255730748176575,0.4472656548023224,0.41611361503601074,-0.08902578800916672,5
1898,S_87,S_87_patch_0002,2,/content/PATIENT_RECONSTRUCTED_PREDICTIONS_FROM_PATCHES/patch_predictions_npz/0001898_S_87_S_87_patch_0002.npz,0.5541234016418457,0.42305323481559753,0.3969214856624603,0.20284219086170197,11
1899,S_87,S_87_patch_0003,3,/content/PATIENT_RECONSTRUCTED_PREDICTIONS_FROM_PATCHES/patch_predictions_npz/0001899_S_87_S_87_patch_0003.npz,0.5420980453491211,0.39829424023628235,0.45472827553749084,0.062297433614730835,9
1900,S_87,S_87_patch_0004,4,/content/PATIENT_RECONSTRUCTED_PREDICTIONS_FROM_PATCHES/patch_predictions_npz/0001900_S_87_S_87_patch_0004.npz,0.523487389087677,0.4074840247631073,0.47454920411109924,-0.09301066398620605,8
1901,S_87,S_87_patch_0005,5,/content/PATIENT_RECONSTRUCTED_PREDICTIONS_FROM_PATCHES/patch_predictions_npz/0001901_S_87_S_87_patch_0005.npz,0.5639681220054626,0.4182462692260742,0.40003013610839844,-0.2699039876461029,8
1902,S_87,S_87_patch_0006,6,/content/PATIENT_RECONSTRUCTED_PREDICTIONS_FROM_PATCHES/patch_predictions_npz/0001902_S_87_S_87_patch_0006.npz,0.6048665642738342,0.3749735355377197,0.4539864957332611,-0.24702580273151398,3
1903,S_87,S_87_patch_0007,7,/content/PATIENT_RECONSTRUCTED_PREDICTIONS_FROM_PATCHES/patch_predictions_npz/0001903_S_87_S_87_patch_0007.npz,0.5397269129753113,0.40542876720428467,0.4495140016078949,-0.24354489147663116,1
1904,S_88,S_88_patch_0000,0,/content/PATIENT_RECONSTRUCTED_PREDICTIONS_FROM_PATCHES/patch_predictions_npz/0001904_S_88_S_88_patch_0000.npz,0.40253981947898865,0.4692336618900299,0.42980527877807617,-0.1680973321199417,2
1905,S_88,S_88_patch_0001,1,/content/PATIENT_RECONSTRUCTED_PREDICTIONS_FROM_PATCHES/patch_predictions_npz/0001905_S_88_S_88_patch_0001.npz,0.5135009288787842,0.4586586654186249,0.4220834970474243,-0.08128277212381363,2
1906,S_88,S_88_patch_0002,2,/content/PATIENT_RECONSTRUCTED_PREDICTIONS_FROM_PATCHES/patch_predictions_npz/0001906_S_88_S_88_patch_0002.npz,0.5440233945846558,0.4288659989833832,0.3990449607372284,0.19011585414409637,9
1907,S_88,S_88_patch_0003,3,/content/PATIENT_RECONSTRUCTED_PREDICTIONS_FROM_PATCHES/patch_predictions_npz/0001907_S_88_S_88_patch_0003.npz,0.581202507019043,0.38371241092681885,0.4567009508609772,0.01987195387482643,9
1908,S_88,S_88_patch_0004,4,/content/PATIENT_RECONSTRUCTED_PREDICTIONS_FROM_PATCHES/patch_predictions_npz/0001908_S_88_S_88_patch_0004.npz,0.5572748780250549,0.388643354177475,0.4864178001880646,-0.19721730053424835,10
1909,S_88,S_88_patch_0005,5,/content/PATIENT_RECONSTRUCTED_PREDICTIONS_FROM_PATCHES/patch_predictions_npz/0001909_S_88_S_88_patch_0005.npz,0.5781967043876648,0.4115237891674042,0.39999499917030334,-0.3036392629146576,7
1910,S_88,S_88_patch_0006,6,/content/PATIENT_RECONSTRUCTED_PREDICTIONS_FROM_PATCHES/patch_predictions_npz/0001910_S_88_S_88_patch_0006.npz,0.6188332438468933,0.3702237904071808,0.4456917941570282,-0.2566727101802826,3
1911,S_88,S_88_patch_0007,7,/content/PATIENT_RECONSTRUCTED_PREDICTIONS_FROM_PATCHES/patch_predictions_npz/0001911_S_88_S_88_patch_0007.npz,0.5454582571983337,0.4003550112247467,0.4527758061885834,-0.247405007481575,2
1912,S_89,S_89_patch_0000,0,/content/PATIENT_RECONSTRUCTED_PREDICTIONS_FROM_PATCHES/patch_predictions_npz/0001912_S_89_S_89_patch_0000.npz,0.41159582138061523,0.4780714213848114,0.4322093427181244,-0.2853730618953705,1
1913,S_89,S_89_patch_0001,1,/content/PATIENT_RECONSTRUCTED_PREDICTIONS_FROM_PATCHES/patch_predictions_npz/0001913_S_89_S_89_patch_0001.npz,0.5307784676551819,0.45550718903541565,0.41684460639953613,-0.1310131847858429,1
1914,S_89,S_89_patch_0002,2,/content/PATIENT_RECONSTRUCTED_PREDICTIONS_FROM_PATCHES/patch_predictions_npz/0001914_S_89_S_89_patch_0002.npz,0.5917302370071411,0.40912723541259766,0.3775928020477295,0.12305233627557755,9
1915,S_89,S_89_patch_0003,3,/content/PATIENT_RECONSTRUCTED_PREDICTIONS_FROM_PATCHES/patch_predictions_npz/0001915_S_89_S_89_patch_0003.npz,0.5917029976844788,0.38519087433815,0.45547357201576233,0.005039829760789871,8
1916,S_89,S_89_patch_0004,4,/content/PATIENT_RECONSTRUCTED_PREDICTIONS_FROM_PATCHES/patch_predictions_npz/0001916_S_89_S_89_patch_0004.npz,0.5758137106895447,0.3883265554904938,0.4941990375518799,-0.278474360704422,9
1917,S_89,S_89_patch_0005,5,/content/PATIENT_RECONSTRUCTED_PREDICTIONS_FROM_PATCHES/patch_predictions_npz/0001917_S_89_S_89_patch_0005.npz,0.5942299365997314,0.41284510493278503,0.3792191445827484,-0.41121968626976013,8
1918,S_89,S_89_patch_0006,6,/content/PATIENT_RECONSTRUCTED_PREDICTIONS_FROM_PATCHES/patch_predictions_npz/0001918_S_89_S_89_patch_0006.npz,0.609997570514679,0.36638200283050537,0.46544399857521057,-0.26667943596839905,3
1919,S_89,S_89_patch_0007,7,/content/PATIENT_RECONSTRUCTED_PREDICTIONS_FROM_PATCHES/patch_predictions_npz/0001919_S_89_S_89_patch_0007.npz,0.5971272587776184,0.39029809832572937,0.4476618766784668,-0.42718741297721863,2
1920,S_90,S_90_patch_0000,0,/content/PATIENT_RECONSTRUCTED_PREDICTIONS_FROM_PATCHES/patch_predictions_npz/0001920_S_90_S_90_patch_0000.npz,0.40143099427223206,0.46691402792930603,0.4330551326274872,-0.09653190523386002,1
1921,S_90,S_90_patch_0001,1,/content/PATIENT_RECONSTRUCTED_PREDICTIONS_FROM_PATCHES/patch_predictions_npz/0001921_S_90_S_90_patch_0001.npz,0.5118381381034851,0.44542965292930603,0.4137350022792816,-0.03146957978606224,3
1922,S_90,S_90_patch_0002,2,/content/PATIENT_RECONSTRUCTED_PREDICTIONS_FROM_PATCHES/patch_predictions_npz/0001922_S_90_S_90_patch_0002.npz,0.5327838063240051,0.41983118653297424,0.3958130180835724,0.21202169358730316,13
1923,S_90,S_90_patch_0003,3,/content/PATIENT_RECONSTRUCTED_PREDICTIONS_FROM_PATCHES/patch_predictions_npz/0001923_S_90_S_90_patch_0003.npz,0.5349534153938293,0.3929506540298462,0.4569335877895355,0.03380130976438522,9
1924,S_90,S_90_patch_0004,4,/content/PATIENT_RECONSTRUCTED_PREDICTIONS_FROM_PATCHES/patch_predictions_npz/0001924_S_90_S_90_patch_0004.npz,0.5132386088371277,0.40958747267723083,0.4751425087451935,-0.1095924973487854,12
1925,S_90,S_90_patch_0005,5,/content/PATIENT_RECONSTRUCTED_PREDICTIONS_FROM_PATCHES/patch_predictions_npz/0001925_S_90_S_90_patch_0005.npz,0.5587734580039978,0.4215066730976105,0.39223146438598633,-0.25870129466056824,8
1926,S_90,S_90_patch_0006,6,/content/PATIENT_RECONSTRUCTED_PREDICTIONS_FROM_PATCHES/patch_predictions_npz/0001926_S_90_S_90_patch_0006.npz,0.5878756642341614,0.3842417895793915,0.4643568992614746,-0.18637414276599884,4
1927,S_90,S_90_patch_0007,7,/content/PATIENT_RECONSTRUCTED_PREDICTIONS_FROM_PATCHES/patch_predictions_npz/0001927_S_90_S_90_patch_0007.npz,0.5206941366195679,0.4131745994091034,0.4563353955745697,-0.17773091793060303,2
1928,S_91,S_91_patch_0000,0,/content/PATIENT_RECONSTRUCTED_PREDICTIONS_FROM_PATCHES/patch_predictions_npz/0001928_S_91_S_91_patch_0000.npz,0.40680864453315735,0.4722672700881958,0.430248886346817,-0.16794340312480927,2
1929,S_91,S_91_patch_0001,1,/content/PATIENT_RECONSTRUCTED_PREDICTIONS_FROM_PATCHES/patch_predictions_npz/0001929_S_91_S_91_patch_0001.npz,0.4915817081928253,0.45174863934516907,0.41774678230285645,0.010612215846776962,2
1930,S_91,S_91_patch_0002,2,/content/PATIENT_RECONSTRUCTED_PREDICTIONS_FROM_PATCHES/patch_predictions_npz/0001930_S_91_S_91_patch_0002.npz,0.5347257256507874,0.4277321398258209,0.3989459276199341,0.20281235873699188,10
1931,S_91,S_91_patch_0003,3,/content/PATIENT_RECONSTRUCTED_PREDICTIONS_FROM_PATCHES/patch_predictions_npz/0001931_S_91_S_91_patch_0003.npz,0.5373249650001526,0.39998602867126465,0.4548100531101227,0.08715932816267014,8
1932,S_91,S_91_patch_0004,4,/content/PATIENT_RECONSTRUCTED_PREDICTIONS_FROM_PATCHES/patch_predictions_npz/0001932_S_91_S_91_patch_0004.npz,0.4987884759902954,0.4116913378238678,0.4662802219390869,-0.030904224142432213,9
1933,S_91,S_91_patch_0005,5,/content/PATIENT_RECONSTRUCTED_PREDICTIONS_FROM_PATCHES/patch_predictions_npz/0001933_S_91_S_91_patch_0005.npz,0.5908152461051941,0.4076578617095947,0.3699670732021332,-0.34335532784461975,8
1934,S_91,S_91_patch_0006,6,/content/PATIENT_RECONSTRUCTED_PREDICTIONS_FROM_PATCHES/patch_predictions_npz/0001934_S_91_S_91_patch_0006.npz,0.6240315437316895,0.36371520161628723,0.46397900581359863,-0.2508144676685333,3
1935,S_91,S_91_patch_0007,7,/content/PATIENT_RECONSTRUCTED_PREDICTIONS_FROM_PATCHES/patch_predictions_npz/0001935_S_91_S_91_patch_0007.npz,0.5511422753334045,0.3977784812450409,0.447925329208374,-0.2591777443885803,2
1936,S_92,S_92_patch_0000,0,/content/PATIENT_RECONSTRUCTED_PREDICTIONS_FROM_PATCHES/patch_predictions_npz/0001936_S_92_S_92_patch_0000.npz,0.4129892885684967,0.4790158271789551,0.430248886346817,-0.28537824749946594,2
1937,S_92,S_92_patch_0001,1,/content/PATIENT_RECONSTRUCTED_PREDICTIONS_FROM_PATCHES/patch_predictions_npz/0001937_S_92_S_92_patch_0001.npz,0.5341594815254211,0.445701003074646,0.4079279899597168,-0.08910781145095825,2
1938,S_92,S_92_patch_0002,2,/content/PATIENT_RECONSTRUCTED_PREDICTIONS_FROM_PATCHES/patch_predictions_npz/0001938_S_92_S_92_patch_0002.npz,0.5878614783287048,0.41121339797973633,0.3820646107196808,0.18188786506652832,10
1939,S_92,S_92_patch_0003,3,/content/PATIENT_RECONSTRUCTED_PREDICTIONS_FROM_PATCHES/patch_predictions_npz/0001939_S_92_S_92_patch_0003.npz,0.5939851403236389,0.37055596709251404,0.4617621600627899,-0.018520034849643707,8
1940,S_92,S_92_patch_0004,4,/content/PATIENT_RECONSTRUCTED_PREDICTIONS_FROM_PATCHES/patch_predictions_npz/0001940_S_92_S_92_patch_0004.npz,0.5574543476104736,0.3872196674346924,0.4846910238265991,-0.26881036162376404,9
1941,S_92,S_92_patch_0005,5,/content/PATIENT_RECONSTRUCTED_PREDICTIONS_FROM_PATCHES/patch_predictions_npz/0001941_S_92_S_92_patch_0005.npz,0.6274968981742859,0.40397605299949646,0.3566308915615082,-0.5089945197105408,8
1942,S_92,S_92_patch_0006,6,/content/PATIENT_RECONSTRUCTED_PREDICTIONS_FROM_PATCHES/patch_predictions_npz/0001942_S_92_S_92_patch_0006.npz,0.6686386466026306,0.34560826420783997,0.4673725366592407,-0.38111820816993713,3
1943,S_92,S_92_patch_0007,7,/content/PATIENT_RECONSTRUCTED_PREDICTIONS_FROM_PATCHES/patch_predictions_npz/0001943_S_92_S_92_patch_0007.npz,0.6045644283294678,0.38415321707725525,0.44778481125831604,-0.4380880296230316,2
1944,S_93,S_93_patch_0000,0,/content/PATIENT_RECONSTRUCTED_PREDICTIONS_FROM_PATCHES/patch_predictions_npz/0001944_S_93_S_93_patch_0000.npz,0.4029097557067871,0.47134682536125183,0.4322899281978607,-0.13661089539527893,3
1945,S_93,S_93_patch_0001,1,/content/PATIENT_RECONSTRUCTED_PREDICTIONS_FROM_PATCHES/patch_predictions_npz/0001945_S_93_S_93_patch_0001.npz,0.48292994499206543,0.4540933072566986,0.41876062750816345,0.04505378380417824,2
1946,S_93,S_93_patch_0002,2,/content/PATIENT_RECONSTRUCTED_PREDICTIONS_FROM_PATCHES/patch_predictions_npz/0001946_S_93_S_93_patch_0002.npz,0.5519568920135498,0.4170931875705719,0.3922036588191986,0.21552129089832306,8
1947,S_93,S_93_patch_0003,3,/content/PATIENT_RECONSTRUCTED_PREDICTIONS_FROM_PATCHES/patch_predictions_npz/0001947_S_93_S_93_patch_0003.npz,0.5697673559188843,0.3781720697879791,0.4602473974227905,0.021428123116493225,6
1948,S_93,S_93_patch_0004,4,/content/PATIENT_RECONSTRUCTED_PREDICTIONS_FROM_PATCHES/patch_predictions_npz/0001948_S_93_S_93_patch_0004.npz,0.5396185517311096,0.39003467559814453,0.4822554588317871,-0.17976205050945282,8
1949,S_93,S_93_patch_0005,5,/content/PATIENT_RECONSTRUCTED_PREDICTIONS_FROM_PATCHES/patch_predictions_npz/0001949_S_93_S_93_patch_0005.npz,0.5625009536743164,0.41451266407966614,0.3854103088378906,-0.2704665958881378,8
1950,S_93,S_93_patch_0006,6,/content/PATIENT_RECONSTRUCTED_PREDICTIONS_FROM_PATCHES/patch_predictions_npz/0001950_S_93_S_93_patch_0006.npz,0.5938323140144348,0.37377989292144775,0.4547099769115448,-0.18776756525039673,3
1951,S_93,S_93_patch_0007,7,/content/PATIENT_RECONSTRUCTED_PREDICTIONS_FROM_PATCHES/patch_predictions_npz/0001951_S_93_S_93_patch_0007.npz,0.5732875466346741,0.3908247649669647,0.4534146785736084,-0.3253287971019745,1
1952,S_94,S_94_patch_0000,0,/content/PATIENT_RECONSTRUCTED_PREDICTIONS_FROM_PATCHES/patch_predictions_npz/0001952_S_94_S_94_patch_0000.npz,0.39948269724845886,0.46638405323028564,0.4364025294780731,-0.011076887138187885,1
1953,S_94,S_94_patch_0001,1,/content/PATIENT_RECONSTRUCTED_PREDICTIONS_FROM_PATCHES/patch_predictions_npz/0001953_S_94_S_94_patch_0001.npz,0.4937567710876465,0.45824146270751953,0.4230625629425049,-0.008327897638082504,1
1954,S_94,S_94_patch_0002,2,/content/PATIENT_RECONSTRUCTED_PREDICTIONS_FROM_PATCHES/patch_predictions_npz/0001954_S_94_S_94_patch_0002.npz,0.5287759304046631,0.42371484637260437,0.3964219391345978,0.22167323529720306,13
1955,S_94,S_94_patch_0003,3,/content/PATIENT_RECONSTRUCTED_PREDICTIONS_FROM_PATCHES/patch_predictions_npz/0001955_S_94_S_94_patch_0003.npz,0.5406293272972107,0.3888068199157715,0.45388516783714294,0.07274476438760757,6
1956,S_94,S_94_patch_0004,4,/content/PATIENT_RECONSTRUCTED_PREDICTIONS_FROM_PATCHES/patch_predictions_npz/0001956_S_94_S_94_patch_0004.npz,0.5280434489250183,0.3921956717967987,0.4769323170185089,-0.13723301887512207,11
1957,S_94,S_94_patch_0005,5,/content/PATIENT_RECONSTRUCTED_PREDICTIONS_FROM_PATCHES/patch_predictions_npz/0001957_S_94_S_94_patch_0005.npz,0.5684462785720825,0.4083155691623688,0.3771674931049347,-0.28256142139434814,8
1958,S_94,S_94_patch_0006,6,/content/PATIENT_RECONSTRUCTED_PREDICTIONS_FROM_PATCHES/patch_predictions_npz/0001958_S_94_S_94_patch_0006.npz,0.6014131903648376,0.3642341196537018,0.4573042094707489,-0.19087107479572296,3
1959,S_94,S_94_patch_0007,7,/content/PATIENT_RECONSTRUCTED_PREDICTIONS_FROM_PATCHES/patch_predictions_npz/0001959_S_94_S_94_patch_0007.npz,0.5262476801872253,0.4034360945224762,0.44667014479637146,-0.15877892076969147,2
1960,S_95,S_95_patch_0000,0,/content/PATIENT_RECONSTRUCTED_PREDICTIONS_FROM_PATCHES/patch_predictions_npz/0001960_S_95_S_95_patch_0000.npz,0.4006260335445404,0.4674765169620514,0.43320634961128235,-0.068193219602108,1
1961,S_95,S_95_patch_0001,1,/content/PATIENT_RECONSTRUCTED_PREDICTIONS_FROM_PATCHES/patch_predictions_npz/0001961_S_95_S_95_patch_0001.npz,0.49501076340675354,0.44261470437049866,0.41525158286094666,0.03373060002923012,3
1962,S_95,S_95_patch_0002,2,/content/PATIENT_RECONSTRUCTED_PREDICTIONS_FROM_PATCHES/patch_predictions_npz/0001962_S_95_S_95_patch_0002.npz,0.5124955177307129,0.4182286262512207,0.398421972990036,0.2621929943561554,10
1963,S_95,S_95_patch_0003,3,/content/PATIENT_RECONSTRUCTED_PREDICTIONS_FROM_PATCHES/patch_predictions_npz/0001963_S_95_S_95_patch_0003.npz,0.5188426375389099,0.3884908854961395,0.45237675309181213,0.10115662217140198,5
1964,S_95,S_95_patch_0004,4,/content/PATIENT_RECONSTRUCTED_PREDICTIONS_FROM_PATCHES/patch_predictions_npz/0001964_S_95_S_95_patch_0004.npz,0.5122549533843994,0.3972572088241577,0.47313323616981506,-0.08697188645601273,8
1965,S_95,S_95_patch_0005,5,/content/PATIENT_RECONSTRUCTED_PREDICTIONS_FROM_PATCHES/patch_predictions_npz/0001965_S_95_S_95_patch_0005.npz,0.5540663003921509,0.41214513778686523,0.38741469383239746,-0.24387657642364502,8
1966,S_95,S_95_patch_0006,6,/content/PATIENT_RECONSTRUCTED_PREDICTIONS_FROM_PATCHES/patch_predictions_npz/0001966_S_95_S_95_patch_0006.npz,0.5860483050346375,0.3750191628932953,0.4417937994003296,-0.17154376208782196,6
1967,S_95,S_95_patch_0007,7,/content/PATIENT_RECONSTRUCTED_PREDICTIONS_FROM_PATCHES/patch_predictions_npz/0001967_S_95_S_95_patch_0007.npz,0.5398406386375427,0.3993707597255707,0.4480377435684204,-0.19415408372879028,2
1968,S_96,S_96_patch_0000,0,/content/PATIENT_RECONSTRUCTED_PREDICTIONS_FROM_PATCHES/patch_predictions_npz/0001968_S_96_S_96_patch_0000.npz,0.4013873040676117,0.46833157539367676,0.43308237195014954,-0.10557272285223007,2
1969,S_96,S_96_patch_0001,1,/content/PATIENT_RECONSTRUCTED_PREDICTIONS_FROM_PATCHES/patch_predictions_npz/0001969_S_96_S_96_patch_0001.npz,0.5142033696174622,0.44641637802124023,0.41837266087532043,-0.039761532098054886,3
1970,S_96,S_96_patch_0002,2,/content/PATIENT_RECONSTRUCTED_PREDICTIONS_FROM_PATCHES/patch_predictions_npz/0001970_S_96_S_96_patch_0002.npz,0.5560192465782166,0.41434893012046814,0.39185574650764465,0.22535593807697296,11
1971,S_96,S_96_patch_0003,3,/content/PATIENT_RECONSTRUCTED_PREDICTIONS_FROM_PATCHES/patch_predictions_npz/0001971_S_96_S_96_patch_0003.npz,0.5642234086990356,0.3856968879699707,0.4614837169647217,0.034970059990882874,9
1972,S_96,S_96_patch_0004,4,/content/PATIENT_RECONSTRUCTED_PREDICTIONS_FROM_PATCHES/patch_predictions_npz/0001972_S_96_S_96_patch_0004.npz,0.5428803563117981,0.40578556060791016,0.4770229160785675,-0.1275031864643097,9
1973,S_96,S_96_patch_0005,5,/content/PATIENT_RECONSTRUCTED_PREDICTIONS_FROM_PATCHES/patch_predictions_npz/0001973_S_96_S_96_patch_0005.npz,0.5892617702484131,0.41612544655799866,0.39158201217651367,-0.3398849070072174,7
1974,S_96,S_96_patch_0006,6,/content/PATIENT_RECONSTRUCTED_PREDICTIONS_FROM_PATCHES/patch_predictions_npz/0001974_S_96_S_96_patch_0006.npz,0.6389937996864319,0.35600829124450684,0.46140527725219727,-0.2878674864768982,3
1975,S_96,S_96_patch_0007,7,/content/PATIENT_RECONSTRUCTED_PREDICTIONS_FROM_PATCHES/patch_predictions_npz/0001975_S_96_S_96_patch_0007.npz,0.6243215799331665,0.37483230233192444,0.44962528347969055,-0.44023630023002625,2
1976,S_97,S_97_patch_0000,0,/content/PATIENT_RECONSTRUCTED_PREDICTIONS_FROM_PATCHES/patch_predictions_npz/0001976_S_97_S_97_patch_0000.npz,0.39513733983039856,0.4628126621246338,0.4331916868686676,-0.0025193095207214355,1
1977,S_97,S_97_patch_0001,1,/content/PATIENT_RECONSTRUCTED_PREDICTIONS_FROM_PATCHES/patch_predictions_npz/0001977_S_97_S_97_patch_0001.npz,0.5062458515167236,0.4470057785511017,0.41624948382377625,-0.005736959632486105,3
1978,S_97,S_97_patch_0002,2,/content/PATIENT_RECONSTRUCTED_PREDICTIONS_FROM_PATCHES/patch_predictions_npz/0001978_S_97_S_97_patch_0002.npz,0.5403756499290466,0.4157388210296631,0.3926117718219757,0.241688534617424,10
1979,S_97,S_97_patch_0003,3,/content/PATIENT_RECONSTRUCTED_PREDICTIONS_FROM_PATCHES/patch_predictions_npz/0001979_S_97_S_97_patch_0003.npz,0.5450963377952576,0.3851219117641449,0.4565771520137787,0.05145106837153435,7
1980,S_97,S_97_patch_0004,4,/content/PATIENT_RECONSTRUCTED_PREDICTIONS_FROM_PATCHES/patch_predictions_npz/0001980_S_97_S_97_patch_0004.npz,0.5172000527381897,0.3986126482486725,0.47335705161094666,-0.10960002988576889,9
1981,S_97,S_97_patch_0005,5,/content/PATIENT_RECONSTRUCTED_PREDICTIONS_FROM_PATCHES/patch_predictions_npz/0001981_S_97_S_97_patch_0005.npz,0.5720683932304382,0.41065481305122375,0.37798652052879333,-0.2976503074169159,8
1982,S_97,S_97_patch_0006,6,/content/PATIENT_RECONSTRUCTED_PREDICTIONS_FROM_PATCHES/patch_predictions_npz/0001982_S_97_S_97_patch_0006.npz,0.5887958407402039,0.3806137144565582,0.4514903128147125,-0.18210844695568085,5
1983,S_97,S_97_patch_0007,7,/content/PATIENT_RECONSTRUCTED_PREDICTIONS_FROM_PATCHES/patch_predictions_npz/0001983_S_97_S_97_patch_0007.npz,0.547127902507782,0.4045771360397339,0.45145082473754883,-0.23470330238342285,2
1984,S_98,S_98_patch_0000,0,/content/PATIENT_RECONSTRUCTED_PREDICTIONS_FROM_PATCHES/patch_predictions_npz/0001984_S_98_S_98_patch_0000.npz,0.4155416488647461,0.4800427258014679,0.43228983879089355,-0.30708444118499756,2
1985,S_98,S_98_patch_0001,1,/content/PATIENT_RECONSTRUCTED_PREDICTIONS_FROM_PATCHES/patch_predictions_npz/0001985_S_98_S_98_patch_0001.npz,0.5245685577392578,0.45004069805145264,0.41352298855781555,-0.054032761603593826,1
1986,S_98,S_98_patch_0002,2,/content/PATIENT_RECONSTRUCTED_PREDICTIONS_FROM_PATCHES/patch_predictions_npz/0001986_S_98_S_98_patch_0002.npz,0.5475654006004333,0.42201295495033264,0.395664244890213,0.22381138801574707,9
1987,S_98,S_98_patch_0003,3,/content/PATIENT_RECONSTRUCTED_PREDICTIONS_FROM_PATCHES/patch_predictions_npz/0001987_S_98_S_98_patch_0003.npz,0.5742445588111877,0.3751054108142853,0.4626113474369049,0.017779070883989334,6
1988,S_98,S_98_patch_0004,4,/content/PATIENT_RECONSTRUCTED_PREDICTIONS_FROM_PATCHES/patch_predictions_npz/0001988_S_98_S_98_patch_0004.npz,0.5666964650154114,0.3791971206665039,0.486498087644577,-0.2619852125644684,8
1989,S_98,S_98_patch_0005,5,/content/PATIENT_RECONSTRUCTED_PREDICTIONS_FROM_PATCHES/patch_predictions_npz/0001989_S_98_S_98_patch_0005.npz,0.6249074935913086,0.404925674200058,0.36301103234291077,-0.4481644630432129,7
1990,S_98,S_98_patch_0006,6,/content/PATIENT_RECONSTRUCTED_PREDICTIONS_FROM_PATCHES/patch_predictions_npz/0001990_S_98_S_98_patch_0006.npz,0.6498960852622986,0.3528582751750946,0.4678933620452881,-0.2950528562068939,3
1991,S_98,S_98_patch_0007,7,/content/PATIENT_RECONSTRUCTED_PREDICTIONS_FROM_PATCHES/patch_predictions_npz/0001991_S_98_S_98_patch_0007.npz,0.6212003827095032,0.37526461482048035,0.45908036828041077,-0.45469987392425537,2
