relative_path,repo_path,size_bytes,size_mb,suffix
ABLATION_PROFILE_COMBINATIONS_BODY_GAP_PEAKS/ALL_ablation_12_combinations_peaks.csv,data/patient_reconstructed_predictions/ABLATION_PROFILE_COMBINATIONS_BODY_GAP_PEAKS/ALL_ablation_12_combinations_peaks.csv,24381,0.02325153350830078,.csv
ABLATION_PROFILE_COMBINATIONS_BODY_GAP_PEAKS/ALL_ablation_12_combinations_status.csv,data/patient_reconstructed_predictions/ABLATION_PROFILE_COMBINATIONS_BODY_GAP_PEAKS/ALL_ablation_12_combinations_status.csv,154,0.0001468658447265625,.csv
ABLATION_PROFILE_COMBINATIONS_BODY_GAP_PEAKS/ALL_ablation_12_combinations_summary.csv,data/patient_reconstructed_predictions/ABLATION_PROFILE_COMBINATIONS_BODY_GAP_PEAKS/ALL_ablation_12_combinations_summary.csv,4513,0.004303932189941406,.csv
ABLATION_PROFILE_COMBINATIONS_BODY_GAP_PEAKS/BEST_combo_by_patient.csv,data/patient_reconstructed_predictions/ABLATION_PROFILE_COMBINATIONS_BODY_GAP_PEAKS/BEST_combo_by_patient.csv,825,0.0007867813110351562,.csv
ABLATION_PROFILE_COMBINATIONS_BODY_GAP_PEAKS/S_100/C01_binary_only_profiles.csv,data/patient_reconstructed_predictions/ABLATION_PROFILE_COMBINATIONS_BODY_GAP_PEAKS/S_100/C01_binary_only_profiles.csv,23290,0.022211074829101562,.csv
ABLATION_PROFILE_COMBINATIONS_BODY_GAP_PEAKS/S_100/C02_boundary_only_profiles.csv,data/patient_reconstructed_predictions/ABLATION_PROFILE_COMBINATIONS_BODY_GAP_PEAKS/S_100/C02_boundary_only_profiles.csv,22967,0.021903038024902344,.csv
ABLATION_PROFILE_COMBINATIONS_BODY_GAP_PEAKS/S_100/C03_intervertebral_only_profiles.csv,data/patient_reconstructed_predictions/ABLATION_PROFILE_COMBINATIONS_BODY_GAP_PEAKS/S_100/C03_intervertebral_only_profiles.csv,23011,0.02194499969482422,.csv
ABLATION_PROFILE_COMBINATIONS_BODY_GAP_PEAKS/S_100/C04_binary_plus_boundary_profiles.csv,data/patient_reconstructed_predictions/ABLATION_PROFILE_COMBINATIONS_BODY_GAP_PEAKS/S_100/C04_binary_plus_boundary_profiles.csv,23101,0.02203083038330078,.csv
ABLATION_PROFILE_COMBINATIONS_BODY_GAP_PEAKS/S_100/C05_binary_plus_inter_profiles.csv,data/patient_reconstructed_predictions/ABLATION_PROFILE_COMBINATIONS_BODY_GAP_PEAKS/S_100/C05_binary_plus_inter_profiles.csv,22966,0.021902084350585938,.csv
ABLATION_PROFILE_COMBINATIONS_BODY_GAP_PEAKS/S_100/C06_boundary_plus_inter_profiles.csv,data/patient_reconstructed_predictions/ABLATION_PROFILE_COMBINATIONS_BODY_GAP_PEAKS/S_100/C06_boundary_plus_inter_profiles.csv,23001,0.021935462951660156,.csv
ABLATION_PROFILE_COMBINATIONS_BODY_GAP_PEAKS/S_100/C07_mean_all_three_profiles.csv,data/patient_reconstructed_predictions/ABLATION_PROFILE_COMBINATIONS_BODY_GAP_PEAKS/S_100/C07_mean_all_three_profiles.csv,23017,0.021950721740722656,.csv
ABLATION_PROFILE_COMBINATIONS_BODY_GAP_PEAKS/S_100/C08_binary_minus_inter_profiles.csv,data/patient_reconstructed_predictions/ABLATION_PROFILE_COMBINATIONS_BODY_GAP_PEAKS/S_100/C08_binary_minus_inter_profiles.csv,23062,0.021993637084960938,.csv
ABLATION_PROFILE_COMBINATIONS_BODY_GAP_PEAKS/S_100/C09_binary_minus_boundary_profiles.csv,data/patient_reconstructed_predictions/ABLATION_PROFILE_COMBINATIONS_BODY_GAP_PEAKS/S_100/C09_binary_minus_boundary_profiles.csv,22971,0.02190685272216797,.csv
ABLATION_PROFILE_COMBINATIONS_BODY_GAP_PEAKS/S_100/C10_binary_minus_boundary_inter_profiles.csv,data/patient_reconstructed_predictions/ABLATION_PROFILE_COMBINATIONS_BODY_GAP_PEAKS/S_100/C10_binary_minus_boundary_inter_profiles.csv,23058,0.021989822387695312,.csv
ABLATION_PROFILE_COMBINATIONS_BODY_GAP_PEAKS/S_100/C11_binary_times_not_inter_profiles.csv,data/patient_reconstructed_predictions/ABLATION_PROFILE_COMBINATIONS_BODY_GAP_PEAKS/S_100/C11_binary_times_not_inter_profiles.csv,23117,0.02204608917236328,.csv
ABLATION_PROFILE_COMBINATIONS_BODY_GAP_PEAKS/S_100/C12_binary_times_not_separator_profiles.csv,data/patient_reconstructed_predictions/ABLATION_PROFILE_COMBINATIONS_BODY_GAP_PEAKS/S_100/C12_binary_times_not_separator_profiles.csv,23059,0.02199077606201172,.csv
ABLATION_PROFILE_COMBINATIONS_BODY_GAP_PEAKS/S_100/ablation_12_combinations_peaks.csv,data/patient_reconstructed_predictions/ABLATION_PROFILE_COMBINATIONS_BODY_GAP_PEAKS/S_100/ablation_12_combinations_peaks.csv,24381,0.02325153350830078,.csv
ABLATION_PROFILE_COMBINATIONS_BODY_GAP_PEAKS/S_100/ablation_12_combinations_summary.csv,data/patient_reconstructed_predictions/ABLATION_PROFILE_COMBINATIONS_BODY_GAP_PEAKS/S_100/ablation_12_combinations_summary.csv,4513,0.004303932189941406,.csv
ABLATION_PROFILE_COMBINATIONS_BODY_GAP_PEAKS/grid_best_combo_by_patient.png,data/patient_reconstructed_predictions/ABLATION_PROFILE_COMBINATIONS_BODY_GAP_PEAKS/grid_best_combo_by_patient.png,350371,0.3341398239135742,.png
COMPOSITE_BINARY_BOUNDARY_INTER_PEAKS/ALL_composite_body_peaks.csv,data/patient_reconstructed_predictions/COMPOSITE_BINARY_BOUNDARY_INTER_PEAKS/ALL_composite_body_peaks.csv,1394,0.0013294219970703125,.csv
COMPOSITE_BINARY_BOUNDARY_INTER_PEAKS/ALL_composite_gap_peaks.csv,data/patient_reconstructed_predictions/COMPOSITE_BINARY_BOUNDARY_INTER_PEAKS/ALL_composite_gap_peaks.csv,941,0.0008974075317382812,.csv
COMPOSITE_BINARY_BOUNDARY_INTER_PEAKS/ALL_composite_peak_summary.csv,data/patient_reconstructed_predictions/COMPOSITE_BINARY_BOUNDARY_INTER_PEAKS/ALL_composite_peak_summary.csv,137,0.00013065338134765625,.csv
COMPOSITE_BINARY_BOUNDARY_INTER_PEAKS/S_100/composite_curve_gap_peaks_detected.csv,data/patient_reconstructed_predictions/COMPOSITE_BINARY_BOUNDARY_INTER_PEAKS/S_100/composite_curve_gap_peaks_detected.csv,869,0.0008287429809570312,.csv
COMPOSITE_BINARY_BOUNDARY_INTER_PEAKS/S_100/composite_curve_peaks_detected.csv,data/patient_reconstructed_predictions/COMPOSITE_BINARY_BOUNDARY_INTER_PEAKS/S_100/composite_curve_peaks_detected.csv,1310,0.0012493133544921875,.csv
COMPOSITE_BINARY_BOUNDARY_INTER_PEAKS/S_100/composite_curve_profiles.csv,data/patient_reconstructed_predictions/COMPOSITE_BINARY_BOUNDARY_INTER_PEAKS/S_100/composite_curve_profiles.csv,45713,0.043595314025878906,.csv
COMPOSITE_BINARY_BOUNDARY_INTER_PEAKS/grid_10_composite_binary_boundary_inter_peaks.png,data/patient_reconstructed_predictions/COMPOSITE_BINARY_BOUNDARY_INTER_PEAKS/grid_10_composite_binary_boundary_inter_peaks.png,401582,0.3829784393310547,.png
COMPOSITE_BINARY_BOUNDARY_INTER_PEAKS/wave_metrics/ALL_body_composite_peak_wave_metrics.csv,data/patient_reconstructed_predictions/COMPOSITE_BINARY_BOUNDARY_INTER_PEAKS/wave_metrics/ALL_body_composite_peak_wave_metrics.csv,4173,0.003979682922363281,.csv
COMPOSITE_BINARY_BOUNDARY_INTER_PEAKS/wave_metrics/ALL_gap_composite_peak_wave_metrics.csv,data/patient_reconstructed_predictions/COMPOSITE_BINARY_BOUNDARY_INTER_PEAKS/wave_metrics/ALL_gap_composite_peak_wave_metrics.csv,3408,0.0032501220703125,.csv
COMPOSITE_BINARY_BOUNDARY_INTER_PEAKS/wave_metrics/composite_peak_wave_metrics_status.csv,data/patient_reconstructed_predictions/COMPOSITE_BINARY_BOUNDARY_INTER_PEAKS/wave_metrics/composite_peak_wave_metrics_status.csv,206,0.0001964569091796875,.csv
PCA_PEAK_TYPE_BODY_VS_GAP/PCA_peak_level_body_vs_gap.csv,data/patient_reconstructed_predictions/PCA_PEAK_TYPE_BODY_VS_GAP/PCA_peak_level_body_vs_gap.csv,7541,0.007191658020019531,.csv
PCA_PEAK_TYPE_BODY_VS_GAP/PEAK_LEVEL_body_gap_wave_features.csv,data/patient_reconstructed_predictions/PCA_PEAK_TYPE_BODY_VS_GAP/PEAK_LEVEL_body_gap_wave_features.csv,7549,0.007199287414550781,.csv
grid_auditoria_20_pacientes_generated_images.png,data/patient_reconstructed_predictions/grid_auditoria_20_pacientes_generated_images.png,4654922,4.439279556274414,.png
patch_prediction_index.csv,data/patient_reconstructed_predictions/patch_prediction_index.csv,439119,0.4187765121459961,.csv
patch_predictions_npz/0000000_N_1_N_1_patch_0000.npz,data/patient_reconstructed_predictions/patch_predictions_npz/0000000_N_1_N_1_patch_0000.npz,211531,0.20173168182373047,.npz
patch_predictions_npz/0000001_N_1_N_1_patch_0001.npz,data/patient_reconstructed_predictions/patch_predictions_npz/0000001_N_1_N_1_patch_0001.npz,228316,0.21773910522460938,.npz
patch_predictions_npz/0000002_N_1_N_1_patch_0002.npz,data/patient_reconstructed_predictions/patch_predictions_npz/0000002_N_1_N_1_patch_0002.npz,226111,0.2156362533569336,.npz
patch_predictions_npz/0000003_N_1_N_1_patch_0003.npz,data/patient_reconstructed_predictions/patch_predictions_npz/0000003_N_1_N_1_patch_0003.npz,216744,0.20670318603515625,.npz
patch_predictions_npz/0000004_N_1_N_1_patch_0004.npz,data/patient_reconstructed_predictions/patch_predictions_npz/0000004_N_1_N_1_patch_0004.npz,211251,0.20146465301513672,.npz
patch_predictions_npz/0000005_N_1_N_1_patch_0005.npz,data/patient_reconstructed_predictions/patch_predictions_npz/0000005_N_1_N_1_patch_0005.npz,211388,0.20159530639648438,.npz
patch_predictions_npz/0000006_N_1_N_1_patch_0006.npz,data/patient_reconstructed_predictions/patch_predictions_npz/0000006_N_1_N_1_patch_0006.npz,208438,0.19878196716308594,.npz
patch_predictions_npz/0000007_N_1_N_1_patch_0007.npz,data/patient_reconstructed_predictions/patch_predictions_npz/0000007_N_1_N_1_patch_0007.npz,202527,0.1931447982788086,.npz
patch_predictions_npz/0000008_N_10_N_10_patch_0000.npz,data/patient_reconstructed_predictions/patch_predictions_npz/0000008_N_10_N_10_patch_0000.npz,201865,0.19251346588134766,.npz
patch_predictions_npz/0000009_N_10_N_10_patch_0001.npz,data/patient_reconstructed_predictions/patch_predictions_npz/0000009_N_10_N_10_patch_0001.npz,206961,0.1973733901977539,.npz
patch_predictions_npz/0000010_N_10_N_10_patch_0002.npz,data/patient_reconstructed_predictions/patch_predictions_npz/0000010_N_10_N_10_patch_0002.npz,221057,0.2108163833618164,.npz
patch_predictions_npz/0000011_N_10_N_10_patch_0003.npz,data/patient_reconstructed_predictions/patch_predictions_npz/0000011_N_10_N_10_patch_0003.npz,229762,0.2191181182861328,.npz
patch_predictions_npz/0000012_N_10_N_10_patch_0004.npz,data/patient_reconstructed_predictions/patch_predictions_npz/0000012_N_10_N_10_patch_0004.npz,218980,0.20883560180664062,.npz
patch_predictions_npz/0000013_N_10_N_10_patch_0005.npz,data/patient_reconstructed_predictions/patch_predictions_npz/0000013_N_10_N_10_patch_0005.npz,221820,0.21154403686523438,.npz
patch_predictions_npz/0000014_N_10_N_10_patch_0006.npz,data/patient_reconstructed_predictions/patch_predictions_npz/0000014_N_10_N_10_patch_0006.npz,211338,0.20154762268066406,.npz
patch_predictions_npz/0000015_N_10_N_10_patch_0007.npz,data/patient_reconstructed_predictions/patch_predictions_npz/0000015_N_10_N_10_patch_0007.npz,202780,0.19338607788085938,.npz
patch_predictions_npz/0000016_N_11_N_11_patch_0000.npz,data/patient_reconstructed_predictions/patch_predictions_npz/0000016_N_11_N_11_patch_0000.npz,211843,0.20202922821044922,.npz
patch_predictions_npz/0000017_N_11_N_11_patch_0001.npz,data/patient_reconstructed_predictions/patch_predictions_npz/0000017_N_11_N_11_patch_0001.npz,221429,0.21117115020751953,.npz
patch_predictions_npz/0000018_N_11_N_11_patch_0002.npz,data/patient_reconstructed_predictions/patch_predictions_npz/0000018_N_11_N_11_patch_0002.npz,216170,0.20615577697753906,.npz
patch_predictions_npz/0000019_N_11_N_11_patch_0003.npz,data/patient_reconstructed_predictions/patch_predictions_npz/0000019_N_11_N_11_patch_0003.npz,205955,0.19641399383544922,.npz
patch_predictions_npz/0000020_N_11_N_11_patch_0004.npz,data/patient_reconstructed_predictions/patch_predictions_npz/0000020_N_11_N_11_patch_0004.npz,204057,0.19460391998291016,.npz
patch_predictions_npz/0000021_N_11_N_11_patch_0005.npz,data/patient_reconstructed_predictions/patch_predictions_npz/0000021_N_11_N_11_patch_0005.npz,209364,0.19966506958007812,.npz
patch_predictions_npz/0000022_N_11_N_11_patch_0006.npz,data/patient_reconstructed_predictions/patch_predictions_npz/0000022_N_11_N_11_patch_0006.npz,210196,0.20045852661132812,.npz
patch_predictions_npz/0000023_N_11_N_11_patch_0007.npz,data/patient_reconstructed_predictions/patch_predictions_npz/0000023_N_11_N_11_patch_0007.npz,210104,0.20037078857421875,.npz
patch_predictions_npz/0000024_N_12_N_12_patch_0000.npz,data/patient_reconstructed_predictions/patch_predictions_npz/0000024_N_12_N_12_patch_0000.npz,189142,0.18037986755371094,.npz
patch_predictions_npz/0000025_N_12_N_12_patch_0001.npz,data/patient_reconstructed_predictions/patch_predictions_npz/0000025_N_12_N_12_patch_0001.npz,202149,0.19278430938720703,.npz
patch_predictions_npz/0000026_N_12_N_12_patch_0002.npz,data/patient_reconstructed_predictions/patch_predictions_npz/0000026_N_12_N_12_patch_0002.npz,204455,0.19498348236083984,.npz
patch_predictions_npz/0000027_N_12_N_12_patch_0003.npz,data/patient_reconstructed_predictions/patch_predictions_npz/0000027_N_12_N_12_patch_0003.npz,198736,0.1895294189453125,.npz
patch_predictions_npz/0000028_N_12_N_12_patch_0004.npz,data/patient_reconstructed_predictions/patch_predictions_npz/0000028_N_12_N_12_patch_0004.npz,189334,0.18056297302246094,.npz
patch_predictions_npz/0000029_N_12_N_12_patch_0005.npz,data/patient_reconstructed_predictions/patch_predictions_npz/0000029_N_12_N_12_patch_0005.npz,197860,0.18869400024414062,.npz
patch_predictions_npz/0000030_N_12_N_12_patch_0006.npz,data/patient_reconstructed_predictions/patch_predictions_npz/0000030_N_12_N_12_patch_0006.npz,201153,0.1918344497680664,.npz
patch_predictions_npz/0000031_N_12_N_12_patch_0007.npz,data/patient_reconstructed_predictions/patch_predictions_npz/0000031_N_12_N_12_patch_0007.npz,200115,0.19084453582763672,.npz
patch_predictions_npz/0000032_N_13_N_13_patch_0000.npz,data/patient_reconstructed_predictions/patch_predictions_npz/0000032_N_13_N_13_patch_0000.npz,214072,0.20415496826171875,.npz
patch_predictions_npz/0000033_N_13_N_13_patch_0001.npz,data/patient_reconstructed_predictions/patch_predictions_npz/0000033_N_13_N_13_patch_0001.npz,218371,0.20825481414794922,.npz
patch_predictions_npz/0000034_N_13_N_13_patch_0002.npz,data/patient_reconstructed_predictions/patch_predictions_npz/0000034_N_13_N_13_patch_0002.npz,217569,0.2074899673461914,.npz
patch_predictions_npz/0000035_N_13_N_13_patch_0003.npz,data/patient_reconstructed_predictions/patch_predictions_npz/0000035_N_13_N_13_patch_0003.npz,209532,0.19982528686523438,.npz
patch_predictions_npz/0000036_N_13_N_13_patch_0004.npz,data/patient_reconstructed_predictions/patch_predictions_npz/0000036_N_13_N_13_patch_0004.npz,201352,0.19202423095703125,.npz
patch_predictions_npz/0000037_N_13_N_13_patch_0005.npz,data/patient_reconstructed_predictions/patch_predictions_npz/0000037_N_13_N_13_patch_0005.npz,203233,0.1938180923461914,.npz
patch_predictions_npz/0000038_N_13_N_13_patch_0006.npz,data/patient_reconstructed_predictions/patch_predictions_npz/0000038_N_13_N_13_patch_0006.npz,212638,0.2027873992919922,.npz
patch_predictions_npz/0000039_N_13_N_13_patch_0007.npz,data/patient_reconstructed_predictions/patch_predictions_npz/0000039_N_13_N_13_patch_0007.npz,214917,0.20496082305908203,.npz
patch_predictions_npz/0000040_N_14_N_14_patch_0000.npz,data/patient_reconstructed_predictions/patch_predictions_npz/0000040_N_14_N_14_patch_0000.npz,188532,0.17979812622070312,.npz
patch_predictions_npz/0000041_N_14_N_14_patch_0001.npz,data/patient_reconstructed_predictions/patch_predictions_npz/0000041_N_14_N_14_patch_0001.npz,201023,0.1917104721069336,.npz
patch_predictions_npz/0000042_N_14_N_14_patch_0002.npz,data/patient_reconstructed_predictions/patch_predictions_npz/0000042_N_14_N_14_patch_0002.npz,211299,0.20151042938232422,.npz
patch_predictions_npz/0000043_N_14_N_14_patch_0003.npz,data/patient_reconstructed_predictions/patch_predictions_npz/0000043_N_14_N_14_patch_0003.npz,211142,0.20136070251464844,.npz
patch_predictions_npz/0000044_N_14_N_14_patch_0004.npz,data/patient_reconstructed_predictions/patch_predictions_npz/0000044_N_14_N_14_patch_0004.npz,203120,0.1937103271484375,.npz
patch_predictions_npz/0000045_N_14_N_14_patch_0005.npz,data/patient_reconstructed_predictions/patch_predictions_npz/0000045_N_14_N_14_patch_0005.npz,205505,0.1959848403930664,.npz
patch_predictions_npz/0000046_N_14_N_14_patch_0006.npz,data/patient_reconstructed_predictions/patch_predictions_npz/0000046_N_14_N_14_patch_0006.npz,206321,0.1967630386352539,.npz
patch_predictions_npz/0000047_N_14_N_14_patch_0007.npz,data/patient_reconstructed_predictions/patch_predictions_npz/0000047_N_14_N_14_patch_0007.npz,202174,0.1928081512451172,.npz
patch_predictions_npz/0000048_N_15_N_15_patch_0000.npz,data/patient_reconstructed_predictions/patch_predictions_npz/0000048_N_15_N_15_patch_0000.npz,214319,0.2043905258178711,.npz
patch_predictions_npz/0000049_N_15_N_15_patch_0001.npz,data/patient_reconstructed_predictions/patch_predictions_npz/0000049_N_15_N_15_patch_0001.npz,227014,0.21649742126464844,.npz
patch_predictions_npz/0000050_N_15_N_15_patch_0002.npz,data/patient_reconstructed_predictions/patch_predictions_npz/0000050_N_15_N_15_patch_0002.npz,231997,0.22124958038330078,.npz
patch_predictions_npz/0000051_N_15_N_15_patch_0003.npz,data/patient_reconstructed_predictions/patch_predictions_npz/0000051_N_15_N_15_patch_0003.npz,231068,0.22036361694335938,.npz
patch_predictions_npz/0000052_N_15_N_15_patch_0004.npz,data/patient_reconstructed_predictions/patch_predictions_npz/0000052_N_15_N_15_patch_0004.npz,221259,0.21100902557373047,.npz
patch_predictions_npz/0000053_N_15_N_15_patch_0005.npz,data/patient_reconstructed_predictions/patch_predictions_npz/0000053_N_15_N_15_patch_0005.npz,229996,0.21934127807617188,.npz
patch_predictions_npz/0000054_N_15_N_15_patch_0006.npz,data/patient_reconstructed_predictions/patch_predictions_npz/0000054_N_15_N_15_patch_0006.npz,240896,0.229736328125,.npz
patch_predictions_npz/0000055_N_15_N_15_patch_0007.npz,data/patient_reconstructed_predictions/patch_predictions_npz/0000055_N_15_N_15_patch_0007.npz,230331,0.21966075897216797,.npz
patch_predictions_npz/0000056_N_16_N_16_patch_0000.npz,data/patient_reconstructed_predictions/patch_predictions_npz/0000056_N_16_N_16_patch_0000.npz,201346,0.1920185089111328,.npz
patch_predictions_npz/0000057_N_16_N_16_patch_0001.npz,data/patient_reconstructed_predictions/patch_predictions_npz/0000057_N_16_N_16_patch_0001.npz,205471,0.1959524154663086,.npz
patch_predictions_npz/0000058_N_16_N_16_patch_0002.npz,data/patient_reconstructed_predictions/patch_predictions_npz/0000058_N_16_N_16_patch_0002.npz,208286,0.1986370086669922,.npz
patch_predictions_npz/0000059_N_16_N_16_patch_0003.npz,data/patient_reconstructed_predictions/patch_predictions_npz/0000059_N_16_N_16_patch_0003.npz,208037,0.19839954376220703,.npz
patch_predictions_npz/0000060_N_16_N_16_patch_0004.npz,data/patient_reconstructed_predictions/patch_predictions_npz/0000060_N_16_N_16_patch_0004.npz,200913,0.1916055679321289,.npz
patch_predictions_npz/0000061_N_16_N_16_patch_0005.npz,data/patient_reconstructed_predictions/patch_predictions_npz/0000061_N_16_N_16_patch_0005.npz,202948,0.19354629516601562,.npz
patch_predictions_npz/0000062_N_16_N_16_patch_0006.npz,data/patient_reconstructed_predictions/patch_predictions_npz/0000062_N_16_N_16_patch_0006.npz,205638,0.19611167907714844,.npz
patch_predictions_npz/0000063_N_16_N_16_patch_0007.npz,data/patient_reconstructed_predictions/patch_predictions_npz/0000063_N_16_N_16_patch_0007.npz,197232,0.1880950927734375,.npz
patch_predictions_npz/0000064_N_17_N_17_patch_0000.npz,data/patient_reconstructed_predictions/patch_predictions_npz/0000064_N_17_N_17_patch_0000.npz,198514,0.1893177032470703,.npz
patch_predictions_npz/0000065_N_17_N_17_patch_0001.npz,data/patient_reconstructed_predictions/patch_predictions_npz/0000065_N_17_N_17_patch_0001.npz,207696,0.1980743408203125,.npz
patch_predictions_npz/0000066_N_17_N_17_patch_0002.npz,data/patient_reconstructed_predictions/patch_predictions_npz/0000066_N_17_N_17_patch_0002.npz,208384,0.19873046875,.npz
patch_predictions_npz/0000067_N_17_N_17_patch_0003.npz,data/patient_reconstructed_predictions/patch_predictions_npz/0000067_N_17_N_17_patch_0003.npz,209234,0.1995410919189453,.npz
patch_predictions_npz/0000068_N_17_N_17_patch_0004.npz,data/patient_reconstructed_predictions/patch_predictions_npz/0000068_N_17_N_17_patch_0004.npz,209768,0.20005035400390625,.npz
patch_predictions_npz/0000069_N_17_N_17_patch_0005.npz,data/patient_reconstructed_predictions/patch_predictions_npz/0000069_N_17_N_17_patch_0005.npz,207316,0.19771194458007812,.npz
patch_predictions_npz/0000070_N_17_N_17_patch_0006.npz,data/patient_reconstructed_predictions/patch_predictions_npz/0000070_N_17_N_17_patch_0006.npz,207296,0.19769287109375,.npz
patch_predictions_npz/0000071_N_17_N_17_patch_0007.npz,data/patient_reconstructed_predictions/patch_predictions_npz/0000071_N_17_N_17_patch_0007.npz,208984,0.19930267333984375,.npz
patch_predictions_npz/0000072_N_18_N_18_patch_0000.npz,data/patient_reconstructed_predictions/patch_predictions_npz/0000072_N_18_N_18_patch_0000.npz,218852,0.20871353149414062,.npz
patch_predictions_npz/0000073_N_18_N_18_patch_0001.npz,data/patient_reconstructed_predictions/patch_predictions_npz/0000073_N_18_N_18_patch_0001.npz,231838,0.2210979461669922,.npz
patch_predictions_npz/0000074_N_18_N_18_patch_0002.npz,data/patient_reconstructed_predictions/patch_predictions_npz/0000074_N_18_N_18_patch_0002.npz,235041,0.2241525650024414,.npz
patch_predictions_npz/0000075_N_18_N_18_patch_0003.npz,data/patient_reconstructed_predictions/patch_predictions_npz/0000075_N_18_N_18_patch_0003.npz,227706,0.21715736389160156,.npz
patch_predictions_npz/0000076_N_18_N_18_patch_0004.npz,data/patient_reconstructed_predictions/patch_predictions_npz/0000076_N_18_N_18_patch_0004.npz,218302,0.2081890106201172,.npz
patch_predictions_npz/0000077_N_18_N_18_patch_0005.npz,data/patient_reconstructed_predictions/patch_predictions_npz/0000077_N_18_N_18_patch_0005.npz,224344,0.21395111083984375,.npz
patch_predictions_npz/0000078_N_18_N_18_patch_0006.npz,data/patient_reconstructed_predictions/patch_predictions_npz/0000078_N_18_N_18_patch_0006.npz,232911,0.2221212387084961,.npz
patch_predictions_npz/0000079_N_18_N_18_patch_0007.npz,data/patient_reconstructed_predictions/patch_predictions_npz/0000079_N_18_N_18_patch_0007.npz,233681,0.2228555679321289,.npz
patch_predictions_npz/0000080_N_19_N_19_patch_0000.npz,data/patient_reconstructed_predictions/patch_predictions_npz/0000080_N_19_N_19_patch_0000.npz,213109,0.20323657989501953,.npz
patch_predictions_npz/0000081_N_19_N_19_patch_0001.npz,data/patient_reconstructed_predictions/patch_predictions_npz/0000081_N_19_N_19_patch_0001.npz,229260,0.21863937377929688,.npz
patch_predictions_npz/0000082_N_19_N_19_patch_0002.npz,data/patient_reconstructed_predictions/patch_predictions_npz/0000082_N_19_N_19_patch_0002.npz,233743,0.2229146957397461,.npz
patch_predictions_npz/0000083_N_19_N_19_patch_0003.npz,data/patient_reconstructed_predictions/patch_predictions_npz/0000083_N_19_N_19_patch_0003.npz,229472,0.218841552734375,.npz
patch_predictions_npz/0000084_N_19_N_19_patch_0004.npz,data/patient_reconstructed_predictions/patch_predictions_npz/0000084_N_19_N_19_patch_0004.npz,224950,0.21452903747558594,.npz
patch_predictions_npz/0000085_N_19_N_19_patch_0005.npz,data/patient_reconstructed_predictions/patch_predictions_npz/0000085_N_19_N_19_patch_0005.npz,227726,0.2171764373779297,.npz
patch_predictions_npz/0000086_N_19_N_19_patch_0006.npz,data/patient_reconstructed_predictions/patch_predictions_npz/0000086_N_19_N_19_patch_0006.npz,234001,0.2231607437133789,.npz
patch_predictions_npz/0000087_N_19_N_19_patch_0007.npz,data/patient_reconstructed_predictions/patch_predictions_npz/0000087_N_19_N_19_patch_0007.npz,229689,0.21904850006103516,.npz
patch_predictions_npz/0000088_N_2_N_2_patch_0000.npz,data/patient_reconstructed_predictions/patch_predictions_npz/0000088_N_2_N_2_patch_0000.npz,220661,0.21043872833251953,.npz
patch_predictions_npz/0000089_N_2_N_2_patch_0001.npz,data/patient_reconstructed_predictions/patch_predictions_npz/0000089_N_2_N_2_patch_0001.npz,228295,0.21771907806396484,.npz
patch_predictions_npz/0000090_N_2_N_2_patch_0002.npz,data/patient_reconstructed_predictions/patch_predictions_npz/0000090_N_2_N_2_patch_0002.npz,224185,0.21379947662353516,.npz
patch_predictions_npz/0000091_N_2_N_2_patch_0003.npz,data/patient_reconstructed_predictions/patch_predictions_npz/0000091_N_2_N_2_patch_0003.npz,224293,0.21390247344970703,.npz
patch_predictions_npz/0000092_N_2_N_2_patch_0004.npz,data/patient_reconstructed_predictions/patch_predictions_npz/0000092_N_2_N_2_patch_0004.npz,214844,0.20489120483398438,.npz
patch_predictions_npz/0000093_N_2_N_2_patch_0005.npz,data/patient_reconstructed_predictions/patch_predictions_npz/0000093_N_2_N_2_patch_0005.npz,222128,0.2118377685546875,.npz
patch_predictions_npz/0000094_N_2_N_2_patch_0006.npz,data/patient_reconstructed_predictions/patch_predictions_npz/0000094_N_2_N_2_patch_0006.npz,232768,0.22198486328125,.npz
patch_predictions_npz/0000095_N_2_N_2_patch_0007.npz,data/patient_reconstructed_predictions/patch_predictions_npz/0000095_N_2_N_2_patch_0007.npz,229402,0.21877479553222656,.npz
patch_predictions_npz/0000096_N_20_N_20_patch_0000.npz,data/patient_reconstructed_predictions/patch_predictions_npz/0000096_N_20_N_20_patch_0000.npz,193600,0.18463134765625,.npz
patch_predictions_npz/0000097_N_20_N_20_patch_0001.npz,data/patient_reconstructed_predictions/patch_predictions_npz/0000097_N_20_N_20_patch_0001.npz,202953,0.19355106353759766,.npz
patch_predictions_npz/0000098_N_20_N_20_patch_0002.npz,data/patient_reconstructed_predictions/patch_predictions_npz/0000098_N_20_N_20_patch_0002.npz,205561,0.19603824615478516,.npz
patch_predictions_npz/0000099_N_20_N_20_patch_0003.npz,data/patient_reconstructed_predictions/patch_predictions_npz/0000099_N_20_N_20_patch_0003.npz,199424,0.190185546875,.npz
patch_predictions_npz/0000100_N_20_N_20_patch_0004.npz,data/patient_reconstructed_predictions/patch_predictions_npz/0000100_N_20_N_20_patch_0004.npz,189081,0.18032169342041016,.npz
patch_predictions_npz/0000101_N_20_N_20_patch_0005.npz,data/patient_reconstructed_predictions/patch_predictions_npz/0000101_N_20_N_20_patch_0005.npz,192775,0.18384456634521484,.npz
patch_predictions_npz/0000102_N_20_N_20_patch_0006.npz,data/patient_reconstructed_predictions/patch_predictions_npz/0000102_N_20_N_20_patch_0006.npz,202824,0.19342803955078125,.npz
patch_predictions_npz/0000103_N_20_N_20_patch_0007.npz,data/patient_reconstructed_predictions/patch_predictions_npz/0000103_N_20_N_20_patch_0007.npz,204438,0.19496726989746094,.npz
patch_predictions_npz/0000104_N_21_N_21_patch_0000.npz,data/patient_reconstructed_predictions/patch_predictions_npz/0000104_N_21_N_21_patch_0000.npz,199248,0.1900177001953125,.npz
patch_predictions_npz/0000105_N_21_N_21_patch_0001.npz,data/patient_reconstructed_predictions/patch_predictions_npz/0000105_N_21_N_21_patch_0001.npz,212739,0.20288372039794922,.npz
patch_predictions_npz/0000106_N_21_N_21_patch_0002.npz,data/patient_reconstructed_predictions/patch_predictions_npz/0000106_N_21_N_21_patch_0002.npz,208593,0.1989297866821289,.npz
patch_predictions_npz/0000107_N_21_N_21_patch_0003.npz,data/patient_reconstructed_predictions/patch_predictions_npz/0000107_N_21_N_21_patch_0003.npz,201558,0.19222068786621094,.npz
patch_predictions_npz/0000108_N_21_N_21_patch_0004.npz,data/patient_reconstructed_predictions/patch_predictions_npz/0000108_N_21_N_21_patch_0004.npz,197108,0.18797683715820312,.npz
patch_predictions_npz/0000109_N_21_N_21_patch_0005.npz,data/patient_reconstructed_predictions/patch_predictions_npz/0000109_N_21_N_21_patch_0005.npz,197232,0.1880950927734375,.npz
patch_predictions_npz/0000110_N_21_N_21_patch_0006.npz,data/patient_reconstructed_predictions/patch_predictions_npz/0000110_N_21_N_21_patch_0006.npz,195041,0.1860055923461914,.npz
patch_predictions_npz/0000111_N_21_N_21_patch_0007.npz,data/patient_reconstructed_predictions/patch_predictions_npz/0000111_N_21_N_21_patch_0007.npz,193680,0.1847076416015625,.npz
patch_predictions_npz/0000112_N_22_N_22_patch_0000.npz,data/patient_reconstructed_predictions/patch_predictions_npz/0000112_N_22_N_22_patch_0000.npz,211946,0.20212745666503906,.npz
patch_predictions_npz/0000113_N_22_N_22_patch_0001.npz,data/patient_reconstructed_predictions/patch_predictions_npz/0000113_N_22_N_22_patch_0001.npz,227041,0.2165231704711914,.npz
patch_predictions_npz/0000114_N_22_N_22_patch_0002.npz,data/patient_reconstructed_predictions/patch_predictions_npz/0000114_N_22_N_22_patch_0002.npz,226416,0.2159271240234375,.npz
patch_predictions_npz/0000115_N_22_N_22_patch_0003.npz,data/patient_reconstructed_predictions/patch_predictions_npz/0000115_N_22_N_22_patch_0003.npz,216858,0.20681190490722656,.npz
patch_predictions_npz/0000116_N_22_N_22_patch_0004.npz,data/patient_reconstructed_predictions/patch_predictions_npz/0000116_N_22_N_22_patch_0004.npz,212005,0.20218372344970703,.npz
patch_predictions_npz/0000117_N_22_N_22_patch_0005.npz,data/patient_reconstructed_predictions/patch_predictions_npz/0000117_N_22_N_22_patch_0005.npz,223657,0.21329593658447266,.npz
patch_predictions_npz/0000118_N_22_N_22_patch_0006.npz,data/patient_reconstructed_predictions/patch_predictions_npz/0000118_N_22_N_22_patch_0006.npz,232457,0.22168827056884766,.npz
patch_predictions_npz/0000119_N_22_N_22_patch_0007.npz,data/patient_reconstructed_predictions/patch_predictions_npz/0000119_N_22_N_22_patch_0007.npz,237498,0.22649574279785156,.npz
patch_predictions_npz/0000120_N_23_N_23_patch_0000.npz,data/patient_reconstructed_predictions/patch_predictions_npz/0000120_N_23_N_23_patch_0000.npz,201552,0.1922149658203125,.npz
patch_predictions_npz/0000121_N_23_N_23_patch_0001.npz,data/patient_reconstructed_predictions/patch_predictions_npz/0000121_N_23_N_23_patch_0001.npz,217259,0.20719432830810547,.npz
patch_predictions_npz/0000122_N_23_N_23_patch_0002.npz,data/patient_reconstructed_predictions/patch_predictions_npz/0000122_N_23_N_23_patch_0002.npz,217669,0.20758533477783203,.npz
patch_predictions_npz/0000123_N_23_N_23_patch_0003.npz,data/patient_reconstructed_predictions/patch_predictions_npz/0000123_N_23_N_23_patch_0003.npz,212066,0.2022418975830078,.npz
patch_predictions_npz/0000124_N_23_N_23_patch_0004.npz,data/patient_reconstructed_predictions/patch_predictions_npz/0000124_N_23_N_23_patch_0004.npz,207918,0.1982860565185547,.npz
patch_predictions_npz/0000125_N_23_N_23_patch_0005.npz,data/patient_reconstructed_predictions/patch_predictions_npz/0000125_N_23_N_23_patch_0005.npz,208764,0.19909286499023438,.npz
patch_predictions_npz/0000126_N_23_N_23_patch_0006.npz,data/patient_reconstructed_predictions/patch_predictions_npz/0000126_N_23_N_23_patch_0006.npz,200553,0.19126224517822266,.npz
patch_predictions_npz/0000127_N_23_N_23_patch_0007.npz,data/patient_reconstructed_predictions/patch_predictions_npz/0000127_N_23_N_23_patch_0007.npz,201240,0.19191741943359375,.npz
patch_predictions_npz/0000128_N_24_N_24_patch_0000.npz,data/patient_reconstructed_predictions/patch_predictions_npz/0000128_N_24_N_24_patch_0000.npz,225592,0.21514129638671875,.npz
patch_predictions_npz/0000129_N_24_N_24_patch_0001.npz,data/patient_reconstructed_predictions/patch_predictions_npz/0000129_N_24_N_24_patch_0001.npz,232548,0.22177505493164062,.npz
patch_predictions_npz/0000130_N_24_N_24_patch_0002.npz,data/patient_reconstructed_predictions/patch_predictions_npz/0000130_N_24_N_24_patch_0002.npz,233303,0.22249507904052734,.npz
patch_predictions_npz/0000131_N_24_N_24_patch_0003.npz,data/patient_reconstructed_predictions/patch_predictions_npz/0000131_N_24_N_24_patch_0003.npz,225909,0.21544361114501953,.npz
patch_predictions_npz/0000132_N_24_N_24_patch_0004.npz,data/patient_reconstructed_predictions/patch_predictions_npz/0000132_N_24_N_24_patch_0004.npz,213708,0.20380783081054688,.npz
patch_predictions_npz/0000133_N_24_N_24_patch_0005.npz,data/patient_reconstructed_predictions/patch_predictions_npz/0000133_N_24_N_24_patch_0005.npz,221430,0.21117210388183594,.npz
patch_predictions_npz/0000134_N_24_N_24_patch_0006.npz,data/patient_reconstructed_predictions/patch_predictions_npz/0000134_N_24_N_24_patch_0006.npz,234614,0.22374534606933594,.npz
patch_predictions_npz/0000135_N_24_N_24_patch_0007.npz,data/patient_reconstructed_predictions/patch_predictions_npz/0000135_N_24_N_24_patch_0007.npz,234105,0.22325992584228516,.npz
patch_predictions_npz/0000136_N_25_N_25_patch_0000.npz,data/patient_reconstructed_predictions/patch_predictions_npz/0000136_N_25_N_25_patch_0000.npz,197454,0.1883068084716797,.npz
patch_predictions_npz/0000137_N_25_N_25_patch_0001.npz,data/patient_reconstructed_predictions/patch_predictions_npz/0000137_N_25_N_25_patch_0001.npz,220393,0.21018314361572266,.npz
patch_predictions_npz/0000138_N_25_N_25_patch_0002.npz,data/patient_reconstructed_predictions/patch_predictions_npz/0000138_N_25_N_25_patch_0002.npz,223577,0.21321964263916016,.npz
patch_predictions_npz/0000139_N_25_N_25_patch_0003.npz,data/patient_reconstructed_predictions/patch_predictions_npz/0000139_N_25_N_25_patch_0003.npz,215497,0.20551395416259766,.npz
patch_predictions_npz/0000140_N_25_N_25_patch_0004.npz,data/patient_reconstructed_predictions/patch_predictions_npz/0000140_N_25_N_25_patch_0004.npz,209329,0.1996316909790039,.npz
patch_predictions_npz/0000141_N_25_N_25_patch_0005.npz,data/patient_reconstructed_predictions/patch_predictions_npz/0000141_N_25_N_25_patch_0005.npz,215484,0.20550155639648438,.npz
patch_predictions_npz/0000142_N_25_N_25_patch_0006.npz,data/patient_reconstructed_predictions/patch_predictions_npz/0000142_N_25_N_25_patch_0006.npz,209497,0.19979190826416016,.npz
patch_predictions_npz/0000143_N_25_N_25_patch_0007.npz,data/patient_reconstructed_predictions/patch_predictions_npz/0000143_N_25_N_25_patch_0007.npz,203077,0.19366931915283203,.npz
patch_predictions_npz/0000144_N_26_N_26_patch_0000.npz,data/patient_reconstructed_predictions/patch_predictions_npz/0000144_N_26_N_26_patch_0000.npz,219256,0.20909881591796875,.npz
patch_predictions_npz/0000145_N_26_N_26_patch_0001.npz,data/patient_reconstructed_predictions/patch_predictions_npz/0000145_N_26_N_26_patch_0001.npz,235098,0.22420692443847656,.npz
patch_predictions_npz/0000146_N_26_N_26_patch_0002.npz,data/patient_reconstructed_predictions/patch_predictions_npz/0000146_N_26_N_26_patch_0002.npz,234774,0.22389793395996094,.npz
patch_predictions_npz/0000147_N_26_N_26_patch_0003.npz,data/patient_reconstructed_predictions/patch_predictions_npz/0000147_N_26_N_26_patch_0003.npz,229145,0.21852970123291016,.npz
patch_predictions_npz/0000148_N_26_N_26_patch_0004.npz,data/patient_reconstructed_predictions/patch_predictions_npz/0000148_N_26_N_26_patch_0004.npz,221600,0.211334228515625,.npz
patch_predictions_npz/0000149_N_26_N_26_patch_0005.npz,data/patient_reconstructed_predictions/patch_predictions_npz/0000149_N_26_N_26_patch_0005.npz,230485,0.21980762481689453,.npz
patch_predictions_npz/0000150_N_26_N_26_patch_0006.npz,data/patient_reconstructed_predictions/patch_predictions_npz/0000150_N_26_N_26_patch_0006.npz,241953,0.2307443618774414,.npz
patch_predictions_npz/0000151_N_26_N_26_patch_0007.npz,data/patient_reconstructed_predictions/patch_predictions_npz/0000151_N_26_N_26_patch_0007.npz,239996,0.22887802124023438,.npz
patch_predictions_npz/0000152_N_27_N_27_patch_0000.npz,data/patient_reconstructed_predictions/patch_predictions_npz/0000152_N_27_N_27_patch_0000.npz,214536,0.20459747314453125,.npz
patch_predictions_npz/0000153_N_27_N_27_patch_0001.npz,data/patient_reconstructed_predictions/patch_predictions_npz/0000153_N_27_N_27_patch_0001.npz,215765,0.20576953887939453,.npz
patch_predictions_npz/0000154_N_27_N_27_patch_0002.npz,data/patient_reconstructed_predictions/patch_predictions_npz/0000154_N_27_N_27_patch_0002.npz,223141,0.21280384063720703,.npz
patch_predictions_npz/0000155_N_27_N_27_patch_0003.npz,data/patient_reconstructed_predictions/patch_predictions_npz/0000155_N_27_N_27_patch_0003.npz,223548,0.21319198608398438,.npz
patch_predictions_npz/0000156_N_27_N_27_patch_0004.npz,data/patient_reconstructed_predictions/patch_predictions_npz/0000156_N_27_N_27_patch_0004.npz,214810,0.20485877990722656,.npz
patch_predictions_npz/0000157_N_27_N_27_patch_0005.npz,data/patient_reconstructed_predictions/patch_predictions_npz/0000157_N_27_N_27_patch_0005.npz,223311,0.2129659652709961,.npz
patch_predictions_npz/0000158_N_27_N_27_patch_0006.npz,data/patient_reconstructed_predictions/patch_predictions_npz/0000158_N_27_N_27_patch_0006.npz,223458,0.2131061553955078,.npz
patch_predictions_npz/0000159_N_27_N_27_patch_0007.npz,data/patient_reconstructed_predictions/patch_predictions_npz/0000159_N_27_N_27_patch_0007.npz,209242,0.19954872131347656,.npz
patch_predictions_npz/0000160_N_28_N_28_patch_0000.npz,data/patient_reconstructed_predictions/patch_predictions_npz/0000160_N_28_N_28_patch_0000.npz,194211,0.18521404266357422,.npz
patch_predictions_npz/0000161_N_28_N_28_patch_0001.npz,data/patient_reconstructed_predictions/patch_predictions_npz/0000161_N_28_N_28_patch_0001.npz,204741,0.19525623321533203,.npz
patch_predictions_npz/0000162_N_28_N_28_patch_0002.npz,data/patient_reconstructed_predictions/patch_predictions_npz/0000162_N_28_N_28_patch_0002.npz,209749,0.20003223419189453,.npz
patch_predictions_npz/0000163_N_28_N_28_patch_0003.npz,data/patient_reconstructed_predictions/patch_predictions_npz/0000163_N_28_N_28_patch_0003.npz,199091,0.18986797332763672,.npz
patch_predictions_npz/0000164_N_28_N_28_patch_0004.npz,data/patient_reconstructed_predictions/patch_predictions_npz/0000164_N_28_N_28_patch_0004.npz,185958,0.17734336853027344,.npz
patch_predictions_npz/0000165_N_28_N_28_patch_0005.npz,data/patient_reconstructed_predictions/patch_predictions_npz/0000165_N_28_N_28_patch_0005.npz,197751,0.18859004974365234,.npz
patch_predictions_npz/0000166_N_28_N_28_patch_0006.npz,data/patient_reconstructed_predictions/patch_predictions_npz/0000166_N_28_N_28_patch_0006.npz,210294,0.20055198669433594,.npz
patch_predictions_npz/0000167_N_28_N_28_patch_0007.npz,data/patient_reconstructed_predictions/patch_predictions_npz/0000167_N_28_N_28_patch_0007.npz,207896,0.19826507568359375,.npz
patch_predictions_npz/0000168_N_29_N_29_patch_0000.npz,data/patient_reconstructed_predictions/patch_predictions_npz/0000168_N_29_N_29_patch_0000.npz,194535,0.18552303314208984,.npz
patch_predictions_npz/0000169_N_29_N_29_patch_0001.npz,data/patient_reconstructed_predictions/patch_predictions_npz/0000169_N_29_N_29_patch_0001.npz,209120,0.199432373046875,.npz
patch_predictions_npz/0000170_N_29_N_29_patch_0002.npz,data/patient_reconstructed_predictions/patch_predictions_npz/0000170_N_29_N_29_patch_0002.npz,218563,0.20843791961669922,.npz
patch_predictions_npz/0000171_N_29_N_29_patch_0003.npz,data/patient_reconstructed_predictions/patch_predictions_npz/0000171_N_29_N_29_patch_0003.npz,212328,0.20249176025390625,.npz
patch_predictions_npz/0000172_N_29_N_29_patch_0004.npz,data/patient_reconstructed_predictions/patch_predictions_npz/0000172_N_29_N_29_patch_0004.npz,203815,0.19437313079833984,.npz
patch_predictions_npz/0000173_N_29_N_29_patch_0005.npz,data/patient_reconstructed_predictions/patch_predictions_npz/0000173_N_29_N_29_patch_0005.npz,210238,0.2004985809326172,.npz
patch_predictions_npz/0000174_N_29_N_29_patch_0006.npz,data/patient_reconstructed_predictions/patch_predictions_npz/0000174_N_29_N_29_patch_0006.npz,213812,0.20390701293945312,.npz
patch_predictions_npz/0000175_N_29_N_29_patch_0007.npz,data/patient_reconstructed_predictions/patch_predictions_npz/0000175_N_29_N_29_patch_0007.npz,207781,0.19815540313720703,.npz
patch_predictions_npz/0000176_N_3_N_3_patch_0000.npz,data/patient_reconstructed_predictions/patch_predictions_npz/0000176_N_3_N_3_patch_0000.npz,209147,0.19945812225341797,.npz
patch_predictions_npz/0000177_N_3_N_3_patch_0001.npz,data/patient_reconstructed_predictions/patch_predictions_npz/0000177_N_3_N_3_patch_0001.npz,219055,0.2089071273803711,.npz
patch_predictions_npz/0000178_N_3_N_3_patch_0002.npz,data/patient_reconstructed_predictions/patch_predictions_npz/0000178_N_3_N_3_patch_0002.npz,225433,0.21498966217041016,.npz
patch_predictions_npz/0000179_N_3_N_3_patch_0003.npz,data/patient_reconstructed_predictions/patch_predictions_npz/0000179_N_3_N_3_patch_0003.npz,224635,0.21422863006591797,.npz
patch_predictions_npz/0000180_N_3_N_3_patch_0004.npz,data/patient_reconstructed_predictions/patch_predictions_npz/0000180_N_3_N_3_patch_0004.npz,215586,0.2055988311767578,.npz
patch_predictions_npz/0000181_N_3_N_3_patch_0005.npz,data/patient_reconstructed_predictions/patch_predictions_npz/0000181_N_3_N_3_patch_0005.npz,222552,0.21224212646484375,.npz
patch_predictions_npz/0000182_N_3_N_3_patch_0006.npz,data/patient_reconstructed_predictions/patch_predictions_npz/0000182_N_3_N_3_patch_0006.npz,229082,0.21846961975097656,.npz
patch_predictions_npz/0000183_N_3_N_3_patch_0007.npz,data/patient_reconstructed_predictions/patch_predictions_npz/0000183_N_3_N_3_patch_0007.npz,212104,0.20227813720703125,.npz
patch_predictions_npz/0000184_N_30_N_30_patch_0000.npz,data/patient_reconstructed_predictions/patch_predictions_npz/0000184_N_30_N_30_patch_0000.npz,203836,0.19439315795898438,.npz
patch_predictions_npz/0000185_N_30_N_30_patch_0001.npz,data/patient_reconstructed_predictions/patch_predictions_npz/0000185_N_30_N_30_patch_0001.npz,215215,0.2052450180053711,.npz
patch_predictions_npz/0000186_N_30_N_30_patch_0002.npz,data/patient_reconstructed_predictions/patch_predictions_npz/0000186_N_30_N_30_patch_0002.npz,217687,0.20760250091552734,.npz
patch_predictions_npz/0000187_N_30_N_30_patch_0003.npz,data/patient_reconstructed_predictions/patch_predictions_npz/0000187_N_30_N_30_patch_0003.npz,213843,0.20393657684326172,.npz
patch_predictions_npz/0000188_N_30_N_30_patch_0004.npz,data/patient_reconstructed_predictions/patch_predictions_npz/0000188_N_30_N_30_patch_0004.npz,203866,0.19442176818847656,.npz
patch_predictions_npz/0000189_N_30_N_30_patch_0005.npz,data/patient_reconstructed_predictions/patch_predictions_npz/0000189_N_30_N_30_patch_0005.npz,206532,0.19696426391601562,.npz
patch_predictions_npz/0000190_N_30_N_30_patch_0006.npz,data/patient_reconstructed_predictions/patch_predictions_npz/0000190_N_30_N_30_patch_0006.npz,205088,0.195587158203125,.npz
patch_predictions_npz/0000191_N_30_N_30_patch_0007.npz,data/patient_reconstructed_predictions/patch_predictions_npz/0000191_N_30_N_30_patch_0007.npz,199808,0.1905517578125,.npz
patch_predictions_npz/0000192_N_31_N_31_patch_0000.npz,data/patient_reconstructed_predictions/patch_predictions_npz/0000192_N_31_N_31_patch_0000.npz,216104,0.20609283447265625,.npz
patch_predictions_npz/0000193_N_31_N_31_patch_0001.npz,data/patient_reconstructed_predictions/patch_predictions_npz/0000193_N_31_N_31_patch_0001.npz,223943,0.21356868743896484,.npz
patch_predictions_npz/0000194_N_31_N_31_patch_0002.npz,data/patient_reconstructed_predictions/patch_predictions_npz/0000194_N_31_N_31_patch_0002.npz,222023,0.21173763275146484,.npz
patch_predictions_npz/0000195_N_31_N_31_patch_0003.npz,data/patient_reconstructed_predictions/patch_predictions_npz/0000195_N_31_N_31_patch_0003.npz,216810,0.20676612854003906,.npz
patch_predictions_npz/0000196_N_31_N_31_patch_0004.npz,data/patient_reconstructed_predictions/patch_predictions_npz/0000196_N_31_N_31_patch_0004.npz,214539,0.20460033416748047,.npz
patch_predictions_npz/0000197_N_31_N_31_patch_0005.npz,data/patient_reconstructed_predictions/patch_predictions_npz/0000197_N_31_N_31_patch_0005.npz,218951,0.20880794525146484,.npz
patch_predictions_npz/0000198_N_31_N_31_patch_0006.npz,data/patient_reconstructed_predictions/patch_predictions_npz/0000198_N_31_N_31_patch_0006.npz,216754,0.2067127227783203,.npz
patch_predictions_npz/0000199_N_31_N_31_patch_0007.npz,data/patient_reconstructed_predictions/patch_predictions_npz/0000199_N_31_N_31_patch_0007.npz,218403,0.20828533172607422,.npz
patch_predictions_npz/0000200_N_32_N_32_patch_0000.npz,data/patient_reconstructed_predictions/patch_predictions_npz/0000200_N_32_N_32_patch_0000.npz,201977,0.19262027740478516,.npz
patch_predictions_npz/0000201_N_32_N_32_patch_0001.npz,data/patient_reconstructed_predictions/patch_predictions_npz/0000201_N_32_N_32_patch_0001.npz,194861,0.18583393096923828,.npz
patch_predictions_npz/0000202_N_32_N_32_patch_0002.npz,data/patient_reconstructed_predictions/patch_predictions_npz/0000202_N_32_N_32_patch_0002.npz,203511,0.19408321380615234,.npz
patch_predictions_npz/0000203_N_32_N_32_patch_0003.npz,data/patient_reconstructed_predictions/patch_predictions_npz/0000203_N_32_N_32_patch_0003.npz,207079,0.19748592376708984,.npz
patch_predictions_npz/0000204_N_32_N_32_patch_0004.npz,data/patient_reconstructed_predictions/patch_predictions_npz/0000204_N_32_N_32_patch_0004.npz,198061,0.18888568878173828,.npz
patch_predictions_npz/0000205_N_32_N_32_patch_0005.npz,data/patient_reconstructed_predictions/patch_predictions_npz/0000205_N_32_N_32_patch_0005.npz,203966,0.1945171356201172,.npz
patch_predictions_npz/0000206_N_32_N_32_patch_0006.npz,data/patient_reconstructed_predictions/patch_predictions_npz/0000206_N_32_N_32_patch_0006.npz,201317,0.19199085235595703,.npz
patch_predictions_npz/0000207_N_32_N_32_patch_0007.npz,data/patient_reconstructed_predictions/patch_predictions_npz/0000207_N_32_N_32_patch_0007.npz,189173,0.18040943145751953,.npz
patch_predictions_npz/0000208_N_33_N_33_patch_0000.npz,data/patient_reconstructed_predictions/patch_predictions_npz/0000208_N_33_N_33_patch_0000.npz,209394,0.1996936798095703,.npz
patch_predictions_npz/0000209_N_33_N_33_patch_0001.npz,data/patient_reconstructed_predictions/patch_predictions_npz/0000209_N_33_N_33_patch_0001.npz,221230,0.2109813690185547,.npz
patch_predictions_npz/0000210_N_33_N_33_patch_0002.npz,data/patient_reconstructed_predictions/patch_predictions_npz/0000210_N_33_N_33_patch_0002.npz,218771,0.20863628387451172,.npz
patch_predictions_npz/0000211_N_33_N_33_patch_0003.npz,data/patient_reconstructed_predictions/patch_predictions_npz/0000211_N_33_N_33_patch_0003.npz,213645,0.20374774932861328,.npz
patch_predictions_npz/0000212_N_33_N_33_patch_0004.npz,data/patient_reconstructed_predictions/patch_predictions_npz/0000212_N_33_N_33_patch_0004.npz,205885,0.19634723663330078,.npz
patch_predictions_npz/0000213_N_33_N_33_patch_0005.npz,data/patient_reconstructed_predictions/patch_predictions_npz/0000213_N_33_N_33_patch_0005.npz,207490,0.1978778839111328,.npz
patch_predictions_npz/0000214_N_33_N_33_patch_0006.npz,data/patient_reconstructed_predictions/patch_predictions_npz/0000214_N_33_N_33_patch_0006.npz,212526,0.2026805877685547,.npz
patch_predictions_npz/0000215_N_33_N_33_patch_0007.npz,data/patient_reconstructed_predictions/patch_predictions_npz/0000215_N_33_N_33_patch_0007.npz,213062,0.20319175720214844,.npz
patch_predictions_npz/0000216_N_34_N_34_patch_0000.npz,data/patient_reconstructed_predictions/patch_predictions_npz/0000216_N_34_N_34_patch_0000.npz,226424,0.21593475341796875,.npz
patch_predictions_npz/0000217_N_34_N_34_patch_0001.npz,data/patient_reconstructed_predictions/patch_predictions_npz/0000217_N_34_N_34_patch_0001.npz,225570,0.2151203155517578,.npz
patch_predictions_npz/0000218_N_34_N_34_patch_0002.npz,data/patient_reconstructed_predictions/patch_predictions_npz/0000218_N_34_N_34_patch_0002.npz,229741,0.21909809112548828,.npz
patch_predictions_npz/0000219_N_34_N_34_patch_0003.npz,data/patient_reconstructed_predictions/patch_predictions_npz/0000219_N_34_N_34_patch_0003.npz,222163,0.21187114715576172,.npz
patch_predictions_npz/0000220_N_34_N_34_patch_0004.npz,data/patient_reconstructed_predictions/patch_predictions_npz/0000220_N_34_N_34_patch_0004.npz,219821,0.20963764190673828,.npz
patch_predictions_npz/0000221_N_34_N_34_patch_0005.npz,data/patient_reconstructed_predictions/patch_predictions_npz/0000221_N_34_N_34_patch_0005.npz,229693,0.21905231475830078,.npz
patch_predictions_npz/0000222_N_34_N_34_patch_0006.npz,data/patient_reconstructed_predictions/patch_predictions_npz/0000222_N_34_N_34_patch_0006.npz,224787,0.21437358856201172,.npz
patch_predictions_npz/0000223_N_34_N_34_patch_0007.npz,data/patient_reconstructed_predictions/patch_predictions_npz/0000223_N_34_N_34_patch_0007.npz,215599,0.2056112289428711,.npz
patch_predictions_npz/0000224_N_35_N_35_patch_0000.npz,data/patient_reconstructed_predictions/patch_predictions_npz/0000224_N_35_N_35_patch_0000.npz,200064,0.1907958984375,.npz
patch_predictions_npz/0000225_N_35_N_35_patch_0001.npz,data/patient_reconstructed_predictions/patch_predictions_npz/0000225_N_35_N_35_patch_0001.npz,216697,0.20665836334228516,.npz
patch_predictions_npz/0000226_N_35_N_35_patch_0002.npz,data/patient_reconstructed_predictions/patch_predictions_npz/0000226_N_35_N_35_patch_0002.npz,227320,0.21678924560546875,.npz
patch_predictions_npz/0000227_N_35_N_35_patch_0003.npz,data/patient_reconstructed_predictions/patch_predictions_npz/0000227_N_35_N_35_patch_0003.npz,218981,0.20883655548095703,.npz
patch_predictions_npz/0000228_N_35_N_35_patch_0004.npz,data/patient_reconstructed_predictions/patch_predictions_npz/0000228_N_35_N_35_patch_0004.npz,211041,0.2012643814086914,.npz
patch_predictions_npz/0000229_N_35_N_35_patch_0005.npz,data/patient_reconstructed_predictions/patch_predictions_npz/0000229_N_35_N_35_patch_0005.npz,219099,0.20894908905029297,.npz
patch_predictions_npz/0000230_N_35_N_35_patch_0006.npz,data/patient_reconstructed_predictions/patch_predictions_npz/0000230_N_35_N_35_patch_0006.npz,206453,0.19688892364501953,.npz
patch_predictions_npz/0000231_N_35_N_35_patch_0007.npz,data/patient_reconstructed_predictions/patch_predictions_npz/0000231_N_35_N_35_patch_0007.npz,195253,0.18620777130126953,.npz
patch_predictions_npz/0000232_N_36_N_36_patch_0000.npz,data/patient_reconstructed_predictions/patch_predictions_npz/0000232_N_36_N_36_patch_0000.npz,212731,0.20287609100341797,.npz
patch_predictions_npz/0000233_N_36_N_36_patch_0001.npz,data/patient_reconstructed_predictions/patch_predictions_npz/0000233_N_36_N_36_patch_0001.npz,212243,0.20241069793701172,.npz
patch_predictions_npz/0000234_N_36_N_36_patch_0002.npz,data/patient_reconstructed_predictions/patch_predictions_npz/0000234_N_36_N_36_patch_0002.npz,210668,0.20090866088867188,.npz
patch_predictions_npz/0000235_N_36_N_36_patch_0003.npz,data/patient_reconstructed_predictions/patch_predictions_npz/0000235_N_36_N_36_patch_0003.npz,207519,0.1979055404663086,.npz
patch_predictions_npz/0000236_N_36_N_36_patch_0004.npz,data/patient_reconstructed_predictions/patch_predictions_npz/0000236_N_36_N_36_patch_0004.npz,197540,0.18838882446289062,.npz
patch_predictions_npz/0000237_N_36_N_36_patch_0005.npz,data/patient_reconstructed_predictions/patch_predictions_npz/0000237_N_36_N_36_patch_0005.npz,198765,0.18955707550048828,.npz
patch_predictions_npz/0000238_N_36_N_36_patch_0006.npz,data/patient_reconstructed_predictions/patch_predictions_npz/0000238_N_36_N_36_patch_0006.npz,202962,0.1935596466064453,.npz
patch_predictions_npz/0000239_N_36_N_36_patch_0007.npz,data/patient_reconstructed_predictions/patch_predictions_npz/0000239_N_36_N_36_patch_0007.npz,198421,0.18922901153564453,.npz
patch_predictions_npz/0000240_N_37_N_37_patch_0000.npz,data/patient_reconstructed_predictions/patch_predictions_npz/0000240_N_37_N_37_patch_0000.npz,216216,0.20619964599609375,.npz
patch_predictions_npz/0000241_N_37_N_37_patch_0001.npz,data/patient_reconstructed_predictions/patch_predictions_npz/0000241_N_37_N_37_patch_0001.npz,221675,0.21140575408935547,.npz
patch_predictions_npz/0000242_N_37_N_37_patch_0002.npz,data/patient_reconstructed_predictions/patch_predictions_npz/0000242_N_37_N_37_patch_0002.npz,221589,0.21132373809814453,.npz
patch_predictions_npz/0000243_N_37_N_37_patch_0003.npz,data/patient_reconstructed_predictions/patch_predictions_npz/0000243_N_37_N_37_patch_0003.npz,214341,0.20441150665283203,.npz
patch_predictions_npz/0000244_N_37_N_37_patch_0004.npz,data/patient_reconstructed_predictions/patch_predictions_npz/0000244_N_37_N_37_patch_0004.npz,208161,0.1985177993774414,.npz
patch_predictions_npz/0000245_N_37_N_37_patch_0005.npz,data/patient_reconstructed_predictions/patch_predictions_npz/0000245_N_37_N_37_patch_0005.npz,210374,0.20062828063964844,.npz
patch_predictions_npz/0000246_N_37_N_37_patch_0006.npz,data/patient_reconstructed_predictions/patch_predictions_npz/0000246_N_37_N_37_patch_0006.npz,207029,0.19743824005126953,.npz
patch_predictions_npz/0000247_N_37_N_37_patch_0007.npz,data/patient_reconstructed_predictions/patch_predictions_npz/0000247_N_37_N_37_patch_0007.npz,208378,0.19872474670410156,.npz
patch_predictions_npz/0000248_N_38_N_38_patch_0000.npz,data/patient_reconstructed_predictions/patch_predictions_npz/0000248_N_38_N_38_patch_0000.npz,228811,0.21821117401123047,.npz
patch_predictions_npz/0000249_N_38_N_38_patch_0001.npz,data/patient_reconstructed_predictions/patch_predictions_npz/0000249_N_38_N_38_patch_0001.npz,239379,0.22828960418701172,.npz
patch_predictions_npz/0000250_N_38_N_38_patch_0002.npz,data/patient_reconstructed_predictions/patch_predictions_npz/0000250_N_38_N_38_patch_0002.npz,242737,0.2314920425415039,.npz
patch_predictions_npz/0000251_N_38_N_38_patch_0003.npz,data/patient_reconstructed_predictions/patch_predictions_npz/0000251_N_38_N_38_patch_0003.npz,229871,0.2192220687866211,.npz
patch_predictions_npz/0000252_N_38_N_38_patch_0004.npz,data/patient_reconstructed_predictions/patch_predictions_npz/0000252_N_38_N_38_patch_0004.npz,221149,0.21090412139892578,.npz
patch_predictions_npz/0000253_N_38_N_38_patch_0005.npz,data/patient_reconstructed_predictions/patch_predictions_npz/0000253_N_38_N_38_patch_0005.npz,220717,0.21049213409423828,.npz
patch_predictions_npz/0000254_N_38_N_38_patch_0006.npz,data/patient_reconstructed_predictions/patch_predictions_npz/0000254_N_38_N_38_patch_0006.npz,224776,0.21436309814453125,.npz
patch_predictions_npz/0000255_N_38_N_38_patch_0007.npz,data/patient_reconstructed_predictions/patch_predictions_npz/0000255_N_38_N_38_patch_0007.npz,229400,0.21877288818359375,.npz
patch_predictions_npz/0000256_N_39_N_39_patch_0000.npz,data/patient_reconstructed_predictions/patch_predictions_npz/0000256_N_39_N_39_patch_0000.npz,216525,0.20649433135986328,.npz
patch_predictions_npz/0000257_N_39_N_39_patch_0001.npz,data/patient_reconstructed_predictions/patch_predictions_npz/0000257_N_39_N_39_patch_0001.npz,205088,0.195587158203125,.npz
patch_predictions_npz/0000258_N_39_N_39_patch_0002.npz,data/patient_reconstructed_predictions/patch_predictions_npz/0000258_N_39_N_39_patch_0002.npz,211251,0.20146465301513672,.npz
patch_predictions_npz/0000259_N_39_N_39_patch_0003.npz,data/patient_reconstructed_predictions/patch_predictions_npz/0000259_N_39_N_39_patch_0003.npz,209175,0.19948482513427734,.npz
patch_predictions_npz/0000260_N_39_N_39_patch_0004.npz,data/patient_reconstructed_predictions/patch_predictions_npz/0000260_N_39_N_39_patch_0004.npz,203946,0.19449806213378906,.npz
patch_predictions_npz/0000261_N_39_N_39_patch_0005.npz,data/patient_reconstructed_predictions/patch_predictions_npz/0000261_N_39_N_39_patch_0005.npz,215020,0.20505905151367188,.npz
patch_predictions_npz/0000262_N_39_N_39_patch_0006.npz,data/patient_reconstructed_predictions/patch_predictions_npz/0000262_N_39_N_39_patch_0006.npz,213245,0.20336627960205078,.npz
patch_predictions_npz/0000263_N_39_N_39_patch_0007.npz,data/patient_reconstructed_predictions/patch_predictions_npz/0000263_N_39_N_39_patch_0007.npz,203282,0.1938648223876953,.npz
patch_predictions_npz/0000264_N_4_N_4_patch_0000.npz,data/patient_reconstructed_predictions/patch_predictions_npz/0000264_N_4_N_4_patch_0000.npz,199871,0.1906118392944336,.npz
patch_predictions_npz/0000265_N_4_N_4_patch_0001.npz,data/patient_reconstructed_predictions/patch_predictions_npz/0000265_N_4_N_4_patch_0001.npz,212678,0.20282554626464844,.npz
patch_predictions_npz/0000266_N_4_N_4_patch_0002.npz,data/patient_reconstructed_predictions/patch_predictions_npz/0000266_N_4_N_4_patch_0002.npz,215788,0.20579147338867188,.npz
patch_predictions_npz/0000267_N_4_N_4_patch_0003.npz,data/patient_reconstructed_predictions/patch_predictions_npz/0000267_N_4_N_4_patch_0003.npz,212192,0.202362060546875,.npz
patch_predictions_npz/0000268_N_4_N_4_patch_0004.npz,data/patient_reconstructed_predictions/patch_predictions_npz/0000268_N_4_N_4_patch_0004.npz,200429,0.19114398956298828,.npz
patch_predictions_npz/0000269_N_4_N_4_patch_0005.npz,data/patient_reconstructed_predictions/patch_predictions_npz/0000269_N_4_N_4_patch_0005.npz,202402,0.1930255889892578,.npz
patch_predictions_npz/0000270_N_4_N_4_patch_0006.npz,data/patient_reconstructed_predictions/patch_predictions_npz/0000270_N_4_N_4_patch_0006.npz,205866,0.19632911682128906,.npz
patch_predictions_npz/0000271_N_4_N_4_patch_0007.npz,data/patient_reconstructed_predictions/patch_predictions_npz/0000271_N_4_N_4_patch_0007.npz,200715,0.19141674041748047,.npz
patch_predictions_npz/0000272_N_40_N_40_patch_0000.npz,data/patient_reconstructed_predictions/patch_predictions_npz/0000272_N_40_N_40_patch_0000.npz,208332,0.19868087768554688,.npz
patch_predictions_npz/0000273_N_40_N_40_patch_0001.npz,data/patient_reconstructed_predictions/patch_predictions_npz/0000273_N_40_N_40_patch_0001.npz,216077,0.20606708526611328,.npz
patch_predictions_npz/0000274_N_40_N_40_patch_0002.npz,data/patient_reconstructed_predictions/patch_predictions_npz/0000274_N_40_N_40_patch_0002.npz,212255,0.2024221420288086,.npz
patch_predictions_npz/0000275_N_40_N_40_patch_0003.npz,data/patient_reconstructed_predictions/patch_predictions_npz/0000275_N_40_N_40_patch_0003.npz,208132,0.19849014282226562,.npz
patch_predictions_npz/0000276_N_40_N_40_patch_0004.npz,data/patient_reconstructed_predictions/patch_predictions_npz/0000276_N_40_N_40_patch_0004.npz,213293,0.20341205596923828,.npz
patch_predictions_npz/0000277_N_40_N_40_patch_0005.npz,data/patient_reconstructed_predictions/patch_predictions_npz/0000277_N_40_N_40_patch_0005.npz,225981,0.21551227569580078,.npz
patch_predictions_npz/0000278_N_40_N_40_patch_0006.npz,data/patient_reconstructed_predictions/patch_predictions_npz/0000278_N_40_N_40_patch_0006.npz,228258,0.2176837921142578,.npz
patch_predictions_npz/0000279_N_40_N_40_patch_0007.npz,data/patient_reconstructed_predictions/patch_predictions_npz/0000279_N_40_N_40_patch_0007.npz,223953,0.2135782241821289,.npz
patch_predictions_npz/0000280_N_41_N_41_patch_0000.npz,data/patient_reconstructed_predictions/patch_predictions_npz/0000280_N_41_N_41_patch_0000.npz,214186,0.20426368713378906,.npz
patch_predictions_npz/0000281_N_41_N_41_patch_0001.npz,data/patient_reconstructed_predictions/patch_predictions_npz/0000281_N_41_N_41_patch_0001.npz,213271,0.20339107513427734,.npz
patch_predictions_npz/0000282_N_41_N_41_patch_0002.npz,data/patient_reconstructed_predictions/patch_predictions_npz/0000282_N_41_N_41_patch_0002.npz,213687,0.20378780364990234,.npz
patch_predictions_npz/0000283_N_41_N_41_patch_0003.npz,data/patient_reconstructed_predictions/patch_predictions_npz/0000283_N_41_N_41_patch_0003.npz,210476,0.20072555541992188,.npz
patch_predictions_npz/0000284_N_41_N_41_patch_0004.npz,data/patient_reconstructed_predictions/patch_predictions_npz/0000284_N_41_N_41_patch_0004.npz,203989,0.19453907012939453,.npz
patch_predictions_npz/0000285_N_41_N_41_patch_0005.npz,data/patient_reconstructed_predictions/patch_predictions_npz/0000285_N_41_N_41_patch_0005.npz,202668,0.19327926635742188,.npz
patch_predictions_npz/0000286_N_41_N_41_patch_0006.npz,data/patient_reconstructed_predictions/patch_predictions_npz/0000286_N_41_N_41_patch_0006.npz,205789,0.19625568389892578,.npz
patch_predictions_npz/0000287_N_41_N_41_patch_0007.npz,data/patient_reconstructed_predictions/patch_predictions_npz/0000287_N_41_N_41_patch_0007.npz,206559,0.1969900131225586,.npz
patch_predictions_npz/0000288_N_42_N_42_patch_0000.npz,data/patient_reconstructed_predictions/patch_predictions_npz/0000288_N_42_N_42_patch_0000.npz,199935,0.1906728744506836,.npz
patch_predictions_npz/0000289_N_42_N_42_patch_0001.npz,data/patient_reconstructed_predictions/patch_predictions_npz/0000289_N_42_N_42_patch_0001.npz,218083,0.20798015594482422,.npz
patch_predictions_npz/0000290_N_42_N_42_patch_0002.npz,data/patient_reconstructed_predictions/patch_predictions_npz/0000290_N_42_N_42_patch_0002.npz,227186,0.2166614532470703,.npz
patch_predictions_npz/0000291_N_42_N_42_patch_0003.npz,data/patient_reconstructed_predictions/patch_predictions_npz/0000291_N_42_N_42_patch_0003.npz,218537,0.20841312408447266,.npz
patch_predictions_npz/0000292_N_42_N_42_patch_0004.npz,data/patient_reconstructed_predictions/patch_predictions_npz/0000292_N_42_N_42_patch_0004.npz,200657,0.1913614273071289,.npz
patch_predictions_npz/0000293_N_42_N_42_patch_0005.npz,data/patient_reconstructed_predictions/patch_predictions_npz/0000293_N_42_N_42_patch_0005.npz,198278,0.18909263610839844,.npz
patch_predictions_npz/0000294_N_42_N_42_patch_0006.npz,data/patient_reconstructed_predictions/patch_predictions_npz/0000294_N_42_N_42_patch_0006.npz,200889,0.19158267974853516,.npz
patch_predictions_npz/0000295_N_42_N_42_patch_0007.npz,data/patient_reconstructed_predictions/patch_predictions_npz/0000295_N_42_N_42_patch_0007.npz,206241,0.1966867446899414,.npz
patch_predictions_npz/0000296_N_43_N_43_patch_0000.npz,data/patient_reconstructed_predictions/patch_predictions_npz/0000296_N_43_N_43_patch_0000.npz,205744,0.1962127685546875,.npz
patch_predictions_npz/0000297_N_43_N_43_patch_0001.npz,data/patient_reconstructed_predictions/patch_predictions_npz/0000297_N_43_N_43_patch_0001.npz,220946,0.2107105255126953,.npz
patch_predictions_npz/0000298_N_43_N_43_patch_0002.npz,data/patient_reconstructed_predictions/patch_predictions_npz/0000298_N_43_N_43_patch_0002.npz,224389,0.21399402618408203,.npz
patch_predictions_npz/0000299_N_43_N_43_patch_0003.npz,data/patient_reconstructed_predictions/patch_predictions_npz/0000299_N_43_N_43_patch_0003.npz,218924,0.20878219604492188,.npz
patch_predictions_npz/0000300_N_43_N_43_patch_0004.npz,data/patient_reconstructed_predictions/patch_predictions_npz/0000300_N_43_N_43_patch_0004.npz,208302,0.1986522674560547,.npz
patch_predictions_npz/0000301_N_43_N_43_patch_0005.npz,data/patient_reconstructed_predictions/patch_predictions_npz/0000301_N_43_N_43_patch_0005.npz,207485,0.19787311553955078,.npz
patch_predictions_npz/0000302_N_43_N_43_patch_0006.npz,data/patient_reconstructed_predictions/patch_predictions_npz/0000302_N_43_N_43_patch_0006.npz,205913,0.19637393951416016,.npz
patch_predictions_npz/0000303_N_43_N_43_patch_0007.npz,data/patient_reconstructed_predictions/patch_predictions_npz/0000303_N_43_N_43_patch_0007.npz,211556,0.20175552368164062,.npz
patch_predictions_npz/0000304_N_44_N_44_patch_0000.npz,data/patient_reconstructed_predictions/patch_predictions_npz/0000304_N_44_N_44_patch_0000.npz,225606,0.21515464782714844,.npz
patch_predictions_npz/0000305_N_44_N_44_patch_0001.npz,data/patient_reconstructed_predictions/patch_predictions_npz/0000305_N_44_N_44_patch_0001.npz,225155,0.21472454071044922,.npz
patch_predictions_npz/0000306_N_44_N_44_patch_0002.npz,data/patient_reconstructed_predictions/patch_predictions_npz/0000306_N_44_N_44_patch_0002.npz,224982,0.21455955505371094,.npz
patch_predictions_npz/0000307_N_44_N_44_patch_0003.npz,data/patient_reconstructed_predictions/patch_predictions_npz/0000307_N_44_N_44_patch_0003.npz,221597,0.21133136749267578,.npz
patch_predictions_npz/0000308_N_44_N_44_patch_0004.npz,data/patient_reconstructed_predictions/patch_predictions_npz/0000308_N_44_N_44_patch_0004.npz,215990,0.20598411560058594,.npz
patch_predictions_npz/0000309_N_44_N_44_patch_0005.npz,data/patient_reconstructed_predictions/patch_predictions_npz/0000309_N_44_N_44_patch_0005.npz,210876,0.20110702514648438,.npz
patch_predictions_npz/0000310_N_44_N_44_patch_0006.npz,data/patient_reconstructed_predictions/patch_predictions_npz/0000310_N_44_N_44_patch_0006.npz,213141,0.20326709747314453,.npz
patch_predictions_npz/0000311_N_44_N_44_patch_0007.npz,data/patient_reconstructed_predictions/patch_predictions_npz/0000311_N_44_N_44_patch_0007.npz,217225,0.20716190338134766,.npz
patch_predictions_npz/0000312_N_45_N_45_patch_0000.npz,data/patient_reconstructed_predictions/patch_predictions_npz/0000312_N_45_N_45_patch_0000.npz,191219,0.18236064910888672,.npz
patch_predictions_npz/0000313_N_45_N_45_patch_0001.npz,data/patient_reconstructed_predictions/patch_predictions_npz/0000313_N_45_N_45_patch_0001.npz,197185,0.1880502700805664,.npz
patch_predictions_npz/0000314_N_45_N_45_patch_0002.npz,data/patient_reconstructed_predictions/patch_predictions_npz/0000314_N_45_N_45_patch_0002.npz,203978,0.19452857971191406,.npz
patch_predictions_npz/0000315_N_45_N_45_patch_0003.npz,data/patient_reconstructed_predictions/patch_predictions_npz/0000315_N_45_N_45_patch_0003.npz,199243,0.19001293182373047,.npz
patch_predictions_npz/0000316_N_45_N_45_patch_0004.npz,data/patient_reconstructed_predictions/patch_predictions_npz/0000316_N_45_N_45_patch_0004.npz,192190,0.1832866668701172,.npz
patch_predictions_npz/0000317_N_45_N_45_patch_0005.npz,data/patient_reconstructed_predictions/patch_predictions_npz/0000317_N_45_N_45_patch_0005.npz,200862,0.1915569305419922,.npz
patch_predictions_npz/0000318_N_45_N_45_patch_0006.npz,data/patient_reconstructed_predictions/patch_predictions_npz/0000318_N_45_N_45_patch_0006.npz,201544,0.19220733642578125,.npz
patch_predictions_npz/0000319_N_45_N_45_patch_0007.npz,data/patient_reconstructed_predictions/patch_predictions_npz/0000319_N_45_N_45_patch_0007.npz,193908,0.18492507934570312,.npz
patch_predictions_npz/0000320_N_46_N_46_patch_0000.npz,data/patient_reconstructed_predictions/patch_predictions_npz/0000320_N_46_N_46_patch_0000.npz,206825,0.19724369049072266,.npz
patch_predictions_npz/0000321_N_46_N_46_patch_0001.npz,data/patient_reconstructed_predictions/patch_predictions_npz/0000321_N_46_N_46_patch_0001.npz,216433,0.2064065933227539,.npz
patch_predictions_npz/0000322_N_46_N_46_patch_0002.npz,data/patient_reconstructed_predictions/patch_predictions_npz/0000322_N_46_N_46_patch_0002.npz,214740,0.20479202270507812,.npz
patch_predictions_npz/0000323_N_46_N_46_patch_0003.npz,data/patient_reconstructed_predictions/patch_predictions_npz/0000323_N_46_N_46_patch_0003.npz,205040,0.1955413818359375,.npz
patch_predictions_npz/0000324_N_46_N_46_patch_0004.npz,data/patient_reconstructed_predictions/patch_predictions_npz/0000324_N_46_N_46_patch_0004.npz,202903,0.19350337982177734,.npz
patch_predictions_npz/0000325_N_46_N_46_patch_0005.npz,data/patient_reconstructed_predictions/patch_predictions_npz/0000325_N_46_N_46_patch_0005.npz,216887,0.20683956146240234,.npz
patch_predictions_npz/0000326_N_46_N_46_patch_0006.npz,data/patient_reconstructed_predictions/patch_predictions_npz/0000326_N_46_N_46_patch_0006.npz,221458,0.2111988067626953,.npz
patch_predictions_npz/0000327_N_46_N_46_patch_0007.npz,data/patient_reconstructed_predictions/patch_predictions_npz/0000327_N_46_N_46_patch_0007.npz,217910,0.20781517028808594,.npz
patch_predictions_npz/0000328_N_47_N_47_patch_0000.npz,data/patient_reconstructed_predictions/patch_predictions_npz/0000328_N_47_N_47_patch_0000.npz,196930,0.1878070831298828,.npz
patch_predictions_npz/0000329_N_47_N_47_patch_0001.npz,data/patient_reconstructed_predictions/patch_predictions_npz/0000329_N_47_N_47_patch_0001.npz,213458,0.2035694122314453,.npz
patch_predictions_npz/0000330_N_47_N_47_patch_0002.npz,data/patient_reconstructed_predictions/patch_predictions_npz/0000330_N_47_N_47_patch_0002.npz,218447,0.2083272933959961,.npz
patch_predictions_npz/0000331_N_47_N_47_patch_0003.npz,data/patient_reconstructed_predictions/patch_predictions_npz/0000331_N_47_N_47_patch_0003.npz,217867,0.20777416229248047,.npz
patch_predictions_npz/0000332_N_47_N_47_patch_0004.npz,data/patient_reconstructed_predictions/patch_predictions_npz/0000332_N_47_N_47_patch_0004.npz,212524,0.20267868041992188,.npz
patch_predictions_npz/0000333_N_47_N_47_patch_0005.npz,data/patient_reconstructed_predictions/patch_predictions_npz/0000333_N_47_N_47_patch_0005.npz,214101,0.20418262481689453,.npz
patch_predictions_npz/0000334_N_47_N_47_patch_0006.npz,data/patient_reconstructed_predictions/patch_predictions_npz/0000334_N_47_N_47_patch_0006.npz,214838,0.20488548278808594,.npz
patch_predictions_npz/0000335_N_47_N_47_patch_0007.npz,data/patient_reconstructed_predictions/patch_predictions_npz/0000335_N_47_N_47_patch_0007.npz,206508,0.19694137573242188,.npz
patch_predictions_npz/0000336_N_48_N_48_patch_0000.npz,data/patient_reconstructed_predictions/patch_predictions_npz/0000336_N_48_N_48_patch_0000.npz,201540,0.19220352172851562,.npz
patch_predictions_npz/0000337_N_48_N_48_patch_0001.npz,data/patient_reconstructed_predictions/patch_predictions_npz/0000337_N_48_N_48_patch_0001.npz,212027,0.20220470428466797,.npz
patch_predictions_npz/0000338_N_48_N_48_patch_0002.npz,data/patient_reconstructed_predictions/patch_predictions_npz/0000338_N_48_N_48_patch_0002.npz,209549,0.19984149932861328,.npz
patch_predictions_npz/0000339_N_48_N_48_patch_0003.npz,data/patient_reconstructed_predictions/patch_predictions_npz/0000339_N_48_N_48_patch_0003.npz,213501,0.20361042022705078,.npz
patch_predictions_npz/0000340_N_48_N_48_patch_0004.npz,data/patient_reconstructed_predictions/patch_predictions_npz/0000340_N_48_N_48_patch_0004.npz,220399,0.2101888656616211,.npz
patch_predictions_npz/0000341_N_48_N_48_patch_0005.npz,data/patient_reconstructed_predictions/patch_predictions_npz/0000341_N_48_N_48_patch_0005.npz,226336,0.215850830078125,.npz
patch_predictions_npz/0000342_N_48_N_48_patch_0006.npz,data/patient_reconstructed_predictions/patch_predictions_npz/0000342_N_48_N_48_patch_0006.npz,226539,0.21604442596435547,.npz
patch_predictions_npz/0000343_N_48_N_48_patch_0007.npz,data/patient_reconstructed_predictions/patch_predictions_npz/0000343_N_48_N_48_patch_0007.npz,224042,0.21366310119628906,.npz
patch_predictions_npz/0000344_N_49_N_49_patch_0000.npz,data/patient_reconstructed_predictions/patch_predictions_npz/0000344_N_49_N_49_patch_0000.npz,208886,0.19920921325683594,.npz
patch_predictions_npz/0000345_N_49_N_49_patch_0001.npz,data/patient_reconstructed_predictions/patch_predictions_npz/0000345_N_49_N_49_patch_0001.npz,217311,0.2072439193725586,.npz
patch_predictions_npz/0000346_N_49_N_49_patch_0002.npz,data/patient_reconstructed_predictions/patch_predictions_npz/0000346_N_49_N_49_patch_0002.npz,226405,0.21591663360595703,.npz
patch_predictions_npz/0000347_N_49_N_49_patch_0003.npz,data/patient_reconstructed_predictions/patch_predictions_npz/0000347_N_49_N_49_patch_0003.npz,226872,0.21636199951171875,.npz
patch_predictions_npz/0000348_N_49_N_49_patch_0004.npz,data/patient_reconstructed_predictions/patch_predictions_npz/0000348_N_49_N_49_patch_0004.npz,217006,0.2069530487060547,.npz
patch_predictions_npz/0000349_N_49_N_49_patch_0005.npz,data/patient_reconstructed_predictions/patch_predictions_npz/0000349_N_49_N_49_patch_0005.npz,219572,0.20940017700195312,.npz
patch_predictions_npz/0000350_N_49_N_49_patch_0006.npz,data/patient_reconstructed_predictions/patch_predictions_npz/0000350_N_49_N_49_patch_0006.npz,222484,0.21217727661132812,.npz
patch_predictions_npz/0000351_N_49_N_49_patch_0007.npz,data/patient_reconstructed_predictions/patch_predictions_npz/0000351_N_49_N_49_patch_0007.npz,217715,0.20762920379638672,.npz
patch_predictions_npz/0000352_N_5_N_5_patch_0000.npz,data/patient_reconstructed_predictions/patch_predictions_npz/0000352_N_5_N_5_patch_0000.npz,208479,0.1988210678100586,.npz
patch_predictions_npz/0000353_N_5_N_5_patch_0001.npz,data/patient_reconstructed_predictions/patch_predictions_npz/0000353_N_5_N_5_patch_0001.npz,216894,0.2068462371826172,.npz
patch_predictions_npz/0000354_N_5_N_5_patch_0002.npz,data/patient_reconstructed_predictions/patch_predictions_npz/0000354_N_5_N_5_patch_0002.npz,214983,0.20502376556396484,.npz
patch_predictions_npz/0000355_N_5_N_5_patch_0003.npz,data/patient_reconstructed_predictions/patch_predictions_npz/0000355_N_5_N_5_patch_0003.npz,198675,0.18947124481201172,.npz
patch_predictions_npz/0000356_N_5_N_5_patch_0004.npz,data/patient_reconstructed_predictions/patch_predictions_npz/0000356_N_5_N_5_patch_0004.npz,191206,0.18234825134277344,.npz
patch_predictions_npz/0000357_N_5_N_5_patch_0005.npz,data/patient_reconstructed_predictions/patch_predictions_npz/0000357_N_5_N_5_patch_0005.npz,197564,0.18841171264648438,.npz
patch_predictions_npz/0000358_N_5_N_5_patch_0006.npz,data/patient_reconstructed_predictions/patch_predictions_npz/0000358_N_5_N_5_patch_0006.npz,200131,0.19085979461669922,.npz
patch_predictions_npz/0000359_N_5_N_5_patch_0007.npz,data/patient_reconstructed_predictions/patch_predictions_npz/0000359_N_5_N_5_patch_0007.npz,193250,0.1842975616455078,.npz
patch_predictions_npz/0000360_N_50_N_50_patch_0000.npz,data/patient_reconstructed_predictions/patch_predictions_npz/0000360_N_50_N_50_patch_0000.npz,214544,0.2046051025390625,.npz
patch_predictions_npz/0000361_N_50_N_50_patch_0001.npz,data/patient_reconstructed_predictions/patch_predictions_npz/0000361_N_50_N_50_patch_0001.npz,226574,0.2160778045654297,.npz
patch_predictions_npz/0000362_N_50_N_50_patch_0002.npz,data/patient_reconstructed_predictions/patch_predictions_npz/0000362_N_50_N_50_patch_0002.npz,232920,0.22212982177734375,.npz
patch_predictions_npz/0000363_N_50_N_50_patch_0003.npz,data/patient_reconstructed_predictions/patch_predictions_npz/0000363_N_50_N_50_patch_0003.npz,227238,0.21671104431152344,.npz
patch_predictions_npz/0000364_N_50_N_50_patch_0004.npz,data/patient_reconstructed_predictions/patch_predictions_npz/0000364_N_50_N_50_patch_0004.npz,209203,0.19951152801513672,.npz
patch_predictions_npz/0000365_N_50_N_50_patch_0005.npz,data/patient_reconstructed_predictions/patch_predictions_npz/0000365_N_50_N_50_patch_0005.npz,203852,0.19440841674804688,.npz
patch_predictions_npz/0000366_N_50_N_50_patch_0006.npz,data/patient_reconstructed_predictions/patch_predictions_npz/0000366_N_50_N_50_patch_0006.npz,207445,0.19783496856689453,.npz
patch_predictions_npz/0000367_N_50_N_50_patch_0007.npz,data/patient_reconstructed_predictions/patch_predictions_npz/0000367_N_50_N_50_patch_0007.npz,217555,0.20747661590576172,.npz
patch_predictions_npz/0000368_N_51_N_51_patch_0000.npz,data/patient_reconstructed_predictions/patch_predictions_npz/0000368_N_51_N_51_patch_0000.npz,207774,0.1981487274169922,.npz
patch_predictions_npz/0000369_N_51_N_51_patch_0001.npz,data/patient_reconstructed_predictions/patch_predictions_npz/0000369_N_51_N_51_patch_0001.npz,220377,0.21016788482666016,.npz
patch_predictions_npz/0000370_N_51_N_51_patch_0002.npz,data/patient_reconstructed_predictions/patch_predictions_npz/0000370_N_51_N_51_patch_0002.npz,223622,0.21326255798339844,.npz
patch_predictions_npz/0000371_N_51_N_51_patch_0003.npz,data/patient_reconstructed_predictions/patch_predictions_npz/0000371_N_51_N_51_patch_0003.npz,216512,0.20648193359375,.npz
patch_predictions_npz/0000372_N_51_N_51_patch_0004.npz,data/patient_reconstructed_predictions/patch_predictions_npz/0000372_N_51_N_51_patch_0004.npz,208051,0.19841289520263672,.npz
patch_predictions_npz/0000373_N_51_N_51_patch_0005.npz,data/patient_reconstructed_predictions/patch_predictions_npz/0000373_N_51_N_51_patch_0005.npz,207843,0.19821453094482422,.npz
patch_predictions_npz/0000374_N_51_N_51_patch_0006.npz,data/patient_reconstructed_predictions/patch_predictions_npz/0000374_N_51_N_51_patch_0006.npz,207912,0.19828033447265625,.npz
patch_predictions_npz/0000375_N_51_N_51_patch_0007.npz,data/patient_reconstructed_predictions/patch_predictions_npz/0000375_N_51_N_51_patch_0007.npz,217034,0.20697975158691406,.npz
patch_predictions_npz/0000376_N_52_N_52_patch_0000.npz,data/patient_reconstructed_predictions/patch_predictions_npz/0000376_N_52_N_52_patch_0000.npz,232098,0.2213459014892578,.npz
patch_predictions_npz/0000377_N_52_N_52_patch_0001.npz,data/patient_reconstructed_predictions/patch_predictions_npz/0000377_N_52_N_52_patch_0001.npz,233353,0.22254276275634766,.npz
patch_predictions_npz/0000378_N_52_N_52_patch_0002.npz,data/patient_reconstructed_predictions/patch_predictions_npz/0000378_N_52_N_52_patch_0002.npz,229317,0.21869373321533203,.npz
patch_predictions_npz/0000379_N_52_N_52_patch_0003.npz,data/patient_reconstructed_predictions/patch_predictions_npz/0000379_N_52_N_52_patch_0003.npz,224602,0.21419715881347656,.npz
patch_predictions_npz/0000380_N_52_N_52_patch_0004.npz,data/patient_reconstructed_predictions/patch_predictions_npz/0000380_N_52_N_52_patch_0004.npz,225642,0.21518898010253906,.npz
patch_predictions_npz/0000381_N_52_N_52_patch_0005.npz,data/patient_reconstructed_predictions/patch_predictions_npz/0000381_N_52_N_52_patch_0005.npz,233879,0.22304439544677734,.npz
patch_predictions_npz/0000382_N_52_N_52_patch_0006.npz,data/patient_reconstructed_predictions/patch_predictions_npz/0000382_N_52_N_52_patch_0006.npz,246395,0.23498058319091797,.npz
patch_predictions_npz/0000383_N_52_N_52_patch_0007.npz,data/patient_reconstructed_predictions/patch_predictions_npz/0000383_N_52_N_52_patch_0007.npz,236827,0.22585582733154297,.npz
patch_predictions_npz/0000384_N_53_N_53_patch_0000.npz,data/patient_reconstructed_predictions/patch_predictions_npz/0000384_N_53_N_53_patch_0000.npz,202805,0.19340991973876953,.npz
patch_predictions_npz/0000385_N_53_N_53_patch_0001.npz,data/patient_reconstructed_predictions/patch_predictions_npz/0000385_N_53_N_53_patch_0001.npz,218861,0.20872211456298828,.npz
patch_predictions_npz/0000386_N_53_N_53_patch_0002.npz,data/patient_reconstructed_predictions/patch_predictions_npz/0000386_N_53_N_53_patch_0002.npz,230889,0.22019290924072266,.npz
patch_predictions_npz/0000387_N_53_N_53_patch_0003.npz,data/patient_reconstructed_predictions/patch_predictions_npz/0000387_N_53_N_53_patch_0003.npz,227708,0.21715927124023438,.npz
patch_predictions_npz/0000388_N_53_N_53_patch_0004.npz,data/patient_reconstructed_predictions/patch_predictions_npz/0000388_N_53_N_53_patch_0004.npz,212944,0.2030792236328125,.npz
patch_predictions_npz/0000389_N_53_N_53_patch_0005.npz,data/patient_reconstructed_predictions/patch_predictions_npz/0000389_N_53_N_53_patch_0005.npz,211685,0.20187854766845703,.npz
patch_predictions_npz/0000390_N_53_N_53_patch_0006.npz,data/patient_reconstructed_predictions/patch_predictions_npz/0000390_N_53_N_53_patch_0006.npz,204917,0.19542407989501953,.npz
patch_predictions_npz/0000391_N_53_N_53_patch_0007.npz,data/patient_reconstructed_predictions/patch_predictions_npz/0000391_N_53_N_53_patch_0007.npz,194076,0.18508529663085938,.npz
patch_predictions_npz/0000392_N_54_N_54_patch_0000.npz,data/patient_reconstructed_predictions/patch_predictions_npz/0000392_N_54_N_54_patch_0000.npz,211196,0.20141220092773438,.npz
patch_predictions_npz/0000393_N_54_N_54_patch_0001.npz,data/patient_reconstructed_predictions/patch_predictions_npz/0000393_N_54_N_54_patch_0001.npz,226502,0.21600914001464844,.npz
patch_predictions_npz/0000394_N_54_N_54_patch_0002.npz,data/patient_reconstructed_predictions/patch_predictions_npz/0000394_N_54_N_54_patch_0002.npz,233348,0.22253799438476562,.npz
patch_predictions_npz/0000395_N_54_N_54_patch_0003.npz,data/patient_reconstructed_predictions/patch_predictions_npz/0000395_N_54_N_54_patch_0003.npz,224653,0.21424579620361328,.npz
patch_predictions_npz/0000396_N_54_N_54_patch_0004.npz,data/patient_reconstructed_predictions/patch_predictions_npz/0000396_N_54_N_54_patch_0004.npz,209562,0.19985389709472656,.npz
patch_predictions_npz/0000397_N_54_N_54_patch_0005.npz,data/patient_reconstructed_predictions/patch_predictions_npz/0000397_N_54_N_54_patch_0005.npz,215332,0.20535659790039062,.npz
patch_predictions_npz/0000398_N_54_N_54_patch_0006.npz,data/patient_reconstructed_predictions/patch_predictions_npz/0000398_N_54_N_54_patch_0006.npz,227982,0.2174205780029297,.npz
patch_predictions_npz/0000399_N_54_N_54_patch_0007.npz,data/patient_reconstructed_predictions/patch_predictions_npz/0000399_N_54_N_54_patch_0007.npz,227960,0.21739959716796875,.npz
patch_predictions_npz/0000400_N_55_N_55_patch_0000.npz,data/patient_reconstructed_predictions/patch_predictions_npz/0000400_N_55_N_55_patch_0000.npz,203639,0.19420528411865234,.npz
patch_predictions_npz/0000401_N_55_N_55_patch_0001.npz,data/patient_reconstructed_predictions/patch_predictions_npz/0000401_N_55_N_55_patch_0001.npz,207217,0.1976175308227539,.npz
patch_predictions_npz/0000402_N_55_N_55_patch_0002.npz,data/patient_reconstructed_predictions/patch_predictions_npz/0000402_N_55_N_55_patch_0002.npz,211142,0.20136070251464844,.npz
patch_predictions_npz/0000403_N_55_N_55_patch_0003.npz,data/patient_reconstructed_predictions/patch_predictions_npz/0000403_N_55_N_55_patch_0003.npz,208787,0.19911479949951172,.npz
patch_predictions_npz/0000404_N_55_N_55_patch_0004.npz,data/patient_reconstructed_predictions/patch_predictions_npz/0000404_N_55_N_55_patch_0004.npz,207087,0.1974935531616211,.npz
patch_predictions_npz/0000405_N_55_N_55_patch_0005.npz,data/patient_reconstructed_predictions/patch_predictions_npz/0000405_N_55_N_55_patch_0005.npz,213059,0.20318889617919922,.npz
patch_predictions_npz/0000406_N_55_N_55_patch_0006.npz,data/patient_reconstructed_predictions/patch_predictions_npz/0000406_N_55_N_55_patch_0006.npz,210806,0.20104026794433594,.npz
patch_predictions_npz/0000407_N_55_N_55_patch_0007.npz,data/patient_reconstructed_predictions/patch_predictions_npz/0000407_N_55_N_55_patch_0007.npz,208121,0.19847965240478516,.npz
patch_predictions_npz/0000408_N_56_N_56_patch_0000.npz,data/patient_reconstructed_predictions/patch_predictions_npz/0000408_N_56_N_56_patch_0000.npz,206150,0.19659996032714844,.npz
patch_predictions_npz/0000409_N_56_N_56_patch_0001.npz,data/patient_reconstructed_predictions/patch_predictions_npz/0000409_N_56_N_56_patch_0001.npz,217450,0.20737648010253906,.npz
patch_predictions_npz/0000410_N_56_N_56_patch_0002.npz,data/patient_reconstructed_predictions/patch_predictions_npz/0000410_N_56_N_56_patch_0002.npz,220959,0.2107229232788086,.npz
patch_predictions_npz/0000411_N_56_N_56_patch_0003.npz,data/patient_reconstructed_predictions/patch_predictions_npz/0000411_N_56_N_56_patch_0003.npz,220082,0.2098865509033203,.npz
patch_predictions_npz/0000412_N_56_N_56_patch_0004.npz,data/patient_reconstructed_predictions/patch_predictions_npz/0000412_N_56_N_56_patch_0004.npz,213542,0.20364952087402344,.npz
patch_predictions_npz/0000413_N_56_N_56_patch_0005.npz,data/patient_reconstructed_predictions/patch_predictions_npz/0000413_N_56_N_56_patch_0005.npz,219086,0.2089366912841797,.npz
patch_predictions_npz/0000414_N_56_N_56_patch_0006.npz,data/patient_reconstructed_predictions/patch_predictions_npz/0000414_N_56_N_56_patch_0006.npz,221718,0.21144676208496094,.npz
patch_predictions_npz/0000415_N_56_N_56_patch_0007.npz,data/patient_reconstructed_predictions/patch_predictions_npz/0000415_N_56_N_56_patch_0007.npz,223942,0.21356773376464844,.npz
patch_predictions_npz/0000416_N_57_N_57_patch_0000.npz,data/patient_reconstructed_predictions/patch_predictions_npz/0000416_N_57_N_57_patch_0000.npz,199391,0.1901540756225586,.npz
patch_predictions_npz/0000417_N_57_N_57_patch_0001.npz,data/patient_reconstructed_predictions/patch_predictions_npz/0000417_N_57_N_57_patch_0001.npz,212503,0.20265865325927734,.npz
patch_predictions_npz/0000418_N_57_N_57_patch_0002.npz,data/patient_reconstructed_predictions/patch_predictions_npz/0000418_N_57_N_57_patch_0002.npz,218307,0.20819377899169922,.npz
patch_predictions_npz/0000419_N_57_N_57_patch_0003.npz,data/patient_reconstructed_predictions/patch_predictions_npz/0000419_N_57_N_57_patch_0003.npz,214136,0.20421600341796875,.npz
patch_predictions_npz/0000420_N_57_N_57_patch_0004.npz,data/patient_reconstructed_predictions/patch_predictions_npz/0000420_N_57_N_57_patch_0004.npz,198760,0.18955230712890625,.npz
patch_predictions_npz/0000421_N_57_N_57_patch_0005.npz,data/patient_reconstructed_predictions/patch_predictions_npz/0000421_N_57_N_57_patch_0005.npz,209589,0.19987964630126953,.npz
patch_predictions_npz/0000422_N_57_N_57_patch_0006.npz,data/patient_reconstructed_predictions/patch_predictions_npz/0000422_N_57_N_57_patch_0006.npz,215202,0.2052326202392578,.npz
patch_predictions_npz/0000423_N_57_N_57_patch_0007.npz,data/patient_reconstructed_predictions/patch_predictions_npz/0000423_N_57_N_57_patch_0007.npz,204561,0.1950845718383789,.npz
patch_predictions_npz/0000424_N_58_N_58_patch_0000.npz,data/patient_reconstructed_predictions/patch_predictions_npz/0000424_N_58_N_58_patch_0000.npz,197452,0.18830490112304688,.npz
patch_predictions_npz/0000425_N_58_N_58_patch_0001.npz,data/patient_reconstructed_predictions/patch_predictions_npz/0000425_N_58_N_58_patch_0001.npz,203501,0.19407367706298828,.npz
patch_predictions_npz/0000426_N_58_N_58_patch_0002.npz,data/patient_reconstructed_predictions/patch_predictions_npz/0000426_N_58_N_58_patch_0002.npz,214829,0.20487689971923828,.npz
patch_predictions_npz/0000427_N_58_N_58_patch_0003.npz,data/patient_reconstructed_predictions/patch_predictions_npz/0000427_N_58_N_58_patch_0003.npz,222703,0.2123861312866211,.npz
patch_predictions_npz/0000428_N_58_N_58_patch_0004.npz,data/patient_reconstructed_predictions/patch_predictions_npz/0000428_N_58_N_58_patch_0004.npz,221424,0.2111663818359375,.npz
patch_predictions_npz/0000429_N_58_N_58_patch_0005.npz,data/patient_reconstructed_predictions/patch_predictions_npz/0000429_N_58_N_58_patch_0005.npz,231195,0.22048473358154297,.npz
patch_predictions_npz/0000430_N_58_N_58_patch_0006.npz,data/patient_reconstructed_predictions/patch_predictions_npz/0000430_N_58_N_58_patch_0006.npz,219455,0.2092885971069336,.npz
patch_predictions_npz/0000431_N_58_N_58_patch_0007.npz,data/patient_reconstructed_predictions/patch_predictions_npz/0000431_N_58_N_58_patch_0007.npz,197355,0.18821239471435547,.npz
patch_predictions_npz/0000432_N_59_N_59_patch_0000.npz,data/patient_reconstructed_predictions/patch_predictions_npz/0000432_N_59_N_59_patch_0000.npz,211525,0.20172595977783203,.npz
patch_predictions_npz/0000433_N_59_N_59_patch_0001.npz,data/patient_reconstructed_predictions/patch_predictions_npz/0000433_N_59_N_59_patch_0001.npz,228955,0.21834850311279297,.npz
patch_predictions_npz/0000434_N_59_N_59_patch_0002.npz,data/patient_reconstructed_predictions/patch_predictions_npz/0000434_N_59_N_59_patch_0002.npz,227950,0.2173900604248047,.npz
patch_predictions_npz/0000435_N_59_N_59_patch_0003.npz,data/patient_reconstructed_predictions/patch_predictions_npz/0000435_N_59_N_59_patch_0003.npz,222512,0.2122039794921875,.npz
patch_predictions_npz/0000436_N_59_N_59_patch_0004.npz,data/patient_reconstructed_predictions/patch_predictions_npz/0000436_N_59_N_59_patch_0004.npz,216870,0.20682334899902344,.npz
patch_predictions_npz/0000437_N_59_N_59_patch_0005.npz,data/patient_reconstructed_predictions/patch_predictions_npz/0000437_N_59_N_59_patch_0005.npz,223935,0.2135610580444336,.npz
patch_predictions_npz/0000438_N_59_N_59_patch_0006.npz,data/patient_reconstructed_predictions/patch_predictions_npz/0000438_N_59_N_59_patch_0006.npz,213664,0.203765869140625,.npz
patch_predictions_npz/0000439_N_59_N_59_patch_0007.npz,data/patient_reconstructed_predictions/patch_predictions_npz/0000439_N_59_N_59_patch_0007.npz,203839,0.1943960189819336,.npz
patch_predictions_npz/0000440_N_6_N_6_patch_0000.npz,data/patient_reconstructed_predictions/patch_predictions_npz/0000440_N_6_N_6_patch_0000.npz,206679,0.19710445404052734,.npz
patch_predictions_npz/0000441_N_6_N_6_patch_0001.npz,data/patient_reconstructed_predictions/patch_predictions_npz/0000441_N_6_N_6_patch_0001.npz,210994,0.2012195587158203,.npz
patch_predictions_npz/0000442_N_6_N_6_patch_0002.npz,data/patient_reconstructed_predictions/patch_predictions_npz/0000442_N_6_N_6_patch_0002.npz,213835,0.20392894744873047,.npz
patch_predictions_npz/0000443_N_6_N_6_patch_0003.npz,data/patient_reconstructed_predictions/patch_predictions_npz/0000443_N_6_N_6_patch_0003.npz,213477,0.20358753204345703,.npz
patch_predictions_npz/0000444_N_6_N_6_patch_0004.npz,data/patient_reconstructed_predictions/patch_predictions_npz/0000444_N_6_N_6_patch_0004.npz,209830,0.20010948181152344,.npz
patch_predictions_npz/0000445_N_6_N_6_patch_0005.npz,data/patient_reconstructed_predictions/patch_predictions_npz/0000445_N_6_N_6_patch_0005.npz,208648,0.19898223876953125,.npz
patch_predictions_npz/0000446_N_6_N_6_patch_0006.npz,data/patient_reconstructed_predictions/patch_predictions_npz/0000446_N_6_N_6_patch_0006.npz,210619,0.20086193084716797,.npz
patch_predictions_npz/0000447_N_6_N_6_patch_0007.npz,data/patient_reconstructed_predictions/patch_predictions_npz/0000447_N_6_N_6_patch_0007.npz,207028,0.19743728637695312,.npz
patch_predictions_npz/0000448_N_60_N_60_patch_0000.npz,data/patient_reconstructed_predictions/patch_predictions_npz/0000448_N_60_N_60_patch_0000.npz,206835,0.19725322723388672,.npz
patch_predictions_npz/0000449_N_60_N_60_patch_0001.npz,data/patient_reconstructed_predictions/patch_predictions_npz/0000449_N_60_N_60_patch_0001.npz,224357,0.21396350860595703,.npz
patch_predictions_npz/0000450_N_60_N_60_patch_0002.npz,data/patient_reconstructed_predictions/patch_predictions_npz/0000450_N_60_N_60_patch_0002.npz,225164,0.21473312377929688,.npz
patch_predictions_npz/0000451_N_60_N_60_patch_0003.npz,data/patient_reconstructed_predictions/patch_predictions_npz/0000451_N_60_N_60_patch_0003.npz,214181,0.20425891876220703,.npz
patch_predictions_npz/0000452_N_60_N_60_patch_0004.npz,data/patient_reconstructed_predictions/patch_predictions_npz/0000452_N_60_N_60_patch_0004.npz,205669,0.19614124298095703,.npz
patch_predictions_npz/0000453_N_60_N_60_patch_0005.npz,data/patient_reconstructed_predictions/patch_predictions_npz/0000453_N_60_N_60_patch_0005.npz,209618,0.1999073028564453,.npz
patch_predictions_npz/0000454_N_60_N_60_patch_0006.npz,data/patient_reconstructed_predictions/patch_predictions_npz/0000454_N_60_N_60_patch_0006.npz,213003,0.20313549041748047,.npz
patch_predictions_npz/0000455_N_60_N_60_patch_0007.npz,data/patient_reconstructed_predictions/patch_predictions_npz/0000455_N_60_N_60_patch_0007.npz,221653,0.21138477325439453,.npz
patch_predictions_npz/0000456_N_61_N_61_patch_0000.npz,data/patient_reconstructed_predictions/patch_predictions_npz/0000456_N_61_N_61_patch_0000.npz,234849,0.2239694595336914,.npz
patch_predictions_npz/0000457_N_61_N_61_patch_0001.npz,data/patient_reconstructed_predictions/patch_predictions_npz/0000457_N_61_N_61_patch_0001.npz,243285,0.23201465606689453,.npz
patch_predictions_npz/0000458_N_61_N_61_patch_0002.npz,data/patient_reconstructed_predictions/patch_predictions_npz/0000458_N_61_N_61_patch_0002.npz,244890,0.23354530334472656,.npz
patch_predictions_npz/0000459_N_61_N_61_patch_0003.npz,data/patient_reconstructed_predictions/patch_predictions_npz/0000459_N_61_N_61_patch_0003.npz,247370,0.23591041564941406,.npz
patch_predictions_npz/0000460_N_61_N_61_patch_0004.npz,data/patient_reconstructed_predictions/patch_predictions_npz/0000460_N_61_N_61_patch_0004.npz,237953,0.2269296646118164,.npz
patch_predictions_npz/0000461_N_61_N_61_patch_0005.npz,data/patient_reconstructed_predictions/patch_predictions_npz/0000461_N_61_N_61_patch_0005.npz,239090,0.2280139923095703,.npz
patch_predictions_npz/0000462_N_61_N_61_patch_0006.npz,data/patient_reconstructed_predictions/patch_predictions_npz/0000462_N_61_N_61_patch_0006.npz,246299,0.23488903045654297,.npz
patch_predictions_npz/0000463_N_61_N_61_patch_0007.npz,data/patient_reconstructed_predictions/patch_predictions_npz/0000463_N_61_N_61_patch_0007.npz,237534,0.2265300750732422,.npz
patch_predictions_npz/0000464_N_62_N_62_patch_0000.npz,data/patient_reconstructed_predictions/patch_predictions_npz/0000464_N_62_N_62_patch_0000.npz,226023,0.21555233001708984,.npz
patch_predictions_npz/0000465_N_62_N_62_patch_0001.npz,data/patient_reconstructed_predictions/patch_predictions_npz/0000465_N_62_N_62_patch_0001.npz,234474,0.22361183166503906,.npz
patch_predictions_npz/0000466_N_62_N_62_patch_0002.npz,data/patient_reconstructed_predictions/patch_predictions_npz/0000466_N_62_N_62_patch_0002.npz,240568,0.22942352294921875,.npz
patch_predictions_npz/0000467_N_62_N_62_patch_0003.npz,data/patient_reconstructed_predictions/patch_predictions_npz/0000467_N_62_N_62_patch_0003.npz,234070,0.22322654724121094,.npz
patch_predictions_npz/0000468_N_62_N_62_patch_0004.npz,data/patient_reconstructed_predictions/patch_predictions_npz/0000468_N_62_N_62_patch_0004.npz,222768,0.2124481201171875,.npz
patch_predictions_npz/0000469_N_62_N_62_patch_0005.npz,data/patient_reconstructed_predictions/patch_predictions_npz/0000469_N_62_N_62_patch_0005.npz,233357,0.22254657745361328,.npz
patch_predictions_npz/0000470_N_62_N_62_patch_0006.npz,data/patient_reconstructed_predictions/patch_predictions_npz/0000470_N_62_N_62_patch_0006.npz,253061,0.24133777618408203,.npz
patch_predictions_npz/0000471_N_62_N_62_patch_0007.npz,data/patient_reconstructed_predictions/patch_predictions_npz/0000471_N_62_N_62_patch_0007.npz,246928,0.2354888916015625,.npz
patch_predictions_npz/0000472_N_63_N_63_patch_0000.npz,data/patient_reconstructed_predictions/patch_predictions_npz/0000472_N_63_N_63_patch_0000.npz,200343,0.19106197357177734,.npz
patch_predictions_npz/0000473_N_63_N_63_patch_0001.npz,data/patient_reconstructed_predictions/patch_predictions_npz/0000473_N_63_N_63_patch_0001.npz,212747,0.20289134979248047,.npz
patch_predictions_npz/0000474_N_63_N_63_patch_0002.npz,data/patient_reconstructed_predictions/patch_predictions_npz/0000474_N_63_N_63_patch_0002.npz,216582,0.20654869079589844,.npz
patch_predictions_npz/0000475_N_63_N_63_patch_0003.npz,data/patient_reconstructed_predictions/patch_predictions_npz/0000475_N_63_N_63_patch_0003.npz,217349,0.20728015899658203,.npz
patch_predictions_npz/0000476_N_63_N_63_patch_0004.npz,data/patient_reconstructed_predictions/patch_predictions_npz/0000476_N_63_N_63_patch_0004.npz,212325,0.20248889923095703,.npz
patch_predictions_npz/0000477_N_63_N_63_patch_0005.npz,data/patient_reconstructed_predictions/patch_predictions_npz/0000477_N_63_N_63_patch_0005.npz,213002,0.20313453674316406,.npz
patch_predictions_npz/0000478_N_63_N_63_patch_0006.npz,data/patient_reconstructed_predictions/patch_predictions_npz/0000478_N_63_N_63_patch_0006.npz,214426,0.20449256896972656,.npz
patch_predictions_npz/0000479_N_63_N_63_patch_0007.npz,data/patient_reconstructed_predictions/patch_predictions_npz/0000479_N_63_N_63_patch_0007.npz,210628,0.20087051391601562,.npz
patch_predictions_npz/0000480_N_64_N_64_patch_0000.npz,data/patient_reconstructed_predictions/patch_predictions_npz/0000480_N_64_N_64_patch_0000.npz,224462,0.2140636444091797,.npz
patch_predictions_npz/0000481_N_64_N_64_patch_0001.npz,data/patient_reconstructed_predictions/patch_predictions_npz/0000481_N_64_N_64_patch_0001.npz,237770,0.22675514221191406,.npz
patch_predictions_npz/0000482_N_64_N_64_patch_0002.npz,data/patient_reconstructed_predictions/patch_predictions_npz/0000482_N_64_N_64_patch_0002.npz,237562,0.22655677795410156,.npz
patch_predictions_npz/0000483_N_64_N_64_patch_0003.npz,data/patient_reconstructed_predictions/patch_predictions_npz/0000483_N_64_N_64_patch_0003.npz,231744,0.22100830078125,.npz
patch_predictions_npz/0000484_N_64_N_64_patch_0004.npz,data/patient_reconstructed_predictions/patch_predictions_npz/0000484_N_64_N_64_patch_0004.npz,228149,0.21757984161376953,.npz
patch_predictions_npz/0000485_N_64_N_64_patch_0005.npz,data/patient_reconstructed_predictions/patch_predictions_npz/0000485_N_64_N_64_patch_0005.npz,230644,0.21995925903320312,.npz
patch_predictions_npz/0000486_N_64_N_64_patch_0006.npz,data/patient_reconstructed_predictions/patch_predictions_npz/0000486_N_64_N_64_patch_0006.npz,233043,0.22224712371826172,.npz
patch_predictions_npz/0000487_N_64_N_64_patch_0007.npz,data/patient_reconstructed_predictions/patch_predictions_npz/0000487_N_64_N_64_patch_0007.npz,233549,0.22272968292236328,.npz
patch_predictions_npz/0000488_N_65_N_65_patch_0000.npz,data/patient_reconstructed_predictions/patch_predictions_npz/0000488_N_65_N_65_patch_0000.npz,207523,0.19790935516357422,.npz
patch_predictions_npz/0000489_N_65_N_65_patch_0001.npz,data/patient_reconstructed_predictions/patch_predictions_npz/0000489_N_65_N_65_patch_0001.npz,214621,0.20467853546142578,.npz
patch_predictions_npz/0000490_N_65_N_65_patch_0002.npz,data/patient_reconstructed_predictions/patch_predictions_npz/0000490_N_65_N_65_patch_0002.npz,213745,0.2038431167602539,.npz
patch_predictions_npz/0000491_N_65_N_65_patch_0003.npz,data/patient_reconstructed_predictions/patch_predictions_npz/0000491_N_65_N_65_patch_0003.npz,208314,0.19866371154785156,.npz
patch_predictions_npz/0000492_N_65_N_65_patch_0004.npz,data/patient_reconstructed_predictions/patch_predictions_npz/0000492_N_65_N_65_patch_0004.npz,196442,0.18734169006347656,.npz
patch_predictions_npz/0000493_N_65_N_65_patch_0005.npz,data/patient_reconstructed_predictions/patch_predictions_npz/0000493_N_65_N_65_patch_0005.npz,203472,0.1940460205078125,.npz
patch_predictions_npz/0000494_N_65_N_65_patch_0006.npz,data/patient_reconstructed_predictions/patch_predictions_npz/0000494_N_65_N_65_patch_0006.npz,213623,0.20372676849365234,.npz
patch_predictions_npz/0000495_N_65_N_65_patch_0007.npz,data/patient_reconstructed_predictions/patch_predictions_npz/0000495_N_65_N_65_patch_0007.npz,216629,0.20659351348876953,.npz
patch_predictions_npz/0000496_N_66_N_66_patch_0000.npz,data/patient_reconstructed_predictions/patch_predictions_npz/0000496_N_66_N_66_patch_0000.npz,212140,0.20231246948242188,.npz
patch_predictions_npz/0000497_N_66_N_66_patch_0001.npz,data/patient_reconstructed_predictions/patch_predictions_npz/0000497_N_66_N_66_patch_0001.npz,231071,0.2203664779663086,.npz
patch_predictions_npz/0000498_N_66_N_66_patch_0002.npz,data/patient_reconstructed_predictions/patch_predictions_npz/0000498_N_66_N_66_patch_0002.npz,233711,0.2228841781616211,.npz
patch_predictions_npz/0000499_N_66_N_66_patch_0003.npz,data/patient_reconstructed_predictions/patch_predictions_npz/0000499_N_66_N_66_patch_0003.npz,221003,0.21076488494873047,.npz
patch_predictions_npz/0000500_N_66_N_66_patch_0004.npz,data/patient_reconstructed_predictions/patch_predictions_npz/0000500_N_66_N_66_patch_0004.npz,206026,0.19648170471191406,.npz
patch_predictions_npz/0000501_N_66_N_66_patch_0005.npz,data/patient_reconstructed_predictions/patch_predictions_npz/0000501_N_66_N_66_patch_0005.npz,197506,0.1883563995361328,.npz
patch_predictions_npz/0000502_N_66_N_66_patch_0006.npz,data/patient_reconstructed_predictions/patch_predictions_npz/0000502_N_66_N_66_patch_0006.npz,199757,0.19050312042236328,.npz
patch_predictions_npz/0000503_N_66_N_66_patch_0007.npz,data/patient_reconstructed_predictions/patch_predictions_npz/0000503_N_66_N_66_patch_0007.npz,205678,0.1961498260498047,.npz
patch_predictions_npz/0000504_N_67_N_67_patch_0000.npz,data/patient_reconstructed_predictions/patch_predictions_npz/0000504_N_67_N_67_patch_0000.npz,229758,0.2191143035888672,.npz
patch_predictions_npz/0000505_N_67_N_67_patch_0001.npz,data/patient_reconstructed_predictions/patch_predictions_npz/0000505_N_67_N_67_patch_0001.npz,241856,0.23065185546875,.npz
patch_predictions_npz/0000506_N_67_N_67_patch_0002.npz,data/patient_reconstructed_predictions/patch_predictions_npz/0000506_N_67_N_67_patch_0002.npz,250272,0.238677978515625,.npz
patch_predictions_npz/0000507_N_67_N_67_patch_0003.npz,data/patient_reconstructed_predictions/patch_predictions_npz/0000507_N_67_N_67_patch_0003.npz,243275,0.23200511932373047,.npz
patch_predictions_npz/0000508_N_67_N_67_patch_0004.npz,data/patient_reconstructed_predictions/patch_predictions_npz/0000508_N_67_N_67_patch_0004.npz,246710,0.23528099060058594,.npz
patch_predictions_npz/0000509_N_67_N_67_patch_0005.npz,data/patient_reconstructed_predictions/patch_predictions_npz/0000509_N_67_N_67_patch_0005.npz,253478,0.24173545837402344,.npz
patch_predictions_npz/0000510_N_67_N_67_patch_0006.npz,data/patient_reconstructed_predictions/patch_predictions_npz/0000510_N_67_N_67_patch_0006.npz,248747,0.23722362518310547,.npz
patch_predictions_npz/0000511_N_67_N_67_patch_0007.npz,data/patient_reconstructed_predictions/patch_predictions_npz/0000511_N_67_N_67_patch_0007.npz,228940,0.21833419799804688,.npz
patch_predictions_npz/0000512_N_68_N_68_patch_0000.npz,data/patient_reconstructed_predictions/patch_predictions_npz/0000512_N_68_N_68_patch_0000.npz,211862,0.20204734802246094,.npz
patch_predictions_npz/0000513_N_68_N_68_patch_0001.npz,data/patient_reconstructed_predictions/patch_predictions_npz/0000513_N_68_N_68_patch_0001.npz,234175,0.2233266830444336,.npz
patch_predictions_npz/0000514_N_68_N_68_patch_0002.npz,data/patient_reconstructed_predictions/patch_predictions_npz/0000514_N_68_N_68_patch_0002.npz,236543,0.2255849838256836,.npz
patch_predictions_npz/0000515_N_68_N_68_patch_0003.npz,data/patient_reconstructed_predictions/patch_predictions_npz/0000515_N_68_N_68_patch_0003.npz,229252,0.21863174438476562,.npz
patch_predictions_npz/0000516_N_68_N_68_patch_0004.npz,data/patient_reconstructed_predictions/patch_predictions_npz/0000516_N_68_N_68_patch_0004.npz,222636,0.21232223510742188,.npz
patch_predictions_npz/0000517_N_68_N_68_patch_0005.npz,data/patient_reconstructed_predictions/patch_predictions_npz/0000517_N_68_N_68_patch_0005.npz,225739,0.21528148651123047,.npz
patch_predictions_npz/0000518_N_68_N_68_patch_0006.npz,data/patient_reconstructed_predictions/patch_predictions_npz/0000518_N_68_N_68_patch_0006.npz,231069,0.22036457061767578,.npz
patch_predictions_npz/0000519_N_68_N_68_patch_0007.npz,data/patient_reconstructed_predictions/patch_predictions_npz/0000519_N_68_N_68_patch_0007.npz,238178,0.2271442413330078,.npz
patch_predictions_npz/0000520_N_69_N_69_patch_0000.npz,data/patient_reconstructed_predictions/patch_predictions_npz/0000520_N_69_N_69_patch_0000.npz,213694,0.2037944793701172,.npz
patch_predictions_npz/0000521_N_69_N_69_patch_0001.npz,data/patient_reconstructed_predictions/patch_predictions_npz/0000521_N_69_N_69_patch_0001.npz,225795,0.21533489227294922,.npz
patch_predictions_npz/0000522_N_69_N_69_patch_0002.npz,data/patient_reconstructed_predictions/patch_predictions_npz/0000522_N_69_N_69_patch_0002.npz,229237,0.21861743927001953,.npz
patch_predictions_npz/0000523_N_69_N_69_patch_0003.npz,data/patient_reconstructed_predictions/patch_predictions_npz/0000523_N_69_N_69_patch_0003.npz,224441,0.21404361724853516,.npz
patch_predictions_npz/0000524_N_69_N_69_patch_0004.npz,data/patient_reconstructed_predictions/patch_predictions_npz/0000524_N_69_N_69_patch_0004.npz,222164,0.21187210083007812,.npz
patch_predictions_npz/0000525_N_69_N_69_patch_0005.npz,data/patient_reconstructed_predictions/patch_predictions_npz/0000525_N_69_N_69_patch_0005.npz,223523,0.21316814422607422,.npz
patch_predictions_npz/0000526_N_69_N_69_patch_0006.npz,data/patient_reconstructed_predictions/patch_predictions_npz/0000526_N_69_N_69_patch_0006.npz,224927,0.2145071029663086,.npz
patch_predictions_npz/0000527_N_69_N_69_patch_0007.npz,data/patient_reconstructed_predictions/patch_predictions_npz/0000527_N_69_N_69_patch_0007.npz,222718,0.2124004364013672,.npz
patch_predictions_npz/0000528_N_7_N_7_patch_0000.npz,data/patient_reconstructed_predictions/patch_predictions_npz/0000528_N_7_N_7_patch_0000.npz,210444,0.20069503784179688,.npz
patch_predictions_npz/0000529_N_7_N_7_patch_0001.npz,data/patient_reconstructed_predictions/patch_predictions_npz/0000529_N_7_N_7_patch_0001.npz,218159,0.2080526351928711,.npz
patch_predictions_npz/0000530_N_7_N_7_patch_0002.npz,data/patient_reconstructed_predictions/patch_predictions_npz/0000530_N_7_N_7_patch_0002.npz,222796,0.21247482299804688,.npz
patch_predictions_npz/0000531_N_7_N_7_patch_0003.npz,data/patient_reconstructed_predictions/patch_predictions_npz/0000531_N_7_N_7_patch_0003.npz,222497,0.2121896743774414,.npz
patch_predictions_npz/0000532_N_7_N_7_patch_0004.npz,data/patient_reconstructed_predictions/patch_predictions_npz/0000532_N_7_N_7_patch_0004.npz,213382,0.20349693298339844,.npz
patch_predictions_npz/0000533_N_7_N_7_patch_0005.npz,data/patient_reconstructed_predictions/patch_predictions_npz/0000533_N_7_N_7_patch_0005.npz,223666,0.2133045196533203,.npz
patch_predictions_npz/0000534_N_7_N_7_patch_0006.npz,data/patient_reconstructed_predictions/patch_predictions_npz/0000534_N_7_N_7_patch_0006.npz,231447,0.22072505950927734,.npz
patch_predictions_npz/0000535_N_7_N_7_patch_0007.npz,data/patient_reconstructed_predictions/patch_predictions_npz/0000535_N_7_N_7_patch_0007.npz,219581,0.20940876007080078,.npz
patch_predictions_npz/0000536_N_70_N_70_patch_0000.npz,data/patient_reconstructed_predictions/patch_predictions_npz/0000536_N_70_N_70_patch_0000.npz,214315,0.20438671112060547,.npz
patch_predictions_npz/0000537_N_70_N_70_patch_0001.npz,data/patient_reconstructed_predictions/patch_predictions_npz/0000537_N_70_N_70_patch_0001.npz,225552,0.2151031494140625,.npz
patch_predictions_npz/0000538_N_70_N_70_patch_0002.npz,data/patient_reconstructed_predictions/patch_predictions_npz/0000538_N_70_N_70_patch_0002.npz,238869,0.22780323028564453,.npz
patch_predictions_npz/0000539_N_70_N_70_patch_0003.npz,data/patient_reconstructed_predictions/patch_predictions_npz/0000539_N_70_N_70_patch_0003.npz,245775,0.2343893051147461,.npz
patch_predictions_npz/0000540_N_70_N_70_patch_0004.npz,data/patient_reconstructed_predictions/patch_predictions_npz/0000540_N_70_N_70_patch_0004.npz,241946,0.23073768615722656,.npz
patch_predictions_npz/0000541_N_70_N_70_patch_0005.npz,data/patient_reconstructed_predictions/patch_predictions_npz/0000541_N_70_N_70_patch_0005.npz,244414,0.2330913543701172,.npz
patch_predictions_npz/0000542_N_70_N_70_patch_0006.npz,data/patient_reconstructed_predictions/patch_predictions_npz/0000542_N_70_N_70_patch_0006.npz,245957,0.23456287384033203,.npz
patch_predictions_npz/0000543_N_70_N_70_patch_0007.npz,data/patient_reconstructed_predictions/patch_predictions_npz/0000543_N_70_N_70_patch_0007.npz,236024,0.22509002685546875,.npz
patch_predictions_npz/0000544_N_71_N_71_patch_0000.npz,data/patient_reconstructed_predictions/patch_predictions_npz/0000544_N_71_N_71_patch_0000.npz,199345,0.1901102066040039,.npz
patch_predictions_npz/0000545_N_71_N_71_patch_0001.npz,data/patient_reconstructed_predictions/patch_predictions_npz/0000545_N_71_N_71_patch_0001.npz,208554,0.19889259338378906,.npz
patch_predictions_npz/0000546_N_71_N_71_patch_0002.npz,data/patient_reconstructed_predictions/patch_predictions_npz/0000546_N_71_N_71_patch_0002.npz,209071,0.1993856430053711,.npz
patch_predictions_npz/0000547_N_71_N_71_patch_0003.npz,data/patient_reconstructed_predictions/patch_predictions_npz/0000547_N_71_N_71_patch_0003.npz,201262,0.1919384002685547,.npz
patch_predictions_npz/0000548_N_71_N_71_patch_0004.npz,data/patient_reconstructed_predictions/patch_predictions_npz/0000548_N_71_N_71_patch_0004.npz,189620,0.18083572387695312,.npz
patch_predictions_npz/0000549_N_71_N_71_patch_0005.npz,data/patient_reconstructed_predictions/patch_predictions_npz/0000549_N_71_N_71_patch_0005.npz,191867,0.18297863006591797,.npz
patch_predictions_npz/0000550_N_71_N_71_patch_0006.npz,data/patient_reconstructed_predictions/patch_predictions_npz/0000550_N_71_N_71_patch_0006.npz,197294,0.1881542205810547,.npz
patch_predictions_npz/0000551_N_71_N_71_patch_0007.npz,data/patient_reconstructed_predictions/patch_predictions_npz/0000551_N_71_N_71_patch_0007.npz,200737,0.1914377212524414,.npz
patch_predictions_npz/0000552_N_8_N_8_patch_0000.npz,data/patient_reconstructed_predictions/patch_predictions_npz/0000552_N_8_N_8_patch_0000.npz,194406,0.18540000915527344,.npz
patch_predictions_npz/0000553_N_8_N_8_patch_0001.npz,data/patient_reconstructed_predictions/patch_predictions_npz/0000553_N_8_N_8_patch_0001.npz,206920,0.19733428955078125,.npz
patch_predictions_npz/0000554_N_8_N_8_patch_0002.npz,data/patient_reconstructed_predictions/patch_predictions_npz/0000554_N_8_N_8_patch_0002.npz,205877,0.19633960723876953,.npz
patch_predictions_npz/0000555_N_8_N_8_patch_0003.npz,data/patient_reconstructed_predictions/patch_predictions_npz/0000555_N_8_N_8_patch_0003.npz,202127,0.1927633285522461,.npz
patch_predictions_npz/0000556_N_8_N_8_patch_0004.npz,data/patient_reconstructed_predictions/patch_predictions_npz/0000556_N_8_N_8_patch_0004.npz,194734,0.1857128143310547,.npz
patch_predictions_npz/0000557_N_8_N_8_patch_0005.npz,data/patient_reconstructed_predictions/patch_predictions_npz/0000557_N_8_N_8_patch_0005.npz,197953,0.1887826919555664,.npz
patch_predictions_npz/0000558_N_8_N_8_patch_0006.npz,data/patient_reconstructed_predictions/patch_predictions_npz/0000558_N_8_N_8_patch_0006.npz,202972,0.19356918334960938,.npz
patch_predictions_npz/0000559_N_8_N_8_patch_0007.npz,data/patient_reconstructed_predictions/patch_predictions_npz/0000559_N_8_N_8_patch_0007.npz,192809,0.18387699127197266,.npz
patch_predictions_npz/0000560_N_9_N_9_patch_0000.npz,data/patient_reconstructed_predictions/patch_predictions_npz/0000560_N_9_N_9_patch_0000.npz,196412,0.18731307983398438,.npz
patch_predictions_npz/0000561_N_9_N_9_patch_0001.npz,data/patient_reconstructed_predictions/patch_predictions_npz/0000561_N_9_N_9_patch_0001.npz,215975,0.20596981048583984,.npz
patch_predictions_npz/0000562_N_9_N_9_patch_0002.npz,data/patient_reconstructed_predictions/patch_predictions_npz/0000562_N_9_N_9_patch_0002.npz,217400,0.20732879638671875,.npz
patch_predictions_npz/0000563_N_9_N_9_patch_0003.npz,data/patient_reconstructed_predictions/patch_predictions_npz/0000563_N_9_N_9_patch_0003.npz,200842,0.19153785705566406,.npz
patch_predictions_npz/0000564_N_9_N_9_patch_0004.npz,data/patient_reconstructed_predictions/patch_predictions_npz/0000564_N_9_N_9_patch_0004.npz,190369,0.1815500259399414,.npz
patch_predictions_npz/0000565_N_9_N_9_patch_0005.npz,data/patient_reconstructed_predictions/patch_predictions_npz/0000565_N_9_N_9_patch_0005.npz,196392,0.18729400634765625,.npz
patch_predictions_npz/0000566_N_9_N_9_patch_0006.npz,data/patient_reconstructed_predictions/patch_predictions_npz/0000566_N_9_N_9_patch_0006.npz,202401,0.1930246353149414,.npz
patch_predictions_npz/0000567_N_9_N_9_patch_0007.npz,data/patient_reconstructed_predictions/patch_predictions_npz/0000567_N_9_N_9_patch_0007.npz,200345,0.19106388092041016,.npz
patch_predictions_npz/0000568_S_100_S_100_patch_0000.npz,data/patient_reconstructed_predictions/patch_predictions_npz/0000568_S_100_S_100_patch_0000.npz,196844,0.18772506713867188,.npz
patch_predictions_npz/0000569_S_100_S_100_patch_0001.npz,data/patient_reconstructed_predictions/patch_predictions_npz/0000569_S_100_S_100_patch_0001.npz,227273,0.21674442291259766,.npz
patch_predictions_npz/0000570_S_100_S_100_patch_0002.npz,data/patient_reconstructed_predictions/patch_predictions_npz/0000570_S_100_S_100_patch_0002.npz,248383,0.2368764877319336,.npz
patch_predictions_npz/0000571_S_100_S_100_patch_0003.npz,data/patient_reconstructed_predictions/patch_predictions_npz/0000571_S_100_S_100_patch_0003.npz,244976,0.2336273193359375,.npz
patch_predictions_npz/0000572_S_100_S_100_patch_0004.npz,data/patient_reconstructed_predictions/patch_predictions_npz/0000572_S_100_S_100_patch_0004.npz,234386,0.2235279083251953,.npz
patch_predictions_npz/0000573_S_100_S_100_patch_0005.npz,data/patient_reconstructed_predictions/patch_predictions_npz/0000573_S_100_S_100_patch_0005.npz,242246,0.23102378845214844,.npz
patch_predictions_npz/0000574_S_100_S_100_patch_0006.npz,data/patient_reconstructed_predictions/patch_predictions_npz/0000574_S_100_S_100_patch_0006.npz,242896,0.2316436767578125,.npz
patch_predictions_npz/0000575_S_100_S_100_patch_0007.npz,data/patient_reconstructed_predictions/patch_predictions_npz/0000575_S_100_S_100_patch_0007.npz,248382,0.2368755340576172,.npz
patch_predictions_npz/0000576_S_101_S_101_patch_0000.npz,data/patient_reconstructed_predictions/patch_predictions_npz/0000576_S_101_S_101_patch_0000.npz,203967,0.1945180892944336,.npz
patch_predictions_npz/0000577_S_101_S_101_patch_0001.npz,data/patient_reconstructed_predictions/patch_predictions_npz/0000577_S_101_S_101_patch_0001.npz,228358,0.21777915954589844,.npz
patch_predictions_npz/0000578_S_101_S_101_patch_0002.npz,data/patient_reconstructed_predictions/patch_predictions_npz/0000578_S_101_S_101_patch_0002.npz,246616,0.23519134521484375,.npz
patch_predictions_npz/0000579_S_101_S_101_patch_0003.npz,data/patient_reconstructed_predictions/patch_predictions_npz/0000579_S_101_S_101_patch_0003.npz,243096,0.23183441162109375,.npz
patch_predictions_npz/0000580_S_101_S_101_patch_0004.npz,data/patient_reconstructed_predictions/patch_predictions_npz/0000580_S_101_S_101_patch_0004.npz,217373,0.20730304718017578,.npz
patch_predictions_npz/0000581_S_101_S_101_patch_0005.npz,data/patient_reconstructed_predictions/patch_predictions_npz/0000581_S_101_S_101_patch_0005.npz,209970,0.2002429962158203,.npz
patch_predictions_npz/0000582_S_101_S_101_patch_0006.npz,data/patient_reconstructed_predictions/patch_predictions_npz/0000582_S_101_S_101_patch_0006.npz,209351,0.19965267181396484,.npz
patch_predictions_npz/0000583_S_101_S_101_patch_0007.npz,data/patient_reconstructed_predictions/patch_predictions_npz/0000583_S_101_S_101_patch_0007.npz,198644,0.18944168090820312,.npz
patch_predictions_npz/0000584_S_102_S_102_patch_0000.npz,data/patient_reconstructed_predictions/patch_predictions_npz/0000584_S_102_S_102_patch_0000.npz,225853,0.21539020538330078,.npz
patch_predictions_npz/0000585_S_102_S_102_patch_0001.npz,data/patient_reconstructed_predictions/patch_predictions_npz/0000585_S_102_S_102_patch_0001.npz,227103,0.2165822982788086,.npz
patch_predictions_npz/0000586_S_102_S_102_patch_0002.npz,data/patient_reconstructed_predictions/patch_predictions_npz/0000586_S_102_S_102_patch_0002.npz,233638,0.22281455993652344,.npz
patch_predictions_npz/0000587_S_102_S_102_patch_0003.npz,data/patient_reconstructed_predictions/patch_predictions_npz/0000587_S_102_S_102_patch_0003.npz,224955,0.21453380584716797,.npz
patch_predictions_npz/0000588_S_102_S_102_patch_0004.npz,data/patient_reconstructed_predictions/patch_predictions_npz/0000588_S_102_S_102_patch_0004.npz,210889,0.20111942291259766,.npz
patch_predictions_npz/0000589_S_102_S_102_patch_0005.npz,data/patient_reconstructed_predictions/patch_predictions_npz/0000589_S_102_S_102_patch_0005.npz,213287,0.20340633392333984,.npz
patch_predictions_npz/0000590_S_102_S_102_patch_0006.npz,data/patient_reconstructed_predictions/patch_predictions_npz/0000590_S_102_S_102_patch_0006.npz,220836,0.21060562133789062,.npz
patch_predictions_npz/0000591_S_102_S_102_patch_0007.npz,data/patient_reconstructed_predictions/patch_predictions_npz/0000591_S_102_S_102_patch_0007.npz,217548,0.20746994018554688,.npz
patch_predictions_npz/0000592_S_103_S_103_patch_0000.npz,data/patient_reconstructed_predictions/patch_predictions_npz/0000592_S_103_S_103_patch_0000.npz,196450,0.1873493194580078,.npz
patch_predictions_npz/0000593_S_103_S_103_patch_0001.npz,data/patient_reconstructed_predictions/patch_predictions_npz/0000593_S_103_S_103_patch_0001.npz,225042,0.2146167755126953,.npz
patch_predictions_npz/0000594_S_103_S_103_patch_0002.npz,data/patient_reconstructed_predictions/patch_predictions_npz/0000594_S_103_S_103_patch_0002.npz,232063,0.2213125228881836,.npz
patch_predictions_npz/0000595_S_103_S_103_patch_0003.npz,data/patient_reconstructed_predictions/patch_predictions_npz/0000595_S_103_S_103_patch_0003.npz,231649,0.2209177017211914,.npz
patch_predictions_npz/0000596_S_103_S_103_patch_0004.npz,data/patient_reconstructed_predictions/patch_predictions_npz/0000596_S_103_S_103_patch_0004.npz,214211,0.20428752899169922,.npz
patch_predictions_npz/0000597_S_103_S_103_patch_0005.npz,data/patient_reconstructed_predictions/patch_predictions_npz/0000597_S_103_S_103_patch_0005.npz,216280,0.20626068115234375,.npz
patch_predictions_npz/0000598_S_103_S_103_patch_0006.npz,data/patient_reconstructed_predictions/patch_predictions_npz/0000598_S_103_S_103_patch_0006.npz,224528,0.2141265869140625,.npz
patch_predictions_npz/0000599_S_103_S_103_patch_0007.npz,data/patient_reconstructed_predictions/patch_predictions_npz/0000599_S_103_S_103_patch_0007.npz,221028,0.21078872680664062,.npz
patch_predictions_npz/0000600_S_104_S_104_patch_0000.npz,data/patient_reconstructed_predictions/patch_predictions_npz/0000600_S_104_S_104_patch_0000.npz,193471,0.1845083236694336,.npz
patch_predictions_npz/0000601_S_104_S_104_patch_0001.npz,data/patient_reconstructed_predictions/patch_predictions_npz/0000601_S_104_S_104_patch_0001.npz,204351,0.1948843002319336,.npz
patch_predictions_npz/0000602_S_104_S_104_patch_0002.npz,data/patient_reconstructed_predictions/patch_predictions_npz/0000602_S_104_S_104_patch_0002.npz,210477,0.20072650909423828,.npz
patch_predictions_npz/0000603_S_104_S_104_patch_0003.npz,data/patient_reconstructed_predictions/patch_predictions_npz/0000603_S_104_S_104_patch_0003.npz,208618,0.19895362854003906,.npz
patch_predictions_npz/0000604_S_104_S_104_patch_0004.npz,data/patient_reconstructed_predictions/patch_predictions_npz/0000604_S_104_S_104_patch_0004.npz,198246,0.18906211853027344,.npz
patch_predictions_npz/0000605_S_104_S_104_patch_0005.npz,data/patient_reconstructed_predictions/patch_predictions_npz/0000605_S_104_S_104_patch_0005.npz,208828,0.19915390014648438,.npz
patch_predictions_npz/0000606_S_104_S_104_patch_0006.npz,data/patient_reconstructed_predictions/patch_predictions_npz/0000606_S_104_S_104_patch_0006.npz,217115,0.20705699920654297,.npz
patch_predictions_npz/0000607_S_104_S_104_patch_0007.npz,data/patient_reconstructed_predictions/patch_predictions_npz/0000607_S_104_S_104_patch_0007.npz,204424,0.19495391845703125,.npz
patch_predictions_npz/0000608_S_105_S_105_patch_0000.npz,data/patient_reconstructed_predictions/patch_predictions_npz/0000608_S_105_S_105_patch_0000.npz,204169,0.19471073150634766,.npz
patch_predictions_npz/0000609_S_105_S_105_patch_0001.npz,data/patient_reconstructed_predictions/patch_predictions_npz/0000609_S_105_S_105_patch_0001.npz,214630,0.20468711853027344,.npz
patch_predictions_npz/0000610_S_105_S_105_patch_0002.npz,data/patient_reconstructed_predictions/patch_predictions_npz/0000610_S_105_S_105_patch_0002.npz,213985,0.2040719985961914,.npz
patch_predictions_npz/0000611_S_105_S_105_patch_0003.npz,data/patient_reconstructed_predictions/patch_predictions_npz/0000611_S_105_S_105_patch_0003.npz,211893,0.20207691192626953,.npz
patch_predictions_npz/0000612_S_105_S_105_patch_0004.npz,data/patient_reconstructed_predictions/patch_predictions_npz/0000612_S_105_S_105_patch_0004.npz,204022,0.19457054138183594,.npz
patch_predictions_npz/0000613_S_105_S_105_patch_0005.npz,data/patient_reconstructed_predictions/patch_predictions_npz/0000613_S_105_S_105_patch_0005.npz,199281,0.1900491714477539,.npz
patch_predictions_npz/0000614_S_105_S_105_patch_0006.npz,data/patient_reconstructed_predictions/patch_predictions_npz/0000614_S_105_S_105_patch_0006.npz,205143,0.19563961029052734,.npz
patch_predictions_npz/0000615_S_105_S_105_patch_0007.npz,data/patient_reconstructed_predictions/patch_predictions_npz/0000615_S_105_S_105_patch_0007.npz,199981,0.19071674346923828,.npz
patch_predictions_npz/0000616_S_106_S_106_patch_0000.npz,data/patient_reconstructed_predictions/patch_predictions_npz/0000616_S_106_S_106_patch_0000.npz,199588,0.19034194946289062,.npz
patch_predictions_npz/0000617_S_106_S_106_patch_0001.npz,data/patient_reconstructed_predictions/patch_predictions_npz/0000617_S_106_S_106_patch_0001.npz,224867,0.21444988250732422,.npz
patch_predictions_npz/0000618_S_106_S_106_patch_0002.npz,data/patient_reconstructed_predictions/patch_predictions_npz/0000618_S_106_S_106_patch_0002.npz,234393,0.22353458404541016,.npz
patch_predictions_npz/0000619_S_106_S_106_patch_0003.npz,data/patient_reconstructed_predictions/patch_predictions_npz/0000619_S_106_S_106_patch_0003.npz,229221,0.21860218048095703,.npz
patch_predictions_npz/0000620_S_106_S_106_patch_0004.npz,data/patient_reconstructed_predictions/patch_predictions_npz/0000620_S_106_S_106_patch_0004.npz,211216,0.2014312744140625,.npz
patch_predictions_npz/0000621_S_106_S_106_patch_0005.npz,data/patient_reconstructed_predictions/patch_predictions_npz/0000621_S_106_S_106_patch_0005.npz,212625,0.2027750015258789,.npz
patch_predictions_npz/0000622_S_106_S_106_patch_0006.npz,data/patient_reconstructed_predictions/patch_predictions_npz/0000622_S_106_S_106_patch_0006.npz,222552,0.21224212646484375,.npz
patch_predictions_npz/0000623_S_106_S_106_patch_0007.npz,data/patient_reconstructed_predictions/patch_predictions_npz/0000623_S_106_S_106_patch_0007.npz,215834,0.20583534240722656,.npz
patch_predictions_npz/0000624_S_108_S_108_patch_0000.npz,data/patient_reconstructed_predictions/patch_predictions_npz/0000624_S_108_S_108_patch_0000.npz,205434,0.19591712951660156,.npz
patch_predictions_npz/0000625_S_108_S_108_patch_0001.npz,data/patient_reconstructed_predictions/patch_predictions_npz/0000625_S_108_S_108_patch_0001.npz,219957,0.20976734161376953,.npz
patch_predictions_npz/0000626_S_108_S_108_patch_0002.npz,data/patient_reconstructed_predictions/patch_predictions_npz/0000626_S_108_S_108_patch_0002.npz,227503,0.2169637680053711,.npz
patch_predictions_npz/0000627_S_108_S_108_patch_0003.npz,data/patient_reconstructed_predictions/patch_predictions_npz/0000627_S_108_S_108_patch_0003.npz,233773,0.22294330596923828,.npz
patch_predictions_npz/0000628_S_108_S_108_patch_0004.npz,data/patient_reconstructed_predictions/patch_predictions_npz/0000628_S_108_S_108_patch_0004.npz,218444,0.20832443237304688,.npz
patch_predictions_npz/0000629_S_108_S_108_patch_0005.npz,data/patient_reconstructed_predictions/patch_predictions_npz/0000629_S_108_S_108_patch_0005.npz,202461,0.19308185577392578,.npz
patch_predictions_npz/0000630_S_108_S_108_patch_0006.npz,data/patient_reconstructed_predictions/patch_predictions_npz/0000630_S_108_S_108_patch_0006.npz,189944,0.18114471435546875,.npz
patch_predictions_npz/0000631_S_108_S_108_patch_0007.npz,data/patient_reconstructed_predictions/patch_predictions_npz/0000631_S_108_S_108_patch_0007.npz,194704,0.1856842041015625,.npz
patch_predictions_npz/0000632_S_109_S_109_patch_0000.npz,data/patient_reconstructed_predictions/patch_predictions_npz/0000632_S_109_S_109_patch_0000.npz,186357,0.17772388458251953,.npz
patch_predictions_npz/0000633_S_109_S_109_patch_0001.npz,data/patient_reconstructed_predictions/patch_predictions_npz/0000633_S_109_S_109_patch_0001.npz,221813,0.21153736114501953,.npz
patch_predictions_npz/0000634_S_109_S_109_patch_0002.npz,data/patient_reconstructed_predictions/patch_predictions_npz/0000634_S_109_S_109_patch_0002.npz,233091,0.22229290008544922,.npz
patch_predictions_npz/0000635_S_109_S_109_patch_0003.npz,data/patient_reconstructed_predictions/patch_predictions_npz/0000635_S_109_S_109_patch_0003.npz,228238,0.2176647186279297,.npz
patch_predictions_npz/0000636_S_109_S_109_patch_0004.npz,data/patient_reconstructed_predictions/patch_predictions_npz/0000636_S_109_S_109_patch_0004.npz,219719,0.20954036712646484,.npz
patch_predictions_npz/0000637_S_109_S_109_patch_0005.npz,data/patient_reconstructed_predictions/patch_predictions_npz/0000637_S_109_S_109_patch_0005.npz,215841,0.2058420181274414,.npz
patch_predictions_npz/0000638_S_109_S_109_patch_0006.npz,data/patient_reconstructed_predictions/patch_predictions_npz/0000638_S_109_S_109_patch_0006.npz,218269,0.20815753936767578,.npz
patch_predictions_npz/0000639_S_109_S_109_patch_0007.npz,data/patient_reconstructed_predictions/patch_predictions_npz/0000639_S_109_S_109_patch_0007.npz,210597,0.20084095001220703,.npz
patch_predictions_npz/0000640_S_110_S_110_patch_0000.npz,data/patient_reconstructed_predictions/patch_predictions_npz/0000640_S_110_S_110_patch_0000.npz,203697,0.1942605972290039,.npz
patch_predictions_npz/0000641_S_110_S_110_patch_0001.npz,data/patient_reconstructed_predictions/patch_predictions_npz/0000641_S_110_S_110_patch_0001.npz,221353,0.21109867095947266,.npz
patch_predictions_npz/0000642_S_110_S_110_patch_0002.npz,data/patient_reconstructed_predictions/patch_predictions_npz/0000642_S_110_S_110_patch_0002.npz,228593,0.2180032730102539,.npz
patch_predictions_npz/0000643_S_110_S_110_patch_0003.npz,data/patient_reconstructed_predictions/patch_predictions_npz/0000643_S_110_S_110_patch_0003.npz,216554,0.20652198791503906,.npz
patch_predictions_npz/0000644_S_110_S_110_patch_0004.npz,data/patient_reconstructed_predictions/patch_predictions_npz/0000644_S_110_S_110_patch_0004.npz,212885,0.20302295684814453,.npz
patch_predictions_npz/0000645_S_110_S_110_patch_0005.npz,data/patient_reconstructed_predictions/patch_predictions_npz/0000645_S_110_S_110_patch_0005.npz,216244,0.20622634887695312,.npz
patch_predictions_npz/0000646_S_110_S_110_patch_0006.npz,data/patient_reconstructed_predictions/patch_predictions_npz/0000646_S_110_S_110_patch_0006.npz,213297,0.2034158706665039,.npz
patch_predictions_npz/0000647_S_110_S_110_patch_0007.npz,data/patient_reconstructed_predictions/patch_predictions_npz/0000647_S_110_S_110_patch_0007.npz,199231,0.1900014877319336,.npz
patch_predictions_npz/0000648_S_111_S_111_patch_0000.npz,data/patient_reconstructed_predictions/patch_predictions_npz/0000648_S_111_S_111_patch_0000.npz,186348,0.17771530151367188,.npz
patch_predictions_npz/0000649_S_111_S_111_patch_0001.npz,data/patient_reconstructed_predictions/patch_predictions_npz/0000649_S_111_S_111_patch_0001.npz,205653,0.19612598419189453,.npz
patch_predictions_npz/0000650_S_111_S_111_patch_0002.npz,data/patient_reconstructed_predictions/patch_predictions_npz/0000650_S_111_S_111_patch_0002.npz,205269,0.19575977325439453,.npz
patch_predictions_npz/0000651_S_111_S_111_patch_0003.npz,data/patient_reconstructed_predictions/patch_predictions_npz/0000651_S_111_S_111_patch_0003.npz,202898,0.1934986114501953,.npz
patch_predictions_npz/0000652_S_111_S_111_patch_0004.npz,data/patient_reconstructed_predictions/patch_predictions_npz/0000652_S_111_S_111_patch_0004.npz,199230,0.1900005340576172,.npz
patch_predictions_npz/0000653_S_111_S_111_patch_0005.npz,data/patient_reconstructed_predictions/patch_predictions_npz/0000653_S_111_S_111_patch_0005.npz,207056,0.1974639892578125,.npz
patch_predictions_npz/0000654_S_111_S_111_patch_0006.npz,data/patient_reconstructed_predictions/patch_predictions_npz/0000654_S_111_S_111_patch_0006.npz,207689,0.19806766510009766,.npz
patch_predictions_npz/0000655_S_111_S_111_patch_0007.npz,data/patient_reconstructed_predictions/patch_predictions_npz/0000655_S_111_S_111_patch_0007.npz,197436,0.18828964233398438,.npz
patch_predictions_npz/0000656_S_113_S_113_patch_0000.npz,data/patient_reconstructed_predictions/patch_predictions_npz/0000656_S_113_S_113_patch_0000.npz,206564,0.19699478149414062,.npz
patch_predictions_npz/0000657_S_113_S_113_patch_0001.npz,data/patient_reconstructed_predictions/patch_predictions_npz/0000657_S_113_S_113_patch_0001.npz,219691,0.20951366424560547,.npz
patch_predictions_npz/0000658_S_113_S_113_patch_0002.npz,data/patient_reconstructed_predictions/patch_predictions_npz/0000658_S_113_S_113_patch_0002.npz,223050,0.21271705627441406,.npz
patch_predictions_npz/0000659_S_113_S_113_patch_0003.npz,data/patient_reconstructed_predictions/patch_predictions_npz/0000659_S_113_S_113_patch_0003.npz,220219,0.21001720428466797,.npz
patch_predictions_npz/0000660_S_113_S_113_patch_0004.npz,data/patient_reconstructed_predictions/patch_predictions_npz/0000660_S_113_S_113_patch_0004.npz,216677,0.20663928985595703,.npz
patch_predictions_npz/0000661_S_113_S_113_patch_0005.npz,data/patient_reconstructed_predictions/patch_predictions_npz/0000661_S_113_S_113_patch_0005.npz,217257,0.20719242095947266,.npz
patch_predictions_npz/0000662_S_113_S_113_patch_0006.npz,data/patient_reconstructed_predictions/patch_predictions_npz/0000662_S_113_S_113_patch_0006.npz,222787,0.21246623992919922,.npz
patch_predictions_npz/0000663_S_113_S_113_patch_0007.npz,data/patient_reconstructed_predictions/patch_predictions_npz/0000663_S_113_S_113_patch_0007.npz,222275,0.21197795867919922,.npz
patch_predictions_npz/0000664_S_114_S_114_patch_0000.npz,data/patient_reconstructed_predictions/patch_predictions_npz/0000664_S_114_S_114_patch_0000.npz,227131,0.21660900115966797,.npz
patch_predictions_npz/0000665_S_114_S_114_patch_0001.npz,data/patient_reconstructed_predictions/patch_predictions_npz/0000665_S_114_S_114_patch_0001.npz,235376,0.2244720458984375,.npz
patch_predictions_npz/0000666_S_114_S_114_patch_0002.npz,data/patient_reconstructed_predictions/patch_predictions_npz/0000666_S_114_S_114_patch_0002.npz,242996,0.23173904418945312,.npz
patch_predictions_npz/0000667_S_114_S_114_patch_0003.npz,data/patient_reconstructed_predictions/patch_predictions_npz/0000667_S_114_S_114_patch_0003.npz,245982,0.2345867156982422,.npz
patch_predictions_npz/0000668_S_114_S_114_patch_0004.npz,data/patient_reconstructed_predictions/patch_predictions_npz/0000668_S_114_S_114_patch_0004.npz,230685,0.21999835968017578,.npz
patch_predictions_npz/0000669_S_114_S_114_patch_0005.npz,data/patient_reconstructed_predictions/patch_predictions_npz/0000669_S_114_S_114_patch_0005.npz,234389,0.22353076934814453,.npz
patch_predictions_npz/0000670_S_114_S_114_patch_0006.npz,data/patient_reconstructed_predictions/patch_predictions_npz/0000670_S_114_S_114_patch_0006.npz,237490,0.2264881134033203,.npz
patch_predictions_npz/0000671_S_114_S_114_patch_0007.npz,data/patient_reconstructed_predictions/patch_predictions_npz/0000671_S_114_S_114_patch_0007.npz,220734,0.2105083465576172,.npz
patch_predictions_npz/0000672_S_115_S_115_patch_0000.npz,data/patient_reconstructed_predictions/patch_predictions_npz/0000672_S_115_S_115_patch_0000.npz,203424,0.194000244140625,.npz
patch_predictions_npz/0000673_S_115_S_115_patch_0001.npz,data/patient_reconstructed_predictions/patch_predictions_npz/0000673_S_115_S_115_patch_0001.npz,221277,0.21102619171142578,.npz
patch_predictions_npz/0000674_S_115_S_115_patch_0002.npz,data/patient_reconstructed_predictions/patch_predictions_npz/0000674_S_115_S_115_patch_0002.npz,229906,0.2192554473876953,.npz
patch_predictions_npz/0000675_S_115_S_115_patch_0003.npz,data/patient_reconstructed_predictions/patch_predictions_npz/0000675_S_115_S_115_patch_0003.npz,230118,0.21945762634277344,.npz
patch_predictions_npz/0000676_S_115_S_115_patch_0004.npz,data/patient_reconstructed_predictions/patch_predictions_npz/0000676_S_115_S_115_patch_0004.npz,218519,0.20839595794677734,.npz
patch_predictions_npz/0000677_S_115_S_115_patch_0005.npz,data/patient_reconstructed_predictions/patch_predictions_npz/0000677_S_115_S_115_patch_0005.npz,215878,0.20587730407714844,.npz
patch_predictions_npz/0000678_S_115_S_115_patch_0006.npz,data/patient_reconstructed_predictions/patch_predictions_npz/0000678_S_115_S_115_patch_0006.npz,212601,0.20275211334228516,.npz
patch_predictions_npz/0000679_S_115_S_115_patch_0007.npz,data/patient_reconstructed_predictions/patch_predictions_npz/0000679_S_115_S_115_patch_0007.npz,202818,0.1934223175048828,.npz
patch_predictions_npz/0000680_S_118_S_118_patch_0000.npz,data/patient_reconstructed_predictions/patch_predictions_npz/0000680_S_118_S_118_patch_0000.npz,220841,0.21061038970947266,.npz
patch_predictions_npz/0000681_S_118_S_118_patch_0001.npz,data/patient_reconstructed_predictions/patch_predictions_npz/0000681_S_118_S_118_patch_0001.npz,239849,0.22873783111572266,.npz
patch_predictions_npz/0000682_S_118_S_118_patch_0002.npz,data/patient_reconstructed_predictions/patch_predictions_npz/0000682_S_118_S_118_patch_0002.npz,250358,0.23875999450683594,.npz
patch_predictions_npz/0000683_S_118_S_118_patch_0003.npz,data/patient_reconstructed_predictions/patch_predictions_npz/0000683_S_118_S_118_patch_0003.npz,253065,0.24134159088134766,.npz
patch_predictions_npz/0000684_S_118_S_118_patch_0004.npz,data/patient_reconstructed_predictions/patch_predictions_npz/0000684_S_118_S_118_patch_0004.npz,235227,0.22432994842529297,.npz
patch_predictions_npz/0000685_S_118_S_118_patch_0005.npz,data/patient_reconstructed_predictions/patch_predictions_npz/0000685_S_118_S_118_patch_0005.npz,239598,0.2284984588623047,.npz
patch_predictions_npz/0000686_S_118_S_118_patch_0006.npz,data/patient_reconstructed_predictions/patch_predictions_npz/0000686_S_118_S_118_patch_0006.npz,246511,0.2350912094116211,.npz
patch_predictions_npz/0000687_S_118_S_118_patch_0007.npz,data/patient_reconstructed_predictions/patch_predictions_npz/0000687_S_118_S_118_patch_0007.npz,223816,0.21344757080078125,.npz
patch_predictions_npz/0000688_S_119_S_119_patch_0000.npz,data/patient_reconstructed_predictions/patch_predictions_npz/0000688_S_119_S_119_patch_0000.npz,227710,0.2171611785888672,.npz
patch_predictions_npz/0000689_S_119_S_119_patch_0001.npz,data/patient_reconstructed_predictions/patch_predictions_npz/0000689_S_119_S_119_patch_0001.npz,230220,0.21955490112304688,.npz
patch_predictions_npz/0000690_S_119_S_119_patch_0002.npz,data/patient_reconstructed_predictions/patch_predictions_npz/0000690_S_119_S_119_patch_0002.npz,241731,0.23053264617919922,.npz
patch_predictions_npz/0000691_S_119_S_119_patch_0003.npz,data/patient_reconstructed_predictions/patch_predictions_npz/0000691_S_119_S_119_patch_0003.npz,239235,0.22815227508544922,.npz
patch_predictions_npz/0000692_S_119_S_119_patch_0004.npz,data/patient_reconstructed_predictions/patch_predictions_npz/0000692_S_119_S_119_patch_0004.npz,223537,0.2131814956665039,.npz
patch_predictions_npz/0000693_S_119_S_119_patch_0005.npz,data/patient_reconstructed_predictions/patch_predictions_npz/0000693_S_119_S_119_patch_0005.npz,223608,0.21324920654296875,.npz
patch_predictions_npz/0000694_S_119_S_119_patch_0006.npz,data/patient_reconstructed_predictions/patch_predictions_npz/0000694_S_119_S_119_patch_0006.npz,225579,0.21512889862060547,.npz
patch_predictions_npz/0000695_S_119_S_119_patch_0007.npz,data/patient_reconstructed_predictions/patch_predictions_npz/0000695_S_119_S_119_patch_0007.npz,209417,0.19971561431884766,.npz
patch_predictions_npz/0000696_S_120_S_120_patch_0000.npz,data/patient_reconstructed_predictions/patch_predictions_npz/0000696_S_120_S_120_patch_0000.npz,193216,0.18426513671875,.npz
patch_predictions_npz/0000697_S_120_S_120_patch_0001.npz,data/patient_reconstructed_predictions/patch_predictions_npz/0000697_S_120_S_120_patch_0001.npz,215495,0.20551204681396484,.npz
patch_predictions_npz/0000698_S_120_S_120_patch_0002.npz,data/patient_reconstructed_predictions/patch_predictions_npz/0000698_S_120_S_120_patch_0002.npz,226287,0.2158041000366211,.npz
patch_predictions_npz/0000699_S_120_S_120_patch_0003.npz,data/patient_reconstructed_predictions/patch_predictions_npz/0000699_S_120_S_120_patch_0003.npz,220527,0.2103109359741211,.npz
patch_predictions_npz/0000700_S_120_S_120_patch_0004.npz,data/patient_reconstructed_predictions/patch_predictions_npz/0000700_S_120_S_120_patch_0004.npz,209582,0.1998729705810547,.npz
patch_predictions_npz/0000701_S_120_S_120_patch_0005.npz,data/patient_reconstructed_predictions/patch_predictions_npz/0000701_S_120_S_120_patch_0005.npz,205981,0.19643878936767578,.npz
patch_predictions_npz/0000702_S_120_S_120_patch_0006.npz,data/patient_reconstructed_predictions/patch_predictions_npz/0000702_S_120_S_120_patch_0006.npz,212106,0.20228004455566406,.npz
patch_predictions_npz/0000703_S_120_S_120_patch_0007.npz,data/patient_reconstructed_predictions/patch_predictions_npz/0000703_S_120_S_120_patch_0007.npz,211449,0.20165348052978516,.npz
patch_predictions_npz/0000704_S_121_S_121_patch_0000.npz,data/patient_reconstructed_predictions/patch_predictions_npz/0000704_S_121_S_121_patch_0000.npz,190144,0.18133544921875,.npz
patch_predictions_npz/0000705_S_121_S_121_patch_0001.npz,data/patient_reconstructed_predictions/patch_predictions_npz/0000705_S_121_S_121_patch_0001.npz,199371,0.19013500213623047,.npz
patch_predictions_npz/0000706_S_121_S_121_patch_0002.npz,data/patient_reconstructed_predictions/patch_predictions_npz/0000706_S_121_S_121_patch_0002.npz,216817,0.2067728042602539,.npz
patch_predictions_npz/0000707_S_121_S_121_patch_0003.npz,data/patient_reconstructed_predictions/patch_predictions_npz/0000707_S_121_S_121_patch_0003.npz,219597,0.20942401885986328,.npz
patch_predictions_npz/0000708_S_121_S_121_patch_0004.npz,data/patient_reconstructed_predictions/patch_predictions_npz/0000708_S_121_S_121_patch_0004.npz,205057,0.1955575942993164,.npz
patch_predictions_npz/0000709_S_121_S_121_patch_0005.npz,data/patient_reconstructed_predictions/patch_predictions_npz/0000709_S_121_S_121_patch_0005.npz,205712,0.1961822509765625,.npz
patch_predictions_npz/0000710_S_121_S_121_patch_0006.npz,data/patient_reconstructed_predictions/patch_predictions_npz/0000710_S_121_S_121_patch_0006.npz,208060,0.19842147827148438,.npz
patch_predictions_npz/0000711_S_121_S_121_patch_0007.npz,data/patient_reconstructed_predictions/patch_predictions_npz/0000711_S_121_S_121_patch_0007.npz,200507,0.19121837615966797,.npz
patch_predictions_npz/0000712_S_122_S_122_patch_0000.npz,data/patient_reconstructed_predictions/patch_predictions_npz/0000712_S_122_S_122_patch_0000.npz,218761,0.20862674713134766,.npz
patch_predictions_npz/0000713_S_122_S_122_patch_0001.npz,data/patient_reconstructed_predictions/patch_predictions_npz/0000713_S_122_S_122_patch_0001.npz,230421,0.21974658966064453,.npz
patch_predictions_npz/0000714_S_122_S_122_patch_0002.npz,data/patient_reconstructed_predictions/patch_predictions_npz/0000714_S_122_S_122_patch_0002.npz,238165,0.22713184356689453,.npz
patch_predictions_npz/0000715_S_122_S_122_patch_0003.npz,data/patient_reconstructed_predictions/patch_predictions_npz/0000715_S_122_S_122_patch_0003.npz,230049,0.2193918228149414,.npz
patch_predictions_npz/0000716_S_122_S_122_patch_0004.npz,data/patient_reconstructed_predictions/patch_predictions_npz/0000716_S_122_S_122_patch_0004.npz,215724,0.20573043823242188,.npz
patch_predictions_npz/0000717_S_122_S_122_patch_0005.npz,data/patient_reconstructed_predictions/patch_predictions_npz/0000717_S_122_S_122_patch_0005.npz,217957,0.20785999298095703,.npz
patch_predictions_npz/0000718_S_122_S_122_patch_0006.npz,data/patient_reconstructed_predictions/patch_predictions_npz/0000718_S_122_S_122_patch_0006.npz,220895,0.2106618881225586,.npz
patch_predictions_npz/0000719_S_122_S_122_patch_0007.npz,data/patient_reconstructed_predictions/patch_predictions_npz/0000719_S_122_S_122_patch_0007.npz,202532,0.19314956665039062,.npz
patch_predictions_npz/0000720_S_123_S_123_patch_0000.npz,data/patient_reconstructed_predictions/patch_predictions_npz/0000720_S_123_S_123_patch_0000.npz,201468,0.19213485717773438,.npz
patch_predictions_npz/0000721_S_123_S_123_patch_0001.npz,data/patient_reconstructed_predictions/patch_predictions_npz/0000721_S_123_S_123_patch_0001.npz,220216,0.21001434326171875,.npz
patch_predictions_npz/0000722_S_123_S_123_patch_0002.npz,data/patient_reconstructed_predictions/patch_predictions_npz/0000722_S_123_S_123_patch_0002.npz,227150,0.2166271209716797,.npz
patch_predictions_npz/0000723_S_123_S_123_patch_0003.npz,data/patient_reconstructed_predictions/patch_predictions_npz/0000723_S_123_S_123_patch_0003.npz,222540,0.21223068237304688,.npz
patch_predictions_npz/0000724_S_123_S_123_patch_0004.npz,data/patient_reconstructed_predictions/patch_predictions_npz/0000724_S_123_S_123_patch_0004.npz,203400,0.19397735595703125,.npz
patch_predictions_npz/0000725_S_123_S_123_patch_0005.npz,data/patient_reconstructed_predictions/patch_predictions_npz/0000725_S_123_S_123_patch_0005.npz,201100,0.19178390502929688,.npz
patch_predictions_npz/0000726_S_123_S_123_patch_0006.npz,data/patient_reconstructed_predictions/patch_predictions_npz/0000726_S_123_S_123_patch_0006.npz,203813,0.19437122344970703,.npz
patch_predictions_npz/0000727_S_123_S_123_patch_0007.npz,data/patient_reconstructed_predictions/patch_predictions_npz/0000727_S_123_S_123_patch_0007.npz,188627,0.17988872528076172,.npz
patch_predictions_npz/0000728_S_124_S_124_patch_0000.npz,data/patient_reconstructed_predictions/patch_predictions_npz/0000728_S_124_S_124_patch_0000.npz,192806,0.18387413024902344,.npz
patch_predictions_npz/0000729_S_124_S_124_patch_0001.npz,data/patient_reconstructed_predictions/patch_predictions_npz/0000729_S_124_S_124_patch_0001.npz,209716,0.20000076293945312,.npz
patch_predictions_npz/0000730_S_124_S_124_patch_0002.npz,data/patient_reconstructed_predictions/patch_predictions_npz/0000730_S_124_S_124_patch_0002.npz,222460,0.21215438842773438,.npz
patch_predictions_npz/0000731_S_124_S_124_patch_0003.npz,data/patient_reconstructed_predictions/patch_predictions_npz/0000731_S_124_S_124_patch_0003.npz,225215,0.2147817611694336,.npz
patch_predictions_npz/0000732_S_124_S_124_patch_0004.npz,data/patient_reconstructed_predictions/patch_predictions_npz/0000732_S_124_S_124_patch_0004.npz,220108,0.20991134643554688,.npz
patch_predictions_npz/0000733_S_124_S_124_patch_0005.npz,data/patient_reconstructed_predictions/patch_predictions_npz/0000733_S_124_S_124_patch_0005.npz,218071,0.20796871185302734,.npz
patch_predictions_npz/0000734_S_124_S_124_patch_0006.npz,data/patient_reconstructed_predictions/patch_predictions_npz/0000734_S_124_S_124_patch_0006.npz,217765,0.20767688751220703,.npz
patch_predictions_npz/0000735_S_124_S_124_patch_0007.npz,data/patient_reconstructed_predictions/patch_predictions_npz/0000735_S_124_S_124_patch_0007.npz,204606,0.1951274871826172,.npz
patch_predictions_npz/0000736_S_125_S_125_patch_0000.npz,data/patient_reconstructed_predictions/patch_predictions_npz/0000736_S_125_S_125_patch_0000.npz,177368,0.16915130615234375,.npz
patch_predictions_npz/0000737_S_125_S_125_patch_0001.npz,data/patient_reconstructed_predictions/patch_predictions_npz/0000737_S_125_S_125_patch_0001.npz,194214,0.18521690368652344,.npz
patch_predictions_npz/0000738_S_125_S_125_patch_0002.npz,data/patient_reconstructed_predictions/patch_predictions_npz/0000738_S_125_S_125_patch_0002.npz,212138,0.20231056213378906,.npz
patch_predictions_npz/0000739_S_125_S_125_patch_0003.npz,data/patient_reconstructed_predictions/patch_predictions_npz/0000739_S_125_S_125_patch_0003.npz,213807,0.2039022445678711,.npz
patch_predictions_npz/0000740_S_125_S_125_patch_0004.npz,data/patient_reconstructed_predictions/patch_predictions_npz/0000740_S_125_S_125_patch_0004.npz,210764,0.20100021362304688,.npz
patch_predictions_npz/0000741_S_125_S_125_patch_0005.npz,data/patient_reconstructed_predictions/patch_predictions_npz/0000741_S_125_S_125_patch_0005.npz,202907,0.19350719451904297,.npz
patch_predictions_npz/0000742_S_125_S_125_patch_0006.npz,data/patient_reconstructed_predictions/patch_predictions_npz/0000742_S_125_S_125_patch_0006.npz,194513,0.1855020523071289,.npz
patch_predictions_npz/0000743_S_125_S_125_patch_0007.npz,data/patient_reconstructed_predictions/patch_predictions_npz/0000743_S_125_S_125_patch_0007.npz,184846,0.1762828826904297,.npz
patch_predictions_npz/0000744_S_126_S_126_patch_0000.npz,data/patient_reconstructed_predictions/patch_predictions_npz/0000744_S_126_S_126_patch_0000.npz,207127,0.19753170013427734,.npz
patch_predictions_npz/0000745_S_126_S_126_patch_0001.npz,data/patient_reconstructed_predictions/patch_predictions_npz/0000745_S_126_S_126_patch_0001.npz,221141,0.21089649200439453,.npz
patch_predictions_npz/0000746_S_126_S_126_patch_0002.npz,data/patient_reconstructed_predictions/patch_predictions_npz/0000746_S_126_S_126_patch_0002.npz,236099,0.22516155242919922,.npz
patch_predictions_npz/0000747_S_126_S_126_patch_0003.npz,data/patient_reconstructed_predictions/patch_predictions_npz/0000747_S_126_S_126_patch_0003.npz,227265,0.2167367935180664,.npz
patch_predictions_npz/0000748_S_126_S_126_patch_0004.npz,data/patient_reconstructed_predictions/patch_predictions_npz/0000748_S_126_S_126_patch_0004.npz,208451,0.19879436492919922,.npz
patch_predictions_npz/0000749_S_126_S_126_patch_0005.npz,data/patient_reconstructed_predictions/patch_predictions_npz/0000749_S_126_S_126_patch_0005.npz,224347,0.21395397186279297,.npz
patch_predictions_npz/0000750_S_126_S_126_patch_0006.npz,data/patient_reconstructed_predictions/patch_predictions_npz/0000750_S_126_S_126_patch_0006.npz,234376,0.22351837158203125,.npz
patch_predictions_npz/0000751_S_126_S_126_patch_0007.npz,data/patient_reconstructed_predictions/patch_predictions_npz/0000751_S_126_S_126_patch_0007.npz,219563,0.20939159393310547,.npz
patch_predictions_npz/0000752_S_127_S_127_patch_0000.npz,data/patient_reconstructed_predictions/patch_predictions_npz/0000752_S_127_S_127_patch_0000.npz,198600,0.18939971923828125,.npz
patch_predictions_npz/0000753_S_127_S_127_patch_0001.npz,data/patient_reconstructed_predictions/patch_predictions_npz/0000753_S_127_S_127_patch_0001.npz,222476,0.21216964721679688,.npz
patch_predictions_npz/0000754_S_127_S_127_patch_0002.npz,data/patient_reconstructed_predictions/patch_predictions_npz/0000754_S_127_S_127_patch_0002.npz,237871,0.2268514633178711,.npz
patch_predictions_npz/0000755_S_127_S_127_patch_0003.npz,data/patient_reconstructed_predictions/patch_predictions_npz/0000755_S_127_S_127_patch_0003.npz,235033,0.22414493560791016,.npz
patch_predictions_npz/0000756_S_127_S_127_patch_0004.npz,data/patient_reconstructed_predictions/patch_predictions_npz/0000756_S_127_S_127_patch_0004.npz,231585,0.2208566665649414,.npz
patch_predictions_npz/0000757_S_127_S_127_patch_0005.npz,data/patient_reconstructed_predictions/patch_predictions_npz/0000757_S_127_S_127_patch_0005.npz,229874,0.2192249298095703,.npz
patch_predictions_npz/0000758_S_127_S_127_patch_0006.npz,data/patient_reconstructed_predictions/patch_predictions_npz/0000758_S_127_S_127_patch_0006.npz,228242,0.2176685333251953,.npz
patch_predictions_npz/0000759_S_127_S_127_patch_0007.npz,data/patient_reconstructed_predictions/patch_predictions_npz/0000759_S_127_S_127_patch_0007.npz,225910,0.21544456481933594,.npz
patch_predictions_npz/0000760_S_128_S_128_patch_0000.npz,data/patient_reconstructed_predictions/patch_predictions_npz/0000760_S_128_S_128_patch_0000.npz,218707,0.20857524871826172,.npz
patch_predictions_npz/0000761_S_128_S_128_patch_0001.npz,data/patient_reconstructed_predictions/patch_predictions_npz/0000761_S_128_S_128_patch_0001.npz,226675,0.21617412567138672,.npz
patch_predictions_npz/0000762_S_128_S_128_patch_0002.npz,data/patient_reconstructed_predictions/patch_predictions_npz/0000762_S_128_S_128_patch_0002.npz,233962,0.22312355041503906,.npz
patch_predictions_npz/0000763_S_128_S_128_patch_0003.npz,data/patient_reconstructed_predictions/patch_predictions_npz/0000763_S_128_S_128_patch_0003.npz,225065,0.21463871002197266,.npz
patch_predictions_npz/0000764_S_128_S_128_patch_0004.npz,data/patient_reconstructed_predictions/patch_predictions_npz/0000764_S_128_S_128_patch_0004.npz,203194,0.19378089904785156,.npz
patch_predictions_npz/0000765_S_128_S_128_patch_0005.npz,data/patient_reconstructed_predictions/patch_predictions_npz/0000765_S_128_S_128_patch_0005.npz,215859,0.20585918426513672,.npz
patch_predictions_npz/0000766_S_128_S_128_patch_0006.npz,data/patient_reconstructed_predictions/patch_predictions_npz/0000766_S_128_S_128_patch_0006.npz,220689,0.2104654312133789,.npz
patch_predictions_npz/0000767_S_128_S_128_patch_0007.npz,data/patient_reconstructed_predictions/patch_predictions_npz/0000767_S_128_S_128_patch_0007.npz,202115,0.19275188446044922,.npz
patch_predictions_npz/0000768_S_129_S_129_patch_0000.npz,data/patient_reconstructed_predictions/patch_predictions_npz/0000768_S_129_S_129_patch_0000.npz,203723,0.19428539276123047,.npz
patch_predictions_npz/0000769_S_129_S_129_patch_0001.npz,data/patient_reconstructed_predictions/patch_predictions_npz/0000769_S_129_S_129_patch_0001.npz,217077,0.20702075958251953,.npz
patch_predictions_npz/0000770_S_129_S_129_patch_0002.npz,data/patient_reconstructed_predictions/patch_predictions_npz/0000770_S_129_S_129_patch_0002.npz,235809,0.2248849868774414,.npz
patch_predictions_npz/0000771_S_129_S_129_patch_0003.npz,data/patient_reconstructed_predictions/patch_predictions_npz/0000771_S_129_S_129_patch_0003.npz,235833,0.22490787506103516,.npz
patch_predictions_npz/0000772_S_129_S_129_patch_0004.npz,data/patient_reconstructed_predictions/patch_predictions_npz/0000772_S_129_S_129_patch_0004.npz,210303,0.2005605697631836,.npz
patch_predictions_npz/0000773_S_129_S_129_patch_0005.npz,data/patient_reconstructed_predictions/patch_predictions_npz/0000773_S_129_S_129_patch_0005.npz,212997,0.20312976837158203,.npz
patch_predictions_npz/0000774_S_129_S_129_patch_0006.npz,data/patient_reconstructed_predictions/patch_predictions_npz/0000774_S_129_S_129_patch_0006.npz,221309,0.21105670928955078,.npz
patch_predictions_npz/0000775_S_129_S_129_patch_0007.npz,data/patient_reconstructed_predictions/patch_predictions_npz/0000775_S_129_S_129_patch_0007.npz,212125,0.20229816436767578,.npz
patch_predictions_npz/0000776_S_130_S_130_patch_0000.npz,data/patient_reconstructed_predictions/patch_predictions_npz/0000776_S_130_S_130_patch_0000.npz,230165,0.21950244903564453,.npz
patch_predictions_npz/0000777_S_130_S_130_patch_0001.npz,data/patient_reconstructed_predictions/patch_predictions_npz/0000777_S_130_S_130_patch_0001.npz,233230,0.2224254608154297,.npz
patch_predictions_npz/0000778_S_130_S_130_patch_0002.npz,data/patient_reconstructed_predictions/patch_predictions_npz/0000778_S_130_S_130_patch_0002.npz,246544,0.2351226806640625,.npz
patch_predictions_npz/0000779_S_130_S_130_patch_0003.npz,data/patient_reconstructed_predictions/patch_predictions_npz/0000779_S_130_S_130_patch_0003.npz,239285,0.22819995880126953,.npz
patch_predictions_npz/0000780_S_130_S_130_patch_0004.npz,data/patient_reconstructed_predictions/patch_predictions_npz/0000780_S_130_S_130_patch_0004.npz,222430,0.2121257781982422,.npz
patch_predictions_npz/0000781_S_130_S_130_patch_0005.npz,data/patient_reconstructed_predictions/patch_predictions_npz/0000781_S_130_S_130_patch_0005.npz,222988,0.21265792846679688,.npz
patch_predictions_npz/0000782_S_130_S_130_patch_0006.npz,data/patient_reconstructed_predictions/patch_predictions_npz/0000782_S_130_S_130_patch_0006.npz,216760,0.20671844482421875,.npz
patch_predictions_npz/0000783_S_130_S_130_patch_0007.npz,data/patient_reconstructed_predictions/patch_predictions_npz/0000783_S_130_S_130_patch_0007.npz,205105,0.1956033706665039,.npz
patch_predictions_npz/0000784_S_131_S_131_patch_0000.npz,data/patient_reconstructed_predictions/patch_predictions_npz/0000784_S_131_S_131_patch_0000.npz,232654,0.2218761444091797,.npz
patch_predictions_npz/0000785_S_131_S_131_patch_0001.npz,data/patient_reconstructed_predictions/patch_predictions_npz/0000785_S_131_S_131_patch_0001.npz,233615,0.2227926254272461,.npz
patch_predictions_npz/0000786_S_131_S_131_patch_0002.npz,data/patient_reconstructed_predictions/patch_predictions_npz/0000786_S_131_S_131_patch_0002.npz,235905,0.2249765396118164,.npz
patch_predictions_npz/0000787_S_131_S_131_patch_0003.npz,data/patient_reconstructed_predictions/patch_predictions_npz/0000787_S_131_S_131_patch_0003.npz,230000,0.2193450927734375,.npz
patch_predictions_npz/0000788_S_131_S_131_patch_0004.npz,data/patient_reconstructed_predictions/patch_predictions_npz/0000788_S_131_S_131_patch_0004.npz,218129,0.2080240249633789,.npz
patch_predictions_npz/0000789_S_131_S_131_patch_0005.npz,data/patient_reconstructed_predictions/patch_predictions_npz/0000789_S_131_S_131_patch_0005.npz,222318,0.2120189666748047,.npz
patch_predictions_npz/0000790_S_131_S_131_patch_0006.npz,data/patient_reconstructed_predictions/patch_predictions_npz/0000790_S_131_S_131_patch_0006.npz,228807,0.21820735931396484,.npz
patch_predictions_npz/0000791_S_131_S_131_patch_0007.npz,data/patient_reconstructed_predictions/patch_predictions_npz/0000791_S_131_S_131_patch_0007.npz,220573,0.21035480499267578,.npz
patch_predictions_npz/0000792_S_132_S_132_patch_0000.npz,data/patient_reconstructed_predictions/patch_predictions_npz/0000792_S_132_S_132_patch_0000.npz,209295,0.1995992660522461,.npz
patch_predictions_npz/0000793_S_132_S_132_patch_0001.npz,data/patient_reconstructed_predictions/patch_predictions_npz/0000793_S_132_S_132_patch_0001.npz,216175,0.2061605453491211,.npz
patch_predictions_npz/0000794_S_132_S_132_patch_0002.npz,data/patient_reconstructed_predictions/patch_predictions_npz/0000794_S_132_S_132_patch_0002.npz,220465,0.2102518081665039,.npz
patch_predictions_npz/0000795_S_132_S_132_patch_0003.npz,data/patient_reconstructed_predictions/patch_predictions_npz/0000795_S_132_S_132_patch_0003.npz,222071,0.21178340911865234,.npz
patch_predictions_npz/0000796_S_132_S_132_patch_0004.npz,data/patient_reconstructed_predictions/patch_predictions_npz/0000796_S_132_S_132_patch_0004.npz,209584,0.1998748779296875,.npz
patch_predictions_npz/0000797_S_132_S_132_patch_0005.npz,data/patient_reconstructed_predictions/patch_predictions_npz/0000797_S_132_S_132_patch_0005.npz,214583,0.20464229583740234,.npz
patch_predictions_npz/0000798_S_132_S_132_patch_0006.npz,data/patient_reconstructed_predictions/patch_predictions_npz/0000798_S_132_S_132_patch_0006.npz,209531,0.19982433319091797,.npz
patch_predictions_npz/0000799_S_132_S_132_patch_0007.npz,data/patient_reconstructed_predictions/patch_predictions_npz/0000799_S_132_S_132_patch_0007.npz,204094,0.1946392059326172,.npz
patch_predictions_npz/0000800_S_133_S_133_patch_0000.npz,data/patient_reconstructed_predictions/patch_predictions_npz/0000800_S_133_S_133_patch_0000.npz,179546,0.17122840881347656,.npz
patch_predictions_npz/0000801_S_133_S_133_patch_0001.npz,data/patient_reconstructed_predictions/patch_predictions_npz/0000801_S_133_S_133_patch_0001.npz,196720,0.1876068115234375,.npz
patch_predictions_npz/0000802_S_133_S_133_patch_0002.npz,data/patient_reconstructed_predictions/patch_predictions_npz/0000802_S_133_S_133_patch_0002.npz,203295,0.1938772201538086,.npz
patch_predictions_npz/0000803_S_133_S_133_patch_0003.npz,data/patient_reconstructed_predictions/patch_predictions_npz/0000803_S_133_S_133_patch_0003.npz,201407,0.1920766830444336,.npz
patch_predictions_npz/0000804_S_133_S_133_patch_0004.npz,data/patient_reconstructed_predictions/patch_predictions_npz/0000804_S_133_S_133_patch_0004.npz,191593,0.18271732330322266,.npz
patch_predictions_npz/0000805_S_133_S_133_patch_0005.npz,data/patient_reconstructed_predictions/patch_predictions_npz/0000805_S_133_S_133_patch_0005.npz,189776,0.1809844970703125,.npz
patch_predictions_npz/0000806_S_133_S_133_patch_0006.npz,data/patient_reconstructed_predictions/patch_predictions_npz/0000806_S_133_S_133_patch_0006.npz,187973,0.17926502227783203,.npz
patch_predictions_npz/0000807_S_133_S_133_patch_0007.npz,data/patient_reconstructed_predictions/patch_predictions_npz/0000807_S_133_S_133_patch_0007.npz,184427,0.17588329315185547,.npz
patch_predictions_npz/0000808_S_134_S_134_patch_0000.npz,data/patient_reconstructed_predictions/patch_predictions_npz/0000808_S_134_S_134_patch_0000.npz,229852,0.21920394897460938,.npz
patch_predictions_npz/0000809_S_134_S_134_patch_0001.npz,data/patient_reconstructed_predictions/patch_predictions_npz/0000809_S_134_S_134_patch_0001.npz,237393,0.2263956069946289,.npz
patch_predictions_npz/0000810_S_134_S_134_patch_0002.npz,data/patient_reconstructed_predictions/patch_predictions_npz/0000810_S_134_S_134_patch_0002.npz,244868,0.23352432250976562,.npz
patch_predictions_npz/0000811_S_134_S_134_patch_0003.npz,data/patient_reconstructed_predictions/patch_predictions_npz/0000811_S_134_S_134_patch_0003.npz,237862,0.22684288024902344,.npz
patch_predictions_npz/0000812_S_134_S_134_patch_0004.npz,data/patient_reconstructed_predictions/patch_predictions_npz/0000812_S_134_S_134_patch_0004.npz,231370,0.22065162658691406,.npz
patch_predictions_npz/0000813_S_134_S_134_patch_0005.npz,data/patient_reconstructed_predictions/patch_predictions_npz/0000813_S_134_S_134_patch_0005.npz,239108,0.22803115844726562,.npz
patch_predictions_npz/0000814_S_134_S_134_patch_0006.npz,data/patient_reconstructed_predictions/patch_predictions_npz/0000814_S_134_S_134_patch_0006.npz,237659,0.22664928436279297,.npz
patch_predictions_npz/0000815_S_134_S_134_patch_0007.npz,data/patient_reconstructed_predictions/patch_predictions_npz/0000815_S_134_S_134_patch_0007.npz,225647,0.2151937484741211,.npz
patch_predictions_npz/0000816_S_135_S_135_patch_0000.npz,data/patient_reconstructed_predictions/patch_predictions_npz/0000816_S_135_S_135_patch_0000.npz,191264,0.182403564453125,.npz
patch_predictions_npz/0000817_S_135_S_135_patch_0001.npz,data/patient_reconstructed_predictions/patch_predictions_npz/0000817_S_135_S_135_patch_0001.npz,209707,0.19999217987060547,.npz
patch_predictions_npz/0000818_S_135_S_135_patch_0002.npz,data/patient_reconstructed_predictions/patch_predictions_npz/0000818_S_135_S_135_patch_0002.npz,210730,0.20096778869628906,.npz
patch_predictions_npz/0000819_S_135_S_135_patch_0003.npz,data/patient_reconstructed_predictions/patch_predictions_npz/0000819_S_135_S_135_patch_0003.npz,216356,0.20633316040039062,.npz
patch_predictions_npz/0000820_S_135_S_135_patch_0004.npz,data/patient_reconstructed_predictions/patch_predictions_npz/0000820_S_135_S_135_patch_0004.npz,201240,0.19191741943359375,.npz
patch_predictions_npz/0000821_S_135_S_135_patch_0005.npz,data/patient_reconstructed_predictions/patch_predictions_npz/0000821_S_135_S_135_patch_0005.npz,198801,0.1895914077758789,.npz
patch_predictions_npz/0000822_S_135_S_135_patch_0006.npz,data/patient_reconstructed_predictions/patch_predictions_npz/0000822_S_135_S_135_patch_0006.npz,200423,0.19113826751708984,.npz
patch_predictions_npz/0000823_S_135_S_135_patch_0007.npz,data/patient_reconstructed_predictions/patch_predictions_npz/0000823_S_135_S_135_patch_0007.npz,185971,0.17735576629638672,.npz
patch_predictions_npz/0000824_S_136_S_136_patch_0000.npz,data/patient_reconstructed_predictions/patch_predictions_npz/0000824_S_136_S_136_patch_0000.npz,205026,0.1955280303955078,.npz
patch_predictions_npz/0000825_S_136_S_136_patch_0001.npz,data/patient_reconstructed_predictions/patch_predictions_npz/0000825_S_136_S_136_patch_0001.npz,205149,0.19564533233642578,.npz
patch_predictions_npz/0000826_S_136_S_136_patch_0002.npz,data/patient_reconstructed_predictions/patch_predictions_npz/0000826_S_136_S_136_patch_0002.npz,207436,0.19782638549804688,.npz
patch_predictions_npz/0000827_S_136_S_136_patch_0003.npz,data/patient_reconstructed_predictions/patch_predictions_npz/0000827_S_136_S_136_patch_0003.npz,200980,0.19166946411132812,.npz
patch_predictions_npz/0000828_S_136_S_136_patch_0004.npz,data/patient_reconstructed_predictions/patch_predictions_npz/0000828_S_136_S_136_patch_0004.npz,188627,0.17988872528076172,.npz
patch_predictions_npz/0000829_S_136_S_136_patch_0005.npz,data/patient_reconstructed_predictions/patch_predictions_npz/0000829_S_136_S_136_patch_0005.npz,195314,0.1862659454345703,.npz
patch_predictions_npz/0000830_S_136_S_136_patch_0006.npz,data/patient_reconstructed_predictions/patch_predictions_npz/0000830_S_136_S_136_patch_0006.npz,199342,0.1901073455810547,.npz
patch_predictions_npz/0000831_S_136_S_136_patch_0007.npz,data/patient_reconstructed_predictions/patch_predictions_npz/0000831_S_136_S_136_patch_0007.npz,191643,0.18276500701904297,.npz
patch_predictions_npz/0000832_S_137_S_137_patch_0000.npz,data/patient_reconstructed_predictions/patch_predictions_npz/0000832_S_137_S_137_patch_0000.npz,189421,0.18064594268798828,.npz
patch_predictions_npz/0000833_S_137_S_137_patch_0001.npz,data/patient_reconstructed_predictions/patch_predictions_npz/0000833_S_137_S_137_patch_0001.npz,220988,0.21075057983398438,.npz
patch_predictions_npz/0000834_S_137_S_137_patch_0002.npz,data/patient_reconstructed_predictions/patch_predictions_npz/0000834_S_137_S_137_patch_0002.npz,231408,0.2206878662109375,.npz
patch_predictions_npz/0000835_S_137_S_137_patch_0003.npz,data/patient_reconstructed_predictions/patch_predictions_npz/0000835_S_137_S_137_patch_0003.npz,223032,0.21269989013671875,.npz
patch_predictions_npz/0000836_S_137_S_137_patch_0004.npz,data/patient_reconstructed_predictions/patch_predictions_npz/0000836_S_137_S_137_patch_0004.npz,209963,0.20023632049560547,.npz
patch_predictions_npz/0000837_S_137_S_137_patch_0005.npz,data/patient_reconstructed_predictions/patch_predictions_npz/0000837_S_137_S_137_patch_0005.npz,208350,0.1986980438232422,.npz
patch_predictions_npz/0000838_S_137_S_137_patch_0006.npz,data/patient_reconstructed_predictions/patch_predictions_npz/0000838_S_137_S_137_patch_0006.npz,207640,0.19802093505859375,.npz
patch_predictions_npz/0000839_S_137_S_137_patch_0007.npz,data/patient_reconstructed_predictions/patch_predictions_npz/0000839_S_137_S_137_patch_0007.npz,193310,0.1843547821044922,.npz
patch_predictions_npz/0000840_S_138_S_138_patch_0000.npz,data/patient_reconstructed_predictions/patch_predictions_npz/0000840_S_138_S_138_patch_0000.npz,205416,0.19589996337890625,.npz
patch_predictions_npz/0000841_S_138_S_138_patch_0001.npz,data/patient_reconstructed_predictions/patch_predictions_npz/0000841_S_138_S_138_patch_0001.npz,226934,0.21642112731933594,.npz
patch_predictions_npz/0000842_S_138_S_138_patch_0002.npz,data/patient_reconstructed_predictions/patch_predictions_npz/0000842_S_138_S_138_patch_0002.npz,238293,0.22725391387939453,.npz
patch_predictions_npz/0000843_S_138_S_138_patch_0003.npz,data/patient_reconstructed_predictions/patch_predictions_npz/0000843_S_138_S_138_patch_0003.npz,235684,0.22476577758789062,.npz
patch_predictions_npz/0000844_S_138_S_138_patch_0004.npz,data/patient_reconstructed_predictions/patch_predictions_npz/0000844_S_138_S_138_patch_0004.npz,221223,0.21097469329833984,.npz
patch_predictions_npz/0000845_S_138_S_138_patch_0005.npz,data/patient_reconstructed_predictions/patch_predictions_npz/0000845_S_138_S_138_patch_0005.npz,215188,0.20521926879882812,.npz
patch_predictions_npz/0000846_S_138_S_138_patch_0006.npz,data/patient_reconstructed_predictions/patch_predictions_npz/0000846_S_138_S_138_patch_0006.npz,212069,0.20224475860595703,.npz
patch_predictions_npz/0000847_S_138_S_138_patch_0007.npz,data/patient_reconstructed_predictions/patch_predictions_npz/0000847_S_138_S_138_patch_0007.npz,202852,0.19345474243164062,.npz
patch_predictions_npz/0000848_S_139_S_139_patch_0000.npz,data/patient_reconstructed_predictions/patch_predictions_npz/0000848_S_139_S_139_patch_0000.npz,205760,0.19622802734375,.npz
patch_predictions_npz/0000849_S_139_S_139_patch_0001.npz,data/patient_reconstructed_predictions/patch_predictions_npz/0000849_S_139_S_139_patch_0001.npz,205787,0.19625377655029297,.npz
patch_predictions_npz/0000850_S_139_S_139_patch_0002.npz,data/patient_reconstructed_predictions/patch_predictions_npz/0000850_S_139_S_139_patch_0002.npz,214630,0.20468711853027344,.npz
patch_predictions_npz/0000851_S_139_S_139_patch_0003.npz,data/patient_reconstructed_predictions/patch_predictions_npz/0000851_S_139_S_139_patch_0003.npz,214931,0.20497417449951172,.npz
patch_predictions_npz/0000852_S_139_S_139_patch_0004.npz,data/patient_reconstructed_predictions/patch_predictions_npz/0000852_S_139_S_139_patch_0004.npz,207615,0.1979970932006836,.npz
patch_predictions_npz/0000853_S_139_S_139_patch_0005.npz,data/patient_reconstructed_predictions/patch_predictions_npz/0000853_S_139_S_139_patch_0005.npz,203652,0.19421768188476562,.npz
patch_predictions_npz/0000854_S_139_S_139_patch_0006.npz,data/patient_reconstructed_predictions/patch_predictions_npz/0000854_S_139_S_139_patch_0006.npz,192534,0.18361473083496094,.npz
patch_predictions_npz/0000855_S_139_S_139_patch_0007.npz,data/patient_reconstructed_predictions/patch_predictions_npz/0000855_S_139_S_139_patch_0007.npz,189600,0.180816650390625,.npz
patch_predictions_npz/0000856_S_140_S_140_patch_0000.npz,data/patient_reconstructed_predictions/patch_predictions_npz/0000856_S_140_S_140_patch_0000.npz,210971,0.20119762420654297,.npz
patch_predictions_npz/0000857_S_140_S_140_patch_0001.npz,data/patient_reconstructed_predictions/patch_predictions_npz/0000857_S_140_S_140_patch_0001.npz,209222,0.19952964782714844,.npz
patch_predictions_npz/0000858_S_140_S_140_patch_0002.npz,data/patient_reconstructed_predictions/patch_predictions_npz/0000858_S_140_S_140_patch_0002.npz,215859,0.20585918426513672,.npz
patch_predictions_npz/0000859_S_140_S_140_patch_0003.npz,data/patient_reconstructed_predictions/patch_predictions_npz/0000859_S_140_S_140_patch_0003.npz,212245,0.20241260528564453,.npz
patch_predictions_npz/0000860_S_140_S_140_patch_0004.npz,data/patient_reconstructed_predictions/patch_predictions_npz/0000860_S_140_S_140_patch_0004.npz,206710,0.19713401794433594,.npz
patch_predictions_npz/0000861_S_140_S_140_patch_0005.npz,data/patient_reconstructed_predictions/patch_predictions_npz/0000861_S_140_S_140_patch_0005.npz,213207,0.20333003997802734,.npz
patch_predictions_npz/0000862_S_140_S_140_patch_0006.npz,data/patient_reconstructed_predictions/patch_predictions_npz/0000862_S_140_S_140_patch_0006.npz,209838,0.2001171112060547,.npz
patch_predictions_npz/0000863_S_140_S_140_patch_0007.npz,data/patient_reconstructed_predictions/patch_predictions_npz/0000863_S_140_S_140_patch_0007.npz,197540,0.18838882446289062,.npz
patch_predictions_npz/0000864_S_141_S_141_patch_0000.npz,data/patient_reconstructed_predictions/patch_predictions_npz/0000864_S_141_S_141_patch_0000.npz,200259,0.19098186492919922,.npz
patch_predictions_npz/0000865_S_141_S_141_patch_0001.npz,data/patient_reconstructed_predictions/patch_predictions_npz/0000865_S_141_S_141_patch_0001.npz,220750,0.2105236053466797,.npz
patch_predictions_npz/0000866_S_141_S_141_patch_0002.npz,data/patient_reconstructed_predictions/patch_predictions_npz/0000866_S_141_S_141_patch_0002.npz,228874,0.21827125549316406,.npz
patch_predictions_npz/0000867_S_141_S_141_patch_0003.npz,data/patient_reconstructed_predictions/patch_predictions_npz/0000867_S_141_S_141_patch_0003.npz,219552,0.209381103515625,.npz
patch_predictions_npz/0000868_S_141_S_141_patch_0004.npz,data/patient_reconstructed_predictions/patch_predictions_npz/0000868_S_141_S_141_patch_0004.npz,200932,0.19162368774414062,.npz
patch_predictions_npz/0000869_S_141_S_141_patch_0005.npz,data/patient_reconstructed_predictions/patch_predictions_npz/0000869_S_141_S_141_patch_0005.npz,206313,0.19675540924072266,.npz
patch_predictions_npz/0000870_S_141_S_141_patch_0006.npz,data/patient_reconstructed_predictions/patch_predictions_npz/0000870_S_141_S_141_patch_0006.npz,205670,0.19614219665527344,.npz
patch_predictions_npz/0000871_S_141_S_141_patch_0007.npz,data/patient_reconstructed_predictions/patch_predictions_npz/0000871_S_141_S_141_patch_0007.npz,195213,0.18616962432861328,.npz
patch_predictions_npz/0000872_S_142_S_142_patch_0000.npz,data/patient_reconstructed_predictions/patch_predictions_npz/0000872_S_142_S_142_patch_0000.npz,224712,0.21430206298828125,.npz
patch_predictions_npz/0000873_S_142_S_142_patch_0001.npz,data/patient_reconstructed_predictions/patch_predictions_npz/0000873_S_142_S_142_patch_0001.npz,238370,0.2273273468017578,.npz
patch_predictions_npz/0000874_S_142_S_142_patch_0002.npz,data/patient_reconstructed_predictions/patch_predictions_npz/0000874_S_142_S_142_patch_0002.npz,245833,0.23444461822509766,.npz
patch_predictions_npz/0000875_S_142_S_142_patch_0003.npz,data/patient_reconstructed_predictions/patch_predictions_npz/0000875_S_142_S_142_patch_0003.npz,245364,0.23399734497070312,.npz
patch_predictions_npz/0000876_S_142_S_142_patch_0004.npz,data/patient_reconstructed_predictions/patch_predictions_npz/0000876_S_142_S_142_patch_0004.npz,235645,0.22472858428955078,.npz
patch_predictions_npz/0000877_S_142_S_142_patch_0005.npz,data/patient_reconstructed_predictions/patch_predictions_npz/0000877_S_142_S_142_patch_0005.npz,232342,0.22157859802246094,.npz
patch_predictions_npz/0000878_S_142_S_142_patch_0006.npz,data/patient_reconstructed_predictions/patch_predictions_npz/0000878_S_142_S_142_patch_0006.npz,221715,0.21144390106201172,.npz
patch_predictions_npz/0000879_S_142_S_142_patch_0007.npz,data/patient_reconstructed_predictions/patch_predictions_npz/0000879_S_142_S_142_patch_0007.npz,216693,0.20665454864501953,.npz
patch_predictions_npz/0000880_S_143_S_143_patch_0000.npz,data/patient_reconstructed_predictions/patch_predictions_npz/0000880_S_143_S_143_patch_0000.npz,209778,0.2000598907470703,.npz
patch_predictions_npz/0000881_S_143_S_143_patch_0001.npz,data/patient_reconstructed_predictions/patch_predictions_npz/0000881_S_143_S_143_patch_0001.npz,206343,0.19678401947021484,.npz
patch_predictions_npz/0000882_S_143_S_143_patch_0002.npz,data/patient_reconstructed_predictions/patch_predictions_npz/0000882_S_143_S_143_patch_0002.npz,206568,0.19699859619140625,.npz
patch_predictions_npz/0000883_S_143_S_143_patch_0003.npz,data/patient_reconstructed_predictions/patch_predictions_npz/0000883_S_143_S_143_patch_0003.npz,202575,0.1931905746459961,.npz
patch_predictions_npz/0000884_S_143_S_143_patch_0004.npz,data/patient_reconstructed_predictions/patch_predictions_npz/0000884_S_143_S_143_patch_0004.npz,196903,0.18778133392333984,.npz
patch_predictions_npz/0000885_S_143_S_143_patch_0005.npz,data/patient_reconstructed_predictions/patch_predictions_npz/0000885_S_143_S_143_patch_0005.npz,197029,0.18790149688720703,.npz
patch_predictions_npz/0000886_S_143_S_143_patch_0006.npz,data/patient_reconstructed_predictions/patch_predictions_npz/0000886_S_143_S_143_patch_0006.npz,190236,0.18142318725585938,.npz
patch_predictions_npz/0000887_S_143_S_143_patch_0007.npz,data/patient_reconstructed_predictions/patch_predictions_npz/0000887_S_143_S_143_patch_0007.npz,184710,0.17615318298339844,.npz
patch_predictions_npz/0000888_S_144_S_144_patch_0000.npz,data/patient_reconstructed_predictions/patch_predictions_npz/0000888_S_144_S_144_patch_0000.npz,215403,0.20542430877685547,.npz
patch_predictions_npz/0000889_S_144_S_144_patch_0001.npz,data/patient_reconstructed_predictions/patch_predictions_npz/0000889_S_144_S_144_patch_0001.npz,229679,0.2190389633178711,.npz
patch_predictions_npz/0000890_S_144_S_144_patch_0002.npz,data/patient_reconstructed_predictions/patch_predictions_npz/0000890_S_144_S_144_patch_0002.npz,231218,0.2205066680908203,.npz
patch_predictions_npz/0000891_S_144_S_144_patch_0003.npz,data/patient_reconstructed_predictions/patch_predictions_npz/0000891_S_144_S_144_patch_0003.npz,231041,0.2203378677368164,.npz
patch_predictions_npz/0000892_S_144_S_144_patch_0004.npz,data/patient_reconstructed_predictions/patch_predictions_npz/0000892_S_144_S_144_patch_0004.npz,221826,0.2115497589111328,.npz
patch_predictions_npz/0000893_S_144_S_144_patch_0005.npz,data/patient_reconstructed_predictions/patch_predictions_npz/0000893_S_144_S_144_patch_0005.npz,217988,0.20788955688476562,.npz
patch_predictions_npz/0000894_S_144_S_144_patch_0006.npz,data/patient_reconstructed_predictions/patch_predictions_npz/0000894_S_144_S_144_patch_0006.npz,215974,0.20596885681152344,.npz
patch_predictions_npz/0000895_S_144_S_144_patch_0007.npz,data/patient_reconstructed_predictions/patch_predictions_npz/0000895_S_144_S_144_patch_0007.npz,207943,0.19830989837646484,.npz
patch_predictions_npz/0000896_S_145_S_145_patch_0000.npz,data/patient_reconstructed_predictions/patch_predictions_npz/0000896_S_145_S_145_patch_0000.npz,220480,0.21026611328125,.npz
patch_predictions_npz/0000897_S_145_S_145_patch_0001.npz,data/patient_reconstructed_predictions/patch_predictions_npz/0000897_S_145_S_145_patch_0001.npz,214520,0.20458221435546875,.npz
patch_predictions_npz/0000898_S_145_S_145_patch_0002.npz,data/patient_reconstructed_predictions/patch_predictions_npz/0000898_S_145_S_145_patch_0002.npz,215668,0.20567703247070312,.npz
patch_predictions_npz/0000899_S_145_S_145_patch_0003.npz,data/patient_reconstructed_predictions/patch_predictions_npz/0000899_S_145_S_145_patch_0003.npz,215161,0.20519351959228516,.npz
patch_predictions_npz/0000900_S_145_S_145_patch_0004.npz,data/patient_reconstructed_predictions/patch_predictions_npz/0000900_S_145_S_145_patch_0004.npz,202363,0.19298839569091797,.npz
patch_predictions_npz/0000901_S_145_S_145_patch_0005.npz,data/patient_reconstructed_predictions/patch_predictions_npz/0000901_S_145_S_145_patch_0005.npz,199060,0.18983840942382812,.npz
patch_predictions_npz/0000902_S_145_S_145_patch_0006.npz,data/patient_reconstructed_predictions/patch_predictions_npz/0000902_S_145_S_145_patch_0006.npz,202491,0.19311046600341797,.npz
patch_predictions_npz/0000903_S_145_S_145_patch_0007.npz,data/patient_reconstructed_predictions/patch_predictions_npz/0000903_S_145_S_145_patch_0007.npz,194853,0.18582630157470703,.npz
patch_predictions_npz/0000904_S_146_S_146_patch_0000.npz,data/patient_reconstructed_predictions/patch_predictions_npz/0000904_S_146_S_146_patch_0000.npz,187945,0.17923831939697266,.npz
patch_predictions_npz/0000905_S_146_S_146_patch_0001.npz,data/patient_reconstructed_predictions/patch_predictions_npz/0000905_S_146_S_146_patch_0001.npz,209017,0.19933414459228516,.npz
patch_predictions_npz/0000906_S_146_S_146_patch_0002.npz,data/patient_reconstructed_predictions/patch_predictions_npz/0000906_S_146_S_146_patch_0002.npz,212414,0.2025737762451172,.npz
patch_predictions_npz/0000907_S_146_S_146_patch_0003.npz,data/patient_reconstructed_predictions/patch_predictions_npz/0000907_S_146_S_146_patch_0003.npz,210302,0.2005596160888672,.npz
patch_predictions_npz/0000908_S_146_S_146_patch_0004.npz,data/patient_reconstructed_predictions/patch_predictions_npz/0000908_S_146_S_146_patch_0004.npz,191754,0.18287086486816406,.npz
patch_predictions_npz/0000909_S_146_S_146_patch_0005.npz,data/patient_reconstructed_predictions/patch_predictions_npz/0000909_S_146_S_146_patch_0005.npz,188964,0.18021011352539062,.npz
patch_predictions_npz/0000910_S_146_S_146_patch_0006.npz,data/patient_reconstructed_predictions/patch_predictions_npz/0000910_S_146_S_146_patch_0006.npz,187001,0.17833805084228516,.npz
patch_predictions_npz/0000911_S_146_S_146_patch_0007.npz,data/patient_reconstructed_predictions/patch_predictions_npz/0000911_S_146_S_146_patch_0007.npz,179906,0.1715717315673828,.npz
patch_predictions_npz/0000912_S_147_S_147_patch_0000.npz,data/patient_reconstructed_predictions/patch_predictions_npz/0000912_S_147_S_147_patch_0000.npz,198791,0.18958187103271484,.npz
patch_predictions_npz/0000913_S_147_S_147_patch_0001.npz,data/patient_reconstructed_predictions/patch_predictions_npz/0000913_S_147_S_147_patch_0001.npz,203307,0.19388866424560547,.npz
patch_predictions_npz/0000914_S_147_S_147_patch_0002.npz,data/patient_reconstructed_predictions/patch_predictions_npz/0000914_S_147_S_147_patch_0002.npz,205929,0.19638919830322266,.npz
patch_predictions_npz/0000915_S_147_S_147_patch_0003.npz,data/patient_reconstructed_predictions/patch_predictions_npz/0000915_S_147_S_147_patch_0003.npz,204002,0.1945514678955078,.npz
patch_predictions_npz/0000916_S_147_S_147_patch_0004.npz,data/patient_reconstructed_predictions/patch_predictions_npz/0000916_S_147_S_147_patch_0004.npz,192691,0.18376445770263672,.npz
patch_predictions_npz/0000917_S_147_S_147_patch_0005.npz,data/patient_reconstructed_predictions/patch_predictions_npz/0000917_S_147_S_147_patch_0005.npz,193520,0.1845550537109375,.npz
patch_predictions_npz/0000918_S_147_S_147_patch_0006.npz,data/patient_reconstructed_predictions/patch_predictions_npz/0000918_S_147_S_147_patch_0006.npz,197064,0.18793487548828125,.npz
patch_predictions_npz/0000919_S_147_S_147_patch_0007.npz,data/patient_reconstructed_predictions/patch_predictions_npz/0000919_S_147_S_147_patch_0007.npz,181875,0.17344951629638672,.npz
patch_predictions_npz/0000920_S_148_S_148_patch_0000.npz,data/patient_reconstructed_predictions/patch_predictions_npz/0000920_S_148_S_148_patch_0000.npz,197969,0.1887979507446289,.npz
patch_predictions_npz/0000921_S_148_S_148_patch_0001.npz,data/patient_reconstructed_predictions/patch_predictions_npz/0000921_S_148_S_148_patch_0001.npz,215551,0.2055654525756836,.npz
patch_predictions_npz/0000922_S_148_S_148_patch_0002.npz,data/patient_reconstructed_predictions/patch_predictions_npz/0000922_S_148_S_148_patch_0002.npz,219319,0.20915889739990234,.npz
patch_predictions_npz/0000923_S_148_S_148_patch_0003.npz,data/patient_reconstructed_predictions/patch_predictions_npz/0000923_S_148_S_148_patch_0003.npz,219002,0.20885658264160156,.npz
patch_predictions_npz/0000924_S_148_S_148_patch_0004.npz,data/patient_reconstructed_predictions/patch_predictions_npz/0000924_S_148_S_148_patch_0004.npz,196603,0.18749523162841797,.npz
patch_predictions_npz/0000925_S_148_S_148_patch_0005.npz,data/patient_reconstructed_predictions/patch_predictions_npz/0000925_S_148_S_148_patch_0005.npz,196829,0.18771076202392578,.npz
patch_predictions_npz/0000926_S_148_S_148_patch_0006.npz,data/patient_reconstructed_predictions/patch_predictions_npz/0000926_S_148_S_148_patch_0006.npz,197501,0.18835163116455078,.npz
patch_predictions_npz/0000927_S_148_S_148_patch_0007.npz,data/patient_reconstructed_predictions/patch_predictions_npz/0000927_S_148_S_148_patch_0007.npz,189342,0.1805706024169922,.npz
patch_predictions_npz/0000928_S_149_S_149_patch_0000.npz,data/patient_reconstructed_predictions/patch_predictions_npz/0000928_S_149_S_149_patch_0000.npz,215054,0.2050914764404297,.npz
patch_predictions_npz/0000929_S_149_S_149_patch_0001.npz,data/patient_reconstructed_predictions/patch_predictions_npz/0000929_S_149_S_149_patch_0001.npz,210632,0.20087432861328125,.npz
patch_predictions_npz/0000930_S_149_S_149_patch_0002.npz,data/patient_reconstructed_predictions/patch_predictions_npz/0000930_S_149_S_149_patch_0002.npz,212784,0.2029266357421875,.npz
patch_predictions_npz/0000931_S_149_S_149_patch_0003.npz,data/patient_reconstructed_predictions/patch_predictions_npz/0000931_S_149_S_149_patch_0003.npz,204507,0.19503307342529297,.npz
patch_predictions_npz/0000932_S_149_S_149_patch_0004.npz,data/patient_reconstructed_predictions/patch_predictions_npz/0000932_S_149_S_149_patch_0004.npz,189990,0.18118858337402344,.npz
patch_predictions_npz/0000933_S_149_S_149_patch_0005.npz,data/patient_reconstructed_predictions/patch_predictions_npz/0000933_S_149_S_149_patch_0005.npz,195159,0.18611812591552734,.npz
patch_predictions_npz/0000934_S_149_S_149_patch_0006.npz,data/patient_reconstructed_predictions/patch_predictions_npz/0000934_S_149_S_149_patch_0006.npz,192529,0.1836099624633789,.npz
patch_predictions_npz/0000935_S_149_S_149_patch_0007.npz,data/patient_reconstructed_predictions/patch_predictions_npz/0000935_S_149_S_149_patch_0007.npz,183777,0.1752634048461914,.npz
patch_predictions_npz/0000936_S_150_S_150_patch_0000.npz,data/patient_reconstructed_predictions/patch_predictions_npz/0000936_S_150_S_150_patch_0000.npz,209866,0.20014381408691406,.npz
patch_predictions_npz/0000937_S_150_S_150_patch_0001.npz,data/patient_reconstructed_predictions/patch_predictions_npz/0000937_S_150_S_150_patch_0001.npz,214571,0.20463085174560547,.npz
patch_predictions_npz/0000938_S_150_S_150_patch_0002.npz,data/patient_reconstructed_predictions/patch_predictions_npz/0000938_S_150_S_150_patch_0002.npz,222929,0.2126016616821289,.npz
patch_predictions_npz/0000939_S_150_S_150_patch_0003.npz,data/patient_reconstructed_predictions/patch_predictions_npz/0000939_S_150_S_150_patch_0003.npz,218839,0.20870113372802734,.npz
patch_predictions_npz/0000940_S_150_S_150_patch_0004.npz,data/patient_reconstructed_predictions/patch_predictions_npz/0000940_S_150_S_150_patch_0004.npz,213403,0.20351696014404297,.npz
patch_predictions_npz/0000941_S_150_S_150_patch_0005.npz,data/patient_reconstructed_predictions/patch_predictions_npz/0000941_S_150_S_150_patch_0005.npz,221472,0.211212158203125,.npz
patch_predictions_npz/0000942_S_150_S_150_patch_0006.npz,data/patient_reconstructed_predictions/patch_predictions_npz/0000942_S_150_S_150_patch_0006.npz,221928,0.21164703369140625,.npz
patch_predictions_npz/0000943_S_150_S_150_patch_0007.npz,data/patient_reconstructed_predictions/patch_predictions_npz/0000943_S_150_S_150_patch_0007.npz,217984,0.2078857421875,.npz
patch_predictions_npz/0000944_S_151_S_151_patch_0000.npz,data/patient_reconstructed_predictions/patch_predictions_npz/0000944_S_151_S_151_patch_0000.npz,197879,0.18871212005615234,.npz
patch_predictions_npz/0000945_S_151_S_151_patch_0001.npz,data/patient_reconstructed_predictions/patch_predictions_npz/0000945_S_151_S_151_patch_0001.npz,207557,0.19794178009033203,.npz
patch_predictions_npz/0000946_S_151_S_151_patch_0002.npz,data/patient_reconstructed_predictions/patch_predictions_npz/0000946_S_151_S_151_patch_0002.npz,219266,0.2091083526611328,.npz
patch_predictions_npz/0000947_S_151_S_151_patch_0003.npz,data/patient_reconstructed_predictions/patch_predictions_npz/0000947_S_151_S_151_patch_0003.npz,213821,0.20391559600830078,.npz
patch_predictions_npz/0000948_S_151_S_151_patch_0004.npz,data/patient_reconstructed_predictions/patch_predictions_npz/0000948_S_151_S_151_patch_0004.npz,202893,0.19349384307861328,.npz
patch_predictions_npz/0000949_S_151_S_151_patch_0005.npz,data/patient_reconstructed_predictions/patch_predictions_npz/0000949_S_151_S_151_patch_0005.npz,214769,0.2048196792602539,.npz
patch_predictions_npz/0000950_S_151_S_151_patch_0006.npz,data/patient_reconstructed_predictions/patch_predictions_npz/0000950_S_151_S_151_patch_0006.npz,219608,0.20943450927734375,.npz
patch_predictions_npz/0000951_S_151_S_151_patch_0007.npz,data/patient_reconstructed_predictions/patch_predictions_npz/0000951_S_151_S_151_patch_0007.npz,205552,0.1960296630859375,.npz
patch_predictions_npz/0000952_S_152_S_152_patch_0000.npz,data/patient_reconstructed_predictions/patch_predictions_npz/0000952_S_152_S_152_patch_0000.npz,194584,0.18556976318359375,.npz
patch_predictions_npz/0000953_S_152_S_152_patch_0001.npz,data/patient_reconstructed_predictions/patch_predictions_npz/0000953_S_152_S_152_patch_0001.npz,206569,0.19699954986572266,.npz
patch_predictions_npz/0000954_S_152_S_152_patch_0002.npz,data/patient_reconstructed_predictions/patch_predictions_npz/0000954_S_152_S_152_patch_0002.npz,215714,0.2057209014892578,.npz
patch_predictions_npz/0000955_S_152_S_152_patch_0003.npz,data/patient_reconstructed_predictions/patch_predictions_npz/0000955_S_152_S_152_patch_0003.npz,209446,0.19974327087402344,.npz
patch_predictions_npz/0000956_S_152_S_152_patch_0004.npz,data/patient_reconstructed_predictions/patch_predictions_npz/0000956_S_152_S_152_patch_0004.npz,196309,0.18721485137939453,.npz
patch_predictions_npz/0000957_S_152_S_152_patch_0005.npz,data/patient_reconstructed_predictions/patch_predictions_npz/0000957_S_152_S_152_patch_0005.npz,207049,0.19745731353759766,.npz
patch_predictions_npz/0000958_S_152_S_152_patch_0006.npz,data/patient_reconstructed_predictions/patch_predictions_npz/0000958_S_152_S_152_patch_0006.npz,202074,0.19271278381347656,.npz
patch_predictions_npz/0000959_S_152_S_152_patch_0007.npz,data/patient_reconstructed_predictions/patch_predictions_npz/0000959_S_152_S_152_patch_0007.npz,185947,0.17733287811279297,.npz
patch_predictions_npz/0000960_S_153_S_153_patch_0000.npz,data/patient_reconstructed_predictions/patch_predictions_npz/0000960_S_153_S_153_patch_0000.npz,188145,0.1794290542602539,.npz
patch_predictions_npz/0000961_S_153_S_153_patch_0001.npz,data/patient_reconstructed_predictions/patch_predictions_npz/0000961_S_153_S_153_patch_0001.npz,210145,0.2004098892211914,.npz
patch_predictions_npz/0000962_S_153_S_153_patch_0002.npz,data/patient_reconstructed_predictions/patch_predictions_npz/0000962_S_153_S_153_patch_0002.npz,216780,0.20673751831054688,.npz
patch_predictions_npz/0000963_S_153_S_153_patch_0003.npz,data/patient_reconstructed_predictions/patch_predictions_npz/0000963_S_153_S_153_patch_0003.npz,213900,0.20399093627929688,.npz
patch_predictions_npz/0000964_S_153_S_153_patch_0004.npz,data/patient_reconstructed_predictions/patch_predictions_npz/0000964_S_153_S_153_patch_0004.npz,204672,0.1951904296875,.npz
patch_predictions_npz/0000965_S_153_S_153_patch_0005.npz,data/patient_reconstructed_predictions/patch_predictions_npz/0000965_S_153_S_153_patch_0005.npz,213613,0.20371723175048828,.npz
patch_predictions_npz/0000966_S_153_S_153_patch_0006.npz,data/patient_reconstructed_predictions/patch_predictions_npz/0000966_S_153_S_153_patch_0006.npz,210658,0.2008991241455078,.npz
patch_predictions_npz/0000967_S_153_S_153_patch_0007.npz,data/patient_reconstructed_predictions/patch_predictions_npz/0000967_S_153_S_153_patch_0007.npz,199393,0.1901559829711914,.npz
patch_predictions_npz/0000968_S_154_S_154_patch_0000.npz,data/patient_reconstructed_predictions/patch_predictions_npz/0000968_S_154_S_154_patch_0000.npz,189681,0.1808938980102539,.npz
patch_predictions_npz/0000969_S_154_S_154_patch_0001.npz,data/patient_reconstructed_predictions/patch_predictions_npz/0000969_S_154_S_154_patch_0001.npz,206854,0.19727134704589844,.npz
patch_predictions_npz/0000970_S_154_S_154_patch_0002.npz,data/patient_reconstructed_predictions/patch_predictions_npz/0000970_S_154_S_154_patch_0002.npz,217633,0.2075510025024414,.npz
patch_predictions_npz/0000971_S_154_S_154_patch_0003.npz,data/patient_reconstructed_predictions/patch_predictions_npz/0000971_S_154_S_154_patch_0003.npz,216737,0.2066965103149414,.npz
patch_predictions_npz/0000972_S_154_S_154_patch_0004.npz,data/patient_reconstructed_predictions/patch_predictions_npz/0000972_S_154_S_154_patch_0004.npz,195487,0.1864309310913086,.npz
patch_predictions_npz/0000973_S_154_S_154_patch_0005.npz,data/patient_reconstructed_predictions/patch_predictions_npz/0000973_S_154_S_154_patch_0005.npz,196947,0.18782329559326172,.npz
patch_predictions_npz/0000974_S_154_S_154_patch_0006.npz,data/patient_reconstructed_predictions/patch_predictions_npz/0000974_S_154_S_154_patch_0006.npz,203472,0.1940460205078125,.npz
patch_predictions_npz/0000975_S_154_S_154_patch_0007.npz,data/patient_reconstructed_predictions/patch_predictions_npz/0000975_S_154_S_154_patch_0007.npz,186721,0.1780710220336914,.npz
patch_predictions_npz/0000976_S_155_S_155_patch_0000.npz,data/patient_reconstructed_predictions/patch_predictions_npz/0000976_S_155_S_155_patch_0000.npz,195883,0.18680858612060547,.npz
patch_predictions_npz/0000977_S_155_S_155_patch_0001.npz,data/patient_reconstructed_predictions/patch_predictions_npz/0000977_S_155_S_155_patch_0001.npz,219983,0.2097921371459961,.npz
patch_predictions_npz/0000978_S_155_S_155_patch_0002.npz,data/patient_reconstructed_predictions/patch_predictions_npz/0000978_S_155_S_155_patch_0002.npz,223913,0.21354007720947266,.npz
patch_predictions_npz/0000979_S_155_S_155_patch_0003.npz,data/patient_reconstructed_predictions/patch_predictions_npz/0000979_S_155_S_155_patch_0003.npz,223769,0.21340274810791016,.npz
patch_predictions_npz/0000980_S_155_S_155_patch_0004.npz,data/patient_reconstructed_predictions/patch_predictions_npz/0000980_S_155_S_155_patch_0004.npz,213014,0.20314598083496094,.npz
patch_predictions_npz/0000981_S_155_S_155_patch_0005.npz,data/patient_reconstructed_predictions/patch_predictions_npz/0000981_S_155_S_155_patch_0005.npz,210714,0.20095252990722656,.npz
patch_predictions_npz/0000982_S_155_S_155_patch_0006.npz,data/patient_reconstructed_predictions/patch_predictions_npz/0000982_S_155_S_155_patch_0006.npz,210910,0.2011394500732422,.npz
patch_predictions_npz/0000983_S_155_S_155_patch_0007.npz,data/patient_reconstructed_predictions/patch_predictions_npz/0000983_S_155_S_155_patch_0007.npz,191583,0.1827077865600586,.npz
patch_predictions_npz/0000984_S_156_S_156_patch_0000.npz,data/patient_reconstructed_predictions/patch_predictions_npz/0000984_S_156_S_156_patch_0000.npz,180602,0.17223548889160156,.npz
patch_predictions_npz/0000985_S_156_S_156_patch_0001.npz,data/patient_reconstructed_predictions/patch_predictions_npz/0000985_S_156_S_156_patch_0001.npz,197902,0.1887340545654297,.npz
patch_predictions_npz/0000986_S_156_S_156_patch_0002.npz,data/patient_reconstructed_predictions/patch_predictions_npz/0000986_S_156_S_156_patch_0002.npz,208986,0.19930458068847656,.npz
patch_predictions_npz/0000987_S_156_S_156_patch_0003.npz,data/patient_reconstructed_predictions/patch_predictions_npz/0000987_S_156_S_156_patch_0003.npz,208456,0.19879913330078125,.npz
patch_predictions_npz/0000988_S_156_S_156_patch_0004.npz,data/patient_reconstructed_predictions/patch_predictions_npz/0000988_S_156_S_156_patch_0004.npz,200655,0.1913595199584961,.npz
patch_predictions_npz/0000989_S_156_S_156_patch_0005.npz,data/patient_reconstructed_predictions/patch_predictions_npz/0000989_S_156_S_156_patch_0005.npz,196256,0.187164306640625,.npz
patch_predictions_npz/0000990_S_156_S_156_patch_0006.npz,data/patient_reconstructed_predictions/patch_predictions_npz/0000990_S_156_S_156_patch_0006.npz,197421,0.18827533721923828,.npz
patch_predictions_npz/0000991_S_156_S_156_patch_0007.npz,data/patient_reconstructed_predictions/patch_predictions_npz/0000991_S_156_S_156_patch_0007.npz,195289,0.18624210357666016,.npz
patch_predictions_npz/0000992_S_157_S_157_patch_0000.npz,data/patient_reconstructed_predictions/patch_predictions_npz/0000992_S_157_S_157_patch_0000.npz,199455,0.1902151107788086,.npz
patch_predictions_npz/0000993_S_157_S_157_patch_0001.npz,data/patient_reconstructed_predictions/patch_predictions_npz/0000993_S_157_S_157_patch_0001.npz,213327,0.2034444808959961,.npz
patch_predictions_npz/0000994_S_157_S_157_patch_0002.npz,data/patient_reconstructed_predictions/patch_predictions_npz/0000994_S_157_S_157_patch_0002.npz,222722,0.2124042510986328,.npz
patch_predictions_npz/0000995_S_157_S_157_patch_0003.npz,data/patient_reconstructed_predictions/patch_predictions_npz/0000995_S_157_S_157_patch_0003.npz,218641,0.2085123062133789,.npz
patch_predictions_npz/0000996_S_157_S_157_patch_0004.npz,data/patient_reconstructed_predictions/patch_predictions_npz/0000996_S_157_S_157_patch_0004.npz,205709,0.19617938995361328,.npz
patch_predictions_npz/0000997_S_157_S_157_patch_0005.npz,data/patient_reconstructed_predictions/patch_predictions_npz/0000997_S_157_S_157_patch_0005.npz,204239,0.1947774887084961,.npz
patch_predictions_npz/0000998_S_157_S_157_patch_0006.npz,data/patient_reconstructed_predictions/patch_predictions_npz/0000998_S_157_S_157_patch_0006.npz,204305,0.1948404312133789,.npz
patch_predictions_npz/0000999_S_157_S_157_patch_0007.npz,data/patient_reconstructed_predictions/patch_predictions_npz/0000999_S_157_S_157_patch_0007.npz,197058,0.1879291534423828,.npz
patch_predictions_npz/0001000_S_158_S_158_patch_0000.npz,data/patient_reconstructed_predictions/patch_predictions_npz/0001000_S_158_S_158_patch_0000.npz,193294,0.1843395233154297,.npz
patch_predictions_npz/0001001_S_158_S_158_patch_0001.npz,data/patient_reconstructed_predictions/patch_predictions_npz/0001001_S_158_S_158_patch_0001.npz,208675,0.19900798797607422,.npz
patch_predictions_npz/0001002_S_158_S_158_patch_0002.npz,data/patient_reconstructed_predictions/patch_predictions_npz/0001002_S_158_S_158_patch_0002.npz,230279,0.21961116790771484,.npz
patch_predictions_npz/0001003_S_158_S_158_patch_0003.npz,data/patient_reconstructed_predictions/patch_predictions_npz/0001003_S_158_S_158_patch_0003.npz,217854,0.2077617645263672,.npz
patch_predictions_npz/0001004_S_158_S_158_patch_0004.npz,data/patient_reconstructed_predictions/patch_predictions_npz/0001004_S_158_S_158_patch_0004.npz,193826,0.1848468780517578,.npz
patch_predictions_npz/0001005_S_158_S_158_patch_0005.npz,data/patient_reconstructed_predictions/patch_predictions_npz/0001005_S_158_S_158_patch_0005.npz,186962,0.1783008575439453,.npz
patch_predictions_npz/0001006_S_158_S_158_patch_0006.npz,data/patient_reconstructed_predictions/patch_predictions_npz/0001006_S_158_S_158_patch_0006.npz,187003,0.17833995819091797,.npz
patch_predictions_npz/0001007_S_158_S_158_patch_0007.npz,data/patient_reconstructed_predictions/patch_predictions_npz/0001007_S_158_S_158_patch_0007.npz,190466,0.1816425323486328,.npz
patch_predictions_npz/0001008_S_160_S_160_patch_0000.npz,data/patient_reconstructed_predictions/patch_predictions_npz/0001008_S_160_S_160_patch_0000.npz,207504,0.1978912353515625,.npz
patch_predictions_npz/0001009_S_160_S_160_patch_0001.npz,data/patient_reconstructed_predictions/patch_predictions_npz/0001009_S_160_S_160_patch_0001.npz,231718,0.22098350524902344,.npz
patch_predictions_npz/0001010_S_160_S_160_patch_0002.npz,data/patient_reconstructed_predictions/patch_predictions_npz/0001010_S_160_S_160_patch_0002.npz,244868,0.23352432250976562,.npz
patch_predictions_npz/0001011_S_160_S_160_patch_0003.npz,data/patient_reconstructed_predictions/patch_predictions_npz/0001011_S_160_S_160_patch_0003.npz,245933,0.23453998565673828,.npz
patch_predictions_npz/0001012_S_160_S_160_patch_0004.npz,data/patient_reconstructed_predictions/patch_predictions_npz/0001012_S_160_S_160_patch_0004.npz,234702,0.2238292694091797,.npz
patch_predictions_npz/0001013_S_160_S_160_patch_0005.npz,data/patient_reconstructed_predictions/patch_predictions_npz/0001013_S_160_S_160_patch_0005.npz,237657,0.22664737701416016,.npz
patch_predictions_npz/0001014_S_160_S_160_patch_0006.npz,data/patient_reconstructed_predictions/patch_predictions_npz/0001014_S_160_S_160_patch_0006.npz,243398,0.23212242126464844,.npz
patch_predictions_npz/0001015_S_160_S_160_patch_0007.npz,data/patient_reconstructed_predictions/patch_predictions_npz/0001015_S_160_S_160_patch_0007.npz,228205,0.21763324737548828,.npz
patch_predictions_npz/0001016_S_161_S_161_patch_0000.npz,data/patient_reconstructed_predictions/patch_predictions_npz/0001016_S_161_S_161_patch_0000.npz,199521,0.1902780532836914,.npz
patch_predictions_npz/0001017_S_161_S_161_patch_0001.npz,data/patient_reconstructed_predictions/patch_predictions_npz/0001017_S_161_S_161_patch_0001.npz,220506,0.21029090881347656,.npz
patch_predictions_npz/0001018_S_161_S_161_patch_0002.npz,data/patient_reconstructed_predictions/patch_predictions_npz/0001018_S_161_S_161_patch_0002.npz,232129,0.2213754653930664,.npz
patch_predictions_npz/0001019_S_161_S_161_patch_0003.npz,data/patient_reconstructed_predictions/patch_predictions_npz/0001019_S_161_S_161_patch_0003.npz,226521,0.21602725982666016,.npz
patch_predictions_npz/0001020_S_161_S_161_patch_0004.npz,data/patient_reconstructed_predictions/patch_predictions_npz/0001020_S_161_S_161_patch_0004.npz,216382,0.2063579559326172,.npz
patch_predictions_npz/0001021_S_161_S_161_patch_0005.npz,data/patient_reconstructed_predictions/patch_predictions_npz/0001021_S_161_S_161_patch_0005.npz,216534,0.20650291442871094,.npz
patch_predictions_npz/0001022_S_161_S_161_patch_0006.npz,data/patient_reconstructed_predictions/patch_predictions_npz/0001022_S_161_S_161_patch_0006.npz,212667,0.20281505584716797,.npz
patch_predictions_npz/0001023_S_161_S_161_patch_0007.npz,data/patient_reconstructed_predictions/patch_predictions_npz/0001023_S_161_S_161_patch_0007.npz,195042,0.1860065460205078,.npz
patch_predictions_npz/0001024_S_162_S_162_patch_0000.npz,data/patient_reconstructed_predictions/patch_predictions_npz/0001024_S_162_S_162_patch_0000.npz,206643,0.19707012176513672,.npz
patch_predictions_npz/0001025_S_162_S_162_patch_0001.npz,data/patient_reconstructed_predictions/patch_predictions_npz/0001025_S_162_S_162_patch_0001.npz,227557,0.21701526641845703,.npz
patch_predictions_npz/0001026_S_162_S_162_patch_0002.npz,data/patient_reconstructed_predictions/patch_predictions_npz/0001026_S_162_S_162_patch_0002.npz,247157,0.23570728302001953,.npz
patch_predictions_npz/0001027_S_162_S_162_patch_0003.npz,data/patient_reconstructed_predictions/patch_predictions_npz/0001027_S_162_S_162_patch_0003.npz,241242,0.23006629943847656,.npz
patch_predictions_npz/0001028_S_162_S_162_patch_0004.npz,data/patient_reconstructed_predictions/patch_predictions_npz/0001028_S_162_S_162_patch_0004.npz,226106,0.21563148498535156,.npz
patch_predictions_npz/0001029_S_162_S_162_patch_0005.npz,data/patient_reconstructed_predictions/patch_predictions_npz/0001029_S_162_S_162_patch_0005.npz,221497,0.21123600006103516,.npz
patch_predictions_npz/0001030_S_162_S_162_patch_0006.npz,data/patient_reconstructed_predictions/patch_predictions_npz/0001030_S_162_S_162_patch_0006.npz,227785,0.21723270416259766,.npz
patch_predictions_npz/0001031_S_162_S_162_patch_0007.npz,data/patient_reconstructed_predictions/patch_predictions_npz/0001031_S_162_S_162_patch_0007.npz,220275,0.21007061004638672,.npz
patch_predictions_npz/0001032_S_163_S_163_patch_0000.npz,data/patient_reconstructed_predictions/patch_predictions_npz/0001032_S_163_S_163_patch_0000.npz,210975,0.2012014389038086,.npz
patch_predictions_npz/0001033_S_163_S_163_patch_0001.npz,data/patient_reconstructed_predictions/patch_predictions_npz/0001033_S_163_S_163_patch_0001.npz,214947,0.20498943328857422,.npz
patch_predictions_npz/0001034_S_163_S_163_patch_0002.npz,data/patient_reconstructed_predictions/patch_predictions_npz/0001034_S_163_S_163_patch_0002.npz,222629,0.21231555938720703,.npz
patch_predictions_npz/0001035_S_163_S_163_patch_0003.npz,data/patient_reconstructed_predictions/patch_predictions_npz/0001035_S_163_S_163_patch_0003.npz,225111,0.21468257904052734,.npz
patch_predictions_npz/0001036_S_163_S_163_patch_0004.npz,data/patient_reconstructed_predictions/patch_predictions_npz/0001036_S_163_S_163_patch_0004.npz,219836,0.20965194702148438,.npz
patch_predictions_npz/0001037_S_163_S_163_patch_0005.npz,data/patient_reconstructed_predictions/patch_predictions_npz/0001037_S_163_S_163_patch_0005.npz,227200,0.2166748046875,.npz
patch_predictions_npz/0001038_S_163_S_163_patch_0006.npz,data/patient_reconstructed_predictions/patch_predictions_npz/0001038_S_163_S_163_patch_0006.npz,223639,0.21327877044677734,.npz
patch_predictions_npz/0001039_S_163_S_163_patch_0007.npz,data/patient_reconstructed_predictions/patch_predictions_npz/0001039_S_163_S_163_patch_0007.npz,221102,0.2108592987060547,.npz
patch_predictions_npz/0001040_S_164_S_164_patch_0000.npz,data/patient_reconstructed_predictions/patch_predictions_npz/0001040_S_164_S_164_patch_0000.npz,214781,0.20483112335205078,.npz
patch_predictions_npz/0001041_S_164_S_164_patch_0001.npz,data/patient_reconstructed_predictions/patch_predictions_npz/0001041_S_164_S_164_patch_0001.npz,236813,0.22584247589111328,.npz
patch_predictions_npz/0001042_S_164_S_164_patch_0002.npz,data/patient_reconstructed_predictions/patch_predictions_npz/0001042_S_164_S_164_patch_0002.npz,242573,0.23133563995361328,.npz
patch_predictions_npz/0001043_S_164_S_164_patch_0003.npz,data/patient_reconstructed_predictions/patch_predictions_npz/0001043_S_164_S_164_patch_0003.npz,242574,0.2313365936279297,.npz
patch_predictions_npz/0001044_S_164_S_164_patch_0004.npz,data/patient_reconstructed_predictions/patch_predictions_npz/0001044_S_164_S_164_patch_0004.npz,231152,0.2204437255859375,.npz
patch_predictions_npz/0001045_S_164_S_164_patch_0005.npz,data/patient_reconstructed_predictions/patch_predictions_npz/0001045_S_164_S_164_patch_0005.npz,223770,0.21340370178222656,.npz
patch_predictions_npz/0001046_S_164_S_164_patch_0006.npz,data/patient_reconstructed_predictions/patch_predictions_npz/0001046_S_164_S_164_patch_0006.npz,235352,0.22444915771484375,.npz
patch_predictions_npz/0001047_S_164_S_164_patch_0007.npz,data/patient_reconstructed_predictions/patch_predictions_npz/0001047_S_164_S_164_patch_0007.npz,228329,0.21775150299072266,.npz
patch_predictions_npz/0001048_S_165_S_165_patch_0000.npz,data/patient_reconstructed_predictions/patch_predictions_npz/0001048_S_165_S_165_patch_0000.npz,189593,0.18080997467041016,.npz
patch_predictions_npz/0001049_S_165_S_165_patch_0001.npz,data/patient_reconstructed_predictions/patch_predictions_npz/0001049_S_165_S_165_patch_0001.npz,197977,0.18880558013916016,.npz
patch_predictions_npz/0001050_S_165_S_165_patch_0002.npz,data/patient_reconstructed_predictions/patch_predictions_npz/0001050_S_165_S_165_patch_0002.npz,203052,0.19364547729492188,.npz
patch_predictions_npz/0001051_S_165_S_165_patch_0003.npz,data/patient_reconstructed_predictions/patch_predictions_npz/0001051_S_165_S_165_patch_0003.npz,208235,0.19858837127685547,.npz
patch_predictions_npz/0001052_S_165_S_165_patch_0004.npz,data/patient_reconstructed_predictions/patch_predictions_npz/0001052_S_165_S_165_patch_0004.npz,205437,0.19591999053955078,.npz
patch_predictions_npz/0001053_S_165_S_165_patch_0005.npz,data/patient_reconstructed_predictions/patch_predictions_npz/0001053_S_165_S_165_patch_0005.npz,209510,0.19980430603027344,.npz
patch_predictions_npz/0001054_S_165_S_165_patch_0006.npz,data/patient_reconstructed_predictions/patch_predictions_npz/0001054_S_165_S_165_patch_0006.npz,207481,0.19786930084228516,.npz
patch_predictions_npz/0001055_S_165_S_165_patch_0007.npz,data/patient_reconstructed_predictions/patch_predictions_npz/0001055_S_165_S_165_patch_0007.npz,190542,0.1817150115966797,.npz
patch_predictions_npz/0001056_S_166_S_166_patch_0000.npz,data/patient_reconstructed_predictions/patch_predictions_npz/0001056_S_166_S_166_patch_0000.npz,236111,0.2251729965209961,.npz
patch_predictions_npz/0001057_S_166_S_166_patch_0001.npz,data/patient_reconstructed_predictions/patch_predictions_npz/0001057_S_166_S_166_patch_0001.npz,260412,0.24834823608398438,.npz
patch_predictions_npz/0001058_S_166_S_166_patch_0002.npz,data/patient_reconstructed_predictions/patch_predictions_npz/0001058_S_166_S_166_patch_0002.npz,268700,0.2562522888183594,.npz
patch_predictions_npz/0001059_S_166_S_166_patch_0003.npz,data/patient_reconstructed_predictions/patch_predictions_npz/0001059_S_166_S_166_patch_0003.npz,243881,0.23258304595947266,.npz
patch_predictions_npz/0001060_S_166_S_166_patch_0004.npz,data/patient_reconstructed_predictions/patch_predictions_npz/0001060_S_166_S_166_patch_0004.npz,232020,0.22127151489257812,.npz
patch_predictions_npz/0001061_S_166_S_166_patch_0005.npz,data/patient_reconstructed_predictions/patch_predictions_npz/0001061_S_166_S_166_patch_0005.npz,237112,0.22612762451171875,.npz
patch_predictions_npz/0001062_S_166_S_166_patch_0006.npz,data/patient_reconstructed_predictions/patch_predictions_npz/0001062_S_166_S_166_patch_0006.npz,238892,0.22782516479492188,.npz
patch_predictions_npz/0001063_S_166_S_166_patch_0007.npz,data/patient_reconstructed_predictions/patch_predictions_npz/0001063_S_166_S_166_patch_0007.npz,219105,0.2089548110961914,.npz
patch_predictions_npz/0001064_S_167_S_167_patch_0000.npz,data/patient_reconstructed_predictions/patch_predictions_npz/0001064_S_167_S_167_patch_0000.npz,189482,0.18070411682128906,.npz
patch_predictions_npz/0001065_S_167_S_167_patch_0001.npz,data/patient_reconstructed_predictions/patch_predictions_npz/0001065_S_167_S_167_patch_0001.npz,210982,0.20120811462402344,.npz
patch_predictions_npz/0001066_S_167_S_167_patch_0002.npz,data/patient_reconstructed_predictions/patch_predictions_npz/0001066_S_167_S_167_patch_0002.npz,221661,0.21139240264892578,.npz
patch_predictions_npz/0001067_S_167_S_167_patch_0003.npz,data/patient_reconstructed_predictions/patch_predictions_npz/0001067_S_167_S_167_patch_0003.npz,219398,0.20923423767089844,.npz
patch_predictions_npz/0001068_S_167_S_167_patch_0004.npz,data/patient_reconstructed_predictions/patch_predictions_npz/0001068_S_167_S_167_patch_0004.npz,203803,0.19436168670654297,.npz
patch_predictions_npz/0001069_S_167_S_167_patch_0005.npz,data/patient_reconstructed_predictions/patch_predictions_npz/0001069_S_167_S_167_patch_0005.npz,209005,0.19932270050048828,.npz
patch_predictions_npz/0001070_S_167_S_167_patch_0006.npz,data/patient_reconstructed_predictions/patch_predictions_npz/0001070_S_167_S_167_patch_0006.npz,214914,0.2049579620361328,.npz
patch_predictions_npz/0001071_S_167_S_167_patch_0007.npz,data/patient_reconstructed_predictions/patch_predictions_npz/0001071_S_167_S_167_patch_0007.npz,199836,0.19057846069335938,.npz
patch_predictions_npz/0001072_S_168_S_168_patch_0000.npz,data/patient_reconstructed_predictions/patch_predictions_npz/0001072_S_168_S_168_patch_0000.npz,188920,0.18016815185546875,.npz
patch_predictions_npz/0001073_S_168_S_168_patch_0001.npz,data/patient_reconstructed_predictions/patch_predictions_npz/0001073_S_168_S_168_patch_0001.npz,209502,0.1997966766357422,.npz
patch_predictions_npz/0001074_S_168_S_168_patch_0002.npz,data/patient_reconstructed_predictions/patch_predictions_npz/0001074_S_168_S_168_patch_0002.npz,219627,0.20945262908935547,.npz
patch_predictions_npz/0001075_S_168_S_168_patch_0003.npz,data/patient_reconstructed_predictions/patch_predictions_npz/0001075_S_168_S_168_patch_0003.npz,220466,0.2102527618408203,.npz
patch_predictions_npz/0001076_S_168_S_168_patch_0004.npz,data/patient_reconstructed_predictions/patch_predictions_npz/0001076_S_168_S_168_patch_0004.npz,210193,0.2004556655883789,.npz
patch_predictions_npz/0001077_S_168_S_168_patch_0005.npz,data/patient_reconstructed_predictions/patch_predictions_npz/0001077_S_168_S_168_patch_0005.npz,207812,0.19818496704101562,.npz
patch_predictions_npz/0001078_S_168_S_168_patch_0006.npz,data/patient_reconstructed_predictions/patch_predictions_npz/0001078_S_168_S_168_patch_0006.npz,205499,0.19597911834716797,.npz
patch_predictions_npz/0001079_S_168_S_168_patch_0007.npz,data/patient_reconstructed_predictions/patch_predictions_npz/0001079_S_168_S_168_patch_0007.npz,194492,0.18548202514648438,.npz
patch_predictions_npz/0001080_S_169_S_169_patch_0000.npz,data/patient_reconstructed_predictions/patch_predictions_npz/0001080_S_169_S_169_patch_0000.npz,228930,0.2183246612548828,.npz
patch_predictions_npz/0001081_S_169_S_169_patch_0001.npz,data/patient_reconstructed_predictions/patch_predictions_npz/0001081_S_169_S_169_patch_0001.npz,220228,0.21002578735351562,.npz
patch_predictions_npz/0001082_S_169_S_169_patch_0002.npz,data/patient_reconstructed_predictions/patch_predictions_npz/0001082_S_169_S_169_patch_0002.npz,220094,0.2098979949951172,.npz
patch_predictions_npz/0001083_S_169_S_169_patch_0003.npz,data/patient_reconstructed_predictions/patch_predictions_npz/0001083_S_169_S_169_patch_0003.npz,212177,0.2023477554321289,.npz
patch_predictions_npz/0001084_S_169_S_169_patch_0004.npz,data/patient_reconstructed_predictions/patch_predictions_npz/0001084_S_169_S_169_patch_0004.npz,192139,0.18323802947998047,.npz
patch_predictions_npz/0001085_S_169_S_169_patch_0005.npz,data/patient_reconstructed_predictions/patch_predictions_npz/0001085_S_169_S_169_patch_0005.npz,196321,0.1872262954711914,.npz
patch_predictions_npz/0001086_S_169_S_169_patch_0006.npz,data/patient_reconstructed_predictions/patch_predictions_npz/0001086_S_169_S_169_patch_0006.npz,205586,0.1960620880126953,.npz
patch_predictions_npz/0001087_S_169_S_169_patch_0007.npz,data/patient_reconstructed_predictions/patch_predictions_npz/0001087_S_169_S_169_patch_0007.npz,196114,0.1870288848876953,.npz
patch_predictions_npz/0001088_S_170_S_170_patch_0000.npz,data/patient_reconstructed_predictions/patch_predictions_npz/0001088_S_170_S_170_patch_0000.npz,198654,0.1894512176513672,.npz
patch_predictions_npz/0001089_S_170_S_170_patch_0001.npz,data/patient_reconstructed_predictions/patch_predictions_npz/0001089_S_170_S_170_patch_0001.npz,221770,0.21149635314941406,.npz
patch_predictions_npz/0001090_S_170_S_170_patch_0002.npz,data/patient_reconstructed_predictions/patch_predictions_npz/0001090_S_170_S_170_patch_0002.npz,230026,0.21936988830566406,.npz
patch_predictions_npz/0001091_S_170_S_170_patch_0003.npz,data/patient_reconstructed_predictions/patch_predictions_npz/0001091_S_170_S_170_patch_0003.npz,235541,0.22462940216064453,.npz
patch_predictions_npz/0001092_S_170_S_170_patch_0004.npz,data/patient_reconstructed_predictions/patch_predictions_npz/0001092_S_170_S_170_patch_0004.npz,228052,0.21748733520507812,.npz
patch_predictions_npz/0001093_S_170_S_170_patch_0005.npz,data/patient_reconstructed_predictions/patch_predictions_npz/0001093_S_170_S_170_patch_0005.npz,226104,0.21562957763671875,.npz
patch_predictions_npz/0001094_S_170_S_170_patch_0006.npz,data/patient_reconstructed_predictions/patch_predictions_npz/0001094_S_170_S_170_patch_0006.npz,226073,0.21560001373291016,.npz
patch_predictions_npz/0001095_S_170_S_170_patch_0007.npz,data/patient_reconstructed_predictions/patch_predictions_npz/0001095_S_170_S_170_patch_0007.npz,208697,0.19902896881103516,.npz
patch_predictions_npz/0001096_S_171_S_171_patch_0000.npz,data/patient_reconstructed_predictions/patch_predictions_npz/0001096_S_171_S_171_patch_0000.npz,232348,0.22158432006835938,.npz
patch_predictions_npz/0001097_S_171_S_171_patch_0001.npz,data/patient_reconstructed_predictions/patch_predictions_npz/0001097_S_171_S_171_patch_0001.npz,250633,0.23902225494384766,.npz
patch_predictions_npz/0001098_S_171_S_171_patch_0002.npz,data/patient_reconstructed_predictions/patch_predictions_npz/0001098_S_171_S_171_patch_0002.npz,259190,0.24718284606933594,.npz
patch_predictions_npz/0001099_S_171_S_171_patch_0003.npz,data/patient_reconstructed_predictions/patch_predictions_npz/0001099_S_171_S_171_patch_0003.npz,255534,0.2436962127685547,.npz
patch_predictions_npz/0001100_S_171_S_171_patch_0004.npz,data/patient_reconstructed_predictions/patch_predictions_npz/0001100_S_171_S_171_patch_0004.npz,243337,0.23206424713134766,.npz
patch_predictions_npz/0001101_S_171_S_171_patch_0005.npz,data/patient_reconstructed_predictions/patch_predictions_npz/0001101_S_171_S_171_patch_0005.npz,244993,0.2336435317993164,.npz
patch_predictions_npz/0001102_S_171_S_171_patch_0006.npz,data/patient_reconstructed_predictions/patch_predictions_npz/0001102_S_171_S_171_patch_0006.npz,250284,0.23868942260742188,.npz
patch_predictions_npz/0001103_S_171_S_171_patch_0007.npz,data/patient_reconstructed_predictions/patch_predictions_npz/0001103_S_171_S_171_patch_0007.npz,241623,0.23042964935302734,.npz
patch_predictions_npz/0001104_S_172_S_172_patch_0000.npz,data/patient_reconstructed_predictions/patch_predictions_npz/0001104_S_172_S_172_patch_0000.npz,197970,0.1887989044189453,.npz
patch_predictions_npz/0001105_S_172_S_172_patch_0001.npz,data/patient_reconstructed_predictions/patch_predictions_npz/0001105_S_172_S_172_patch_0001.npz,209280,0.1995849609375,.npz
patch_predictions_npz/0001106_S_172_S_172_patch_0002.npz,data/patient_reconstructed_predictions/patch_predictions_npz/0001106_S_172_S_172_patch_0002.npz,218731,0.20859813690185547,.npz
patch_predictions_npz/0001107_S_172_S_172_patch_0003.npz,data/patient_reconstructed_predictions/patch_predictions_npz/0001107_S_172_S_172_patch_0003.npz,206596,0.19702529907226562,.npz
patch_predictions_npz/0001108_S_172_S_172_patch_0004.npz,data/patient_reconstructed_predictions/patch_predictions_npz/0001108_S_172_S_172_patch_0004.npz,193656,0.18468475341796875,.npz
patch_predictions_npz/0001109_S_172_S_172_patch_0005.npz,data/patient_reconstructed_predictions/patch_predictions_npz/0001109_S_172_S_172_patch_0005.npz,209592,0.19988250732421875,.npz
patch_predictions_npz/0001110_S_172_S_172_patch_0006.npz,data/patient_reconstructed_predictions/patch_predictions_npz/0001110_S_172_S_172_patch_0006.npz,208567,0.19890499114990234,.npz
patch_predictions_npz/0001111_S_172_S_172_patch_0007.npz,data/patient_reconstructed_predictions/patch_predictions_npz/0001111_S_172_S_172_patch_0007.npz,196153,0.18706607818603516,.npz
patch_predictions_npz/0001112_S_173_S_173_patch_0000.npz,data/patient_reconstructed_predictions/patch_predictions_npz/0001112_S_173_S_173_patch_0000.npz,205863,0.19632625579833984,.npz
patch_predictions_npz/0001113_S_173_S_173_patch_0001.npz,data/patient_reconstructed_predictions/patch_predictions_npz/0001113_S_173_S_173_patch_0001.npz,225755,0.21529674530029297,.npz
patch_predictions_npz/0001114_S_173_S_173_patch_0002.npz,data/patient_reconstructed_predictions/patch_predictions_npz/0001114_S_173_S_173_patch_0002.npz,229477,0.21884632110595703,.npz
patch_predictions_npz/0001115_S_173_S_173_patch_0003.npz,data/patient_reconstructed_predictions/patch_predictions_npz/0001115_S_173_S_173_patch_0003.npz,216403,0.20637798309326172,.npz
patch_predictions_npz/0001116_S_173_S_173_patch_0004.npz,data/patient_reconstructed_predictions/patch_predictions_npz/0001116_S_173_S_173_patch_0004.npz,205859,0.19632244110107422,.npz
patch_predictions_npz/0001117_S_173_S_173_patch_0005.npz,data/patient_reconstructed_predictions/patch_predictions_npz/0001117_S_173_S_173_patch_0005.npz,209527,0.19982051849365234,.npz
patch_predictions_npz/0001118_S_173_S_173_patch_0006.npz,data/patient_reconstructed_predictions/patch_predictions_npz/0001118_S_173_S_173_patch_0006.npz,206777,0.19719791412353516,.npz
patch_predictions_npz/0001119_S_173_S_173_patch_0007.npz,data/patient_reconstructed_predictions/patch_predictions_npz/0001119_S_173_S_173_patch_0007.npz,205403,0.19588756561279297,.npz
patch_predictions_npz/0001120_S_174_S_174_patch_0000.npz,data/patient_reconstructed_predictions/patch_predictions_npz/0001120_S_174_S_174_patch_0000.npz,221044,0.21080398559570312,.npz
patch_predictions_npz/0001121_S_174_S_174_patch_0001.npz,data/patient_reconstructed_predictions/patch_predictions_npz/0001121_S_174_S_174_patch_0001.npz,248409,0.23690128326416016,.npz
patch_predictions_npz/0001122_S_174_S_174_patch_0002.npz,data/patient_reconstructed_predictions/patch_predictions_npz/0001122_S_174_S_174_patch_0002.npz,270998,0.25844383239746094,.npz
patch_predictions_npz/0001123_S_174_S_174_patch_0003.npz,data/patient_reconstructed_predictions/patch_predictions_npz/0001123_S_174_S_174_patch_0003.npz,257884,0.24593734741210938,.npz
patch_predictions_npz/0001124_S_174_S_174_patch_0004.npz,data/patient_reconstructed_predictions/patch_predictions_npz/0001124_S_174_S_174_patch_0004.npz,229482,0.21885108947753906,.npz
patch_predictions_npz/0001125_S_174_S_174_patch_0005.npz,data/patient_reconstructed_predictions/patch_predictions_npz/0001125_S_174_S_174_patch_0005.npz,235126,0.22423362731933594,.npz
patch_predictions_npz/0001126_S_174_S_174_patch_0006.npz,data/patient_reconstructed_predictions/patch_predictions_npz/0001126_S_174_S_174_patch_0006.npz,242834,0.2315845489501953,.npz
patch_predictions_npz/0001127_S_174_S_174_patch_0007.npz,data/patient_reconstructed_predictions/patch_predictions_npz/0001127_S_174_S_174_patch_0007.npz,224636,0.21422958374023438,.npz
patch_predictions_npz/0001128_S_175_S_175_patch_0000.npz,data/patient_reconstructed_predictions/patch_predictions_npz/0001128_S_175_S_175_patch_0000.npz,188479,0.1797475814819336,.npz
patch_predictions_npz/0001129_S_175_S_175_patch_0001.npz,data/patient_reconstructed_predictions/patch_predictions_npz/0001129_S_175_S_175_patch_0001.npz,209026,0.1993427276611328,.npz
patch_predictions_npz/0001130_S_175_S_175_patch_0002.npz,data/patient_reconstructed_predictions/patch_predictions_npz/0001130_S_175_S_175_patch_0002.npz,213253,0.20337390899658203,.npz
patch_predictions_npz/0001131_S_175_S_175_patch_0003.npz,data/patient_reconstructed_predictions/patch_predictions_npz/0001131_S_175_S_175_patch_0003.npz,215238,0.20526695251464844,.npz
patch_predictions_npz/0001132_S_175_S_175_patch_0004.npz,data/patient_reconstructed_predictions/patch_predictions_npz/0001132_S_175_S_175_patch_0004.npz,201542,0.19220542907714844,.npz
patch_predictions_npz/0001133_S_175_S_175_patch_0005.npz,data/patient_reconstructed_predictions/patch_predictions_npz/0001133_S_175_S_175_patch_0005.npz,201641,0.19229984283447266,.npz
patch_predictions_npz/0001134_S_175_S_175_patch_0006.npz,data/patient_reconstructed_predictions/patch_predictions_npz/0001134_S_175_S_175_patch_0006.npz,206123,0.19657421112060547,.npz
patch_predictions_npz/0001135_S_175_S_175_patch_0007.npz,data/patient_reconstructed_predictions/patch_predictions_npz/0001135_S_175_S_175_patch_0007.npz,199016,0.18979644775390625,.npz
patch_predictions_npz/0001136_S_176_S_176_patch_0000.npz,data/patient_reconstructed_predictions/patch_predictions_npz/0001136_S_176_S_176_patch_0000.npz,214572,0.20463180541992188,.npz
patch_predictions_npz/0001137_S_176_S_176_patch_0001.npz,data/patient_reconstructed_predictions/patch_predictions_npz/0001137_S_176_S_176_patch_0001.npz,224675,0.21426677703857422,.npz
patch_predictions_npz/0001138_S_176_S_176_patch_0002.npz,data/patient_reconstructed_predictions/patch_predictions_npz/0001138_S_176_S_176_patch_0002.npz,233088,0.2222900390625,.npz
patch_predictions_npz/0001139_S_176_S_176_patch_0003.npz,data/patient_reconstructed_predictions/patch_predictions_npz/0001139_S_176_S_176_patch_0003.npz,233941,0.22310352325439453,.npz
patch_predictions_npz/0001140_S_176_S_176_patch_0004.npz,data/patient_reconstructed_predictions/patch_predictions_npz/0001140_S_176_S_176_patch_0004.npz,236185,0.22524356842041016,.npz
patch_predictions_npz/0001141_S_176_S_176_patch_0005.npz,data/patient_reconstructed_predictions/patch_predictions_npz/0001141_S_176_S_176_patch_0005.npz,237518,0.2265148162841797,.npz
patch_predictions_npz/0001142_S_176_S_176_patch_0006.npz,data/patient_reconstructed_predictions/patch_predictions_npz/0001142_S_176_S_176_patch_0006.npz,235578,0.22466468811035156,.npz
patch_predictions_npz/0001143_S_176_S_176_patch_0007.npz,data/patient_reconstructed_predictions/patch_predictions_npz/0001143_S_176_S_176_patch_0007.npz,225763,0.21530437469482422,.npz
patch_predictions_npz/0001144_S_178_S_178_patch_0000.npz,data/patient_reconstructed_predictions/patch_predictions_npz/0001144_S_178_S_178_patch_0000.npz,183712,0.175201416015625,.npz
patch_predictions_npz/0001145_S_178_S_178_patch_0001.npz,data/patient_reconstructed_predictions/patch_predictions_npz/0001145_S_178_S_178_patch_0001.npz,208453,0.19879627227783203,.npz
patch_predictions_npz/0001146_S_178_S_178_patch_0002.npz,data/patient_reconstructed_predictions/patch_predictions_npz/0001146_S_178_S_178_patch_0002.npz,215881,0.20588016510009766,.npz
patch_predictions_npz/0001147_S_178_S_178_patch_0003.npz,data/patient_reconstructed_predictions/patch_predictions_npz/0001147_S_178_S_178_patch_0003.npz,218799,0.2086629867553711,.npz
patch_predictions_npz/0001148_S_178_S_178_patch_0004.npz,data/patient_reconstructed_predictions/patch_predictions_npz/0001148_S_178_S_178_patch_0004.npz,200199,0.19092464447021484,.npz
patch_predictions_npz/0001149_S_178_S_178_patch_0005.npz,data/patient_reconstructed_predictions/patch_predictions_npz/0001149_S_178_S_178_patch_0005.npz,198665,0.18946170806884766,.npz
patch_predictions_npz/0001150_S_178_S_178_patch_0006.npz,data/patient_reconstructed_predictions/patch_predictions_npz/0001150_S_178_S_178_patch_0006.npz,205449,0.19593143463134766,.npz
patch_predictions_npz/0001151_S_178_S_178_patch_0007.npz,data/patient_reconstructed_predictions/patch_predictions_npz/0001151_S_178_S_178_patch_0007.npz,192208,0.1833038330078125,.npz
patch_predictions_npz/0001152_S_179_S_179_patch_0000.npz,data/patient_reconstructed_predictions/patch_predictions_npz/0001152_S_179_S_179_patch_0000.npz,195614,0.1865520477294922,.npz
patch_predictions_npz/0001153_S_179_S_179_patch_0001.npz,data/patient_reconstructed_predictions/patch_predictions_npz/0001153_S_179_S_179_patch_0001.npz,209114,0.19942665100097656,.npz
patch_predictions_npz/0001154_S_179_S_179_patch_0002.npz,data/patient_reconstructed_predictions/patch_predictions_npz/0001154_S_179_S_179_patch_0002.npz,213534,0.2036418914794922,.npz
patch_predictions_npz/0001155_S_179_S_179_patch_0003.npz,data/patient_reconstructed_predictions/patch_predictions_npz/0001155_S_179_S_179_patch_0003.npz,213570,0.2036762237548828,.npz
patch_predictions_npz/0001156_S_179_S_179_patch_0004.npz,data/patient_reconstructed_predictions/patch_predictions_npz/0001156_S_179_S_179_patch_0004.npz,206896,0.1973114013671875,.npz
patch_predictions_npz/0001157_S_179_S_179_patch_0005.npz,data/patient_reconstructed_predictions/patch_predictions_npz/0001157_S_179_S_179_patch_0005.npz,206277,0.19672107696533203,.npz
patch_predictions_npz/0001158_S_179_S_179_patch_0006.npz,data/patient_reconstructed_predictions/patch_predictions_npz/0001158_S_179_S_179_patch_0006.npz,204444,0.19497299194335938,.npz
patch_predictions_npz/0001159_S_179_S_179_patch_0007.npz,data/patient_reconstructed_predictions/patch_predictions_npz/0001159_S_179_S_179_patch_0007.npz,197254,0.18811607360839844,.npz
patch_predictions_npz/0001160_S_180_S_180_patch_0000.npz,data/patient_reconstructed_predictions/patch_predictions_npz/0001160_S_180_S_180_patch_0000.npz,209310,0.1996135711669922,.npz
patch_predictions_npz/0001161_S_180_S_180_patch_0001.npz,data/patient_reconstructed_predictions/patch_predictions_npz/0001161_S_180_S_180_patch_0001.npz,233656,0.22283172607421875,.npz
patch_predictions_npz/0001162_S_180_S_180_patch_0002.npz,data/patient_reconstructed_predictions/patch_predictions_npz/0001162_S_180_S_180_patch_0002.npz,252141,0.24046039581298828,.npz
patch_predictions_npz/0001163_S_180_S_180_patch_0003.npz,data/patient_reconstructed_predictions/patch_predictions_npz/0001163_S_180_S_180_patch_0003.npz,239945,0.22882938385009766,.npz
patch_predictions_npz/0001164_S_180_S_180_patch_0004.npz,data/patient_reconstructed_predictions/patch_predictions_npz/0001164_S_180_S_180_patch_0004.npz,228711,0.21811580657958984,.npz
patch_predictions_npz/0001165_S_180_S_180_patch_0005.npz,data/patient_reconstructed_predictions/patch_predictions_npz/0001165_S_180_S_180_patch_0005.npz,235015,0.22412776947021484,.npz
patch_predictions_npz/0001166_S_180_S_180_patch_0006.npz,data/patient_reconstructed_predictions/patch_predictions_npz/0001166_S_180_S_180_patch_0006.npz,243167,0.2319021224975586,.npz
patch_predictions_npz/0001167_S_180_S_180_patch_0007.npz,data/patient_reconstructed_predictions/patch_predictions_npz/0001167_S_180_S_180_patch_0007.npz,224842,0.21442604064941406,.npz
patch_predictions_npz/0001168_S_181_S_181_patch_0000.npz,data/patient_reconstructed_predictions/patch_predictions_npz/0001168_S_181_S_181_patch_0000.npz,201018,0.19170570373535156,.npz
patch_predictions_npz/0001169_S_181_S_181_patch_0001.npz,data/patient_reconstructed_predictions/patch_predictions_npz/0001169_S_181_S_181_patch_0001.npz,213254,0.20337486267089844,.npz
patch_predictions_npz/0001170_S_181_S_181_patch_0002.npz,data/patient_reconstructed_predictions/patch_predictions_npz/0001170_S_181_S_181_patch_0002.npz,217241,0.20717716217041016,.npz
patch_predictions_npz/0001171_S_181_S_181_patch_0003.npz,data/patient_reconstructed_predictions/patch_predictions_npz/0001171_S_181_S_181_patch_0003.npz,224515,0.21411418914794922,.npz
patch_predictions_npz/0001172_S_181_S_181_patch_0004.npz,data/patient_reconstructed_predictions/patch_predictions_npz/0001172_S_181_S_181_patch_0004.npz,214966,0.20500755310058594,.npz
patch_predictions_npz/0001173_S_181_S_181_patch_0005.npz,data/patient_reconstructed_predictions/patch_predictions_npz/0001173_S_181_S_181_patch_0005.npz,205582,0.1960582733154297,.npz
patch_predictions_npz/0001174_S_181_S_181_patch_0006.npz,data/patient_reconstructed_predictions/patch_predictions_npz/0001174_S_181_S_181_patch_0006.npz,202222,0.1928539276123047,.npz
patch_predictions_npz/0001175_S_181_S_181_patch_0007.npz,data/patient_reconstructed_predictions/patch_predictions_npz/0001175_S_181_S_181_patch_0007.npz,195721,0.18665409088134766,.npz
patch_predictions_npz/0001176_S_182_S_182_patch_0000.npz,data/patient_reconstructed_predictions/patch_predictions_npz/0001176_S_182_S_182_patch_0000.npz,192095,0.1831960678100586,.npz
patch_predictions_npz/0001177_S_182_S_182_patch_0001.npz,data/patient_reconstructed_predictions/patch_predictions_npz/0001177_S_182_S_182_patch_0001.npz,203882,0.19443702697753906,.npz
patch_predictions_npz/0001178_S_182_S_182_patch_0002.npz,data/patient_reconstructed_predictions/patch_predictions_npz/0001178_S_182_S_182_patch_0002.npz,220485,0.21027088165283203,.npz
patch_predictions_npz/0001179_S_182_S_182_patch_0003.npz,data/patient_reconstructed_predictions/patch_predictions_npz/0001179_S_182_S_182_patch_0003.npz,227463,0.21692562103271484,.npz
patch_predictions_npz/0001180_S_182_S_182_patch_0004.npz,data/patient_reconstructed_predictions/patch_predictions_npz/0001180_S_182_S_182_patch_0004.npz,216687,0.2066488265991211,.npz
patch_predictions_npz/0001181_S_182_S_182_patch_0005.npz,data/patient_reconstructed_predictions/patch_predictions_npz/0001181_S_182_S_182_patch_0005.npz,221366,0.21111106872558594,.npz
patch_predictions_npz/0001182_S_182_S_182_patch_0006.npz,data/patient_reconstructed_predictions/patch_predictions_npz/0001182_S_182_S_182_patch_0006.npz,210633,0.20087528228759766,.npz
patch_predictions_npz/0001183_S_182_S_182_patch_0007.npz,data/patient_reconstructed_predictions/patch_predictions_npz/0001183_S_182_S_182_patch_0007.npz,198387,0.18919658660888672,.npz
patch_predictions_npz/0001184_S_183_S_183_patch_0000.npz,data/patient_reconstructed_predictions/patch_predictions_npz/0001184_S_183_S_183_patch_0000.npz,198327,0.18913936614990234,.npz
patch_predictions_npz/0001185_S_183_S_183_patch_0001.npz,data/patient_reconstructed_predictions/patch_predictions_npz/0001185_S_183_S_183_patch_0001.npz,222527,0.2122182846069336,.npz
patch_predictions_npz/0001186_S_183_S_183_patch_0002.npz,data/patient_reconstructed_predictions/patch_predictions_npz/0001186_S_183_S_183_patch_0002.npz,224260,0.21387100219726562,.npz
patch_predictions_npz/0001187_S_183_S_183_patch_0003.npz,data/patient_reconstructed_predictions/patch_predictions_npz/0001187_S_183_S_183_patch_0003.npz,213656,0.20375823974609375,.npz
patch_predictions_npz/0001188_S_183_S_183_patch_0004.npz,data/patient_reconstructed_predictions/patch_predictions_npz/0001188_S_183_S_183_patch_0004.npz,209926,0.20020103454589844,.npz
patch_predictions_npz/0001189_S_183_S_183_patch_0005.npz,data/patient_reconstructed_predictions/patch_predictions_npz/0001189_S_183_S_183_patch_0005.npz,207177,0.19757938385009766,.npz
patch_predictions_npz/0001190_S_183_S_183_patch_0006.npz,data/patient_reconstructed_predictions/patch_predictions_npz/0001190_S_183_S_183_patch_0006.npz,194237,0.18523883819580078,.npz
patch_predictions_npz/0001191_S_183_S_183_patch_0007.npz,data/patient_reconstructed_predictions/patch_predictions_npz/0001191_S_183_S_183_patch_0007.npz,194907,0.18587779998779297,.npz
patch_predictions_npz/0001192_S_184_S_184_patch_0000.npz,data/patient_reconstructed_predictions/patch_predictions_npz/0001192_S_184_S_184_patch_0000.npz,182846,0.1743755340576172,.npz
patch_predictions_npz/0001193_S_184_S_184_patch_0001.npz,data/patient_reconstructed_predictions/patch_predictions_npz/0001193_S_184_S_184_patch_0001.npz,202537,0.19315433502197266,.npz
patch_predictions_npz/0001194_S_184_S_184_patch_0002.npz,data/patient_reconstructed_predictions/patch_predictions_npz/0001194_S_184_S_184_patch_0002.npz,207940,0.19830703735351562,.npz
patch_predictions_npz/0001195_S_184_S_184_patch_0003.npz,data/patient_reconstructed_predictions/patch_predictions_npz/0001195_S_184_S_184_patch_0003.npz,212198,0.20236778259277344,.npz
patch_predictions_npz/0001196_S_184_S_184_patch_0004.npz,data/patient_reconstructed_predictions/patch_predictions_npz/0001196_S_184_S_184_patch_0004.npz,205302,0.19579124450683594,.npz
patch_predictions_npz/0001197_S_184_S_184_patch_0005.npz,data/patient_reconstructed_predictions/patch_predictions_npz/0001197_S_184_S_184_patch_0005.npz,199669,0.19041919708251953,.npz
patch_predictions_npz/0001198_S_184_S_184_patch_0006.npz,data/patient_reconstructed_predictions/patch_predictions_npz/0001198_S_184_S_184_patch_0006.npz,213906,0.2039966583251953,.npz
patch_predictions_npz/0001199_S_184_S_184_patch_0007.npz,data/patient_reconstructed_predictions/patch_predictions_npz/0001199_S_184_S_184_patch_0007.npz,201855,0.1925039291381836,.npz
patch_predictions_npz/0001200_S_185_S_185_patch_0000.npz,data/patient_reconstructed_predictions/patch_predictions_npz/0001200_S_185_S_185_patch_0000.npz,182217,0.17377567291259766,.npz
patch_predictions_npz/0001201_S_185_S_185_patch_0001.npz,data/patient_reconstructed_predictions/patch_predictions_npz/0001201_S_185_S_185_patch_0001.npz,206497,0.1969308853149414,.npz
patch_predictions_npz/0001202_S_185_S_185_patch_0002.npz,data/patient_reconstructed_predictions/patch_predictions_npz/0001202_S_185_S_185_patch_0002.npz,210563,0.20080852508544922,.npz
patch_predictions_npz/0001203_S_185_S_185_patch_0003.npz,data/patient_reconstructed_predictions/patch_predictions_npz/0001203_S_185_S_185_patch_0003.npz,216747,0.20670604705810547,.npz
patch_predictions_npz/0001204_S_185_S_185_patch_0004.npz,data/patient_reconstructed_predictions/patch_predictions_npz/0001204_S_185_S_185_patch_0004.npz,207854,0.1982250213623047,.npz
patch_predictions_npz/0001205_S_185_S_185_patch_0005.npz,data/patient_reconstructed_predictions/patch_predictions_npz/0001205_S_185_S_185_patch_0005.npz,199095,0.18987178802490234,.npz
patch_predictions_npz/0001206_S_185_S_185_patch_0006.npz,data/patient_reconstructed_predictions/patch_predictions_npz/0001206_S_185_S_185_patch_0006.npz,203036,0.19363021850585938,.npz
patch_predictions_npz/0001207_S_185_S_185_patch_0007.npz,data/patient_reconstructed_predictions/patch_predictions_npz/0001207_S_185_S_185_patch_0007.npz,191613,0.18273639678955078,.npz
patch_predictions_npz/0001208_S_186_S_186_patch_0000.npz,data/patient_reconstructed_predictions/patch_predictions_npz/0001208_S_186_S_186_patch_0000.npz,201086,0.1917705535888672,.npz
patch_predictions_npz/0001209_S_186_S_186_patch_0001.npz,data/patient_reconstructed_predictions/patch_predictions_npz/0001209_S_186_S_186_patch_0001.npz,218824,0.20868682861328125,.npz
patch_predictions_npz/0001210_S_186_S_186_patch_0002.npz,data/patient_reconstructed_predictions/patch_predictions_npz/0001210_S_186_S_186_patch_0002.npz,224641,0.2142343521118164,.npz
patch_predictions_npz/0001211_S_186_S_186_patch_0003.npz,data/patient_reconstructed_predictions/patch_predictions_npz/0001211_S_186_S_186_patch_0003.npz,226137,0.21566104888916016,.npz
patch_predictions_npz/0001212_S_186_S_186_patch_0004.npz,data/patient_reconstructed_predictions/patch_predictions_npz/0001212_S_186_S_186_patch_0004.npz,213606,0.20371055603027344,.npz
patch_predictions_npz/0001213_S_186_S_186_patch_0005.npz,data/patient_reconstructed_predictions/patch_predictions_npz/0001213_S_186_S_186_patch_0005.npz,204935,0.19544124603271484,.npz
patch_predictions_npz/0001214_S_186_S_186_patch_0006.npz,data/patient_reconstructed_predictions/patch_predictions_npz/0001214_S_186_S_186_patch_0006.npz,208312,0.19866180419921875,.npz
patch_predictions_npz/0001215_S_186_S_186_patch_0007.npz,data/patient_reconstructed_predictions/patch_predictions_npz/0001215_S_186_S_186_patch_0007.npz,199219,0.18999004364013672,.npz
patch_predictions_npz/0001216_S_187_S_187_patch_0000.npz,data/patient_reconstructed_predictions/patch_predictions_npz/0001216_S_187_S_187_patch_0000.npz,224399,0.2140035629272461,.npz
patch_predictions_npz/0001217_S_187_S_187_patch_0001.npz,data/patient_reconstructed_predictions/patch_predictions_npz/0001217_S_187_S_187_patch_0001.npz,218264,0.20815277099609375,.npz
patch_predictions_npz/0001218_S_187_S_187_patch_0002.npz,data/patient_reconstructed_predictions/patch_predictions_npz/0001218_S_187_S_187_patch_0002.npz,222379,0.21207714080810547,.npz
patch_predictions_npz/0001219_S_187_S_187_patch_0003.npz,data/patient_reconstructed_predictions/patch_predictions_npz/0001219_S_187_S_187_patch_0003.npz,212817,0.2029581069946289,.npz
patch_predictions_npz/0001220_S_187_S_187_patch_0004.npz,data/patient_reconstructed_predictions/patch_predictions_npz/0001220_S_187_S_187_patch_0004.npz,205011,0.19551372528076172,.npz
patch_predictions_npz/0001221_S_187_S_187_patch_0005.npz,data/patient_reconstructed_predictions/patch_predictions_npz/0001221_S_187_S_187_patch_0005.npz,208871,0.19919490814208984,.npz
patch_predictions_npz/0001222_S_187_S_187_patch_0006.npz,data/patient_reconstructed_predictions/patch_predictions_npz/0001222_S_187_S_187_patch_0006.npz,215202,0.2052326202392578,.npz
patch_predictions_npz/0001223_S_187_S_187_patch_0007.npz,data/patient_reconstructed_predictions/patch_predictions_npz/0001223_S_187_S_187_patch_0007.npz,206452,0.19688796997070312,.npz
patch_predictions_npz/0001224_S_188_S_188_patch_0000.npz,data/patient_reconstructed_predictions/patch_predictions_npz/0001224_S_188_S_188_patch_0000.npz,183685,0.17517566680908203,.npz
patch_predictions_npz/0001225_S_188_S_188_patch_0001.npz,data/patient_reconstructed_predictions/patch_predictions_npz/0001225_S_188_S_188_patch_0001.npz,202432,0.19305419921875,.npz
patch_predictions_npz/0001226_S_188_S_188_patch_0002.npz,data/patient_reconstructed_predictions/patch_predictions_npz/0001226_S_188_S_188_patch_0002.npz,212649,0.20279788970947266,.npz
patch_predictions_npz/0001227_S_188_S_188_patch_0003.npz,data/patient_reconstructed_predictions/patch_predictions_npz/0001227_S_188_S_188_patch_0003.npz,215280,0.2053070068359375,.npz
patch_predictions_npz/0001228_S_188_S_188_patch_0004.npz,data/patient_reconstructed_predictions/patch_predictions_npz/0001228_S_188_S_188_patch_0004.npz,201146,0.19182777404785156,.npz
patch_predictions_npz/0001229_S_188_S_188_patch_0005.npz,data/patient_reconstructed_predictions/patch_predictions_npz/0001229_S_188_S_188_patch_0005.npz,199825,0.1905679702758789,.npz
patch_predictions_npz/0001230_S_188_S_188_patch_0006.npz,data/patient_reconstructed_predictions/patch_predictions_npz/0001230_S_188_S_188_patch_0006.npz,204407,0.19493770599365234,.npz
patch_predictions_npz/0001231_S_188_S_188_patch_0007.npz,data/patient_reconstructed_predictions/patch_predictions_npz/0001231_S_188_S_188_patch_0007.npz,189029,0.18027210235595703,.npz
patch_predictions_npz/0001232_S_189_S_189_patch_0000.npz,data/patient_reconstructed_predictions/patch_predictions_npz/0001232_S_189_S_189_patch_0000.npz,183455,0.1749563217163086,.npz
patch_predictions_npz/0001233_S_189_S_189_patch_0001.npz,data/patient_reconstructed_predictions/patch_predictions_npz/0001233_S_189_S_189_patch_0001.npz,197739,0.18857860565185547,.npz
patch_predictions_npz/0001234_S_189_S_189_patch_0002.npz,data/patient_reconstructed_predictions/patch_predictions_npz/0001234_S_189_S_189_patch_0002.npz,206106,0.19655799865722656,.npz
patch_predictions_npz/0001235_S_189_S_189_patch_0003.npz,data/patient_reconstructed_predictions/patch_predictions_npz/0001235_S_189_S_189_patch_0003.npz,216018,0.2060108184814453,.npz
patch_predictions_npz/0001236_S_189_S_189_patch_0004.npz,data/patient_reconstructed_predictions/patch_predictions_npz/0001236_S_189_S_189_patch_0004.npz,208453,0.19879627227783203,.npz
patch_predictions_npz/0001237_S_189_S_189_patch_0005.npz,data/patient_reconstructed_predictions/patch_predictions_npz/0001237_S_189_S_189_patch_0005.npz,195057,0.1860208511352539,.npz
patch_predictions_npz/0001238_S_189_S_189_patch_0006.npz,data/patient_reconstructed_predictions/patch_predictions_npz/0001238_S_189_S_189_patch_0006.npz,193300,0.18434524536132812,.npz
patch_predictions_npz/0001239_S_189_S_189_patch_0007.npz,data/patient_reconstructed_predictions/patch_predictions_npz/0001239_S_189_S_189_patch_0007.npz,176103,0.16794490814208984,.npz
patch_predictions_npz/0001240_S_190_S_190_patch_0000.npz,data/patient_reconstructed_predictions/patch_predictions_npz/0001240_S_190_S_190_patch_0000.npz,189296,0.1805267333984375,.npz
patch_predictions_npz/0001241_S_190_S_190_patch_0001.npz,data/patient_reconstructed_predictions/patch_predictions_npz/0001241_S_190_S_190_patch_0001.npz,208155,0.19851207733154297,.npz
patch_predictions_npz/0001242_S_190_S_190_patch_0002.npz,data/patient_reconstructed_predictions/patch_predictions_npz/0001242_S_190_S_190_patch_0002.npz,212963,0.20309734344482422,.npz
patch_predictions_npz/0001243_S_190_S_190_patch_0003.npz,data/patient_reconstructed_predictions/patch_predictions_npz/0001243_S_190_S_190_patch_0003.npz,215391,0.2054128646850586,.npz
patch_predictions_npz/0001244_S_190_S_190_patch_0004.npz,data/patient_reconstructed_predictions/patch_predictions_npz/0001244_S_190_S_190_patch_0004.npz,206403,0.19684123992919922,.npz
patch_predictions_npz/0001245_S_190_S_190_patch_0005.npz,data/patient_reconstructed_predictions/patch_predictions_npz/0001245_S_190_S_190_patch_0005.npz,193611,0.18464183807373047,.npz
patch_predictions_npz/0001246_S_190_S_190_patch_0006.npz,data/patient_reconstructed_predictions/patch_predictions_npz/0001246_S_190_S_190_patch_0006.npz,191514,0.18264198303222656,.npz
patch_predictions_npz/0001247_S_190_S_190_patch_0007.npz,data/patient_reconstructed_predictions/patch_predictions_npz/0001247_S_190_S_190_patch_0007.npz,180743,0.17236995697021484,.npz
patch_predictions_npz/0001248_S_191_S_191_patch_0000.npz,data/patient_reconstructed_predictions/patch_predictions_npz/0001248_S_191_S_191_patch_0000.npz,229202,0.2185840606689453,.npz
patch_predictions_npz/0001249_S_191_S_191_patch_0001.npz,data/patient_reconstructed_predictions/patch_predictions_npz/0001249_S_191_S_191_patch_0001.npz,232900,0.22211074829101562,.npz
patch_predictions_npz/0001250_S_191_S_191_patch_0002.npz,data/patient_reconstructed_predictions/patch_predictions_npz/0001250_S_191_S_191_patch_0002.npz,242957,0.23170185089111328,.npz
patch_predictions_npz/0001251_S_191_S_191_patch_0003.npz,data/patient_reconstructed_predictions/patch_predictions_npz/0001251_S_191_S_191_patch_0003.npz,236922,0.22594642639160156,.npz
patch_predictions_npz/0001252_S_191_S_191_patch_0004.npz,data/patient_reconstructed_predictions/patch_predictions_npz/0001252_S_191_S_191_patch_0004.npz,227292,0.21676254272460938,.npz
patch_predictions_npz/0001253_S_191_S_191_patch_0005.npz,data/patient_reconstructed_predictions/patch_predictions_npz/0001253_S_191_S_191_patch_0005.npz,230985,0.22028446197509766,.npz
patch_predictions_npz/0001254_S_191_S_191_patch_0006.npz,data/patient_reconstructed_predictions/patch_predictions_npz/0001254_S_191_S_191_patch_0006.npz,232205,0.22144794464111328,.npz
patch_predictions_npz/0001255_S_191_S_191_patch_0007.npz,data/patient_reconstructed_predictions/patch_predictions_npz/0001255_S_191_S_191_patch_0007.npz,222686,0.2123699188232422,.npz
patch_predictions_npz/0001256_S_192_S_192_patch_0000.npz,data/patient_reconstructed_predictions/patch_predictions_npz/0001256_S_192_S_192_patch_0000.npz,223370,0.21302223205566406,.npz
patch_predictions_npz/0001257_S_192_S_192_patch_0001.npz,data/patient_reconstructed_predictions/patch_predictions_npz/0001257_S_192_S_192_patch_0001.npz,221864,0.21158599853515625,.npz
patch_predictions_npz/0001258_S_192_S_192_patch_0002.npz,data/patient_reconstructed_predictions/patch_predictions_npz/0001258_S_192_S_192_patch_0002.npz,226476,0.21598434448242188,.npz
patch_predictions_npz/0001259_S_192_S_192_patch_0003.npz,data/patient_reconstructed_predictions/patch_predictions_npz/0001259_S_192_S_192_patch_0003.npz,222882,0.2125568389892578,.npz
patch_predictions_npz/0001260_S_192_S_192_patch_0004.npz,data/patient_reconstructed_predictions/patch_predictions_npz/0001260_S_192_S_192_patch_0004.npz,214415,0.2044820785522461,.npz
patch_predictions_npz/0001261_S_192_S_192_patch_0005.npz,data/patient_reconstructed_predictions/patch_predictions_npz/0001261_S_192_S_192_patch_0005.npz,216870,0.20682334899902344,.npz
patch_predictions_npz/0001262_S_192_S_192_patch_0006.npz,data/patient_reconstructed_predictions/patch_predictions_npz/0001262_S_192_S_192_patch_0006.npz,218355,0.20823955535888672,.npz
patch_predictions_npz/0001263_S_192_S_192_patch_0007.npz,data/patient_reconstructed_predictions/patch_predictions_npz/0001263_S_192_S_192_patch_0007.npz,220454,0.21024131774902344,.npz
patch_predictions_npz/0001264_S_193_S_193_patch_0000.npz,data/patient_reconstructed_predictions/patch_predictions_npz/0001264_S_193_S_193_patch_0000.npz,184214,0.17568016052246094,.npz
patch_predictions_npz/0001265_S_193_S_193_patch_0001.npz,data/patient_reconstructed_predictions/patch_predictions_npz/0001265_S_193_S_193_patch_0001.npz,205716,0.19618606567382812,.npz
patch_predictions_npz/0001266_S_193_S_193_patch_0002.npz,data/patient_reconstructed_predictions/patch_predictions_npz/0001266_S_193_S_193_patch_0002.npz,221340,0.21108627319335938,.npz
patch_predictions_npz/0001267_S_193_S_193_patch_0003.npz,data/patient_reconstructed_predictions/patch_predictions_npz/0001267_S_193_S_193_patch_0003.npz,220436,0.21022415161132812,.npz
patch_predictions_npz/0001268_S_193_S_193_patch_0004.npz,data/patient_reconstructed_predictions/patch_predictions_npz/0001268_S_193_S_193_patch_0004.npz,208995,0.19931316375732422,.npz
patch_predictions_npz/0001269_S_193_S_193_patch_0005.npz,data/patient_reconstructed_predictions/patch_predictions_npz/0001269_S_193_S_193_patch_0005.npz,205914,0.19637489318847656,.npz
patch_predictions_npz/0001270_S_193_S_193_patch_0006.npz,data/patient_reconstructed_predictions/patch_predictions_npz/0001270_S_193_S_193_patch_0006.npz,210754,0.2009906768798828,.npz
patch_predictions_npz/0001271_S_193_S_193_patch_0007.npz,data/patient_reconstructed_predictions/patch_predictions_npz/0001271_S_193_S_193_patch_0007.npz,198798,0.1895885467529297,.npz
patch_predictions_npz/0001272_S_194_S_194_patch_0000.npz,data/patient_reconstructed_predictions/patch_predictions_npz/0001272_S_194_S_194_patch_0000.npz,187571,0.17888164520263672,.npz
patch_predictions_npz/0001273_S_194_S_194_patch_0001.npz,data/patient_reconstructed_predictions/patch_predictions_npz/0001273_S_194_S_194_patch_0001.npz,202514,0.1931324005126953,.npz
patch_predictions_npz/0001274_S_194_S_194_patch_0002.npz,data/patient_reconstructed_predictions/patch_predictions_npz/0001274_S_194_S_194_patch_0002.npz,206236,0.19668197631835938,.npz
patch_predictions_npz/0001275_S_194_S_194_patch_0003.npz,data/patient_reconstructed_predictions/patch_predictions_npz/0001275_S_194_S_194_patch_0003.npz,200882,0.1915760040283203,.npz
patch_predictions_npz/0001276_S_194_S_194_patch_0004.npz,data/patient_reconstructed_predictions/patch_predictions_npz/0001276_S_194_S_194_patch_0004.npz,194381,0.18537616729736328,.npz
patch_predictions_npz/0001277_S_194_S_194_patch_0005.npz,data/patient_reconstructed_predictions/patch_predictions_npz/0001277_S_194_S_194_patch_0005.npz,205938,0.1963977813720703,.npz
patch_predictions_npz/0001278_S_194_S_194_patch_0006.npz,data/patient_reconstructed_predictions/patch_predictions_npz/0001278_S_194_S_194_patch_0006.npz,209574,0.19986534118652344,.npz
patch_predictions_npz/0001279_S_194_S_194_patch_0007.npz,data/patient_reconstructed_predictions/patch_predictions_npz/0001279_S_194_S_194_patch_0007.npz,200629,0.19133472442626953,.npz
patch_predictions_npz/0001280_S_195_S_195_patch_0000.npz,data/patient_reconstructed_predictions/patch_predictions_npz/0001280_S_195_S_195_patch_0000.npz,204950,0.19545555114746094,.npz
patch_predictions_npz/0001281_S_195_S_195_patch_0001.npz,data/patient_reconstructed_predictions/patch_predictions_npz/0001281_S_195_S_195_patch_0001.npz,229264,0.2186431884765625,.npz
patch_predictions_npz/0001282_S_195_S_195_patch_0002.npz,data/patient_reconstructed_predictions/patch_predictions_npz/0001282_S_195_S_195_patch_0002.npz,227860,0.21730422973632812,.npz
patch_predictions_npz/0001283_S_195_S_195_patch_0003.npz,data/patient_reconstructed_predictions/patch_predictions_npz/0001283_S_195_S_195_patch_0003.npz,226695,0.21619319915771484,.npz
patch_predictions_npz/0001284_S_195_S_195_patch_0004.npz,data/patient_reconstructed_predictions/patch_predictions_npz/0001284_S_195_S_195_patch_0004.npz,209728,0.20001220703125,.npz
patch_predictions_npz/0001285_S_195_S_195_patch_0005.npz,data/patient_reconstructed_predictions/patch_predictions_npz/0001285_S_195_S_195_patch_0005.npz,200933,0.19162464141845703,.npz
patch_predictions_npz/0001286_S_195_S_195_patch_0006.npz,data/patient_reconstructed_predictions/patch_predictions_npz/0001286_S_195_S_195_patch_0006.npz,211444,0.20164871215820312,.npz
patch_predictions_npz/0001287_S_195_S_195_patch_0007.npz,data/patient_reconstructed_predictions/patch_predictions_npz/0001287_S_195_S_195_patch_0007.npz,199355,0.19011974334716797,.npz
patch_predictions_npz/0001288_S_196_S_196_patch_0000.npz,data/patient_reconstructed_predictions/patch_predictions_npz/0001288_S_196_S_196_patch_0000.npz,213847,0.20394039154052734,.npz
patch_predictions_npz/0001289_S_196_S_196_patch_0001.npz,data/patient_reconstructed_predictions/patch_predictions_npz/0001289_S_196_S_196_patch_0001.npz,210858,0.20108985900878906,.npz
patch_predictions_npz/0001290_S_196_S_196_patch_0002.npz,data/patient_reconstructed_predictions/patch_predictions_npz/0001290_S_196_S_196_patch_0002.npz,216408,0.20638275146484375,.npz
patch_predictions_npz/0001291_S_196_S_196_patch_0003.npz,data/patient_reconstructed_predictions/patch_predictions_npz/0001291_S_196_S_196_patch_0003.npz,226914,0.2164020538330078,.npz
patch_predictions_npz/0001292_S_196_S_196_patch_0004.npz,data/patient_reconstructed_predictions/patch_predictions_npz/0001292_S_196_S_196_patch_0004.npz,214882,0.2049274444580078,.npz
patch_predictions_npz/0001293_S_196_S_196_patch_0005.npz,data/patient_reconstructed_predictions/patch_predictions_npz/0001293_S_196_S_196_patch_0005.npz,216247,0.20622920989990234,.npz
patch_predictions_npz/0001294_S_196_S_196_patch_0006.npz,data/patient_reconstructed_predictions/patch_predictions_npz/0001294_S_196_S_196_patch_0006.npz,226315,0.21583080291748047,.npz
patch_predictions_npz/0001295_S_196_S_196_patch_0007.npz,data/patient_reconstructed_predictions/patch_predictions_npz/0001295_S_196_S_196_patch_0007.npz,209718,0.20000267028808594,.npz
patch_predictions_npz/0001296_S_197_S_197_patch_0000.npz,data/patient_reconstructed_predictions/patch_predictions_npz/0001296_S_197_S_197_patch_0000.npz,188604,0.17986679077148438,.npz
patch_predictions_npz/0001297_S_197_S_197_patch_0001.npz,data/patient_reconstructed_predictions/patch_predictions_npz/0001297_S_197_S_197_patch_0001.npz,212066,0.2022418975830078,.npz
patch_predictions_npz/0001298_S_197_S_197_patch_0002.npz,data/patient_reconstructed_predictions/patch_predictions_npz/0001298_S_197_S_197_patch_0002.npz,218257,0.2081460952758789,.npz
patch_predictions_npz/0001299_S_197_S_197_patch_0003.npz,data/patient_reconstructed_predictions/patch_predictions_npz/0001299_S_197_S_197_patch_0003.npz,221690,0.21142005920410156,.npz
patch_predictions_npz/0001300_S_197_S_197_patch_0004.npz,data/patient_reconstructed_predictions/patch_predictions_npz/0001300_S_197_S_197_patch_0004.npz,211305,0.20151615142822266,.npz
patch_predictions_npz/0001301_S_197_S_197_patch_0005.npz,data/patient_reconstructed_predictions/patch_predictions_npz/0001301_S_197_S_197_patch_0005.npz,205854,0.1963176727294922,.npz
patch_predictions_npz/0001302_S_197_S_197_patch_0006.npz,data/patient_reconstructed_predictions/patch_predictions_npz/0001302_S_197_S_197_patch_0006.npz,207193,0.19759464263916016,.npz
patch_predictions_npz/0001303_S_197_S_197_patch_0007.npz,data/patient_reconstructed_predictions/patch_predictions_npz/0001303_S_197_S_197_patch_0007.npz,196473,0.18737125396728516,.npz
patch_predictions_npz/0001304_S_198_S_198_patch_0000.npz,data/patient_reconstructed_predictions/patch_predictions_npz/0001304_S_198_S_198_patch_0000.npz,192125,0.18322467803955078,.npz
patch_predictions_npz/0001305_S_198_S_198_patch_0001.npz,data/patient_reconstructed_predictions/patch_predictions_npz/0001305_S_198_S_198_patch_0001.npz,203733,0.19429492950439453,.npz
patch_predictions_npz/0001306_S_198_S_198_patch_0002.npz,data/patient_reconstructed_predictions/patch_predictions_npz/0001306_S_198_S_198_patch_0002.npz,210532,0.20077896118164062,.npz
patch_predictions_npz/0001307_S_198_S_198_patch_0003.npz,data/patient_reconstructed_predictions/patch_predictions_npz/0001307_S_198_S_198_patch_0003.npz,207016,0.19742584228515625,.npz
patch_predictions_npz/0001308_S_198_S_198_patch_0004.npz,data/patient_reconstructed_predictions/patch_predictions_npz/0001308_S_198_S_198_patch_0004.npz,202791,0.19339656829833984,.npz
patch_predictions_npz/0001309_S_198_S_198_patch_0005.npz,data/patient_reconstructed_predictions/patch_predictions_npz/0001309_S_198_S_198_patch_0005.npz,205502,0.1959819793701172,.npz
patch_predictions_npz/0001310_S_198_S_198_patch_0006.npz,data/patient_reconstructed_predictions/patch_predictions_npz/0001310_S_198_S_198_patch_0006.npz,204456,0.19498443603515625,.npz
patch_predictions_npz/0001311_S_198_S_198_patch_0007.npz,data/patient_reconstructed_predictions/patch_predictions_npz/0001311_S_198_S_198_patch_0007.npz,193003,0.18406200408935547,.npz
patch_predictions_npz/0001312_S_199_S_199_patch_0000.npz,data/patient_reconstructed_predictions/patch_predictions_npz/0001312_S_199_S_199_patch_0000.npz,236312,0.22536468505859375,.npz
patch_predictions_npz/0001313_S_199_S_199_patch_0001.npz,data/patient_reconstructed_predictions/patch_predictions_npz/0001313_S_199_S_199_patch_0001.npz,249787,0.23821544647216797,.npz
patch_predictions_npz/0001314_S_199_S_199_patch_0002.npz,data/patient_reconstructed_predictions/patch_predictions_npz/0001314_S_199_S_199_patch_0002.npz,257716,0.24577713012695312,.npz
patch_predictions_npz/0001315_S_199_S_199_patch_0003.npz,data/patient_reconstructed_predictions/patch_predictions_npz/0001315_S_199_S_199_patch_0003.npz,242677,0.23143482208251953,.npz
patch_predictions_npz/0001316_S_199_S_199_patch_0004.npz,data/patient_reconstructed_predictions/patch_predictions_npz/0001316_S_199_S_199_patch_0004.npz,225114,0.21468544006347656,.npz
patch_predictions_npz/0001317_S_199_S_199_patch_0005.npz,data/patient_reconstructed_predictions/patch_predictions_npz/0001317_S_199_S_199_patch_0005.npz,218164,0.20805740356445312,.npz
patch_predictions_npz/0001318_S_199_S_199_patch_0006.npz,data/patient_reconstructed_predictions/patch_predictions_npz/0001318_S_199_S_199_patch_0006.npz,223249,0.2129068374633789,.npz
patch_predictions_npz/0001319_S_199_S_199_patch_0007.npz,data/patient_reconstructed_predictions/patch_predictions_npz/0001319_S_199_S_199_patch_0007.npz,214757,0.20480823516845703,.npz
patch_predictions_npz/0001320_S_200_S_200_patch_0000.npz,data/patient_reconstructed_predictions/patch_predictions_npz/0001320_S_200_S_200_patch_0000.npz,198859,0.18964672088623047,.npz
patch_predictions_npz/0001321_S_200_S_200_patch_0001.npz,data/patient_reconstructed_predictions/patch_predictions_npz/0001321_S_200_S_200_patch_0001.npz,211627,0.20182323455810547,.npz
patch_predictions_npz/0001322_S_200_S_200_patch_0002.npz,data/patient_reconstructed_predictions/patch_predictions_npz/0001322_S_200_S_200_patch_0002.npz,212839,0.20297908782958984,.npz
patch_predictions_npz/0001323_S_200_S_200_patch_0003.npz,data/patient_reconstructed_predictions/patch_predictions_npz/0001323_S_200_S_200_patch_0003.npz,214587,0.20464611053466797,.npz
patch_predictions_npz/0001324_S_200_S_200_patch_0004.npz,data/patient_reconstructed_predictions/patch_predictions_npz/0001324_S_200_S_200_patch_0004.npz,208032,0.198394775390625,.npz
patch_predictions_npz/0001325_S_200_S_200_patch_0005.npz,data/patient_reconstructed_predictions/patch_predictions_npz/0001325_S_200_S_200_patch_0005.npz,210906,0.20113563537597656,.npz
patch_predictions_npz/0001326_S_200_S_200_patch_0006.npz,data/patient_reconstructed_predictions/patch_predictions_npz/0001326_S_200_S_200_patch_0006.npz,208497,0.1988382339477539,.npz
patch_predictions_npz/0001327_S_200_S_200_patch_0007.npz,data/patient_reconstructed_predictions/patch_predictions_npz/0001327_S_200_S_200_patch_0007.npz,202051,0.19269084930419922,.npz
patch_predictions_npz/0001328_S_201_S_201_patch_0000.npz,data/patient_reconstructed_predictions/patch_predictions_npz/0001328_S_201_S_201_patch_0000.npz,201074,0.1917591094970703,.npz
patch_predictions_npz/0001329_S_201_S_201_patch_0001.npz,data/patient_reconstructed_predictions/patch_predictions_npz/0001329_S_201_S_201_patch_0001.npz,207178,0.19758033752441406,.npz
patch_predictions_npz/0001330_S_201_S_201_patch_0002.npz,data/patient_reconstructed_predictions/patch_predictions_npz/0001330_S_201_S_201_patch_0002.npz,210821,0.20105457305908203,.npz
patch_predictions_npz/0001331_S_201_S_201_patch_0003.npz,data/patient_reconstructed_predictions/patch_predictions_npz/0001331_S_201_S_201_patch_0003.npz,226456,0.21596527099609375,.npz
patch_predictions_npz/0001332_S_201_S_201_patch_0004.npz,data/patient_reconstructed_predictions/patch_predictions_npz/0001332_S_201_S_201_patch_0004.npz,208213,0.19856739044189453,.npz
patch_predictions_npz/0001333_S_201_S_201_patch_0005.npz,data/patient_reconstructed_predictions/patch_predictions_npz/0001333_S_201_S_201_patch_0005.npz,207490,0.1978778839111328,.npz
patch_predictions_npz/0001334_S_201_S_201_patch_0006.npz,data/patient_reconstructed_predictions/patch_predictions_npz/0001334_S_201_S_201_patch_0006.npz,215400,0.20542144775390625,.npz
patch_predictions_npz/0001335_S_201_S_201_patch_0007.npz,data/patient_reconstructed_predictions/patch_predictions_npz/0001335_S_201_S_201_patch_0007.npz,201026,0.1917133331298828,.npz
patch_predictions_npz/0001336_S_202_S_202_patch_0000.npz,data/patient_reconstructed_predictions/patch_predictions_npz/0001336_S_202_S_202_patch_0000.npz,219138,0.2089862823486328,.npz
patch_predictions_npz/0001337_S_202_S_202_patch_0001.npz,data/patient_reconstructed_predictions/patch_predictions_npz/0001337_S_202_S_202_patch_0001.npz,220922,0.21068763732910156,.npz
patch_predictions_npz/0001338_S_202_S_202_patch_0002.npz,data/patient_reconstructed_predictions/patch_predictions_npz/0001338_S_202_S_202_patch_0002.npz,225600,0.21514892578125,.npz
patch_predictions_npz/0001339_S_202_S_202_patch_0003.npz,data/patient_reconstructed_predictions/patch_predictions_npz/0001339_S_202_S_202_patch_0003.npz,220016,0.2098236083984375,.npz
patch_predictions_npz/0001340_S_202_S_202_patch_0004.npz,data/patient_reconstructed_predictions/patch_predictions_npz/0001340_S_202_S_202_patch_0004.npz,210593,0.2008371353149414,.npz
patch_predictions_npz/0001341_S_202_S_202_patch_0005.npz,data/patient_reconstructed_predictions/patch_predictions_npz/0001341_S_202_S_202_patch_0005.npz,220885,0.21065235137939453,.npz
patch_predictions_npz/0001342_S_202_S_202_patch_0006.npz,data/patient_reconstructed_predictions/patch_predictions_npz/0001342_S_202_S_202_patch_0006.npz,230660,0.21997451782226562,.npz
patch_predictions_npz/0001343_S_202_S_202_patch_0007.npz,data/patient_reconstructed_predictions/patch_predictions_npz/0001343_S_202_S_202_patch_0007.npz,211373,0.20158100128173828,.npz
patch_predictions_npz/0001344_S_203_S_203_patch_0000.npz,data/patient_reconstructed_predictions/patch_predictions_npz/0001344_S_203_S_203_patch_0000.npz,196736,0.1876220703125,.npz
patch_predictions_npz/0001345_S_203_S_203_patch_0001.npz,data/patient_reconstructed_predictions/patch_predictions_npz/0001345_S_203_S_203_patch_0001.npz,213978,0.20406532287597656,.npz
patch_predictions_npz/0001346_S_203_S_203_patch_0002.npz,data/patient_reconstructed_predictions/patch_predictions_npz/0001346_S_203_S_203_patch_0002.npz,221940,0.21165847778320312,.npz
patch_predictions_npz/0001347_S_203_S_203_patch_0003.npz,data/patient_reconstructed_predictions/patch_predictions_npz/0001347_S_203_S_203_patch_0003.npz,220363,0.21015453338623047,.npz
patch_predictions_npz/0001348_S_203_S_203_patch_0004.npz,data/patient_reconstructed_predictions/patch_predictions_npz/0001348_S_203_S_203_patch_0004.npz,213554,0.2036609649658203,.npz
patch_predictions_npz/0001349_S_203_S_203_patch_0005.npz,data/patient_reconstructed_predictions/patch_predictions_npz/0001349_S_203_S_203_patch_0005.npz,212722,0.2028675079345703,.npz
patch_predictions_npz/0001350_S_203_S_203_patch_0006.npz,data/patient_reconstructed_predictions/patch_predictions_npz/0001350_S_203_S_203_patch_0006.npz,211733,0.20192432403564453,.npz
patch_predictions_npz/0001351_S_203_S_203_patch_0007.npz,data/patient_reconstructed_predictions/patch_predictions_npz/0001351_S_203_S_203_patch_0007.npz,189494,0.18071556091308594,.npz
patch_predictions_npz/0001352_S_204_S_204_patch_0000.npz,data/patient_reconstructed_predictions/patch_predictions_npz/0001352_S_204_S_204_patch_0000.npz,195888,0.1868133544921875,.npz
patch_predictions_npz/0001353_S_204_S_204_patch_0001.npz,data/patient_reconstructed_predictions/patch_predictions_npz/0001353_S_204_S_204_patch_0001.npz,208456,0.19879913330078125,.npz
patch_predictions_npz/0001354_S_204_S_204_patch_0002.npz,data/patient_reconstructed_predictions/patch_predictions_npz/0001354_S_204_S_204_patch_0002.npz,211561,0.20176029205322266,.npz
patch_predictions_npz/0001355_S_204_S_204_patch_0003.npz,data/patient_reconstructed_predictions/patch_predictions_npz/0001355_S_204_S_204_patch_0003.npz,213173,0.20329761505126953,.npz
patch_predictions_npz/0001356_S_204_S_204_patch_0004.npz,data/patient_reconstructed_predictions/patch_predictions_npz/0001356_S_204_S_204_patch_0004.npz,211143,0.20136165618896484,.npz
patch_predictions_npz/0001357_S_204_S_204_patch_0005.npz,data/patient_reconstructed_predictions/patch_predictions_npz/0001357_S_204_S_204_patch_0005.npz,215272,0.20529937744140625,.npz
patch_predictions_npz/0001358_S_204_S_204_patch_0006.npz,data/patient_reconstructed_predictions/patch_predictions_npz/0001358_S_204_S_204_patch_0006.npz,214902,0.20494651794433594,.npz
patch_predictions_npz/0001359_S_204_S_204_patch_0007.npz,data/patient_reconstructed_predictions/patch_predictions_npz/0001359_S_204_S_204_patch_0007.npz,202741,0.19334888458251953,.npz
patch_predictions_npz/0001360_S_205_S_205_patch_0000.npz,data/patient_reconstructed_predictions/patch_predictions_npz/0001360_S_205_S_205_patch_0000.npz,198748,0.18954086303710938,.npz
patch_predictions_npz/0001361_S_205_S_205_patch_0001.npz,data/patient_reconstructed_predictions/patch_predictions_npz/0001361_S_205_S_205_patch_0001.npz,210234,0.20049476623535156,.npz
patch_predictions_npz/0001362_S_205_S_205_patch_0002.npz,data/patient_reconstructed_predictions/patch_predictions_npz/0001362_S_205_S_205_patch_0002.npz,210013,0.20028400421142578,.npz
patch_predictions_npz/0001363_S_205_S_205_patch_0003.npz,data/patient_reconstructed_predictions/patch_predictions_npz/0001363_S_205_S_205_patch_0003.npz,204573,0.19509601593017578,.npz
patch_predictions_npz/0001364_S_205_S_205_patch_0004.npz,data/patient_reconstructed_predictions/patch_predictions_npz/0001364_S_205_S_205_patch_0004.npz,201987,0.19262981414794922,.npz
patch_predictions_npz/0001365_S_205_S_205_patch_0005.npz,data/patient_reconstructed_predictions/patch_predictions_npz/0001365_S_205_S_205_patch_0005.npz,210330,0.20058631896972656,.npz
patch_predictions_npz/0001366_S_205_S_205_patch_0006.npz,data/patient_reconstructed_predictions/patch_predictions_npz/0001366_S_205_S_205_patch_0006.npz,212335,0.2024984359741211,.npz
patch_predictions_npz/0001367_S_205_S_205_patch_0007.npz,data/patient_reconstructed_predictions/patch_predictions_npz/0001367_S_205_S_205_patch_0007.npz,194578,0.1855640411376953,.npz
patch_predictions_npz/0001368_S_206_S_206_patch_0000.npz,data/patient_reconstructed_predictions/patch_predictions_npz/0001368_S_206_S_206_patch_0000.npz,227236,0.21670913696289062,.npz
patch_predictions_npz/0001369_S_206_S_206_patch_0001.npz,data/patient_reconstructed_predictions/patch_predictions_npz/0001369_S_206_S_206_patch_0001.npz,237456,0.2264556884765625,.npz
patch_predictions_npz/0001370_S_206_S_206_patch_0002.npz,data/patient_reconstructed_predictions/patch_predictions_npz/0001370_S_206_S_206_patch_0002.npz,245280,0.233917236328125,.npz
patch_predictions_npz/0001371_S_206_S_206_patch_0003.npz,data/patient_reconstructed_predictions/patch_predictions_npz/0001371_S_206_S_206_patch_0003.npz,245899,0.23450756072998047,.npz
patch_predictions_npz/0001372_S_206_S_206_patch_0004.npz,data/patient_reconstructed_predictions/patch_predictions_npz/0001372_S_206_S_206_patch_0004.npz,243807,0.2325124740600586,.npz
patch_predictions_npz/0001373_S_206_S_206_patch_0005.npz,data/patient_reconstructed_predictions/patch_predictions_npz/0001373_S_206_S_206_patch_0005.npz,244379,0.23305797576904297,.npz
patch_predictions_npz/0001374_S_206_S_206_patch_0006.npz,data/patient_reconstructed_predictions/patch_predictions_npz/0001374_S_206_S_206_patch_0006.npz,242090,0.23087501525878906,.npz
patch_predictions_npz/0001375_S_206_S_206_patch_0007.npz,data/patient_reconstructed_predictions/patch_predictions_npz/0001375_S_206_S_206_patch_0007.npz,227811,0.21725749969482422,.npz
patch_predictions_npz/0001376_S_21_S_21_patch_0000.npz,data/patient_reconstructed_predictions/patch_predictions_npz/0001376_S_21_S_21_patch_0000.npz,186134,0.17751121520996094,.npz
patch_predictions_npz/0001377_S_21_S_21_patch_0001.npz,data/patient_reconstructed_predictions/patch_predictions_npz/0001377_S_21_S_21_patch_0001.npz,205107,0.19560527801513672,.npz
patch_predictions_npz/0001378_S_21_S_21_patch_0002.npz,data/patient_reconstructed_predictions/patch_predictions_npz/0001378_S_21_S_21_patch_0002.npz,210753,0.2009897232055664,.npz
patch_predictions_npz/0001379_S_21_S_21_patch_0003.npz,data/patient_reconstructed_predictions/patch_predictions_npz/0001379_S_21_S_21_patch_0003.npz,212529,0.2026834487915039,.npz
patch_predictions_npz/0001380_S_21_S_21_patch_0004.npz,data/patient_reconstructed_predictions/patch_predictions_npz/0001380_S_21_S_21_patch_0004.npz,200077,0.19080829620361328,.npz
patch_predictions_npz/0001381_S_21_S_21_patch_0005.npz,data/patient_reconstructed_predictions/patch_predictions_npz/0001381_S_21_S_21_patch_0005.npz,202547,0.19316387176513672,.npz
patch_predictions_npz/0001382_S_21_S_21_patch_0006.npz,data/patient_reconstructed_predictions/patch_predictions_npz/0001382_S_21_S_21_patch_0006.npz,199360,0.19012451171875,.npz
patch_predictions_npz/0001383_S_21_S_21_patch_0007.npz,data/patient_reconstructed_predictions/patch_predictions_npz/0001383_S_21_S_21_patch_0007.npz,184622,0.1760692596435547,.npz
patch_predictions_npz/0001384_S_22_S_22_patch_0000.npz,data/patient_reconstructed_predictions/patch_predictions_npz/0001384_S_22_S_22_patch_0000.npz,210412,0.20066452026367188,.npz
patch_predictions_npz/0001385_S_22_S_22_patch_0001.npz,data/patient_reconstructed_predictions/patch_predictions_npz/0001385_S_22_S_22_patch_0001.npz,222629,0.21231555938720703,.npz
patch_predictions_npz/0001386_S_22_S_22_patch_0002.npz,data/patient_reconstructed_predictions/patch_predictions_npz/0001386_S_22_S_22_patch_0002.npz,220305,0.2100992202758789,.npz
patch_predictions_npz/0001387_S_22_S_22_patch_0003.npz,data/patient_reconstructed_predictions/patch_predictions_npz/0001387_S_22_S_22_patch_0003.npz,223088,0.2127532958984375,.npz
patch_predictions_npz/0001388_S_22_S_22_patch_0004.npz,data/patient_reconstructed_predictions/patch_predictions_npz/0001388_S_22_S_22_patch_0004.npz,224047,0.2136678695678711,.npz
patch_predictions_npz/0001389_S_22_S_22_patch_0005.npz,data/patient_reconstructed_predictions/patch_predictions_npz/0001389_S_22_S_22_patch_0005.npz,219798,0.20961570739746094,.npz
patch_predictions_npz/0001390_S_22_S_22_patch_0006.npz,data/patient_reconstructed_predictions/patch_predictions_npz/0001390_S_22_S_22_patch_0006.npz,221681,0.2114114761352539,.npz
patch_predictions_npz/0001391_S_22_S_22_patch_0007.npz,data/patient_reconstructed_predictions/patch_predictions_npz/0001391_S_22_S_22_patch_0007.npz,225252,0.21481704711914062,.npz
patch_predictions_npz/0001392_S_23_S_23_patch_0000.npz,data/patient_reconstructed_predictions/patch_predictions_npz/0001392_S_23_S_23_patch_0000.npz,189407,0.1806325912475586,.npz
patch_predictions_npz/0001393_S_23_S_23_patch_0001.npz,data/patient_reconstructed_predictions/patch_predictions_npz/0001393_S_23_S_23_patch_0001.npz,201175,0.19185543060302734,.npz
patch_predictions_npz/0001394_S_23_S_23_patch_0002.npz,data/patient_reconstructed_predictions/patch_predictions_npz/0001394_S_23_S_23_patch_0002.npz,211508,0.20170974731445312,.npz
patch_predictions_npz/0001395_S_23_S_23_patch_0003.npz,data/patient_reconstructed_predictions/patch_predictions_npz/0001395_S_23_S_23_patch_0003.npz,207759,0.1981344223022461,.npz
patch_predictions_npz/0001396_S_23_S_23_patch_0004.npz,data/patient_reconstructed_predictions/patch_predictions_npz/0001396_S_23_S_23_patch_0004.npz,194799,0.1857748031616211,.npz
patch_predictions_npz/0001397_S_23_S_23_patch_0005.npz,data/patient_reconstructed_predictions/patch_predictions_npz/0001397_S_23_S_23_patch_0005.npz,200357,0.19107532501220703,.npz
patch_predictions_npz/0001398_S_23_S_23_patch_0006.npz,data/patient_reconstructed_predictions/patch_predictions_npz/0001398_S_23_S_23_patch_0006.npz,193733,0.18475818634033203,.npz
patch_predictions_npz/0001399_S_23_S_23_patch_0007.npz,data/patient_reconstructed_predictions/patch_predictions_npz/0001399_S_23_S_23_patch_0007.npz,183622,0.17511558532714844,.npz
patch_predictions_npz/0001400_S_24_S_24_patch_0000.npz,data/patient_reconstructed_predictions/patch_predictions_npz/0001400_S_24_S_24_patch_0000.npz,220030,0.2098369598388672,.npz
patch_predictions_npz/0001401_S_24_S_24_patch_0001.npz,data/patient_reconstructed_predictions/patch_predictions_npz/0001401_S_24_S_24_patch_0001.npz,211881,0.20206546783447266,.npz
patch_predictions_npz/0001402_S_24_S_24_patch_0002.npz,data/patient_reconstructed_predictions/patch_predictions_npz/0001402_S_24_S_24_patch_0002.npz,214593,0.2046518325805664,.npz
patch_predictions_npz/0001403_S_24_S_24_patch_0003.npz,data/patient_reconstructed_predictions/patch_predictions_npz/0001403_S_24_S_24_patch_0003.npz,206394,0.19683265686035156,.npz
patch_predictions_npz/0001404_S_24_S_24_patch_0004.npz,data/patient_reconstructed_predictions/patch_predictions_npz/0001404_S_24_S_24_patch_0004.npz,200083,0.19081401824951172,.npz
patch_predictions_npz/0001405_S_24_S_24_patch_0005.npz,data/patient_reconstructed_predictions/patch_predictions_npz/0001405_S_24_S_24_patch_0005.npz,208118,0.19847679138183594,.npz
patch_predictions_npz/0001406_S_24_S_24_patch_0006.npz,data/patient_reconstructed_predictions/patch_predictions_npz/0001406_S_24_S_24_patch_0006.npz,206267,0.19671154022216797,.npz
patch_predictions_npz/0001407_S_24_S_24_patch_0007.npz,data/patient_reconstructed_predictions/patch_predictions_npz/0001407_S_24_S_24_patch_0007.npz,192912,0.1839752197265625,.npz
patch_predictions_npz/0001408_S_25_S_25_patch_0000.npz,data/patient_reconstructed_predictions/patch_predictions_npz/0001408_S_25_S_25_patch_0000.npz,189176,0.18041229248046875,.npz
patch_predictions_npz/0001409_S_25_S_25_patch_0001.npz,data/patient_reconstructed_predictions/patch_predictions_npz/0001409_S_25_S_25_patch_0001.npz,205523,0.19600200653076172,.npz
patch_predictions_npz/0001410_S_25_S_25_patch_0002.npz,data/patient_reconstructed_predictions/patch_predictions_npz/0001410_S_25_S_25_patch_0002.npz,213718,0.20381736755371094,.npz
patch_predictions_npz/0001411_S_25_S_25_patch_0003.npz,data/patient_reconstructed_predictions/patch_predictions_npz/0001411_S_25_S_25_patch_0003.npz,209527,0.19982051849365234,.npz
patch_predictions_npz/0001412_S_25_S_25_patch_0004.npz,data/patient_reconstructed_predictions/patch_predictions_npz/0001412_S_25_S_25_patch_0004.npz,201273,0.19194889068603516,.npz
patch_predictions_npz/0001413_S_25_S_25_patch_0005.npz,data/patient_reconstructed_predictions/patch_predictions_npz/0001413_S_25_S_25_patch_0005.npz,207313,0.1977090835571289,.npz
patch_predictions_npz/0001414_S_25_S_25_patch_0006.npz,data/patient_reconstructed_predictions/patch_predictions_npz/0001414_S_25_S_25_patch_0006.npz,204607,0.1951284408569336,.npz
patch_predictions_npz/0001415_S_25_S_25_patch_0007.npz,data/patient_reconstructed_predictions/patch_predictions_npz/0001415_S_25_S_25_patch_0007.npz,198658,0.1894550323486328,.npz
patch_predictions_npz/0001416_S_26_S_26_patch_0000.npz,data/patient_reconstructed_predictions/patch_predictions_npz/0001416_S_26_S_26_patch_0000.npz,195515,0.18645763397216797,.npz
patch_predictions_npz/0001417_S_26_S_26_patch_0001.npz,data/patient_reconstructed_predictions/patch_predictions_npz/0001417_S_26_S_26_patch_0001.npz,217059,0.20700359344482422,.npz
patch_predictions_npz/0001418_S_26_S_26_patch_0002.npz,data/patient_reconstructed_predictions/patch_predictions_npz/0001418_S_26_S_26_patch_0002.npz,223903,0.2135305404663086,.npz
patch_predictions_npz/0001419_S_26_S_26_patch_0003.npz,data/patient_reconstructed_predictions/patch_predictions_npz/0001419_S_26_S_26_patch_0003.npz,217848,0.20775604248046875,.npz
patch_predictions_npz/0001420_S_26_S_26_patch_0004.npz,data/patient_reconstructed_predictions/patch_predictions_npz/0001420_S_26_S_26_patch_0004.npz,205676,0.19614791870117188,.npz
patch_predictions_npz/0001421_S_26_S_26_patch_0005.npz,data/patient_reconstructed_predictions/patch_predictions_npz/0001421_S_26_S_26_patch_0005.npz,215423,0.2054433822631836,.npz
patch_predictions_npz/0001422_S_26_S_26_patch_0006.npz,data/patient_reconstructed_predictions/patch_predictions_npz/0001422_S_26_S_26_patch_0006.npz,221513,0.21125125885009766,.npz
patch_predictions_npz/0001423_S_26_S_26_patch_0007.npz,data/patient_reconstructed_predictions/patch_predictions_npz/0001423_S_26_S_26_patch_0007.npz,223427,0.21307659149169922,.npz
patch_predictions_npz/0001424_S_27_S_27_patch_0000.npz,data/patient_reconstructed_predictions/patch_predictions_npz/0001424_S_27_S_27_patch_0000.npz,185840,0.1772308349609375,.npz
patch_predictions_npz/0001425_S_27_S_27_patch_0001.npz,data/patient_reconstructed_predictions/patch_predictions_npz/0001425_S_27_S_27_patch_0001.npz,211741,0.20193195343017578,.npz
patch_predictions_npz/0001426_S_27_S_27_patch_0002.npz,data/patient_reconstructed_predictions/patch_predictions_npz/0001426_S_27_S_27_patch_0002.npz,217283,0.20721721649169922,.npz
patch_predictions_npz/0001427_S_27_S_27_patch_0003.npz,data/patient_reconstructed_predictions/patch_predictions_npz/0001427_S_27_S_27_patch_0003.npz,218072,0.20796966552734375,.npz
patch_predictions_npz/0001428_S_27_S_27_patch_0004.npz,data/patient_reconstructed_predictions/patch_predictions_npz/0001428_S_27_S_27_patch_0004.npz,200841,0.19153690338134766,.npz
patch_predictions_npz/0001429_S_27_S_27_patch_0005.npz,data/patient_reconstructed_predictions/patch_predictions_npz/0001429_S_27_S_27_patch_0005.npz,196772,0.18765640258789062,.npz
patch_predictions_npz/0001430_S_27_S_27_patch_0006.npz,data/patient_reconstructed_predictions/patch_predictions_npz/0001430_S_27_S_27_patch_0006.npz,203145,0.19373416900634766,.npz
patch_predictions_npz/0001431_S_27_S_27_patch_0007.npz,data/patient_reconstructed_predictions/patch_predictions_npz/0001431_S_27_S_27_patch_0007.npz,186859,0.17820262908935547,.npz
patch_predictions_npz/0001432_S_28_S_28_patch_0000.npz,data/patient_reconstructed_predictions/patch_predictions_npz/0001432_S_28_S_28_patch_0000.npz,193300,0.18434524536132812,.npz
patch_predictions_npz/0001433_S_28_S_28_patch_0001.npz,data/patient_reconstructed_predictions/patch_predictions_npz/0001433_S_28_S_28_patch_0001.npz,209738,0.20002174377441406,.npz
patch_predictions_npz/0001434_S_28_S_28_patch_0002.npz,data/patient_reconstructed_predictions/patch_predictions_npz/0001434_S_28_S_28_patch_0002.npz,219852,0.20966720581054688,.npz
patch_predictions_npz/0001435_S_28_S_28_patch_0003.npz,data/patient_reconstructed_predictions/patch_predictions_npz/0001435_S_28_S_28_patch_0003.npz,219063,0.20891475677490234,.npz
patch_predictions_npz/0001436_S_28_S_28_patch_0004.npz,data/patient_reconstructed_predictions/patch_predictions_npz/0001436_S_28_S_28_patch_0004.npz,208041,0.19840335845947266,.npz
patch_predictions_npz/0001437_S_28_S_28_patch_0005.npz,data/patient_reconstructed_predictions/patch_predictions_npz/0001437_S_28_S_28_patch_0005.npz,217165,0.20710468292236328,.npz
patch_predictions_npz/0001438_S_28_S_28_patch_0006.npz,data/patient_reconstructed_predictions/patch_predictions_npz/0001438_S_28_S_28_patch_0006.npz,225341,0.21490192413330078,.npz
patch_predictions_npz/0001439_S_28_S_28_patch_0007.npz,data/patient_reconstructed_predictions/patch_predictions_npz/0001439_S_28_S_28_patch_0007.npz,205626,0.19610023498535156,.npz
patch_predictions_npz/0001440_S_29_S_29_patch_0000.npz,data/patient_reconstructed_predictions/patch_predictions_npz/0001440_S_29_S_29_patch_0000.npz,198804,0.18959426879882812,.npz
patch_predictions_npz/0001441_S_29_S_29_patch_0001.npz,data/patient_reconstructed_predictions/patch_predictions_npz/0001441_S_29_S_29_patch_0001.npz,211354,0.20156288146972656,.npz
patch_predictions_npz/0001442_S_29_S_29_patch_0002.npz,data/patient_reconstructed_predictions/patch_predictions_npz/0001442_S_29_S_29_patch_0002.npz,216431,0.2064046859741211,.npz
patch_predictions_npz/0001443_S_29_S_29_patch_0003.npz,data/patient_reconstructed_predictions/patch_predictions_npz/0001443_S_29_S_29_patch_0003.npz,207430,0.19782066345214844,.npz
patch_predictions_npz/0001444_S_29_S_29_patch_0004.npz,data/patient_reconstructed_predictions/patch_predictions_npz/0001444_S_29_S_29_patch_0004.npz,193407,0.1844472885131836,.npz
patch_predictions_npz/0001445_S_29_S_29_patch_0005.npz,data/patient_reconstructed_predictions/patch_predictions_npz/0001445_S_29_S_29_patch_0005.npz,204135,0.19467830657958984,.npz
patch_predictions_npz/0001446_S_29_S_29_patch_0006.npz,data/patient_reconstructed_predictions/patch_predictions_npz/0001446_S_29_S_29_patch_0006.npz,206987,0.19739818572998047,.npz
patch_predictions_npz/0001447_S_29_S_29_patch_0007.npz,data/patient_reconstructed_predictions/patch_predictions_npz/0001447_S_29_S_29_patch_0007.npz,195842,0.1867694854736328,.npz
patch_predictions_npz/0001448_S_30_S_30_patch_0000.npz,data/patient_reconstructed_predictions/patch_predictions_npz/0001448_S_30_S_30_patch_0000.npz,224325,0.21393299102783203,.npz
patch_predictions_npz/0001449_S_30_S_30_patch_0001.npz,data/patient_reconstructed_predictions/patch_predictions_npz/0001449_S_30_S_30_patch_0001.npz,251546,0.23989295959472656,.npz
patch_predictions_npz/0001450_S_30_S_30_patch_0002.npz,data/patient_reconstructed_predictions/patch_predictions_npz/0001450_S_30_S_30_patch_0002.npz,258372,0.24640274047851562,.npz
patch_predictions_npz/0001451_S_30_S_30_patch_0003.npz,data/patient_reconstructed_predictions/patch_predictions_npz/0001451_S_30_S_30_patch_0003.npz,258302,0.2463359832763672,.npz
patch_predictions_npz/0001452_S_30_S_30_patch_0004.npz,data/patient_reconstructed_predictions/patch_predictions_npz/0001452_S_30_S_30_patch_0004.npz,233369,0.22255802154541016,.npz
patch_predictions_npz/0001453_S_30_S_30_patch_0005.npz,data/patient_reconstructed_predictions/patch_predictions_npz/0001453_S_30_S_30_patch_0005.npz,232908,0.22211837768554688,.npz
patch_predictions_npz/0001454_S_30_S_30_patch_0006.npz,data/patient_reconstructed_predictions/patch_predictions_npz/0001454_S_30_S_30_patch_0006.npz,236114,0.2251758575439453,.npz
patch_predictions_npz/0001455_S_30_S_30_patch_0007.npz,data/patient_reconstructed_predictions/patch_predictions_npz/0001455_S_30_S_30_patch_0007.npz,231894,0.22115135192871094,.npz
patch_predictions_npz/0001456_S_31_S_31_patch_0000.npz,data/patient_reconstructed_predictions/patch_predictions_npz/0001456_S_31_S_31_patch_0000.npz,193328,0.1843719482421875,.npz
patch_predictions_npz/0001457_S_31_S_31_patch_0001.npz,data/patient_reconstructed_predictions/patch_predictions_npz/0001457_S_31_S_31_patch_0001.npz,198315,0.18912792205810547,.npz
patch_predictions_npz/0001458_S_31_S_31_patch_0002.npz,data/patient_reconstructed_predictions/patch_predictions_npz/0001458_S_31_S_31_patch_0002.npz,209797,0.20007801055908203,.npz
patch_predictions_npz/0001459_S_31_S_31_patch_0003.npz,data/patient_reconstructed_predictions/patch_predictions_npz/0001459_S_31_S_31_patch_0003.npz,216526,0.2064952850341797,.npz
patch_predictions_npz/0001460_S_31_S_31_patch_0004.npz,data/patient_reconstructed_predictions/patch_predictions_npz/0001460_S_31_S_31_patch_0004.npz,202221,0.19285297393798828,.npz
patch_predictions_npz/0001461_S_31_S_31_patch_0005.npz,data/patient_reconstructed_predictions/patch_predictions_npz/0001461_S_31_S_31_patch_0005.npz,193808,0.1848297119140625,.npz
patch_predictions_npz/0001462_S_31_S_31_patch_0006.npz,data/patient_reconstructed_predictions/patch_predictions_npz/0001462_S_31_S_31_patch_0006.npz,204853,0.19536304473876953,.npz
patch_predictions_npz/0001463_S_31_S_31_patch_0007.npz,data/patient_reconstructed_predictions/patch_predictions_npz/0001463_S_31_S_31_patch_0007.npz,189218,0.1804523468017578,.npz
patch_predictions_npz/0001464_S_32_S_32_patch_0000.npz,data/patient_reconstructed_predictions/patch_predictions_npz/0001464_S_32_S_32_patch_0000.npz,207752,0.19812774658203125,.npz
patch_predictions_npz/0001465_S_32_S_32_patch_0001.npz,data/patient_reconstructed_predictions/patch_predictions_npz/0001465_S_32_S_32_patch_0001.npz,234147,0.22329998016357422,.npz
patch_predictions_npz/0001466_S_32_S_32_patch_0002.npz,data/patient_reconstructed_predictions/patch_predictions_npz/0001466_S_32_S_32_patch_0002.npz,248740,0.23721694946289062,.npz
patch_predictions_npz/0001467_S_32_S_32_patch_0003.npz,data/patient_reconstructed_predictions/patch_predictions_npz/0001467_S_32_S_32_patch_0003.npz,254614,0.24281883239746094,.npz
patch_predictions_npz/0001468_S_32_S_32_patch_0004.npz,data/patient_reconstructed_predictions/patch_predictions_npz/0001468_S_32_S_32_patch_0004.npz,232720,0.2219390869140625,.npz
patch_predictions_npz/0001469_S_32_S_32_patch_0005.npz,data/patient_reconstructed_predictions/patch_predictions_npz/0001469_S_32_S_32_patch_0005.npz,236707,0.22574138641357422,.npz
patch_predictions_npz/0001470_S_32_S_32_patch_0006.npz,data/patient_reconstructed_predictions/patch_predictions_npz/0001470_S_32_S_32_patch_0006.npz,242675,0.23143291473388672,.npz
patch_predictions_npz/0001471_S_32_S_32_patch_0007.npz,data/patient_reconstructed_predictions/patch_predictions_npz/0001471_S_32_S_32_patch_0007.npz,223220,0.21287918090820312,.npz
patch_predictions_npz/0001472_S_33_S_33_patch_0000.npz,data/patient_reconstructed_predictions/patch_predictions_npz/0001472_S_33_S_33_patch_0000.npz,218031,0.2079305648803711,.npz
patch_predictions_npz/0001473_S_33_S_33_patch_0001.npz,data/patient_reconstructed_predictions/patch_predictions_npz/0001473_S_33_S_33_patch_0001.npz,215878,0.20587730407714844,.npz
patch_predictions_npz/0001474_S_33_S_33_patch_0002.npz,data/patient_reconstructed_predictions/patch_predictions_npz/0001474_S_33_S_33_patch_0002.npz,221612,0.21134567260742188,.npz
patch_predictions_npz/0001475_S_33_S_33_patch_0003.npz,data/patient_reconstructed_predictions/patch_predictions_npz/0001475_S_33_S_33_patch_0003.npz,215862,0.20586204528808594,.npz
patch_predictions_npz/0001476_S_33_S_33_patch_0004.npz,data/patient_reconstructed_predictions/patch_predictions_npz/0001476_S_33_S_33_patch_0004.npz,210312,0.20056915283203125,.npz
patch_predictions_npz/0001477_S_33_S_33_patch_0005.npz,data/patient_reconstructed_predictions/patch_predictions_npz/0001477_S_33_S_33_patch_0005.npz,214393,0.20446109771728516,.npz
patch_predictions_npz/0001478_S_33_S_33_patch_0006.npz,data/patient_reconstructed_predictions/patch_predictions_npz/0001478_S_33_S_33_patch_0006.npz,214292,0.20436477661132812,.npz
patch_predictions_npz/0001479_S_33_S_33_patch_0007.npz,data/patient_reconstructed_predictions/patch_predictions_npz/0001479_S_33_S_33_patch_0007.npz,206737,0.1971597671508789,.npz
patch_predictions_npz/0001480_S_34_S_34_patch_0000.npz,data/patient_reconstructed_predictions/patch_predictions_npz/0001480_S_34_S_34_patch_0000.npz,192495,0.1835775375366211,.npz
patch_predictions_npz/0001481_S_34_S_34_patch_0001.npz,data/patient_reconstructed_predictions/patch_predictions_npz/0001481_S_34_S_34_patch_0001.npz,206599,0.19702816009521484,.npz
patch_predictions_npz/0001482_S_34_S_34_patch_0002.npz,data/patient_reconstructed_predictions/patch_predictions_npz/0001482_S_34_S_34_patch_0002.npz,218989,0.20884418487548828,.npz
patch_predictions_npz/0001483_S_34_S_34_patch_0003.npz,data/patient_reconstructed_predictions/patch_predictions_npz/0001483_S_34_S_34_patch_0003.npz,207620,0.19800186157226562,.npz
patch_predictions_npz/0001484_S_34_S_34_patch_0004.npz,data/patient_reconstructed_predictions/patch_predictions_npz/0001484_S_34_S_34_patch_0004.npz,192637,0.18371295928955078,.npz
patch_predictions_npz/0001485_S_34_S_34_patch_0005.npz,data/patient_reconstructed_predictions/patch_predictions_npz/0001485_S_34_S_34_patch_0005.npz,198860,0.18964767456054688,.npz
patch_predictions_npz/0001486_S_34_S_34_patch_0006.npz,data/patient_reconstructed_predictions/patch_predictions_npz/0001486_S_34_S_34_patch_0006.npz,200440,0.19115447998046875,.npz
patch_predictions_npz/0001487_S_34_S_34_patch_0007.npz,data/patient_reconstructed_predictions/patch_predictions_npz/0001487_S_34_S_34_patch_0007.npz,181039,0.1726522445678711,.npz
patch_predictions_npz/0001488_S_35_S_35_patch_0000.npz,data/patient_reconstructed_predictions/patch_predictions_npz/0001488_S_35_S_35_patch_0000.npz,199972,0.19070816040039062,.npz
patch_predictions_npz/0001489_S_35_S_35_patch_0001.npz,data/patient_reconstructed_predictions/patch_predictions_npz/0001489_S_35_S_35_patch_0001.npz,231708,0.22097396850585938,.npz
patch_predictions_npz/0001490_S_35_S_35_patch_0002.npz,data/patient_reconstructed_predictions/patch_predictions_npz/0001490_S_35_S_35_patch_0002.npz,242545,0.2313089370727539,.npz
patch_predictions_npz/0001491_S_35_S_35_patch_0003.npz,data/patient_reconstructed_predictions/patch_predictions_npz/0001491_S_35_S_35_patch_0003.npz,241336,0.23015594482421875,.npz
patch_predictions_npz/0001492_S_35_S_35_patch_0004.npz,data/patient_reconstructed_predictions/patch_predictions_npz/0001492_S_35_S_35_patch_0004.npz,224078,0.2136974334716797,.npz
patch_predictions_npz/0001493_S_35_S_35_patch_0005.npz,data/patient_reconstructed_predictions/patch_predictions_npz/0001493_S_35_S_35_patch_0005.npz,221695,0.2114248275756836,.npz
patch_predictions_npz/0001494_S_35_S_35_patch_0006.npz,data/patient_reconstructed_predictions/patch_predictions_npz/0001494_S_35_S_35_patch_0006.npz,228948,0.21834182739257812,.npz
patch_predictions_npz/0001495_S_35_S_35_patch_0007.npz,data/patient_reconstructed_predictions/patch_predictions_npz/0001495_S_35_S_35_patch_0007.npz,221532,0.21126937866210938,.npz
patch_predictions_npz/0001496_S_36_S_36_patch_0000.npz,data/patient_reconstructed_predictions/patch_predictions_npz/0001496_S_36_S_36_patch_0000.npz,209172,0.19948196411132812,.npz
patch_predictions_npz/0001497_S_36_S_36_patch_0001.npz,data/patient_reconstructed_predictions/patch_predictions_npz/0001497_S_36_S_36_patch_0001.npz,233777,0.2229471206665039,.npz
patch_predictions_npz/0001498_S_36_S_36_patch_0002.npz,data/patient_reconstructed_predictions/patch_predictions_npz/0001498_S_36_S_36_patch_0002.npz,247968,0.236480712890625,.npz
patch_predictions_npz/0001499_S_36_S_36_patch_0003.npz,data/patient_reconstructed_predictions/patch_predictions_npz/0001499_S_36_S_36_patch_0003.npz,246928,0.2354888916015625,.npz
patch_predictions_npz/0001500_S_36_S_36_patch_0004.npz,data/patient_reconstructed_predictions/patch_predictions_npz/0001500_S_36_S_36_patch_0004.npz,223394,0.2130451202392578,.npz
patch_predictions_npz/0001501_S_36_S_36_patch_0005.npz,data/patient_reconstructed_predictions/patch_predictions_npz/0001501_S_36_S_36_patch_0005.npz,227496,0.21695709228515625,.npz
patch_predictions_npz/0001502_S_36_S_36_patch_0006.npz,data/patient_reconstructed_predictions/patch_predictions_npz/0001502_S_36_S_36_patch_0006.npz,232341,0.22157764434814453,.npz
patch_predictions_npz/0001503_S_36_S_36_patch_0007.npz,data/patient_reconstructed_predictions/patch_predictions_npz/0001503_S_36_S_36_patch_0007.npz,207506,0.1978931427001953,.npz
patch_predictions_npz/0001504_S_37_S_37_patch_0000.npz,data/patient_reconstructed_predictions/patch_predictions_npz/0001504_S_37_S_37_patch_0000.npz,226095,0.2156209945678711,.npz
patch_predictions_npz/0001505_S_37_S_37_patch_0001.npz,data/patient_reconstructed_predictions/patch_predictions_npz/0001505_S_37_S_37_patch_0001.npz,243459,0.23218059539794922,.npz
patch_predictions_npz/0001506_S_37_S_37_patch_0002.npz,data/patient_reconstructed_predictions/patch_predictions_npz/0001506_S_37_S_37_patch_0002.npz,239136,0.228057861328125,.npz
patch_predictions_npz/0001507_S_37_S_37_patch_0003.npz,data/patient_reconstructed_predictions/patch_predictions_npz/0001507_S_37_S_37_patch_0003.npz,240997,0.22983264923095703,.npz
patch_predictions_npz/0001508_S_37_S_37_patch_0004.npz,data/patient_reconstructed_predictions/patch_predictions_npz/0001508_S_37_S_37_patch_0004.npz,241520,0.2303314208984375,.npz
patch_predictions_npz/0001509_S_37_S_37_patch_0005.npz,data/patient_reconstructed_predictions/patch_predictions_npz/0001509_S_37_S_37_patch_0005.npz,245014,0.23366355895996094,.npz
patch_predictions_npz/0001510_S_37_S_37_patch_0006.npz,data/patient_reconstructed_predictions/patch_predictions_npz/0001510_S_37_S_37_patch_0006.npz,241850,0.23064613342285156,.npz
patch_predictions_npz/0001511_S_37_S_37_patch_0007.npz,data/patient_reconstructed_predictions/patch_predictions_npz/0001511_S_37_S_37_patch_0007.npz,232552,0.22177886962890625,.npz
patch_predictions_npz/0001512_S_38_S_38_patch_0000.npz,data/patient_reconstructed_predictions/patch_predictions_npz/0001512_S_38_S_38_patch_0000.npz,211205,0.20142078399658203,.npz
patch_predictions_npz/0001513_S_38_S_38_patch_0001.npz,data/patient_reconstructed_predictions/patch_predictions_npz/0001513_S_38_S_38_patch_0001.npz,231397,0.22067737579345703,.npz
patch_predictions_npz/0001514_S_38_S_38_patch_0002.npz,data/patient_reconstructed_predictions/patch_predictions_npz/0001514_S_38_S_38_patch_0002.npz,240446,0.2293071746826172,.npz
patch_predictions_npz/0001515_S_38_S_38_patch_0003.npz,data/patient_reconstructed_predictions/patch_predictions_npz/0001515_S_38_S_38_patch_0003.npz,235249,0.2243509292602539,.npz
patch_predictions_npz/0001516_S_38_S_38_patch_0004.npz,data/patient_reconstructed_predictions/patch_predictions_npz/0001516_S_38_S_38_patch_0004.npz,229576,0.21894073486328125,.npz
patch_predictions_npz/0001517_S_38_S_38_patch_0005.npz,data/patient_reconstructed_predictions/patch_predictions_npz/0001517_S_38_S_38_patch_0005.npz,223486,0.2131328582763672,.npz
patch_predictions_npz/0001518_S_38_S_38_patch_0006.npz,data/patient_reconstructed_predictions/patch_predictions_npz/0001518_S_38_S_38_patch_0006.npz,213671,0.20377254486083984,.npz
patch_predictions_npz/0001519_S_38_S_38_patch_0007.npz,data/patient_reconstructed_predictions/patch_predictions_npz/0001519_S_38_S_38_patch_0007.npz,207929,0.19829654693603516,.npz
patch_predictions_npz/0001520_S_39_S_39_patch_0000.npz,data/patient_reconstructed_predictions/patch_predictions_npz/0001520_S_39_S_39_patch_0000.npz,215675,0.20568370819091797,.npz
patch_predictions_npz/0001521_S_39_S_39_patch_0001.npz,data/patient_reconstructed_predictions/patch_predictions_npz/0001521_S_39_S_39_patch_0001.npz,227750,0.21719932556152344,.npz
patch_predictions_npz/0001522_S_39_S_39_patch_0002.npz,data/patient_reconstructed_predictions/patch_predictions_npz/0001522_S_39_S_39_patch_0002.npz,234519,0.22365474700927734,.npz
patch_predictions_npz/0001523_S_39_S_39_patch_0003.npz,data/patient_reconstructed_predictions/patch_predictions_npz/0001523_S_39_S_39_patch_0003.npz,223945,0.21357059478759766,.npz
patch_predictions_npz/0001524_S_39_S_39_patch_0004.npz,data/patient_reconstructed_predictions/patch_predictions_npz/0001524_S_39_S_39_patch_0004.npz,216903,0.20685482025146484,.npz
patch_predictions_npz/0001525_S_39_S_39_patch_0005.npz,data/patient_reconstructed_predictions/patch_predictions_npz/0001525_S_39_S_39_patch_0005.npz,228152,0.21758270263671875,.npz
patch_predictions_npz/0001526_S_39_S_39_patch_0006.npz,data/patient_reconstructed_predictions/patch_predictions_npz/0001526_S_39_S_39_patch_0006.npz,227347,0.21681499481201172,.npz
patch_predictions_npz/0001527_S_39_S_39_patch_0007.npz,data/patient_reconstructed_predictions/patch_predictions_npz/0001527_S_39_S_39_patch_0007.npz,213382,0.20349693298339844,.npz
patch_predictions_npz/0001528_S_40_S_40_patch_0000.npz,data/patient_reconstructed_predictions/patch_predictions_npz/0001528_S_40_S_40_patch_0000.npz,183363,0.17486858367919922,.npz
patch_predictions_npz/0001529_S_40_S_40_patch_0001.npz,data/patient_reconstructed_predictions/patch_predictions_npz/0001529_S_40_S_40_patch_0001.npz,191195,0.18233776092529297,.npz
patch_predictions_npz/0001530_S_40_S_40_patch_0002.npz,data/patient_reconstructed_predictions/patch_predictions_npz/0001530_S_40_S_40_patch_0002.npz,203080,0.19367218017578125,.npz
patch_predictions_npz/0001531_S_40_S_40_patch_0003.npz,data/patient_reconstructed_predictions/patch_predictions_npz/0001531_S_40_S_40_patch_0003.npz,204736,0.19525146484375,.npz
patch_predictions_npz/0001532_S_40_S_40_patch_0004.npz,data/patient_reconstructed_predictions/patch_predictions_npz/0001532_S_40_S_40_patch_0004.npz,195377,0.1863260269165039,.npz
patch_predictions_npz/0001533_S_40_S_40_patch_0005.npz,data/patient_reconstructed_predictions/patch_predictions_npz/0001533_S_40_S_40_patch_0005.npz,195661,0.18659687042236328,.npz
patch_predictions_npz/0001534_S_40_S_40_patch_0006.npz,data/patient_reconstructed_predictions/patch_predictions_npz/0001534_S_40_S_40_patch_0006.npz,193999,0.1850118637084961,.npz
patch_predictions_npz/0001535_S_40_S_40_patch_0007.npz,data/patient_reconstructed_predictions/patch_predictions_npz/0001535_S_40_S_40_patch_0007.npz,183830,0.17531394958496094,.npz
patch_predictions_npz/0001536_S_41_S_41_patch_0000.npz,data/patient_reconstructed_predictions/patch_predictions_npz/0001536_S_41_S_41_patch_0000.npz,199953,0.1906900405883789,.npz
patch_predictions_npz/0001537_S_41_S_41_patch_0001.npz,data/patient_reconstructed_predictions/patch_predictions_npz/0001537_S_41_S_41_patch_0001.npz,209039,0.1993551254272461,.npz
patch_predictions_npz/0001538_S_41_S_41_patch_0002.npz,data/patient_reconstructed_predictions/patch_predictions_npz/0001538_S_41_S_41_patch_0002.npz,225509,0.21506214141845703,.npz
patch_predictions_npz/0001539_S_41_S_41_patch_0003.npz,data/patient_reconstructed_predictions/patch_predictions_npz/0001539_S_41_S_41_patch_0003.npz,226373,0.21588611602783203,.npz
patch_predictions_npz/0001540_S_41_S_41_patch_0004.npz,data/patient_reconstructed_predictions/patch_predictions_npz/0001540_S_41_S_41_patch_0004.npz,223572,0.21321487426757812,.npz
patch_predictions_npz/0001541_S_41_S_41_patch_0005.npz,data/patient_reconstructed_predictions/patch_predictions_npz/0001541_S_41_S_41_patch_0005.npz,244324,0.23300552368164062,.npz
patch_predictions_npz/0001542_S_41_S_41_patch_0006.npz,data/patient_reconstructed_predictions/patch_predictions_npz/0001542_S_41_S_41_patch_0006.npz,232298,0.22153663635253906,.npz
patch_predictions_npz/0001543_S_41_S_41_patch_0007.npz,data/patient_reconstructed_predictions/patch_predictions_npz/0001543_S_41_S_41_patch_0007.npz,213976,0.20406341552734375,.npz
patch_predictions_npz/0001544_S_42_S_42_patch_0000.npz,data/patient_reconstructed_predictions/patch_predictions_npz/0001544_S_42_S_42_patch_0000.npz,185536,0.17694091796875,.npz
patch_predictions_npz/0001545_S_42_S_42_patch_0001.npz,data/patient_reconstructed_predictions/patch_predictions_npz/0001545_S_42_S_42_patch_0001.npz,203272,0.19385528564453125,.npz
patch_predictions_npz/0001546_S_42_S_42_patch_0002.npz,data/patient_reconstructed_predictions/patch_predictions_npz/0001546_S_42_S_42_patch_0002.npz,207501,0.19788837432861328,.npz
patch_predictions_npz/0001547_S_42_S_42_patch_0003.npz,data/patient_reconstructed_predictions/patch_predictions_npz/0001547_S_42_S_42_patch_0003.npz,205971,0.19642925262451172,.npz
patch_predictions_npz/0001548_S_42_S_42_patch_0004.npz,data/patient_reconstructed_predictions/patch_predictions_npz/0001548_S_42_S_42_patch_0004.npz,197148,0.18801498413085938,.npz
patch_predictions_npz/0001549_S_42_S_42_patch_0005.npz,data/patient_reconstructed_predictions/patch_predictions_npz/0001549_S_42_S_42_patch_0005.npz,199636,0.19038772583007812,.npz
patch_predictions_npz/0001550_S_42_S_42_patch_0006.npz,data/patient_reconstructed_predictions/patch_predictions_npz/0001550_S_42_S_42_patch_0006.npz,199464,0.19022369384765625,.npz
patch_predictions_npz/0001551_S_42_S_42_patch_0007.npz,data/patient_reconstructed_predictions/patch_predictions_npz/0001551_S_42_S_42_patch_0007.npz,190165,0.18135547637939453,.npz
patch_predictions_npz/0001552_S_43_S_43_patch_0000.npz,data/patient_reconstructed_predictions/patch_predictions_npz/0001552_S_43_S_43_patch_0000.npz,218183,0.20807552337646484,.npz
patch_predictions_npz/0001553_S_43_S_43_patch_0001.npz,data/patient_reconstructed_predictions/patch_predictions_npz/0001553_S_43_S_43_patch_0001.npz,225080,0.21465301513671875,.npz
patch_predictions_npz/0001554_S_43_S_43_patch_0002.npz,data/patient_reconstructed_predictions/patch_predictions_npz/0001554_S_43_S_43_patch_0002.npz,232786,0.2220020294189453,.npz
patch_predictions_npz/0001555_S_43_S_43_patch_0003.npz,data/patient_reconstructed_predictions/patch_predictions_npz/0001555_S_43_S_43_patch_0003.npz,233115,0.22231578826904297,.npz
patch_predictions_npz/0001556_S_43_S_43_patch_0004.npz,data/patient_reconstructed_predictions/patch_predictions_npz/0001556_S_43_S_43_patch_0004.npz,228399,0.2178182601928711,.npz
patch_predictions_npz/0001557_S_43_S_43_patch_0005.npz,data/patient_reconstructed_predictions/patch_predictions_npz/0001557_S_43_S_43_patch_0005.npz,236814,0.2258434295654297,.npz
patch_predictions_npz/0001558_S_43_S_43_patch_0006.npz,data/patient_reconstructed_predictions/patch_predictions_npz/0001558_S_43_S_43_patch_0006.npz,237634,0.2266254425048828,.npz
patch_predictions_npz/0001559_S_43_S_43_patch_0007.npz,data/patient_reconstructed_predictions/patch_predictions_npz/0001559_S_43_S_43_patch_0007.npz,224888,0.21446990966796875,.npz
patch_predictions_npz/0001560_S_44_S_44_patch_0000.npz,data/patient_reconstructed_predictions/patch_predictions_npz/0001560_S_44_S_44_patch_0000.npz,187642,0.17894935607910156,.npz
patch_predictions_npz/0001561_S_44_S_44_patch_0001.npz,data/patient_reconstructed_predictions/patch_predictions_npz/0001561_S_44_S_44_patch_0001.npz,214469,0.20453357696533203,.npz
patch_predictions_npz/0001562_S_44_S_44_patch_0002.npz,data/patient_reconstructed_predictions/patch_predictions_npz/0001562_S_44_S_44_patch_0002.npz,223742,0.2133769989013672,.npz
patch_predictions_npz/0001563_S_44_S_44_patch_0003.npz,data/patient_reconstructed_predictions/patch_predictions_npz/0001563_S_44_S_44_patch_0003.npz,211684,0.20187759399414062,.npz
patch_predictions_npz/0001564_S_44_S_44_patch_0004.npz,data/patient_reconstructed_predictions/patch_predictions_npz/0001564_S_44_S_44_patch_0004.npz,194603,0.18558788299560547,.npz
patch_predictions_npz/0001565_S_44_S_44_patch_0005.npz,data/patient_reconstructed_predictions/patch_predictions_npz/0001565_S_44_S_44_patch_0005.npz,214042,0.20412635803222656,.npz
patch_predictions_npz/0001566_S_44_S_44_patch_0006.npz,data/patient_reconstructed_predictions/patch_predictions_npz/0001566_S_44_S_44_patch_0006.npz,222355,0.21205425262451172,.npz
patch_predictions_npz/0001567_S_44_S_44_patch_0007.npz,data/patient_reconstructed_predictions/patch_predictions_npz/0001567_S_44_S_44_patch_0007.npz,206747,0.19716930389404297,.npz
patch_predictions_npz/0001568_S_45_S_45_patch_0000.npz,data/patient_reconstructed_predictions/patch_predictions_npz/0001568_S_45_S_45_patch_0000.npz,191364,0.18249893188476562,.npz
patch_predictions_npz/0001569_S_45_S_45_patch_0001.npz,data/patient_reconstructed_predictions/patch_predictions_npz/0001569_S_45_S_45_patch_0001.npz,205941,0.19640064239501953,.npz
patch_predictions_npz/0001570_S_45_S_45_patch_0002.npz,data/patient_reconstructed_predictions/patch_predictions_npz/0001570_S_45_S_45_patch_0002.npz,218114,0.2080097198486328,.npz
patch_predictions_npz/0001571_S_45_S_45_patch_0003.npz,data/patient_reconstructed_predictions/patch_predictions_npz/0001571_S_45_S_45_patch_0003.npz,216900,0.20685195922851562,.npz
patch_predictions_npz/0001572_S_45_S_45_patch_0004.npz,data/patient_reconstructed_predictions/patch_predictions_npz/0001572_S_45_S_45_patch_0004.npz,210622,0.2008647918701172,.npz
patch_predictions_npz/0001573_S_45_S_45_patch_0005.npz,data/patient_reconstructed_predictions/patch_predictions_npz/0001573_S_45_S_45_patch_0005.npz,220450,0.2102375030517578,.npz
patch_predictions_npz/0001574_S_45_S_45_patch_0006.npz,data/patient_reconstructed_predictions/patch_predictions_npz/0001574_S_45_S_45_patch_0006.npz,225611,0.21515941619873047,.npz
patch_predictions_npz/0001575_S_45_S_45_patch_0007.npz,data/patient_reconstructed_predictions/patch_predictions_npz/0001575_S_45_S_45_patch_0007.npz,213789,0.20388507843017578,.npz
patch_predictions_npz/0001576_S_46_S_46_patch_0000.npz,data/patient_reconstructed_predictions/patch_predictions_npz/0001576_S_46_S_46_patch_0000.npz,213586,0.2036914825439453,.npz
patch_predictions_npz/0001577_S_46_S_46_patch_0001.npz,data/patient_reconstructed_predictions/patch_predictions_npz/0001577_S_46_S_46_patch_0001.npz,205837,0.19630146026611328,.npz
patch_predictions_npz/0001578_S_46_S_46_patch_0002.npz,data/patient_reconstructed_predictions/patch_predictions_npz/0001578_S_46_S_46_patch_0002.npz,210449,0.2006998062133789,.npz
patch_predictions_npz/0001579_S_46_S_46_patch_0003.npz,data/patient_reconstructed_predictions/patch_predictions_npz/0001579_S_46_S_46_patch_0003.npz,205888,0.19635009765625,.npz
patch_predictions_npz/0001580_S_46_S_46_patch_0004.npz,data/patient_reconstructed_predictions/patch_predictions_npz/0001580_S_46_S_46_patch_0004.npz,205140,0.19563674926757812,.npz
patch_predictions_npz/0001581_S_46_S_46_patch_0005.npz,data/patient_reconstructed_predictions/patch_predictions_npz/0001581_S_46_S_46_patch_0005.npz,215284,0.20531082153320312,.npz
patch_predictions_npz/0001582_S_46_S_46_patch_0006.npz,data/patient_reconstructed_predictions/patch_predictions_npz/0001582_S_46_S_46_patch_0006.npz,214113,0.2041940689086914,.npz
patch_predictions_npz/0001583_S_46_S_46_patch_0007.npz,data/patient_reconstructed_predictions/patch_predictions_npz/0001583_S_46_S_46_patch_0007.npz,201653,0.19231128692626953,.npz
patch_predictions_npz/0001584_S_47_S_47_patch_0000.npz,data/patient_reconstructed_predictions/patch_predictions_npz/0001584_S_47_S_47_patch_0000.npz,190889,0.18204593658447266,.npz
patch_predictions_npz/0001585_S_47_S_47_patch_0001.npz,data/patient_reconstructed_predictions/patch_predictions_npz/0001585_S_47_S_47_patch_0001.npz,213192,0.20331573486328125,.npz
patch_predictions_npz/0001586_S_47_S_47_patch_0002.npz,data/patient_reconstructed_predictions/patch_predictions_npz/0001586_S_47_S_47_patch_0002.npz,208438,0.19878196716308594,.npz
patch_predictions_npz/0001587_S_47_S_47_patch_0003.npz,data/patient_reconstructed_predictions/patch_predictions_npz/0001587_S_47_S_47_patch_0003.npz,222175,0.2118825912475586,.npz
patch_predictions_npz/0001588_S_47_S_47_patch_0004.npz,data/patient_reconstructed_predictions/patch_predictions_npz/0001588_S_47_S_47_patch_0004.npz,211384,0.20159149169921875,.npz
patch_predictions_npz/0001589_S_47_S_47_patch_0005.npz,data/patient_reconstructed_predictions/patch_predictions_npz/0001589_S_47_S_47_patch_0005.npz,191709,0.18282794952392578,.npz
patch_predictions_npz/0001590_S_47_S_47_patch_0006.npz,data/patient_reconstructed_predictions/patch_predictions_npz/0001590_S_47_S_47_patch_0006.npz,201265,0.1919412612915039,.npz
patch_predictions_npz/0001591_S_47_S_47_patch_0007.npz,data/patient_reconstructed_predictions/patch_predictions_npz/0001591_S_47_S_47_patch_0007.npz,200364,0.19108200073242188,.npz
patch_predictions_npz/0001592_S_48_S_48_patch_0000.npz,data/patient_reconstructed_predictions/patch_predictions_npz/0001592_S_48_S_48_patch_0000.npz,215384,0.20540618896484375,.npz
patch_predictions_npz/0001593_S_48_S_48_patch_0001.npz,data/patient_reconstructed_predictions/patch_predictions_npz/0001593_S_48_S_48_patch_0001.npz,235308,0.22440719604492188,.npz
patch_predictions_npz/0001594_S_48_S_48_patch_0002.npz,data/patient_reconstructed_predictions/patch_predictions_npz/0001594_S_48_S_48_patch_0002.npz,248778,0.23725318908691406,.npz
patch_predictions_npz/0001595_S_48_S_48_patch_0003.npz,data/patient_reconstructed_predictions/patch_predictions_npz/0001595_S_48_S_48_patch_0003.npz,249690,0.23812294006347656,.npz
patch_predictions_npz/0001596_S_48_S_48_patch_0004.npz,data/patient_reconstructed_predictions/patch_predictions_npz/0001596_S_48_S_48_patch_0004.npz,243920,0.2326202392578125,.npz
patch_predictions_npz/0001597_S_48_S_48_patch_0005.npz,data/patient_reconstructed_predictions/patch_predictions_npz/0001597_S_48_S_48_patch_0005.npz,237059,0.22607707977294922,.npz
patch_predictions_npz/0001598_S_48_S_48_patch_0006.npz,data/patient_reconstructed_predictions/patch_predictions_npz/0001598_S_48_S_48_patch_0006.npz,240590,0.2294445037841797,.npz
patch_predictions_npz/0001599_S_48_S_48_patch_0007.npz,data/patient_reconstructed_predictions/patch_predictions_npz/0001599_S_48_S_48_patch_0007.npz,223136,0.212799072265625,.npz
patch_predictions_npz/0001600_S_49_S_49_patch_0000.npz,data/patient_reconstructed_predictions/patch_predictions_npz/0001600_S_49_S_49_patch_0000.npz,189321,0.18055057525634766,.npz
patch_predictions_npz/0001601_S_49_S_49_patch_0001.npz,data/patient_reconstructed_predictions/patch_predictions_npz/0001601_S_49_S_49_patch_0001.npz,209477,0.19977283477783203,.npz
patch_predictions_npz/0001602_S_49_S_49_patch_0002.npz,data/patient_reconstructed_predictions/patch_predictions_npz/0001602_S_49_S_49_patch_0002.npz,219682,0.2095050811767578,.npz
patch_predictions_npz/0001603_S_49_S_49_patch_0003.npz,data/patient_reconstructed_predictions/patch_predictions_npz/0001603_S_49_S_49_patch_0003.npz,219004,0.20885848999023438,.npz
patch_predictions_npz/0001604_S_49_S_49_patch_0004.npz,data/patient_reconstructed_predictions/patch_predictions_npz/0001604_S_49_S_49_patch_0004.npz,207219,0.19761943817138672,.npz
patch_predictions_npz/0001605_S_49_S_49_patch_0005.npz,data/patient_reconstructed_predictions/patch_predictions_npz/0001605_S_49_S_49_patch_0005.npz,206424,0.19686126708984375,.npz
patch_predictions_npz/0001606_S_49_S_49_patch_0006.npz,data/patient_reconstructed_predictions/patch_predictions_npz/0001606_S_49_S_49_patch_0006.npz,207817,0.19818973541259766,.npz
patch_predictions_npz/0001607_S_49_S_49_patch_0007.npz,data/patient_reconstructed_predictions/patch_predictions_npz/0001607_S_49_S_49_patch_0007.npz,195097,0.18605899810791016,.npz
patch_predictions_npz/0001608_S_50_S_50_patch_0000.npz,data/patient_reconstructed_predictions/patch_predictions_npz/0001608_S_50_S_50_patch_0000.npz,201836,0.19248580932617188,.npz
patch_predictions_npz/0001609_S_50_S_50_patch_0001.npz,data/patient_reconstructed_predictions/patch_predictions_npz/0001609_S_50_S_50_patch_0001.npz,219404,0.20923995971679688,.npz
patch_predictions_npz/0001610_S_50_S_50_patch_0002.npz,data/patient_reconstructed_predictions/patch_predictions_npz/0001610_S_50_S_50_patch_0002.npz,223595,0.21323680877685547,.npz
patch_predictions_npz/0001611_S_50_S_50_patch_0003.npz,data/patient_reconstructed_predictions/patch_predictions_npz/0001611_S_50_S_50_patch_0003.npz,214737,0.2047891616821289,.npz
patch_predictions_npz/0001612_S_50_S_50_patch_0004.npz,data/patient_reconstructed_predictions/patch_predictions_npz/0001612_S_50_S_50_patch_0004.npz,205566,0.1960430145263672,.npz
patch_predictions_npz/0001613_S_50_S_50_patch_0005.npz,data/patient_reconstructed_predictions/patch_predictions_npz/0001613_S_50_S_50_patch_0005.npz,218013,0.20791339874267578,.npz
patch_predictions_npz/0001614_S_50_S_50_patch_0006.npz,data/patient_reconstructed_predictions/patch_predictions_npz/0001614_S_50_S_50_patch_0006.npz,216169,0.20615482330322266,.npz
patch_predictions_npz/0001615_S_50_S_50_patch_0007.npz,data/patient_reconstructed_predictions/patch_predictions_npz/0001615_S_50_S_50_patch_0007.npz,214594,0.2046527862548828,.npz
patch_predictions_npz/0001616_S_51_S_51_patch_0000.npz,data/patient_reconstructed_predictions/patch_predictions_npz/0001616_S_51_S_51_patch_0000.npz,188903,0.18015193939208984,.npz
patch_predictions_npz/0001617_S_51_S_51_patch_0001.npz,data/patient_reconstructed_predictions/patch_predictions_npz/0001617_S_51_S_51_patch_0001.npz,209692,0.19997787475585938,.npz
patch_predictions_npz/0001618_S_51_S_51_patch_0002.npz,data/patient_reconstructed_predictions/patch_predictions_npz/0001618_S_51_S_51_patch_0002.npz,212953,0.20308780670166016,.npz
patch_predictions_npz/0001619_S_51_S_51_patch_0003.npz,data/patient_reconstructed_predictions/patch_predictions_npz/0001619_S_51_S_51_patch_0003.npz,213752,0.20384979248046875,.npz
patch_predictions_npz/0001620_S_51_S_51_patch_0004.npz,data/patient_reconstructed_predictions/patch_predictions_npz/0001620_S_51_S_51_patch_0004.npz,199828,0.19057083129882812,.npz
patch_predictions_npz/0001621_S_51_S_51_patch_0005.npz,data/patient_reconstructed_predictions/patch_predictions_npz/0001621_S_51_S_51_patch_0005.npz,204344,0.19487762451171875,.npz
patch_predictions_npz/0001622_S_51_S_51_patch_0006.npz,data/patient_reconstructed_predictions/patch_predictions_npz/0001622_S_51_S_51_patch_0006.npz,202836,0.19343948364257812,.npz
patch_predictions_npz/0001623_S_51_S_51_patch_0007.npz,data/patient_reconstructed_predictions/patch_predictions_npz/0001623_S_51_S_51_patch_0007.npz,195864,0.18679046630859375,.npz
patch_predictions_npz/0001624_S_52_S_52_patch_0000.npz,data/patient_reconstructed_predictions/patch_predictions_npz/0001624_S_52_S_52_patch_0000.npz,229966,0.2193126678466797,.npz
patch_predictions_npz/0001625_S_52_S_52_patch_0001.npz,data/patient_reconstructed_predictions/patch_predictions_npz/0001625_S_52_S_52_patch_0001.npz,237812,0.22679519653320312,.npz
patch_predictions_npz/0001626_S_52_S_52_patch_0002.npz,data/patient_reconstructed_predictions/patch_predictions_npz/0001626_S_52_S_52_patch_0002.npz,238875,0.22780895233154297,.npz
patch_predictions_npz/0001627_S_52_S_52_patch_0003.npz,data/patient_reconstructed_predictions/patch_predictions_npz/0001627_S_52_S_52_patch_0003.npz,246281,0.23487186431884766,.npz
patch_predictions_npz/0001628_S_52_S_52_patch_0004.npz,data/patient_reconstructed_predictions/patch_predictions_npz/0001628_S_52_S_52_patch_0004.npz,235560,0.22464752197265625,.npz
patch_predictions_npz/0001629_S_52_S_52_patch_0005.npz,data/patient_reconstructed_predictions/patch_predictions_npz/0001629_S_52_S_52_patch_0005.npz,241301,0.23012256622314453,.npz
patch_predictions_npz/0001630_S_52_S_52_patch_0006.npz,data/patient_reconstructed_predictions/patch_predictions_npz/0001630_S_52_S_52_patch_0006.npz,241224,0.23004913330078125,.npz
patch_predictions_npz/0001631_S_52_S_52_patch_0007.npz,data/patient_reconstructed_predictions/patch_predictions_npz/0001631_S_52_S_52_patch_0007.npz,211904,0.20208740234375,.npz
patch_predictions_npz/0001632_S_53_S_53_patch_0000.npz,data/patient_reconstructed_predictions/patch_predictions_npz/0001632_S_53_S_53_patch_0000.npz,223878,0.21350669860839844,.npz
patch_predictions_npz/0001633_S_53_S_53_patch_0001.npz,data/patient_reconstructed_predictions/patch_predictions_npz/0001633_S_53_S_53_patch_0001.npz,229019,0.21840953826904297,.npz
patch_predictions_npz/0001634_S_53_S_53_patch_0002.npz,data/patient_reconstructed_predictions/patch_predictions_npz/0001634_S_53_S_53_patch_0002.npz,237780,0.22676467895507812,.npz
patch_predictions_npz/0001635_S_53_S_53_patch_0003.npz,data/patient_reconstructed_predictions/patch_predictions_npz/0001635_S_53_S_53_patch_0003.npz,229810,0.2191638946533203,.npz
patch_predictions_npz/0001636_S_53_S_53_patch_0004.npz,data/patient_reconstructed_predictions/patch_predictions_npz/0001636_S_53_S_53_patch_0004.npz,212683,0.20283031463623047,.npz
patch_predictions_npz/0001637_S_53_S_53_patch_0005.npz,data/patient_reconstructed_predictions/patch_predictions_npz/0001637_S_53_S_53_patch_0005.npz,215384,0.20540618896484375,.npz
patch_predictions_npz/0001638_S_53_S_53_patch_0006.npz,data/patient_reconstructed_predictions/patch_predictions_npz/0001638_S_53_S_53_patch_0006.npz,215339,0.20536327362060547,.npz
patch_predictions_npz/0001639_S_53_S_53_patch_0007.npz,data/patient_reconstructed_predictions/patch_predictions_npz/0001639_S_53_S_53_patch_0007.npz,199927,0.19066524505615234,.npz
patch_predictions_npz/0001640_S_54_S_54_patch_0000.npz,data/patient_reconstructed_predictions/patch_predictions_npz/0001640_S_54_S_54_patch_0000.npz,192254,0.1833477020263672,.npz
patch_predictions_npz/0001641_S_54_S_54_patch_0001.npz,data/patient_reconstructed_predictions/patch_predictions_npz/0001641_S_54_S_54_patch_0001.npz,205286,0.19577598571777344,.npz
patch_predictions_npz/0001642_S_54_S_54_patch_0002.npz,data/patient_reconstructed_predictions/patch_predictions_npz/0001642_S_54_S_54_patch_0002.npz,219475,0.20930767059326172,.npz
patch_predictions_npz/0001643_S_54_S_54_patch_0003.npz,data/patient_reconstructed_predictions/patch_predictions_npz/0001643_S_54_S_54_patch_0003.npz,204775,0.19528865814208984,.npz
patch_predictions_npz/0001644_S_54_S_54_patch_0004.npz,data/patient_reconstructed_predictions/patch_predictions_npz/0001644_S_54_S_54_patch_0004.npz,183618,0.1751117706298828,.npz
patch_predictions_npz/0001645_S_54_S_54_patch_0005.npz,data/patient_reconstructed_predictions/patch_predictions_npz/0001645_S_54_S_54_patch_0005.npz,209339,0.19964122772216797,.npz
patch_predictions_npz/0001646_S_54_S_54_patch_0006.npz,data/patient_reconstructed_predictions/patch_predictions_npz/0001646_S_54_S_54_patch_0006.npz,217060,0.20700454711914062,.npz
patch_predictions_npz/0001647_S_54_S_54_patch_0007.npz,data/patient_reconstructed_predictions/patch_predictions_npz/0001647_S_54_S_54_patch_0007.npz,197394,0.1882495880126953,.npz
patch_predictions_npz/0001648_S_55_S_55_patch_0000.npz,data/patient_reconstructed_predictions/patch_predictions_npz/0001648_S_55_S_55_patch_0000.npz,210317,0.20057392120361328,.npz
patch_predictions_npz/0001649_S_55_S_55_patch_0001.npz,data/patient_reconstructed_predictions/patch_predictions_npz/0001649_S_55_S_55_patch_0001.npz,224082,0.2137012481689453,.npz
patch_predictions_npz/0001650_S_55_S_55_patch_0002.npz,data/patient_reconstructed_predictions/patch_predictions_npz/0001650_S_55_S_55_patch_0002.npz,241193,0.23001956939697266,.npz
patch_predictions_npz/0001651_S_55_S_55_patch_0003.npz,data/patient_reconstructed_predictions/patch_predictions_npz/0001651_S_55_S_55_patch_0003.npz,248500,0.23698806762695312,.npz
patch_predictions_npz/0001652_S_55_S_55_patch_0004.npz,data/patient_reconstructed_predictions/patch_predictions_npz/0001652_S_55_S_55_patch_0004.npz,233615,0.2227926254272461,.npz
patch_predictions_npz/0001653_S_55_S_55_patch_0005.npz,data/patient_reconstructed_predictions/patch_predictions_npz/0001653_S_55_S_55_patch_0005.npz,218531,0.20840740203857422,.npz
patch_predictions_npz/0001654_S_55_S_55_patch_0006.npz,data/patient_reconstructed_predictions/patch_predictions_npz/0001654_S_55_S_55_patch_0006.npz,230781,0.22008991241455078,.npz
patch_predictions_npz/0001655_S_55_S_55_patch_0007.npz,data/patient_reconstructed_predictions/patch_predictions_npz/0001655_S_55_S_55_patch_0007.npz,225974,0.21550559997558594,.npz
patch_predictions_npz/0001656_S_56_S_56_patch_0000.npz,data/patient_reconstructed_predictions/patch_predictions_npz/0001656_S_56_S_56_patch_0000.npz,227818,0.21726417541503906,.npz
patch_predictions_npz/0001657_S_56_S_56_patch_0001.npz,data/patient_reconstructed_predictions/patch_predictions_npz/0001657_S_56_S_56_patch_0001.npz,222894,0.2125682830810547,.npz
patch_predictions_npz/0001658_S_56_S_56_patch_0002.npz,data/patient_reconstructed_predictions/patch_predictions_npz/0001658_S_56_S_56_patch_0002.npz,225736,0.21527862548828125,.npz
patch_predictions_npz/0001659_S_56_S_56_patch_0003.npz,data/patient_reconstructed_predictions/patch_predictions_npz/0001659_S_56_S_56_patch_0003.npz,222171,0.21187877655029297,.npz
patch_predictions_npz/0001660_S_56_S_56_patch_0004.npz,data/patient_reconstructed_predictions/patch_predictions_npz/0001660_S_56_S_56_patch_0004.npz,213692,0.20379257202148438,.npz
patch_predictions_npz/0001661_S_56_S_56_patch_0005.npz,data/patient_reconstructed_predictions/patch_predictions_npz/0001661_S_56_S_56_patch_0005.npz,222256,0.2119598388671875,.npz
patch_predictions_npz/0001662_S_56_S_56_patch_0006.npz,data/patient_reconstructed_predictions/patch_predictions_npz/0001662_S_56_S_56_patch_0006.npz,227441,0.2169046401977539,.npz
patch_predictions_npz/0001663_S_56_S_56_patch_0007.npz,data/patient_reconstructed_predictions/patch_predictions_npz/0001663_S_56_S_56_patch_0007.npz,217903,0.2078084945678711,.npz
patch_predictions_npz/0001664_S_57_S_57_patch_0000.npz,data/patient_reconstructed_predictions/patch_predictions_npz/0001664_S_57_S_57_patch_0000.npz,205746,0.1962146759033203,.npz
patch_predictions_npz/0001665_S_57_S_57_patch_0001.npz,data/patient_reconstructed_predictions/patch_predictions_npz/0001665_S_57_S_57_patch_0001.npz,220380,0.21017074584960938,.npz
patch_predictions_npz/0001666_S_57_S_57_patch_0002.npz,data/patient_reconstructed_predictions/patch_predictions_npz/0001666_S_57_S_57_patch_0002.npz,232122,0.22136878967285156,.npz
patch_predictions_npz/0001667_S_57_S_57_patch_0003.npz,data/patient_reconstructed_predictions/patch_predictions_npz/0001667_S_57_S_57_patch_0003.npz,232658,0.2218799591064453,.npz
patch_predictions_npz/0001668_S_57_S_57_patch_0004.npz,data/patient_reconstructed_predictions/patch_predictions_npz/0001668_S_57_S_57_patch_0004.npz,230492,0.21981430053710938,.npz
patch_predictions_npz/0001669_S_57_S_57_patch_0005.npz,data/patient_reconstructed_predictions/patch_predictions_npz/0001669_S_57_S_57_patch_0005.npz,218031,0.2079305648803711,.npz
patch_predictions_npz/0001670_S_57_S_57_patch_0006.npz,data/patient_reconstructed_predictions/patch_predictions_npz/0001670_S_57_S_57_patch_0006.npz,218725,0.20859241485595703,.npz
patch_predictions_npz/0001671_S_57_S_57_patch_0007.npz,data/patient_reconstructed_predictions/patch_predictions_npz/0001671_S_57_S_57_patch_0007.npz,199376,0.1901397705078125,.npz
patch_predictions_npz/0001672_S_58_S_58_patch_0000.npz,data/patient_reconstructed_predictions/patch_predictions_npz/0001672_S_58_S_58_patch_0000.npz,213950,0.2040386199951172,.npz
patch_predictions_npz/0001673_S_58_S_58_patch_0001.npz,data/patient_reconstructed_predictions/patch_predictions_npz/0001673_S_58_S_58_patch_0001.npz,227087,0.2165670394897461,.npz
patch_predictions_npz/0001674_S_58_S_58_patch_0002.npz,data/patient_reconstructed_predictions/patch_predictions_npz/0001674_S_58_S_58_patch_0002.npz,237725,0.22671222686767578,.npz
patch_predictions_npz/0001675_S_58_S_58_patch_0003.npz,data/patient_reconstructed_predictions/patch_predictions_npz/0001675_S_58_S_58_patch_0003.npz,223997,0.21362018585205078,.npz
patch_predictions_npz/0001676_S_58_S_58_patch_0004.npz,data/patient_reconstructed_predictions/patch_predictions_npz/0001676_S_58_S_58_patch_0004.npz,201821,0.19247150421142578,.npz
patch_predictions_npz/0001677_S_58_S_58_patch_0005.npz,data/patient_reconstructed_predictions/patch_predictions_npz/0001677_S_58_S_58_patch_0005.npz,208737,0.1990671157836914,.npz
patch_predictions_npz/0001678_S_58_S_58_patch_0006.npz,data/patient_reconstructed_predictions/patch_predictions_npz/0001678_S_58_S_58_patch_0006.npz,222730,0.21241188049316406,.npz
patch_predictions_npz/0001679_S_58_S_58_patch_0007.npz,data/patient_reconstructed_predictions/patch_predictions_npz/0001679_S_58_S_58_patch_0007.npz,208786,0.1991138458251953,.npz
patch_predictions_npz/0001680_S_59_S_59_patch_0000.npz,data/patient_reconstructed_predictions/patch_predictions_npz/0001680_S_59_S_59_patch_0000.npz,231244,0.22053146362304688,.npz
patch_predictions_npz/0001681_S_59_S_59_patch_0001.npz,data/patient_reconstructed_predictions/patch_predictions_npz/0001681_S_59_S_59_patch_0001.npz,251976,0.24030303955078125,.npz
patch_predictions_npz/0001682_S_59_S_59_patch_0002.npz,data/patient_reconstructed_predictions/patch_predictions_npz/0001682_S_59_S_59_patch_0002.npz,259129,0.24712467193603516,.npz
patch_predictions_npz/0001683_S_59_S_59_patch_0003.npz,data/patient_reconstructed_predictions/patch_predictions_npz/0001683_S_59_S_59_patch_0003.npz,245027,0.23367595672607422,.npz
patch_predictions_npz/0001684_S_59_S_59_patch_0004.npz,data/patient_reconstructed_predictions/patch_predictions_npz/0001684_S_59_S_59_patch_0004.npz,228918,0.21831321716308594,.npz
patch_predictions_npz/0001685_S_59_S_59_patch_0005.npz,data/patient_reconstructed_predictions/patch_predictions_npz/0001685_S_59_S_59_patch_0005.npz,240359,0.22922420501708984,.npz
patch_predictions_npz/0001686_S_59_S_59_patch_0006.npz,data/patient_reconstructed_predictions/patch_predictions_npz/0001686_S_59_S_59_patch_0006.npz,241014,0.22984886169433594,.npz
patch_predictions_npz/0001687_S_59_S_59_patch_0007.npz,data/patient_reconstructed_predictions/patch_predictions_npz/0001687_S_59_S_59_patch_0007.npz,214415,0.2044820785522461,.npz
patch_predictions_npz/0001688_S_60_S_60_patch_0000.npz,data/patient_reconstructed_predictions/patch_predictions_npz/0001688_S_60_S_60_patch_0000.npz,188666,0.17992591857910156,.npz
patch_predictions_npz/0001689_S_60_S_60_patch_0001.npz,data/patient_reconstructed_predictions/patch_predictions_npz/0001689_S_60_S_60_patch_0001.npz,208160,0.198516845703125,.npz
patch_predictions_npz/0001690_S_60_S_60_patch_0002.npz,data/patient_reconstructed_predictions/patch_predictions_npz/0001690_S_60_S_60_patch_0002.npz,216148,0.20613479614257812,.npz
patch_predictions_npz/0001691_S_60_S_60_patch_0003.npz,data/patient_reconstructed_predictions/patch_predictions_npz/0001691_S_60_S_60_patch_0003.npz,227308,0.21677780151367188,.npz
patch_predictions_npz/0001692_S_60_S_60_patch_0004.npz,data/patient_reconstructed_predictions/patch_predictions_npz/0001692_S_60_S_60_patch_0004.npz,210713,0.20095157623291016,.npz
patch_predictions_npz/0001693_S_60_S_60_patch_0005.npz,data/patient_reconstructed_predictions/patch_predictions_npz/0001693_S_60_S_60_patch_0005.npz,199213,0.18998432159423828,.npz
patch_predictions_npz/0001694_S_60_S_60_patch_0006.npz,data/patient_reconstructed_predictions/patch_predictions_npz/0001694_S_60_S_60_patch_0006.npz,204848,0.1953582763671875,.npz
patch_predictions_npz/0001695_S_60_S_60_patch_0007.npz,data/patient_reconstructed_predictions/patch_predictions_npz/0001695_S_60_S_60_patch_0007.npz,193586,0.1846179962158203,.npz
patch_predictions_npz/0001696_S_61_S_61_patch_0000.npz,data/patient_reconstructed_predictions/patch_predictions_npz/0001696_S_61_S_61_patch_0000.npz,201919,0.1925649642944336,.npz
patch_predictions_npz/0001697_S_61_S_61_patch_0001.npz,data/patient_reconstructed_predictions/patch_predictions_npz/0001697_S_61_S_61_patch_0001.npz,217374,0.2073040008544922,.npz
patch_predictions_npz/0001698_S_61_S_61_patch_0002.npz,data/patient_reconstructed_predictions/patch_predictions_npz/0001698_S_61_S_61_patch_0002.npz,225110,0.21468162536621094,.npz
patch_predictions_npz/0001699_S_61_S_61_patch_0003.npz,data/patient_reconstructed_predictions/patch_predictions_npz/0001699_S_61_S_61_patch_0003.npz,226057,0.21558475494384766,.npz
patch_predictions_npz/0001700_S_61_S_61_patch_0004.npz,data/patient_reconstructed_predictions/patch_predictions_npz/0001700_S_61_S_61_patch_0004.npz,229951,0.2192983627319336,.npz
patch_predictions_npz/0001701_S_61_S_61_patch_0005.npz,data/patient_reconstructed_predictions/patch_predictions_npz/0001701_S_61_S_61_patch_0005.npz,221827,0.21155071258544922,.npz
patch_predictions_npz/0001702_S_61_S_61_patch_0006.npz,data/patient_reconstructed_predictions/patch_predictions_npz/0001702_S_61_S_61_patch_0006.npz,224054,0.21367454528808594,.npz
patch_predictions_npz/0001703_S_61_S_61_patch_0007.npz,data/patient_reconstructed_predictions/patch_predictions_npz/0001703_S_61_S_61_patch_0007.npz,217697,0.2076120376586914,.npz
patch_predictions_npz/0001704_S_62_S_62_patch_0000.npz,data/patient_reconstructed_predictions/patch_predictions_npz/0001704_S_62_S_62_patch_0000.npz,191615,0.1827383041381836,.npz
patch_predictions_npz/0001705_S_62_S_62_patch_0001.npz,data/patient_reconstructed_predictions/patch_predictions_npz/0001705_S_62_S_62_patch_0001.npz,203916,0.19446945190429688,.npz
patch_predictions_npz/0001706_S_62_S_62_patch_0002.npz,data/patient_reconstructed_predictions/patch_predictions_npz/0001706_S_62_S_62_patch_0002.npz,210338,0.2005939483642578,.npz
patch_predictions_npz/0001707_S_62_S_62_patch_0003.npz,data/patient_reconstructed_predictions/patch_predictions_npz/0001707_S_62_S_62_patch_0003.npz,210455,0.20070552825927734,.npz
patch_predictions_npz/0001708_S_62_S_62_patch_0004.npz,data/patient_reconstructed_predictions/patch_predictions_npz/0001708_S_62_S_62_patch_0004.npz,201894,0.19254112243652344,.npz
patch_predictions_npz/0001709_S_62_S_62_patch_0005.npz,data/patient_reconstructed_predictions/patch_predictions_npz/0001709_S_62_S_62_patch_0005.npz,207740,0.19811630249023438,.npz
patch_predictions_npz/0001710_S_62_S_62_patch_0006.npz,data/patient_reconstructed_predictions/patch_predictions_npz/0001710_S_62_S_62_patch_0006.npz,207935,0.1983022689819336,.npz
patch_predictions_npz/0001711_S_62_S_62_patch_0007.npz,data/patient_reconstructed_predictions/patch_predictions_npz/0001711_S_62_S_62_patch_0007.npz,198745,0.18953800201416016,.npz
patch_predictions_npz/0001712_S_63_S_63_patch_0000.npz,data/patient_reconstructed_predictions/patch_predictions_npz/0001712_S_63_S_63_patch_0000.npz,220937,0.21070194244384766,.npz
patch_predictions_npz/0001713_S_63_S_63_patch_0001.npz,data/patient_reconstructed_predictions/patch_predictions_npz/0001713_S_63_S_63_patch_0001.npz,212201,0.20237064361572266,.npz
patch_predictions_npz/0001714_S_63_S_63_patch_0002.npz,data/patient_reconstructed_predictions/patch_predictions_npz/0001714_S_63_S_63_patch_0002.npz,204699,0.19521617889404297,.npz
patch_predictions_npz/0001715_S_63_S_63_patch_0003.npz,data/patient_reconstructed_predictions/patch_predictions_npz/0001715_S_63_S_63_patch_0003.npz,202731,0.19333934783935547,.npz
patch_predictions_npz/0001716_S_63_S_63_patch_0004.npz,data/patient_reconstructed_predictions/patch_predictions_npz/0001716_S_63_S_63_patch_0004.npz,203707,0.19427013397216797,.npz
patch_predictions_npz/0001717_S_63_S_63_patch_0005.npz,data/patient_reconstructed_predictions/patch_predictions_npz/0001717_S_63_S_63_patch_0005.npz,212624,0.2027740478515625,.npz
patch_predictions_npz/0001718_S_63_S_63_patch_0006.npz,data/patient_reconstructed_predictions/patch_predictions_npz/0001718_S_63_S_63_patch_0006.npz,212710,0.20285606384277344,.npz
patch_predictions_npz/0001719_S_63_S_63_patch_0007.npz,data/patient_reconstructed_predictions/patch_predictions_npz/0001719_S_63_S_63_patch_0007.npz,210042,0.20031166076660156,.npz
patch_predictions_npz/0001720_S_64_S_64_patch_0000.npz,data/patient_reconstructed_predictions/patch_predictions_npz/0001720_S_64_S_64_patch_0000.npz,189420,0.18064498901367188,.npz
patch_predictions_npz/0001721_S_64_S_64_patch_0001.npz,data/patient_reconstructed_predictions/patch_predictions_npz/0001721_S_64_S_64_patch_0001.npz,205569,0.1960458755493164,.npz
patch_predictions_npz/0001722_S_64_S_64_patch_0002.npz,data/patient_reconstructed_predictions/patch_predictions_npz/0001722_S_64_S_64_patch_0002.npz,215102,0.2051372528076172,.npz
patch_predictions_npz/0001723_S_64_S_64_patch_0003.npz,data/patient_reconstructed_predictions/patch_predictions_npz/0001723_S_64_S_64_patch_0003.npz,226288,0.2158050537109375,.npz
patch_predictions_npz/0001724_S_64_S_64_patch_0004.npz,data/patient_reconstructed_predictions/patch_predictions_npz/0001724_S_64_S_64_patch_0004.npz,223680,0.21331787109375,.npz
patch_predictions_npz/0001725_S_64_S_64_patch_0005.npz,data/patient_reconstructed_predictions/patch_predictions_npz/0001725_S_64_S_64_patch_0005.npz,217112,0.20705413818359375,.npz
patch_predictions_npz/0001726_S_64_S_64_patch_0006.npz,data/patient_reconstructed_predictions/patch_predictions_npz/0001726_S_64_S_64_patch_0006.npz,212717,0.20286273956298828,.npz
patch_predictions_npz/0001727_S_64_S_64_patch_0007.npz,data/patient_reconstructed_predictions/patch_predictions_npz/0001727_S_64_S_64_patch_0007.npz,202305,0.1929330825805664,.npz
patch_predictions_npz/0001728_S_65_S_65_patch_0000.npz,data/patient_reconstructed_predictions/patch_predictions_npz/0001728_S_65_S_65_patch_0000.npz,197492,0.18834304809570312,.npz
patch_predictions_npz/0001729_S_65_S_65_patch_0001.npz,data/patient_reconstructed_predictions/patch_predictions_npz/0001729_S_65_S_65_patch_0001.npz,219485,0.20931720733642578,.npz
patch_predictions_npz/0001730_S_65_S_65_patch_0002.npz,data/patient_reconstructed_predictions/patch_predictions_npz/0001730_S_65_S_65_patch_0002.npz,231354,0.22063636779785156,.npz
patch_predictions_npz/0001731_S_65_S_65_patch_0003.npz,data/patient_reconstructed_predictions/patch_predictions_npz/0001731_S_65_S_65_patch_0003.npz,226367,0.2158803939819336,.npz
patch_predictions_npz/0001732_S_65_S_65_patch_0004.npz,data/patient_reconstructed_predictions/patch_predictions_npz/0001732_S_65_S_65_patch_0004.npz,224762,0.21434974670410156,.npz
patch_predictions_npz/0001733_S_65_S_65_patch_0005.npz,data/patient_reconstructed_predictions/patch_predictions_npz/0001733_S_65_S_65_patch_0005.npz,215346,0.2053699493408203,.npz
patch_predictions_npz/0001734_S_65_S_65_patch_0006.npz,data/patient_reconstructed_predictions/patch_predictions_npz/0001734_S_65_S_65_patch_0006.npz,218435,0.20831584930419922,.npz
patch_predictions_npz/0001735_S_65_S_65_patch_0007.npz,data/patient_reconstructed_predictions/patch_predictions_npz/0001735_S_65_S_65_patch_0007.npz,211112,0.20133209228515625,.npz
patch_predictions_npz/0001736_S_66_S_66_patch_0000.npz,data/patient_reconstructed_predictions/patch_predictions_npz/0001736_S_66_S_66_patch_0000.npz,211103,0.2013235092163086,.npz
patch_predictions_npz/0001737_S_66_S_66_patch_0001.npz,data/patient_reconstructed_predictions/patch_predictions_npz/0001737_S_66_S_66_patch_0001.npz,225268,0.21483230590820312,.npz
patch_predictions_npz/0001738_S_66_S_66_patch_0002.npz,data/patient_reconstructed_predictions/patch_predictions_npz/0001738_S_66_S_66_patch_0002.npz,236153,0.22521305084228516,.npz
patch_predictions_npz/0001739_S_66_S_66_patch_0003.npz,data/patient_reconstructed_predictions/patch_predictions_npz/0001739_S_66_S_66_patch_0003.npz,243006,0.2317485809326172,.npz
patch_predictions_npz/0001740_S_66_S_66_patch_0004.npz,data/patient_reconstructed_predictions/patch_predictions_npz/0001740_S_66_S_66_patch_0004.npz,233693,0.22286701202392578,.npz
patch_predictions_npz/0001741_S_66_S_66_patch_0005.npz,data/patient_reconstructed_predictions/patch_predictions_npz/0001741_S_66_S_66_patch_0005.npz,233629,0.22280597686767578,.npz
patch_predictions_npz/0001742_S_66_S_66_patch_0006.npz,data/patient_reconstructed_predictions/patch_predictions_npz/0001742_S_66_S_66_patch_0006.npz,242815,0.2315664291381836,.npz
patch_predictions_npz/0001743_S_66_S_66_patch_0007.npz,data/patient_reconstructed_predictions/patch_predictions_npz/0001743_S_66_S_66_patch_0007.npz,228360,0.21778106689453125,.npz
patch_predictions_npz/0001744_S_67_S_67_patch_0000.npz,data/patient_reconstructed_predictions/patch_predictions_npz/0001744_S_67_S_67_patch_0000.npz,202013,0.19265460968017578,.npz
patch_predictions_npz/0001745_S_67_S_67_patch_0001.npz,data/patient_reconstructed_predictions/patch_predictions_npz/0001745_S_67_S_67_patch_0001.npz,218949,0.20880603790283203,.npz
patch_predictions_npz/0001746_S_67_S_67_patch_0002.npz,data/patient_reconstructed_predictions/patch_predictions_npz/0001746_S_67_S_67_patch_0002.npz,222549,0.21223926544189453,.npz
patch_predictions_npz/0001747_S_67_S_67_patch_0003.npz,data/patient_reconstructed_predictions/patch_predictions_npz/0001747_S_67_S_67_patch_0003.npz,228241,0.2176675796508789,.npz
patch_predictions_npz/0001748_S_67_S_67_patch_0004.npz,data/patient_reconstructed_predictions/patch_predictions_npz/0001748_S_67_S_67_patch_0004.npz,217907,0.20781230926513672,.npz
patch_predictions_npz/0001749_S_67_S_67_patch_0005.npz,data/patient_reconstructed_predictions/patch_predictions_npz/0001749_S_67_S_67_patch_0005.npz,214382,0.2044506072998047,.npz
patch_predictions_npz/0001750_S_67_S_67_patch_0006.npz,data/patient_reconstructed_predictions/patch_predictions_npz/0001750_S_67_S_67_patch_0006.npz,222587,0.21227550506591797,.npz
patch_predictions_npz/0001751_S_67_S_67_patch_0007.npz,data/patient_reconstructed_predictions/patch_predictions_npz/0001751_S_67_S_67_patch_0007.npz,206114,0.1965656280517578,.npz
patch_predictions_npz/0001752_S_68_S_68_patch_0000.npz,data/patient_reconstructed_predictions/patch_predictions_npz/0001752_S_68_S_68_patch_0000.npz,201639,0.19229793548583984,.npz
patch_predictions_npz/0001753_S_68_S_68_patch_0001.npz,data/patient_reconstructed_predictions/patch_predictions_npz/0001753_S_68_S_68_patch_0001.npz,211052,0.20127487182617188,.npz
patch_predictions_npz/0001754_S_68_S_68_patch_0002.npz,data/patient_reconstructed_predictions/patch_predictions_npz/0001754_S_68_S_68_patch_0002.npz,216226,0.2062091827392578,.npz
patch_predictions_npz/0001755_S_68_S_68_patch_0003.npz,data/patient_reconstructed_predictions/patch_predictions_npz/0001755_S_68_S_68_patch_0003.npz,214872,0.20491790771484375,.npz
patch_predictions_npz/0001756_S_68_S_68_patch_0004.npz,data/patient_reconstructed_predictions/patch_predictions_npz/0001756_S_68_S_68_patch_0004.npz,200394,0.19111061096191406,.npz
patch_predictions_npz/0001757_S_68_S_68_patch_0005.npz,data/patient_reconstructed_predictions/patch_predictions_npz/0001757_S_68_S_68_patch_0005.npz,207335,0.19773006439208984,.npz
patch_predictions_npz/0001758_S_68_S_68_patch_0006.npz,data/patient_reconstructed_predictions/patch_predictions_npz/0001758_S_68_S_68_patch_0006.npz,206839,0.19725704193115234,.npz
patch_predictions_npz/0001759_S_68_S_68_patch_0007.npz,data/patient_reconstructed_predictions/patch_predictions_npz/0001759_S_68_S_68_patch_0007.npz,194399,0.1853933334350586,.npz
patch_predictions_npz/0001760_S_69_S_69_patch_0000.npz,data/patient_reconstructed_predictions/patch_predictions_npz/0001760_S_69_S_69_patch_0000.npz,206177,0.1966257095336914,.npz
patch_predictions_npz/0001761_S_69_S_69_patch_0001.npz,data/patient_reconstructed_predictions/patch_predictions_npz/0001761_S_69_S_69_patch_0001.npz,221357,0.21110248565673828,.npz
patch_predictions_npz/0001762_S_69_S_69_patch_0002.npz,data/patient_reconstructed_predictions/patch_predictions_npz/0001762_S_69_S_69_patch_0002.npz,226062,0.2155895233154297,.npz
patch_predictions_npz/0001763_S_69_S_69_patch_0003.npz,data/patient_reconstructed_predictions/patch_predictions_npz/0001763_S_69_S_69_patch_0003.npz,231863,0.22112178802490234,.npz
patch_predictions_npz/0001764_S_69_S_69_patch_0004.npz,data/patient_reconstructed_predictions/patch_predictions_npz/0001764_S_69_S_69_patch_0004.npz,220541,0.21032428741455078,.npz
patch_predictions_npz/0001765_S_69_S_69_patch_0005.npz,data/patient_reconstructed_predictions/patch_predictions_npz/0001765_S_69_S_69_patch_0005.npz,223129,0.21279239654541016,.npz
patch_predictions_npz/0001766_S_69_S_69_patch_0006.npz,data/patient_reconstructed_predictions/patch_predictions_npz/0001766_S_69_S_69_patch_0006.npz,227310,0.2167797088623047,.npz
patch_predictions_npz/0001767_S_69_S_69_patch_0007.npz,data/patient_reconstructed_predictions/patch_predictions_npz/0001767_S_69_S_69_patch_0007.npz,212796,0.20293807983398438,.npz
patch_predictions_npz/0001768_S_70_S_70_patch_0000.npz,data/patient_reconstructed_predictions/patch_predictions_npz/0001768_S_70_S_70_patch_0000.npz,186237,0.17760944366455078,.npz
patch_predictions_npz/0001769_S_70_S_70_patch_0001.npz,data/patient_reconstructed_predictions/patch_predictions_npz/0001769_S_70_S_70_patch_0001.npz,200203,0.19092845916748047,.npz
patch_predictions_npz/0001770_S_70_S_70_patch_0002.npz,data/patient_reconstructed_predictions/patch_predictions_npz/0001770_S_70_S_70_patch_0002.npz,212230,0.20239830017089844,.npz
patch_predictions_npz/0001771_S_70_S_70_patch_0003.npz,data/patient_reconstructed_predictions/patch_predictions_npz/0001771_S_70_S_70_patch_0003.npz,219297,0.2091379165649414,.npz
patch_predictions_npz/0001772_S_70_S_70_patch_0004.npz,data/patient_reconstructed_predictions/patch_predictions_npz/0001772_S_70_S_70_patch_0004.npz,202237,0.19286823272705078,.npz
patch_predictions_npz/0001773_S_70_S_70_patch_0005.npz,data/patient_reconstructed_predictions/patch_predictions_npz/0001773_S_70_S_70_patch_0005.npz,196543,0.1874380111694336,.npz
patch_predictions_npz/0001774_S_70_S_70_patch_0006.npz,data/patient_reconstructed_predictions/patch_predictions_npz/0001774_S_70_S_70_patch_0006.npz,205541,0.19601917266845703,.npz
patch_predictions_npz/0001775_S_70_S_70_patch_0007.npz,data/patient_reconstructed_predictions/patch_predictions_npz/0001775_S_70_S_70_patch_0007.npz,197085,0.18795490264892578,.npz
patch_predictions_npz/0001776_S_71_S_71_patch_0000.npz,data/patient_reconstructed_predictions/patch_predictions_npz/0001776_S_71_S_71_patch_0000.npz,201311,0.1919851303100586,.npz
patch_predictions_npz/0001777_S_71_S_71_patch_0001.npz,data/patient_reconstructed_predictions/patch_predictions_npz/0001777_S_71_S_71_patch_0001.npz,213140,0.20326614379882812,.npz
patch_predictions_npz/0001778_S_71_S_71_patch_0002.npz,data/patient_reconstructed_predictions/patch_predictions_npz/0001778_S_71_S_71_patch_0002.npz,224758,0.21434593200683594,.npz
patch_predictions_npz/0001779_S_71_S_71_patch_0003.npz,data/patient_reconstructed_predictions/patch_predictions_npz/0001779_S_71_S_71_patch_0003.npz,233837,0.22300434112548828,.npz
patch_predictions_npz/0001780_S_71_S_71_patch_0004.npz,data/patient_reconstructed_predictions/patch_predictions_npz/0001780_S_71_S_71_patch_0004.npz,216845,0.20679950714111328,.npz
patch_predictions_npz/0001781_S_71_S_71_patch_0005.npz,data/patient_reconstructed_predictions/patch_predictions_npz/0001781_S_71_S_71_patch_0005.npz,208123,0.19848155975341797,.npz
patch_predictions_npz/0001782_S_71_S_71_patch_0006.npz,data/patient_reconstructed_predictions/patch_predictions_npz/0001782_S_71_S_71_patch_0006.npz,215896,0.20589447021484375,.npz
patch_predictions_npz/0001783_S_71_S_71_patch_0007.npz,data/patient_reconstructed_predictions/patch_predictions_npz/0001783_S_71_S_71_patch_0007.npz,208179,0.19853496551513672,.npz
patch_predictions_npz/0001784_S_72_S_72_patch_0000.npz,data/patient_reconstructed_predictions/patch_predictions_npz/0001784_S_72_S_72_patch_0000.npz,197027,0.18789958953857422,.npz
patch_predictions_npz/0001785_S_72_S_72_patch_0001.npz,data/patient_reconstructed_predictions/patch_predictions_npz/0001785_S_72_S_72_patch_0001.npz,217823,0.2077322006225586,.npz
patch_predictions_npz/0001786_S_72_S_72_patch_0002.npz,data/patient_reconstructed_predictions/patch_predictions_npz/0001786_S_72_S_72_patch_0002.npz,223695,0.2133321762084961,.npz
patch_predictions_npz/0001787_S_72_S_72_patch_0003.npz,data/patient_reconstructed_predictions/patch_predictions_npz/0001787_S_72_S_72_patch_0003.npz,222399,0.2120962142944336,.npz
patch_predictions_npz/0001788_S_72_S_72_patch_0004.npz,data/patient_reconstructed_predictions/patch_predictions_npz/0001788_S_72_S_72_patch_0004.npz,217433,0.20736026763916016,.npz
patch_predictions_npz/0001789_S_72_S_72_patch_0005.npz,data/patient_reconstructed_predictions/patch_predictions_npz/0001789_S_72_S_72_patch_0005.npz,223450,0.21309852600097656,.npz
patch_predictions_npz/0001790_S_72_S_72_patch_0006.npz,data/patient_reconstructed_predictions/patch_predictions_npz/0001790_S_72_S_72_patch_0006.npz,222442,0.21213722229003906,.npz
patch_predictions_npz/0001791_S_72_S_72_patch_0007.npz,data/patient_reconstructed_predictions/patch_predictions_npz/0001791_S_72_S_72_patch_0007.npz,209698,0.1999835968017578,.npz
patch_predictions_npz/0001792_S_73_S_73_patch_0000.npz,data/patient_reconstructed_predictions/patch_predictions_npz/0001792_S_73_S_73_patch_0000.npz,204262,0.19479942321777344,.npz
patch_predictions_npz/0001793_S_73_S_73_patch_0001.npz,data/patient_reconstructed_predictions/patch_predictions_npz/0001793_S_73_S_73_patch_0001.npz,221494,0.21123313903808594,.npz
patch_predictions_npz/0001794_S_73_S_73_patch_0002.npz,data/patient_reconstructed_predictions/patch_predictions_npz/0001794_S_73_S_73_patch_0002.npz,232798,0.2220134735107422,.npz
patch_predictions_npz/0001795_S_73_S_73_patch_0003.npz,data/patient_reconstructed_predictions/patch_predictions_npz/0001795_S_73_S_73_patch_0003.npz,233180,0.22237777709960938,.npz
patch_predictions_npz/0001796_S_73_S_73_patch_0004.npz,data/patient_reconstructed_predictions/patch_predictions_npz/0001796_S_73_S_73_patch_0004.npz,227521,0.2169809341430664,.npz
patch_predictions_npz/0001797_S_73_S_73_patch_0005.npz,data/patient_reconstructed_predictions/patch_predictions_npz/0001797_S_73_S_73_patch_0005.npz,220277,0.21007251739501953,.npz
patch_predictions_npz/0001798_S_73_S_73_patch_0006.npz,data/patient_reconstructed_predictions/patch_predictions_npz/0001798_S_73_S_73_patch_0006.npz,218344,0.20822906494140625,.npz
patch_predictions_npz/0001799_S_73_S_73_patch_0007.npz,data/patient_reconstructed_predictions/patch_predictions_npz/0001799_S_73_S_73_patch_0007.npz,212449,0.2026071548461914,.npz
patch_predictions_npz/0001800_S_74_S_74_patch_0000.npz,data/patient_reconstructed_predictions/patch_predictions_npz/0001800_S_74_S_74_patch_0000.npz,194302,0.1853008270263672,.npz
patch_predictions_npz/0001801_S_74_S_74_patch_0001.npz,data/patient_reconstructed_predictions/patch_predictions_npz/0001801_S_74_S_74_patch_0001.npz,216091,0.20608043670654297,.npz
patch_predictions_npz/0001802_S_74_S_74_patch_0002.npz,data/patient_reconstructed_predictions/patch_predictions_npz/0001802_S_74_S_74_patch_0002.npz,224817,0.2144021987915039,.npz
patch_predictions_npz/0001803_S_74_S_74_patch_0003.npz,data/patient_reconstructed_predictions/patch_predictions_npz/0001803_S_74_S_74_patch_0003.npz,214574,0.2046337127685547,.npz
patch_predictions_npz/0001804_S_74_S_74_patch_0004.npz,data/patient_reconstructed_predictions/patch_predictions_npz/0001804_S_74_S_74_patch_0004.npz,199538,0.1902942657470703,.npz
patch_predictions_npz/0001805_S_74_S_74_patch_0005.npz,data/patient_reconstructed_predictions/patch_predictions_npz/0001805_S_74_S_74_patch_0005.npz,206437,0.19687366485595703,.npz
patch_predictions_npz/0001806_S_74_S_74_patch_0006.npz,data/patient_reconstructed_predictions/patch_predictions_npz/0001806_S_74_S_74_patch_0006.npz,210963,0.20118999481201172,.npz
patch_predictions_npz/0001807_S_74_S_74_patch_0007.npz,data/patient_reconstructed_predictions/patch_predictions_npz/0001807_S_74_S_74_patch_0007.npz,196060,0.18697738647460938,.npz
patch_predictions_npz/0001808_S_75_S_75_patch_0000.npz,data/patient_reconstructed_predictions/patch_predictions_npz/0001808_S_75_S_75_patch_0000.npz,209533,0.19982624053955078,.npz
patch_predictions_npz/0001809_S_75_S_75_patch_0001.npz,data/patient_reconstructed_predictions/patch_predictions_npz/0001809_S_75_S_75_patch_0001.npz,222254,0.2119579315185547,.npz
patch_predictions_npz/0001810_S_75_S_75_patch_0002.npz,data/patient_reconstructed_predictions/patch_predictions_npz/0001810_S_75_S_75_patch_0002.npz,224803,0.21438884735107422,.npz
patch_predictions_npz/0001811_S_75_S_75_patch_0003.npz,data/patient_reconstructed_predictions/patch_predictions_npz/0001811_S_75_S_75_patch_0003.npz,215924,0.20592117309570312,.npz
patch_predictions_npz/0001812_S_75_S_75_patch_0004.npz,data/patient_reconstructed_predictions/patch_predictions_npz/0001812_S_75_S_75_patch_0004.npz,209279,0.1995840072631836,.npz
patch_predictions_npz/0001813_S_75_S_75_patch_0005.npz,data/patient_reconstructed_predictions/patch_predictions_npz/0001813_S_75_S_75_patch_0005.npz,213366,0.20348167419433594,.npz
patch_predictions_npz/0001814_S_75_S_75_patch_0006.npz,data/patient_reconstructed_predictions/patch_predictions_npz/0001814_S_75_S_75_patch_0006.npz,213526,0.20363426208496094,.npz
patch_predictions_npz/0001815_S_75_S_75_patch_0007.npz,data/patient_reconstructed_predictions/patch_predictions_npz/0001815_S_75_S_75_patch_0007.npz,208465,0.1988077163696289,.npz
patch_predictions_npz/0001816_S_76_S_76_patch_0000.npz,data/patient_reconstructed_predictions/patch_predictions_npz/0001816_S_76_S_76_patch_0000.npz,182087,0.17365169525146484,.npz
patch_predictions_npz/0001817_S_76_S_76_patch_0001.npz,data/patient_reconstructed_predictions/patch_predictions_npz/0001817_S_76_S_76_patch_0001.npz,199483,0.19024181365966797,.npz
patch_predictions_npz/0001818_S_76_S_76_patch_0002.npz,data/patient_reconstructed_predictions/patch_predictions_npz/0001818_S_76_S_76_patch_0002.npz,209075,0.19938945770263672,.npz
patch_predictions_npz/0001819_S_76_S_76_patch_0003.npz,data/patient_reconstructed_predictions/patch_predictions_npz/0001819_S_76_S_76_patch_0003.npz,213828,0.20392227172851562,.npz
patch_predictions_npz/0001820_S_76_S_76_patch_0004.npz,data/patient_reconstructed_predictions/patch_predictions_npz/0001820_S_76_S_76_patch_0004.npz,208749,0.19907855987548828,.npz
patch_predictions_npz/0001821_S_76_S_76_patch_0005.npz,data/patient_reconstructed_predictions/patch_predictions_npz/0001821_S_76_S_76_patch_0005.npz,215827,0.20582866668701172,.npz
patch_predictions_npz/0001822_S_76_S_76_patch_0006.npz,data/patient_reconstructed_predictions/patch_predictions_npz/0001822_S_76_S_76_patch_0006.npz,215841,0.2058420181274414,.npz
patch_predictions_npz/0001823_S_76_S_76_patch_0007.npz,data/patient_reconstructed_predictions/patch_predictions_npz/0001823_S_76_S_76_patch_0007.npz,202074,0.19271278381347656,.npz
patch_predictions_npz/0001824_S_77_S_77_patch_0000.npz,data/patient_reconstructed_predictions/patch_predictions_npz/0001824_S_77_S_77_patch_0000.npz,223066,0.21273231506347656,.npz
patch_predictions_npz/0001825_S_77_S_77_patch_0001.npz,data/patient_reconstructed_predictions/patch_predictions_npz/0001825_S_77_S_77_patch_0001.npz,232718,0.2219371795654297,.npz
patch_predictions_npz/0001826_S_77_S_77_patch_0002.npz,data/patient_reconstructed_predictions/patch_predictions_npz/0001826_S_77_S_77_patch_0002.npz,233815,0.22298336029052734,.npz
patch_predictions_npz/0001827_S_77_S_77_patch_0003.npz,data/patient_reconstructed_predictions/patch_predictions_npz/0001827_S_77_S_77_patch_0003.npz,226990,0.2164745330810547,.npz
patch_predictions_npz/0001828_S_77_S_77_patch_0004.npz,data/patient_reconstructed_predictions/patch_predictions_npz/0001828_S_77_S_77_patch_0004.npz,230306,0.2196369171142578,.npz
patch_predictions_npz/0001829_S_77_S_77_patch_0005.npz,data/patient_reconstructed_predictions/patch_predictions_npz/0001829_S_77_S_77_patch_0005.npz,244511,0.2331838607788086,.npz
patch_predictions_npz/0001830_S_77_S_77_patch_0006.npz,data/patient_reconstructed_predictions/patch_predictions_npz/0001830_S_77_S_77_patch_0006.npz,237333,0.22633838653564453,.npz
patch_predictions_npz/0001831_S_77_S_77_patch_0007.npz,data/patient_reconstructed_predictions/patch_predictions_npz/0001831_S_77_S_77_patch_0007.npz,205409,0.1958932876586914,.npz
patch_predictions_npz/0001832_S_78_S_78_patch_0000.npz,data/patient_reconstructed_predictions/patch_predictions_npz/0001832_S_78_S_78_patch_0000.npz,171662,0.1637096405029297,.npz
patch_predictions_npz/0001833_S_78_S_78_patch_0001.npz,data/patient_reconstructed_predictions/patch_predictions_npz/0001833_S_78_S_78_patch_0001.npz,190749,0.18191242218017578,.npz
patch_predictions_npz/0001834_S_78_S_78_patch_0002.npz,data/patient_reconstructed_predictions/patch_predictions_npz/0001834_S_78_S_78_patch_0002.npz,201515,0.19217967987060547,.npz
patch_predictions_npz/0001835_S_78_S_78_patch_0003.npz,data/patient_reconstructed_predictions/patch_predictions_npz/0001835_S_78_S_78_patch_0003.npz,206169,0.19661808013916016,.npz
patch_predictions_npz/0001836_S_78_S_78_patch_0004.npz,data/patient_reconstructed_predictions/patch_predictions_npz/0001836_S_78_S_78_patch_0004.npz,201259,0.19193553924560547,.npz
patch_predictions_npz/0001837_S_78_S_78_patch_0005.npz,data/patient_reconstructed_predictions/patch_predictions_npz/0001837_S_78_S_78_patch_0005.npz,203697,0.1942605972290039,.npz
patch_predictions_npz/0001838_S_78_S_78_patch_0006.npz,data/patient_reconstructed_predictions/patch_predictions_npz/0001838_S_78_S_78_patch_0006.npz,201546,0.19220924377441406,.npz
patch_predictions_npz/0001839_S_78_S_78_patch_0007.npz,data/patient_reconstructed_predictions/patch_predictions_npz/0001839_S_78_S_78_patch_0007.npz,186145,0.1775217056274414,.npz
patch_predictions_npz/0001840_S_79_S_79_patch_0000.npz,data/patient_reconstructed_predictions/patch_predictions_npz/0001840_S_79_S_79_patch_0000.npz,197540,0.18838882446289062,.npz
patch_predictions_npz/0001841_S_79_S_79_patch_0001.npz,data/patient_reconstructed_predictions/patch_predictions_npz/0001841_S_79_S_79_patch_0001.npz,209798,0.20007896423339844,.npz
patch_predictions_npz/0001842_S_79_S_79_patch_0002.npz,data/patient_reconstructed_predictions/patch_predictions_npz/0001842_S_79_S_79_patch_0002.npz,216762,0.20672035217285156,.npz
patch_predictions_npz/0001843_S_79_S_79_patch_0003.npz,data/patient_reconstructed_predictions/patch_predictions_npz/0001843_S_79_S_79_patch_0003.npz,209937,0.2002115249633789,.npz
patch_predictions_npz/0001844_S_79_S_79_patch_0004.npz,data/patient_reconstructed_predictions/patch_predictions_npz/0001844_S_79_S_79_patch_0004.npz,206879,0.1972951889038086,.npz
patch_predictions_npz/0001845_S_79_S_79_patch_0005.npz,data/patient_reconstructed_predictions/patch_predictions_npz/0001845_S_79_S_79_patch_0005.npz,211766,0.20195579528808594,.npz
patch_predictions_npz/0001846_S_79_S_79_patch_0006.npz,data/patient_reconstructed_predictions/patch_predictions_npz/0001846_S_79_S_79_patch_0006.npz,206944,0.197357177734375,.npz
patch_predictions_npz/0001847_S_79_S_79_patch_0007.npz,data/patient_reconstructed_predictions/patch_predictions_npz/0001847_S_79_S_79_patch_0007.npz,195008,0.18597412109375,.npz
patch_predictions_npz/0001848_S_80_S_80_patch_0000.npz,data/patient_reconstructed_predictions/patch_predictions_npz/0001848_S_80_S_80_patch_0000.npz,195005,0.18597126007080078,.npz
patch_predictions_npz/0001849_S_80_S_80_patch_0001.npz,data/patient_reconstructed_predictions/patch_predictions_npz/0001849_S_80_S_80_patch_0001.npz,206260,0.19670486450195312,.npz
patch_predictions_npz/0001850_S_80_S_80_patch_0002.npz,data/patient_reconstructed_predictions/patch_predictions_npz/0001850_S_80_S_80_patch_0002.npz,209192,0.19950103759765625,.npz
patch_predictions_npz/0001851_S_80_S_80_patch_0003.npz,data/patient_reconstructed_predictions/patch_predictions_npz/0001851_S_80_S_80_patch_0003.npz,203177,0.19376468658447266,.npz
patch_predictions_npz/0001852_S_80_S_80_patch_0004.npz,data/patient_reconstructed_predictions/patch_predictions_npz/0001852_S_80_S_80_patch_0004.npz,192986,0.18404579162597656,.npz
patch_predictions_npz/0001853_S_80_S_80_patch_0005.npz,data/patient_reconstructed_predictions/patch_predictions_npz/0001853_S_80_S_80_patch_0005.npz,201755,0.19240856170654297,.npz
patch_predictions_npz/0001854_S_80_S_80_patch_0006.npz,data/patient_reconstructed_predictions/patch_predictions_npz/0001854_S_80_S_80_patch_0006.npz,204362,0.19489479064941406,.npz
patch_predictions_npz/0001855_S_80_S_80_patch_0007.npz,data/patient_reconstructed_predictions/patch_predictions_npz/0001855_S_80_S_80_patch_0007.npz,184995,0.17642498016357422,.npz
patch_predictions_npz/0001856_S_81_S_81_patch_0000.npz,data/patient_reconstructed_predictions/patch_predictions_npz/0001856_S_81_S_81_patch_0000.npz,206795,0.19721508026123047,.npz
patch_predictions_npz/0001857_S_81_S_81_patch_0001.npz,data/patient_reconstructed_predictions/patch_predictions_npz/0001857_S_81_S_81_patch_0001.npz,217824,0.207733154296875,.npz
patch_predictions_npz/0001858_S_81_S_81_patch_0002.npz,data/patient_reconstructed_predictions/patch_predictions_npz/0001858_S_81_S_81_patch_0002.npz,215056,0.2050933837890625,.npz
patch_predictions_npz/0001859_S_81_S_81_patch_0003.npz,data/patient_reconstructed_predictions/patch_predictions_npz/0001859_S_81_S_81_patch_0003.npz,208497,0.1988382339477539,.npz
patch_predictions_npz/0001860_S_81_S_81_patch_0004.npz,data/patient_reconstructed_predictions/patch_predictions_npz/0001860_S_81_S_81_patch_0004.npz,205427,0.19591045379638672,.npz
patch_predictions_npz/0001861_S_81_S_81_patch_0005.npz,data/patient_reconstructed_predictions/patch_predictions_npz/0001861_S_81_S_81_patch_0005.npz,213931,0.20402050018310547,.npz
patch_predictions_npz/0001862_S_81_S_81_patch_0006.npz,data/patient_reconstructed_predictions/patch_predictions_npz/0001862_S_81_S_81_patch_0006.npz,212973,0.20310688018798828,.npz
patch_predictions_npz/0001863_S_81_S_81_patch_0007.npz,data/patient_reconstructed_predictions/patch_predictions_npz/0001863_S_81_S_81_patch_0007.npz,210379,0.20063304901123047,.npz
patch_predictions_npz/0001864_S_82_S_82_patch_0000.npz,data/patient_reconstructed_predictions/patch_predictions_npz/0001864_S_82_S_82_patch_0000.npz,195800,0.18672943115234375,.npz
patch_predictions_npz/0001865_S_82_S_82_patch_0001.npz,data/patient_reconstructed_predictions/patch_predictions_npz/0001865_S_82_S_82_patch_0001.npz,212684,0.20283126831054688,.npz
patch_predictions_npz/0001866_S_82_S_82_patch_0002.npz,data/patient_reconstructed_predictions/patch_predictions_npz/0001866_S_82_S_82_patch_0002.npz,215004,0.20504379272460938,.npz
patch_predictions_npz/0001867_S_82_S_82_patch_0003.npz,data/patient_reconstructed_predictions/patch_predictions_npz/0001867_S_82_S_82_patch_0003.npz,210993,0.2012186050415039,.npz
patch_predictions_npz/0001868_S_82_S_82_patch_0004.npz,data/patient_reconstructed_predictions/patch_predictions_npz/0001868_S_82_S_82_patch_0004.npz,201308,0.19198226928710938,.npz
patch_predictions_npz/0001869_S_82_S_82_patch_0005.npz,data/patient_reconstructed_predictions/patch_predictions_npz/0001869_S_82_S_82_patch_0005.npz,207830,0.19820213317871094,.npz
patch_predictions_npz/0001870_S_82_S_82_patch_0006.npz,data/patient_reconstructed_predictions/patch_predictions_npz/0001870_S_82_S_82_patch_0006.npz,207545,0.19793033599853516,.npz
patch_predictions_npz/0001871_S_82_S_82_patch_0007.npz,data/patient_reconstructed_predictions/patch_predictions_npz/0001871_S_82_S_82_patch_0007.npz,199230,0.1900005340576172,.npz
patch_predictions_npz/0001872_S_83_S_83_patch_0000.npz,data/patient_reconstructed_predictions/patch_predictions_npz/0001872_S_83_S_83_patch_0000.npz,197006,0.1878795623779297,.npz
patch_predictions_npz/0001873_S_83_S_83_patch_0001.npz,data/patient_reconstructed_predictions/patch_predictions_npz/0001873_S_83_S_83_patch_0001.npz,205890,0.1963520050048828,.npz
patch_predictions_npz/0001874_S_83_S_83_patch_0002.npz,data/patient_reconstructed_predictions/patch_predictions_npz/0001874_S_83_S_83_patch_0002.npz,210571,0.20081615447998047,.npz
patch_predictions_npz/0001875_S_83_S_83_patch_0003.npz,data/patient_reconstructed_predictions/patch_predictions_npz/0001875_S_83_S_83_patch_0003.npz,207480,0.19786834716796875,.npz
patch_predictions_npz/0001876_S_83_S_83_patch_0004.npz,data/patient_reconstructed_predictions/patch_predictions_npz/0001876_S_83_S_83_patch_0004.npz,223631,0.2132711410522461,.npz
patch_predictions_npz/0001877_S_83_S_83_patch_0005.npz,data/patient_reconstructed_predictions/patch_predictions_npz/0001877_S_83_S_83_patch_0005.npz,199946,0.19068336486816406,.npz
patch_predictions_npz/0001878_S_83_S_83_patch_0006.npz,data/patient_reconstructed_predictions/patch_predictions_npz/0001878_S_83_S_83_patch_0006.npz,200627,0.19133281707763672,.npz
patch_predictions_npz/0001879_S_83_S_83_patch_0007.npz,data/patient_reconstructed_predictions/patch_predictions_npz/0001879_S_83_S_83_patch_0007.npz,198669,0.18946552276611328,.npz
patch_predictions_npz/0001880_S_84_S_84_patch_0000.npz,data/patient_reconstructed_predictions/patch_predictions_npz/0001880_S_84_S_84_patch_0000.npz,217364,0.20729446411132812,.npz
patch_predictions_npz/0001881_S_84_S_84_patch_0001.npz,data/patient_reconstructed_predictions/patch_predictions_npz/0001881_S_84_S_84_patch_0001.npz,215127,0.20516109466552734,.npz
patch_predictions_npz/0001882_S_84_S_84_patch_0002.npz,data/patient_reconstructed_predictions/patch_predictions_npz/0001882_S_84_S_84_patch_0002.npz,227585,0.2170419692993164,.npz
patch_predictions_npz/0001883_S_84_S_84_patch_0003.npz,data/patient_reconstructed_predictions/patch_predictions_npz/0001883_S_84_S_84_patch_0003.npz,227082,0.21656227111816406,.npz
patch_predictions_npz/0001884_S_84_S_84_patch_0004.npz,data/patient_reconstructed_predictions/patch_predictions_npz/0001884_S_84_S_84_patch_0004.npz,213654,0.20375633239746094,.npz
patch_predictions_npz/0001885_S_84_S_84_patch_0005.npz,data/patient_reconstructed_predictions/patch_predictions_npz/0001885_S_84_S_84_patch_0005.npz,217071,0.2070150375366211,.npz
patch_predictions_npz/0001886_S_84_S_84_patch_0006.npz,data/patient_reconstructed_predictions/patch_predictions_npz/0001886_S_84_S_84_patch_0006.npz,222882,0.2125568389892578,.npz
patch_predictions_npz/0001887_S_84_S_84_patch_0007.npz,data/patient_reconstructed_predictions/patch_predictions_npz/0001887_S_84_S_84_patch_0007.npz,213525,0.20363330841064453,.npz
patch_predictions_npz/0001888_S_85_S_85_patch_0000.npz,data/patient_reconstructed_predictions/patch_predictions_npz/0001888_S_85_S_85_patch_0000.npz,180171,0.17182445526123047,.npz
patch_predictions_npz/0001889_S_85_S_85_patch_0001.npz,data/patient_reconstructed_predictions/patch_predictions_npz/0001889_S_85_S_85_patch_0001.npz,189663,0.1808767318725586,.npz
patch_predictions_npz/0001890_S_85_S_85_patch_0002.npz,data/patient_reconstructed_predictions/patch_predictions_npz/0001890_S_85_S_85_patch_0002.npz,195954,0.1868762969970703,.npz
patch_predictions_npz/0001891_S_85_S_85_patch_0003.npz,data/patient_reconstructed_predictions/patch_predictions_npz/0001891_S_85_S_85_patch_0003.npz,196862,0.1877422332763672,.npz
patch_predictions_npz/0001892_S_85_S_85_patch_0004.npz,data/patient_reconstructed_predictions/patch_predictions_npz/0001892_S_85_S_85_patch_0004.npz,186053,0.17743396759033203,.npz
patch_predictions_npz/0001893_S_85_S_85_patch_0005.npz,data/patient_reconstructed_predictions/patch_predictions_npz/0001893_S_85_S_85_patch_0005.npz,191527,0.18265438079833984,.npz
patch_predictions_npz/0001894_S_85_S_85_patch_0006.npz,data/patient_reconstructed_predictions/patch_predictions_npz/0001894_S_85_S_85_patch_0006.npz,195351,0.18630123138427734,.npz
patch_predictions_npz/0001895_S_85_S_85_patch_0007.npz,data/patient_reconstructed_predictions/patch_predictions_npz/0001895_S_85_S_85_patch_0007.npz,187537,0.1788492202758789,.npz
patch_predictions_npz/0001896_S_87_S_87_patch_0000.npz,data/patient_reconstructed_predictions/patch_predictions_npz/0001896_S_87_S_87_patch_0000.npz,202144,0.192779541015625,.npz
patch_predictions_npz/0001897_S_87_S_87_patch_0001.npz,data/patient_reconstructed_predictions/patch_predictions_npz/0001897_S_87_S_87_patch_0001.npz,221347,0.21109294891357422,.npz
patch_predictions_npz/0001898_S_87_S_87_patch_0002.npz,data/patient_reconstructed_predictions/patch_predictions_npz/0001898_S_87_S_87_patch_0002.npz,226629,0.21613025665283203,.npz
patch_predictions_npz/0001899_S_87_S_87_patch_0003.npz,data/patient_reconstructed_predictions/patch_predictions_npz/0001899_S_87_S_87_patch_0003.npz,223740,0.21337509155273438,.npz
patch_predictions_npz/0001900_S_87_S_87_patch_0004.npz,data/patient_reconstructed_predictions/patch_predictions_npz/0001900_S_87_S_87_patch_0004.npz,205661,0.19613361358642578,.npz
patch_predictions_npz/0001901_S_87_S_87_patch_0005.npz,data/patient_reconstructed_predictions/patch_predictions_npz/0001901_S_87_S_87_patch_0005.npz,213670,0.20377159118652344,.npz
patch_predictions_npz/0001902_S_87_S_87_patch_0006.npz,data/patient_reconstructed_predictions/patch_predictions_npz/0001902_S_87_S_87_patch_0006.npz,220634,0.21041297912597656,.npz
patch_predictions_npz/0001903_S_87_S_87_patch_0007.npz,data/patient_reconstructed_predictions/patch_predictions_npz/0001903_S_87_S_87_patch_0007.npz,208725,0.19905567169189453,.npz
patch_predictions_npz/0001904_S_88_S_88_patch_0000.npz,data/patient_reconstructed_predictions/patch_predictions_npz/0001904_S_88_S_88_patch_0000.npz,210490,0.20073890686035156,.npz
patch_predictions_npz/0001905_S_88_S_88_patch_0001.npz,data/patient_reconstructed_predictions/patch_predictions_npz/0001905_S_88_S_88_patch_0001.npz,236064,0.225128173828125,.npz
patch_predictions_npz/0001906_S_88_S_88_patch_0002.npz,data/patient_reconstructed_predictions/patch_predictions_npz/0001906_S_88_S_88_patch_0002.npz,231968,0.221221923828125,.npz
patch_predictions_npz/0001907_S_88_S_88_patch_0003.npz,data/patient_reconstructed_predictions/patch_predictions_npz/0001907_S_88_S_88_patch_0003.npz,241044,0.22987747192382812,.npz
patch_predictions_npz/0001908_S_88_S_88_patch_0004.npz,data/patient_reconstructed_predictions/patch_predictions_npz/0001908_S_88_S_88_patch_0004.npz,222218,0.21192359924316406,.npz
patch_predictions_npz/0001909_S_88_S_88_patch_0005.npz,data/patient_reconstructed_predictions/patch_predictions_npz/0001909_S_88_S_88_patch_0005.npz,222770,0.2124500274658203,.npz
patch_predictions_npz/0001910_S_88_S_88_patch_0006.npz,data/patient_reconstructed_predictions/patch_predictions_npz/0001910_S_88_S_88_patch_0006.npz,228415,0.2178335189819336,.npz
patch_predictions_npz/0001911_S_88_S_88_patch_0007.npz,data/patient_reconstructed_predictions/patch_predictions_npz/0001911_S_88_S_88_patch_0007.npz,219155,0.20900249481201172,.npz
patch_predictions_npz/0001912_S_89_S_89_patch_0000.npz,data/patient_reconstructed_predictions/patch_predictions_npz/0001912_S_89_S_89_patch_0000.npz,196324,0.18722915649414062,.npz
patch_predictions_npz/0001913_S_89_S_89_patch_0001.npz,data/patient_reconstructed_predictions/patch_predictions_npz/0001913_S_89_S_89_patch_0001.npz,213074,0.2032032012939453,.npz
patch_predictions_npz/0001914_S_89_S_89_patch_0002.npz,data/patient_reconstructed_predictions/patch_predictions_npz/0001914_S_89_S_89_patch_0002.npz,235511,0.22460079193115234,.npz
patch_predictions_npz/0001915_S_89_S_89_patch_0003.npz,data/patient_reconstructed_predictions/patch_predictions_npz/0001915_S_89_S_89_patch_0003.npz,235699,0.22478008270263672,.npz
patch_predictions_npz/0001916_S_89_S_89_patch_0004.npz,data/patient_reconstructed_predictions/patch_predictions_npz/0001916_S_89_S_89_patch_0004.npz,222679,0.21236324310302734,.npz
patch_predictions_npz/0001917_S_89_S_89_patch_0005.npz,data/patient_reconstructed_predictions/patch_predictions_npz/0001917_S_89_S_89_patch_0005.npz,214165,0.20424365997314453,.npz
patch_predictions_npz/0001918_S_89_S_89_patch_0006.npz,data/patient_reconstructed_predictions/patch_predictions_npz/0001918_S_89_S_89_patch_0006.npz,220617,0.21039676666259766,.npz
patch_predictions_npz/0001919_S_89_S_89_patch_0007.npz,data/patient_reconstructed_predictions/patch_predictions_npz/0001919_S_89_S_89_patch_0007.npz,226117,0.21564197540283203,.npz
patch_predictions_npz/0001920_S_90_S_90_patch_0000.npz,data/patient_reconstructed_predictions/patch_predictions_npz/0001920_S_90_S_90_patch_0000.npz,184574,0.1760234832763672,.npz
patch_predictions_npz/0001921_S_90_S_90_patch_0001.npz,data/patient_reconstructed_predictions/patch_predictions_npz/0001921_S_90_S_90_patch_0001.npz,197431,0.18828487396240234,.npz
patch_predictions_npz/0001922_S_90_S_90_patch_0002.npz,data/patient_reconstructed_predictions/patch_predictions_npz/0001922_S_90_S_90_patch_0002.npz,207922,0.1982898712158203,.npz
patch_predictions_npz/0001923_S_90_S_90_patch_0003.npz,data/patient_reconstructed_predictions/patch_predictions_npz/0001923_S_90_S_90_patch_0003.npz,216206,0.2061901092529297,.npz
patch_predictions_npz/0001924_S_90_S_90_patch_0004.npz,data/patient_reconstructed_predictions/patch_predictions_npz/0001924_S_90_S_90_patch_0004.npz,219753,0.20957279205322266,.npz
patch_predictions_npz/0001925_S_90_S_90_patch_0005.npz,data/patient_reconstructed_predictions/patch_predictions_npz/0001925_S_90_S_90_patch_0005.npz,233068,0.22227096557617188,.npz
patch_predictions_npz/0001926_S_90_S_90_patch_0006.npz,data/patient_reconstructed_predictions/patch_predictions_npz/0001926_S_90_S_90_patch_0006.npz,234705,0.2238321304321289,.npz
patch_predictions_npz/0001927_S_90_S_90_patch_0007.npz,data/patient_reconstructed_predictions/patch_predictions_npz/0001927_S_90_S_90_patch_0007.npz,223526,0.21317100524902344,.npz
patch_predictions_npz/0001928_S_91_S_91_patch_0000.npz,data/patient_reconstructed_predictions/patch_predictions_npz/0001928_S_91_S_91_patch_0000.npz,209854,0.2001323699951172,.npz
patch_predictions_npz/0001929_S_91_S_91_patch_0001.npz,data/patient_reconstructed_predictions/patch_predictions_npz/0001929_S_91_S_91_patch_0001.npz,221871,0.2115926742553711,.npz
patch_predictions_npz/0001930_S_91_S_91_patch_0002.npz,data/patient_reconstructed_predictions/patch_predictions_npz/0001930_S_91_S_91_patch_0002.npz,241786,0.23058509826660156,.npz
patch_predictions_npz/0001931_S_91_S_91_patch_0003.npz,data/patient_reconstructed_predictions/patch_predictions_npz/0001931_S_91_S_91_patch_0003.npz,236106,0.22516822814941406,.npz
patch_predictions_npz/0001932_S_91_S_91_patch_0004.npz,data/patient_reconstructed_predictions/patch_predictions_npz/0001932_S_91_S_91_patch_0004.npz,226033,0.2155618667602539,.npz
patch_predictions_npz/0001933_S_91_S_91_patch_0005.npz,data/patient_reconstructed_predictions/patch_predictions_npz/0001933_S_91_S_91_patch_0005.npz,237039,0.2260580062866211,.npz
patch_predictions_npz/0001934_S_91_S_91_patch_0006.npz,data/patient_reconstructed_predictions/patch_predictions_npz/0001934_S_91_S_91_patch_0006.npz,235610,0.22469520568847656,.npz
patch_predictions_npz/0001935_S_91_S_91_patch_0007.npz,data/patient_reconstructed_predictions/patch_predictions_npz/0001935_S_91_S_91_patch_0007.npz,226074,0.21560096740722656,.npz
patch_predictions_npz/0001936_S_92_S_92_patch_0000.npz,data/patient_reconstructed_predictions/patch_predictions_npz/0001936_S_92_S_92_patch_0000.npz,223213,0.21287250518798828,.npz
patch_predictions_npz/0001937_S_92_S_92_patch_0001.npz,data/patient_reconstructed_predictions/patch_predictions_npz/0001937_S_92_S_92_patch_0001.npz,234326,0.22347068786621094,.npz
patch_predictions_npz/0001938_S_92_S_92_patch_0002.npz,data/patient_reconstructed_predictions/patch_predictions_npz/0001938_S_92_S_92_patch_0002.npz,249686,0.23811912536621094,.npz
patch_predictions_npz/0001939_S_92_S_92_patch_0003.npz,data/patient_reconstructed_predictions/patch_predictions_npz/0001939_S_92_S_92_patch_0003.npz,232825,0.22203922271728516,.npz
patch_predictions_npz/0001940_S_92_S_92_patch_0004.npz,data/patient_reconstructed_predictions/patch_predictions_npz/0001940_S_92_S_92_patch_0004.npz,218428,0.20830917358398438,.npz
patch_predictions_npz/0001941_S_92_S_92_patch_0005.npz,data/patient_reconstructed_predictions/patch_predictions_npz/0001941_S_92_S_92_patch_0005.npz,224025,0.21364688873291016,.npz
patch_predictions_npz/0001942_S_92_S_92_patch_0006.npz,data/patient_reconstructed_predictions/patch_predictions_npz/0001942_S_92_S_92_patch_0006.npz,229303,0.21868038177490234,.npz
patch_predictions_npz/0001943_S_92_S_92_patch_0007.npz,data/patient_reconstructed_predictions/patch_predictions_npz/0001943_S_92_S_92_patch_0007.npz,212582,0.20273399353027344,.npz
patch_predictions_npz/0001944_S_93_S_93_patch_0000.npz,data/patient_reconstructed_predictions/patch_predictions_npz/0001944_S_93_S_93_patch_0000.npz,220208,0.2100067138671875,.npz
patch_predictions_npz/0001945_S_93_S_93_patch_0001.npz,data/patient_reconstructed_predictions/patch_predictions_npz/0001945_S_93_S_93_patch_0001.npz,232064,0.2213134765625,.npz
patch_predictions_npz/0001946_S_93_S_93_patch_0002.npz,data/patient_reconstructed_predictions/patch_predictions_npz/0001946_S_93_S_93_patch_0002.npz,250525,0.23891925811767578,.npz
patch_predictions_npz/0001947_S_93_S_93_patch_0003.npz,data/patient_reconstructed_predictions/patch_predictions_npz/0001947_S_93_S_93_patch_0003.npz,230848,0.22015380859375,.npz
patch_predictions_npz/0001948_S_93_S_93_patch_0004.npz,data/patient_reconstructed_predictions/patch_predictions_npz/0001948_S_93_S_93_patch_0004.npz,210801,0.2010354995727539,.npz
patch_predictions_npz/0001949_S_93_S_93_patch_0005.npz,data/patient_reconstructed_predictions/patch_predictions_npz/0001949_S_93_S_93_patch_0005.npz,227558,0.21701622009277344,.npz
patch_predictions_npz/0001950_S_93_S_93_patch_0006.npz,data/patient_reconstructed_predictions/patch_predictions_npz/0001950_S_93_S_93_patch_0006.npz,225704,0.21524810791015625,.npz
patch_predictions_npz/0001951_S_93_S_93_patch_0007.npz,data/patient_reconstructed_predictions/patch_predictions_npz/0001951_S_93_S_93_patch_0007.npz,213210,0.20333290100097656,.npz
patch_predictions_npz/0001952_S_94_S_94_patch_0000.npz,data/patient_reconstructed_predictions/patch_predictions_npz/0001952_S_94_S_94_patch_0000.npz,181615,0.1732015609741211,.npz
patch_predictions_npz/0001953_S_94_S_94_patch_0001.npz,data/patient_reconstructed_predictions/patch_predictions_npz/0001953_S_94_S_94_patch_0001.npz,202769,0.1933755874633789,.npz
patch_predictions_npz/0001954_S_94_S_94_patch_0002.npz,data/patient_reconstructed_predictions/patch_predictions_npz/0001954_S_94_S_94_patch_0002.npz,216822,0.20677757263183594,.npz
patch_predictions_npz/0001955_S_94_S_94_patch_0003.npz,data/patient_reconstructed_predictions/patch_predictions_npz/0001955_S_94_S_94_patch_0003.npz,211446,0.20165061950683594,.npz
patch_predictions_npz/0001956_S_94_S_94_patch_0004.npz,data/patient_reconstructed_predictions/patch_predictions_npz/0001956_S_94_S_94_patch_0004.npz,194038,0.18504905700683594,.npz
patch_predictions_npz/0001957_S_94_S_94_patch_0005.npz,data/patient_reconstructed_predictions/patch_predictions_npz/0001957_S_94_S_94_patch_0005.npz,200798,0.1914958953857422,.npz
patch_predictions_npz/0001958_S_94_S_94_patch_0006.npz,data/patient_reconstructed_predictions/patch_predictions_npz/0001958_S_94_S_94_patch_0006.npz,201119,0.1918020248413086,.npz
patch_predictions_npz/0001959_S_94_S_94_patch_0007.npz,data/patient_reconstructed_predictions/patch_predictions_npz/0001959_S_94_S_94_patch_0007.npz,190241,0.1814279556274414,.npz
patch_predictions_npz/0001960_S_95_S_95_patch_0000.npz,data/patient_reconstructed_predictions/patch_predictions_npz/0001960_S_95_S_95_patch_0000.npz,174391,0.16631221771240234,.npz
patch_predictions_npz/0001961_S_95_S_95_patch_0001.npz,data/patient_reconstructed_predictions/patch_predictions_npz/0001961_S_95_S_95_patch_0001.npz,189571,0.18078899383544922,.npz
patch_predictions_npz/0001962_S_95_S_95_patch_0002.npz,data/patient_reconstructed_predictions/patch_predictions_npz/0001962_S_95_S_95_patch_0002.npz,200123,0.19085216522216797,.npz
patch_predictions_npz/0001963_S_95_S_95_patch_0003.npz,data/patient_reconstructed_predictions/patch_predictions_npz/0001963_S_95_S_95_patch_0003.npz,199819,0.19056224822998047,.npz
patch_predictions_npz/0001964_S_95_S_95_patch_0004.npz,data/patient_reconstructed_predictions/patch_predictions_npz/0001964_S_95_S_95_patch_0004.npz,191851,0.18296337127685547,.npz
patch_predictions_npz/0001965_S_95_S_95_patch_0005.npz,data/patient_reconstructed_predictions/patch_predictions_npz/0001965_S_95_S_95_patch_0005.npz,199659,0.19040966033935547,.npz
patch_predictions_npz/0001966_S_95_S_95_patch_0006.npz,data/patient_reconstructed_predictions/patch_predictions_npz/0001966_S_95_S_95_patch_0006.npz,199630,0.1903820037841797,.npz
patch_predictions_npz/0001967_S_95_S_95_patch_0007.npz,data/patient_reconstructed_predictions/patch_predictions_npz/0001967_S_95_S_95_patch_0007.npz,188157,0.17944049835205078,.npz
patch_predictions_npz/0001968_S_96_S_96_patch_0000.npz,data/patient_reconstructed_predictions/patch_predictions_npz/0001968_S_96_S_96_patch_0000.npz,202977,0.1935739517211914,.npz
patch_predictions_npz/0001969_S_96_S_96_patch_0001.npz,data/patient_reconstructed_predictions/patch_predictions_npz/0001969_S_96_S_96_patch_0001.npz,226196,0.21571731567382812,.npz
patch_predictions_npz/0001970_S_96_S_96_patch_0002.npz,data/patient_reconstructed_predictions/patch_predictions_npz/0001970_S_96_S_96_patch_0002.npz,237592,0.22658538818359375,.npz
patch_predictions_npz/0001971_S_96_S_96_patch_0003.npz,data/patient_reconstructed_predictions/patch_predictions_npz/0001971_S_96_S_96_patch_0003.npz,237127,0.22614192962646484,.npz
patch_predictions_npz/0001972_S_96_S_96_patch_0004.npz,data/patient_reconstructed_predictions/patch_predictions_npz/0001972_S_96_S_96_patch_0004.npz,224770,0.2143573760986328,.npz
patch_predictions_npz/0001973_S_96_S_96_patch_0005.npz,data/patient_reconstructed_predictions/patch_predictions_npz/0001973_S_96_S_96_patch_0005.npz,224981,0.21455860137939453,.npz
patch_predictions_npz/0001974_S_96_S_96_patch_0006.npz,data/patient_reconstructed_predictions/patch_predictions_npz/0001974_S_96_S_96_patch_0006.npz,226399,0.2159109115600586,.npz
patch_predictions_npz/0001975_S_96_S_96_patch_0007.npz,data/patient_reconstructed_predictions/patch_predictions_npz/0001975_S_96_S_96_patch_0007.npz,235695,0.2247762680053711,.npz
patch_predictions_npz/0001976_S_97_S_97_patch_0000.npz,data/patient_reconstructed_predictions/patch_predictions_npz/0001976_S_97_S_97_patch_0000.npz,178742,0.17046165466308594,.npz
patch_predictions_npz/0001977_S_97_S_97_patch_0001.npz,data/patient_reconstructed_predictions/patch_predictions_npz/0001977_S_97_S_97_patch_0001.npz,192871,0.18393611907958984,.npz
patch_predictions_npz/0001978_S_97_S_97_patch_0002.npz,data/patient_reconstructed_predictions/patch_predictions_npz/0001978_S_97_S_97_patch_0002.npz,202757,0.19336414337158203,.npz
patch_predictions_npz/0001979_S_97_S_97_patch_0003.npz,data/patient_reconstructed_predictions/patch_predictions_npz/0001979_S_97_S_97_patch_0003.npz,201378,0.1920490264892578,.npz
patch_predictions_npz/0001980_S_97_S_97_patch_0004.npz,data/patient_reconstructed_predictions/patch_predictions_npz/0001980_S_97_S_97_patch_0004.npz,193811,0.18483257293701172,.npz
patch_predictions_npz/0001981_S_97_S_97_patch_0005.npz,data/patient_reconstructed_predictions/patch_predictions_npz/0001981_S_97_S_97_patch_0005.npz,206710,0.19713401794433594,.npz
patch_predictions_npz/0001982_S_97_S_97_patch_0006.npz,data/patient_reconstructed_predictions/patch_predictions_npz/0001982_S_97_S_97_patch_0006.npz,209833,0.20011234283447266,.npz
patch_predictions_npz/0001983_S_97_S_97_patch_0007.npz,data/patient_reconstructed_predictions/patch_predictions_npz/0001983_S_97_S_97_patch_0007.npz,199758,0.1905040740966797,.npz
patch_predictions_npz/0001984_S_98_S_98_patch_0000.npz,data/patient_reconstructed_predictions/patch_predictions_npz/0001984_S_98_S_98_patch_0000.npz,214339,0.20440959930419922,.npz
patch_predictions_npz/0001985_S_98_S_98_patch_0001.npz,data/patient_reconstructed_predictions/patch_predictions_npz/0001985_S_98_S_98_patch_0001.npz,230015,0.2193593978881836,.npz
patch_predictions_npz/0001986_S_98_S_98_patch_0002.npz,data/patient_reconstructed_predictions/patch_predictions_npz/0001986_S_98_S_98_patch_0002.npz,233163,0.22236156463623047,.npz
patch_predictions_npz/0001987_S_98_S_98_patch_0003.npz,data/patient_reconstructed_predictions/patch_predictions_npz/0001987_S_98_S_98_patch_0003.npz,228399,0.2178182601928711,.npz
patch_predictions_npz/0001988_S_98_S_98_patch_0004.npz,data/patient_reconstructed_predictions/patch_predictions_npz/0001988_S_98_S_98_patch_0004.npz,213028,0.20315933227539062,.npz
patch_predictions_npz/0001989_S_98_S_98_patch_0005.npz,data/patient_reconstructed_predictions/patch_predictions_npz/0001989_S_98_S_98_patch_0005.npz,228649,0.21805667877197266,.npz
patch_predictions_npz/0001990_S_98_S_98_patch_0006.npz,data/patient_reconstructed_predictions/patch_predictions_npz/0001990_S_98_S_98_patch_0006.npz,233545,0.22272586822509766,.npz
patch_predictions_npz/0001991_S_98_S_98_patch_0007.npz,data/patient_reconstructed_predictions/patch_predictions_npz/0001991_S_98_S_98_patch_0007.npz,218579,0.20845317840576172,.npz
patient_reconstruction_summary_ALL_IMAGES.csv,data/patient_reconstructed_predictions/patient_reconstruction_summary_ALL_IMAGES.csv,54587,0.05205821990966797,.csv
patients/N_10_curve_masked/normalized_full_image_used.png,data/patient_reconstructed_predictions/patients/N_10_curve_masked/normalized_full_image_used.png,27894,0.026601791381835938,.png
patients/N_10_curve_masked/overlay_pred_regions_curve.png,data/patient_reconstructed_predictions/patients/N_10_curve_masked/overlay_pred_regions_curve.png,56381,0.05376911163330078,.png
patients/N_10_curve_masked/pasted_patches.csv,data/patient_reconstructed_predictions/patients/N_10_curve_masked/pasted_patches.csv,1743,0.0016622543334960938,.csv
patients/N_10_curve_masked/pred_binary_confidence.png,data/patient_reconstructed_predictions/patients/N_10_curve_masked/pred_binary_confidence.png,25150,0.023984909057617188,.png
patients/N_10_curve_masked/pred_boundary.png,data/patient_reconstructed_predictions/patients/N_10_curve_masked/pred_boundary.png,28441,0.027123451232910156,.png
patients/N_10_curve_masked/pred_intervertebral.png,data/patient_reconstructed_predictions/patients/N_10_curve_masked/pred_intervertebral.png,26716,0.025478363037109375,.png
patients/N_10_curve_masked/pred_multiclass_global.png,data/patient_reconstructed_predictions/patients/N_10_curve_masked/pred_multiclass_global.png,5847,0.005576133728027344,.png
patients/N_10_curve_masked/pred_ordinal.png,data/patient_reconstructed_predictions/patients/N_10_curve_masked/pred_ordinal.png,49921,0.047608375549316406,.png
patients/N_10_curve_masked/reconstruction_summary.json,data/patient_reconstructed_predictions/patients/N_10_curve_masked/reconstruction_summary.json,370,0.0003528594970703125,.json
patients/N_11_curve_masked/normalized_full_image_used.png,data/patient_reconstructed_predictions/patients/N_11_curve_masked/normalized_full_image_used.png,26686,0.025449752807617188,.png
patients/N_11_curve_masked/overlay_pred_regions_curve.png,data/patient_reconstructed_predictions/patients/N_11_curve_masked/overlay_pred_regions_curve.png,56559,0.053938865661621094,.png
patients/N_11_curve_masked/pasted_patches.csv,data/patient_reconstructed_predictions/patients/N_11_curve_masked/pasted_patches.csv,1741,0.0016603469848632812,.csv
patients/N_11_curve_masked/pred_binary_confidence.png,data/patient_reconstructed_predictions/patients/N_11_curve_masked/pred_binary_confidence.png,26049,0.024842262268066406,.png
patients/N_11_curve_masked/pred_boundary.png,data/patient_reconstructed_predictions/patients/N_11_curve_masked/pred_boundary.png,28694,0.027364730834960938,.png
patients/N_11_curve_masked/pred_intervertebral.png,data/patient_reconstructed_predictions/patients/N_11_curve_masked/pred_intervertebral.png,27208,0.02594757080078125,.png
patients/N_11_curve_masked/pred_multiclass_global.png,data/patient_reconstructed_predictions/patients/N_11_curve_masked/pred_multiclass_global.png,5671,0.005408287048339844,.png
patients/N_11_curve_masked/pred_ordinal.png,data/patient_reconstructed_predictions/patients/N_11_curve_masked/pred_ordinal.png,50260,0.047931671142578125,.png
patients/N_11_curve_masked/reconstruction_summary.json,data/patient_reconstructed_predictions/patients/N_11_curve_masked/reconstruction_summary.json,370,0.0003528594970703125,.json
patients/N_12_curve_masked/normalized_full_image_used.png,data/patient_reconstructed_predictions/patients/N_12_curve_masked/normalized_full_image_used.png,23013,0.02194690704345703,.png
patients/N_12_curve_masked/overlay_pred_regions_curve.png,data/patient_reconstructed_predictions/patients/N_12_curve_masked/overlay_pred_regions_curve.png,46086,0.04395103454589844,.png
patients/N_12_curve_masked/pasted_patches.csv,data/patient_reconstructed_predictions/patients/N_12_curve_masked/pasted_patches.csv,1740,0.001659393310546875,.csv
patients/N_12_curve_masked/pred_binary_confidence.png,data/patient_reconstructed_predictions/patients/N_12_curve_masked/pred_binary_confidence.png,23086,0.022016525268554688,.png
patients/N_12_curve_masked/pred_boundary.png,data/patient_reconstructed_predictions/patients/N_12_curve_masked/pred_boundary.png,25853,0.02465534210205078,.png
patients/N_12_curve_masked/pred_intervertebral.png,data/patient_reconstructed_predictions/patients/N_12_curve_masked/pred_intervertebral.png,24786,0.023637771606445312,.png
patients/N_12_curve_masked/pred_multiclass_global.png,data/patient_reconstructed_predictions/patients/N_12_curve_masked/pred_multiclass_global.png,4926,0.0046977996826171875,.png
patients/N_12_curve_masked/pred_ordinal.png,data/patient_reconstructed_predictions/patients/N_12_curve_masked/pred_ordinal.png,42878,0.04089164733886719,.png
patients/N_12_curve_masked/reconstruction_summary.json,data/patient_reconstructed_predictions/patients/N_12_curve_masked/reconstruction_summary.json,372,0.000354766845703125,.json
patients/N_13_curve_masked/normalized_full_image_used.png,data/patient_reconstructed_predictions/patients/N_13_curve_masked/normalized_full_image_used.png,27345,0.026078224182128906,.png
patients/N_13_curve_masked/overlay_pred_regions_curve.png,data/patient_reconstructed_predictions/patients/N_13_curve_masked/overlay_pred_regions_curve.png,57320,0.05466461181640625,.png
patients/N_13_curve_masked/pasted_patches.csv,data/patient_reconstructed_predictions/patients/N_13_curve_masked/pasted_patches.csv,1743,0.0016622543334960938,.csv
patients/N_13_curve_masked/pred_binary_confidence.png,data/patient_reconstructed_predictions/patients/N_13_curve_masked/pred_binary_confidence.png,27364,0.026096343994140625,.png
patients/N_13_curve_masked/pred_boundary.png,data/patient_reconstructed_predictions/patients/N_13_curve_masked/pred_boundary.png,30061,0.02866840362548828,.png
patients/N_13_curve_masked/pred_intervertebral.png,data/patient_reconstructed_predictions/patients/N_13_curve_masked/pred_intervertebral.png,28909,0.02756977081298828,.png
patients/N_13_curve_masked/pred_multiclass_global.png,data/patient_reconstructed_predictions/patients/N_13_curve_masked/pred_multiclass_global.png,5782,0.0055141448974609375,.png
patients/N_13_curve_masked/pred_ordinal.png,data/patient_reconstructed_predictions/patients/N_13_curve_masked/pred_ordinal.png,48999,0.046729087829589844,.png
patients/N_13_curve_masked/reconstruction_summary.json,data/patient_reconstructed_predictions/patients/N_13_curve_masked/reconstruction_summary.json,373,0.00035572052001953125,.json
patients/N_14_curve_masked/normalized_full_image_used.png,data/patient_reconstructed_predictions/patients/N_14_curve_masked/normalized_full_image_used.png,26751,0.025511741638183594,.png
patients/N_14_curve_masked/overlay_pred_regions_curve.png,data/patient_reconstructed_predictions/patients/N_14_curve_masked/overlay_pred_regions_curve.png,56395,0.05378246307373047,.png
patients/N_14_curve_masked/pasted_patches.csv,data/patient_reconstructed_predictions/patients/N_14_curve_masked/pasted_patches.csv,1748,0.001667022705078125,.csv
patients/N_14_curve_masked/pred_binary_confidence.png,data/patient_reconstructed_predictions/patients/N_14_curve_masked/pred_binary_confidence.png,25314,0.024141311645507812,.png
patients/N_14_curve_masked/pred_boundary.png,data/patient_reconstructed_predictions/patients/N_14_curve_masked/pred_boundary.png,28024,0.02672576904296875,.png
patients/N_14_curve_masked/pred_intervertebral.png,data/patient_reconstructed_predictions/patients/N_14_curve_masked/pred_intervertebral.png,26398,0.025175094604492188,.png
patients/N_14_curve_masked/pred_multiclass_global.png,data/patient_reconstructed_predictions/patients/N_14_curve_masked/pred_multiclass_global.png,5547,0.005290031433105469,.png
patients/N_14_curve_masked/pred_ordinal.png,data/patient_reconstructed_predictions/patients/N_14_curve_masked/pred_ordinal.png,44170,0.04212379455566406,.png
patients/N_14_curve_masked/reconstruction_summary.json,data/patient_reconstructed_predictions/patients/N_14_curve_masked/reconstruction_summary.json,373,0.00035572052001953125,.json
patients/N_15_curve_masked/normalized_full_image_used.png,data/patient_reconstructed_predictions/patients/N_15_curve_masked/normalized_full_image_used.png,33971,0.03239727020263672,.png
patients/N_15_curve_masked/overlay_pred_regions_curve.png,data/patient_reconstructed_predictions/patients/N_15_curve_masked/overlay_pred_regions_curve.png,69165,0.06596088409423828,.png
patients/N_15_curve_masked/pasted_patches.csv,data/patient_reconstructed_predictions/patients/N_15_curve_masked/pasted_patches.csv,1746,0.0016651153564453125,.csv
patients/N_15_curve_masked/pred_binary_confidence.png,data/patient_reconstructed_predictions/patients/N_15_curve_masked/pred_binary_confidence.png,31507,0.03004741668701172,.png
patients/N_15_curve_masked/pred_boundary.png,data/patient_reconstructed_predictions/patients/N_15_curve_masked/pred_boundary.png,35690,0.03403663635253906,.png
patients/N_15_curve_masked/pred_intervertebral.png,data/patient_reconstructed_predictions/patients/N_15_curve_masked/pred_intervertebral.png,33879,0.032309532165527344,.png
patients/N_15_curve_masked/pred_multiclass_global.png,data/patient_reconstructed_predictions/patients/N_15_curve_masked/pred_multiclass_global.png,6067,0.005785942077636719,.png
patients/N_15_curve_masked/pred_ordinal.png,data/patient_reconstructed_predictions/patients/N_15_curve_masked/pred_ordinal.png,44132,0.042087554931640625,.png
patients/N_15_curve_masked/reconstruction_summary.json,data/patient_reconstructed_predictions/patients/N_15_curve_masked/reconstruction_summary.json,372,0.000354766845703125,.json
patients/N_16_curve_masked/normalized_full_image_used.png,data/patient_reconstructed_predictions/patients/N_16_curve_masked/normalized_full_image_used.png,21110,0.020132064819335938,.png
patients/N_16_curve_masked/overlay_pred_regions_curve.png,data/patient_reconstructed_predictions/patients/N_16_curve_masked/overlay_pred_regions_curve.png,42948,0.040958404541015625,.png
patients/N_16_curve_masked/pasted_patches.csv,data/patient_reconstructed_predictions/patients/N_16_curve_masked/pasted_patches.csv,1752,0.00167083740234375,.csv
patients/N_16_curve_masked/pred_binary_confidence.png,data/patient_reconstructed_predictions/patients/N_16_curve_masked/pred_binary_confidence.png,22196,0.021167755126953125,.png
patients/N_16_curve_masked/pred_boundary.png,data/patient_reconstructed_predictions/patients/N_16_curve_masked/pred_boundary.png,24207,0.023085594177246094,.png
patients/N_16_curve_masked/pred_intervertebral.png,data/patient_reconstructed_predictions/patients/N_16_curve_masked/pred_intervertebral.png,23497,0.022408485412597656,.png
patients/N_16_curve_masked/pred_multiclass_global.png,data/patient_reconstructed_predictions/patients/N_16_curve_masked/pred_multiclass_global.png,5891,0.005618095397949219,.png
patients/N_16_curve_masked/pred_ordinal.png,data/patient_reconstructed_predictions/patients/N_16_curve_masked/pred_ordinal.png,45782,0.04366111755371094,.png
patients/N_16_curve_masked/reconstruction_summary.json,data/patient_reconstructed_predictions/patients/N_16_curve_masked/reconstruction_summary.json,373,0.00035572052001953125,.json
patients/N_17_curve_masked/normalized_full_image_used.png,data/patient_reconstructed_predictions/patients/N_17_curve_masked/normalized_full_image_used.png,28840,0.02750396728515625,.png
patients/N_17_curve_masked/overlay_pred_regions_curve.png,data/patient_reconstructed_predictions/patients/N_17_curve_masked/overlay_pred_regions_curve.png,62087,0.059210777282714844,.png
patients/N_17_curve_masked/pasted_patches.csv,data/patient_reconstructed_predictions/patients/N_17_curve_masked/pasted_patches.csv,1739,0.0016584396362304688,.csv
patients/N_17_curve_masked/pred_binary_confidence.png,data/patient_reconstructed_predictions/patients/N_17_curve_masked/pred_binary_confidence.png,26565,0.02533435821533203,.png
patients/N_17_curve_masked/pred_boundary.png,data/patient_reconstructed_predictions/patients/N_17_curve_masked/pred_boundary.png,29204,0.027851104736328125,.png
patients/N_17_curve_masked/pred_intervertebral.png,data/patient_reconstructed_predictions/patients/N_17_curve_masked/pred_intervertebral.png,27921,0.026627540588378906,.png
patients/N_17_curve_masked/pred_multiclass_global.png,data/patient_reconstructed_predictions/patients/N_17_curve_masked/pred_multiclass_global.png,5823,0.005553245544433594,.png
patients/N_17_curve_masked/pred_ordinal.png,data/patient_reconstructed_predictions/patients/N_17_curve_masked/pred_ordinal.png,49515,0.04722118377685547,.png
patients/N_17_curve_masked/reconstruction_summary.json,data/patient_reconstructed_predictions/patients/N_17_curve_masked/reconstruction_summary.json,372,0.000354766845703125,.json
patients/N_18_curve_masked/normalized_full_image_used.png,data/patient_reconstructed_predictions/patients/N_18_curve_masked/normalized_full_image_used.png,30076,0.028682708740234375,.png
patients/N_18_curve_masked/overlay_pred_regions_curve.png,data/patient_reconstructed_predictions/patients/N_18_curve_masked/overlay_pred_regions_curve.png,60545,0.057740211486816406,.png
patients/N_18_curve_masked/pasted_patches.csv,data/patient_reconstructed_predictions/patients/N_18_curve_masked/pasted_patches.csv,1749,0.0016679763793945312,.csv
patients/N_18_curve_masked/pred_binary_confidence.png,data/patient_reconstructed_predictions/patients/N_18_curve_masked/pred_binary_confidence.png,27537,0.026261329650878906,.png
patients/N_18_curve_masked/pred_boundary.png,data/patient_reconstructed_predictions/patients/N_18_curve_masked/pred_boundary.png,31228,0.029781341552734375,.png
patients/N_18_curve_masked/pred_intervertebral.png,data/patient_reconstructed_predictions/patients/N_18_curve_masked/pred_intervertebral.png,29274,0.027917861938476562,.png
patients/N_18_curve_masked/pred_multiclass_global.png,data/patient_reconstructed_predictions/patients/N_18_curve_masked/pred_multiclass_global.png,5601,0.005341529846191406,.png
patients/N_18_curve_masked/pred_ordinal.png,data/patient_reconstructed_predictions/patients/N_18_curve_masked/pred_ordinal.png,47473,0.045273780822753906,.png
patients/N_18_curve_masked/reconstruction_summary.json,data/patient_reconstructed_predictions/patients/N_18_curve_masked/reconstruction_summary.json,372,0.000354766845703125,.json
patients/N_19_curve_masked/normalized_full_image_used.png,data/patient_reconstructed_predictions/patients/N_19_curve_masked/normalized_full_image_used.png,28595,0.02727031707763672,.png
patients/N_19_curve_masked/overlay_pred_regions_curve.png,data/patient_reconstructed_predictions/patients/N_19_curve_masked/overlay_pred_regions_curve.png,58815,0.056090354919433594,.png
patients/N_19_curve_masked/pasted_patches.csv,data/patient_reconstructed_predictions/patients/N_19_curve_masked/pasted_patches.csv,1745,0.0016641616821289062,.csv
patients/N_19_curve_masked/pred_binary_confidence.png,data/patient_reconstructed_predictions/patients/N_19_curve_masked/pred_binary_confidence.png,27017,0.025765419006347656,.png
patients/N_19_curve_masked/pred_boundary.png,data/patient_reconstructed_predictions/patients/N_19_curve_masked/pred_boundary.png,29920,0.028533935546875,.png
patients/N_19_curve_masked/pred_intervertebral.png,data/patient_reconstructed_predictions/patients/N_19_curve_masked/pred_intervertebral.png,28328,0.02701568603515625,.png
patients/N_19_curve_masked/pred_multiclass_global.png,data/patient_reconstructed_predictions/patients/N_19_curve_masked/pred_multiclass_global.png,5770,0.0055027008056640625,.png
patients/N_19_curve_masked/pred_ordinal.png,data/patient_reconstructed_predictions/patients/N_19_curve_masked/pred_ordinal.png,46527,0.044371604919433594,.png
patients/N_19_curve_masked/reconstruction_summary.json,data/patient_reconstructed_predictions/patients/N_19_curve_masked/reconstruction_summary.json,372,0.000354766845703125,.json
patients/N_1_curve_masked/normalized_full_image_used.png,data/patient_reconstructed_predictions/patients/N_1_curve_masked/normalized_full_image_used.png,29924,0.028537750244140625,.png
patients/N_1_curve_masked/overlay_pred_regions_curve.png,data/patient_reconstructed_predictions/patients/N_1_curve_masked/overlay_pred_regions_curve.png,61522,0.05867195129394531,.png
patients/N_1_curve_masked/pasted_patches.csv,data/patient_reconstructed_predictions/patients/N_1_curve_masked/pasted_patches.csv,1707,0.0016279220581054688,.csv
patients/N_1_curve_masked/pred_binary_confidence.png,data/patient_reconstructed_predictions/patients/N_1_curve_masked/pred_binary_confidence.png,28238,0.026929855346679688,.png
patients/N_1_curve_masked/pred_boundary.png,data/patient_reconstructed_predictions/patients/N_1_curve_masked/pred_boundary.png,31643,0.03017711639404297,.png
patients/N_1_curve_masked/pred_intervertebral.png,data/patient_reconstructed_predictions/patients/N_1_curve_masked/pred_intervertebral.png,30192,0.0287933349609375,.png
patients/N_1_curve_masked/pred_multiclass_global.png,data/patient_reconstructed_predictions/patients/N_1_curve_masked/pred_multiclass_global.png,6566,0.0062618255615234375,.png
patients/N_1_curve_masked/pred_ordinal.png,data/patient_reconstructed_predictions/patients/N_1_curve_masked/pred_ordinal.png,48464,0.0462188720703125,.png
patients/N_1_curve_masked/reconstruction_summary.json,data/patient_reconstructed_predictions/patients/N_1_curve_masked/reconstruction_summary.json,370,0.0003528594970703125,.json
patients/N_20_curve_masked/normalized_full_image_used.png,data/patient_reconstructed_predictions/patients/N_20_curve_masked/normalized_full_image_used.png,24983,0.023825645446777344,.png
patients/N_20_curve_masked/overlay_pred_regions_curve.png,data/patient_reconstructed_predictions/patients/N_20_curve_masked/overlay_pred_regions_curve.png,53173,0.05070972442626953,.png
patients/N_20_curve_masked/pasted_patches.csv,data/patient_reconstructed_predictions/patients/N_20_curve_masked/pasted_patches.csv,1736,0.00165557861328125,.csv
patients/N_20_curve_masked/pred_binary_confidence.png,data/patient_reconstructed_predictions/patients/N_20_curve_masked/pred_binary_confidence.png,23483,0.02239513397216797,.png
patients/N_20_curve_masked/pred_boundary.png,data/patient_reconstructed_predictions/patients/N_20_curve_masked/pred_boundary.png,26097,0.024888038635253906,.png
patients/N_20_curve_masked/pred_intervertebral.png,data/patient_reconstructed_predictions/patients/N_20_curve_masked/pred_intervertebral.png,24794,0.023645401000976562,.png
patients/N_20_curve_masked/pred_multiclass_global.png,data/patient_reconstructed_predictions/patients/N_20_curve_masked/pred_multiclass_global.png,5637,0.005375862121582031,.png
patients/N_20_curve_masked/pred_ordinal.png,data/patient_reconstructed_predictions/patients/N_20_curve_masked/pred_ordinal.png,50211,0.04788494110107422,.png
patients/N_20_curve_masked/reconstruction_summary.json,data/patient_reconstructed_predictions/patients/N_20_curve_masked/reconstruction_summary.json,371,0.00035381317138671875,.json
patients/N_21_curve_masked/normalized_full_image_used.png,data/patient_reconstructed_predictions/patients/N_21_curve_masked/normalized_full_image_used.png,24363,0.02323436737060547,.png
patients/N_21_curve_masked/overlay_pred_regions_curve.png,data/patient_reconstructed_predictions/patients/N_21_curve_masked/overlay_pred_regions_curve.png,53017,0.050560951232910156,.png
patients/N_21_curve_masked/pasted_patches.csv,data/patient_reconstructed_predictions/patients/N_21_curve_masked/pasted_patches.csv,1753,0.0016717910766601562,.csv
patients/N_21_curve_masked/pred_binary_confidence.png,data/patient_reconstructed_predictions/patients/N_21_curve_masked/pred_binary_confidence.png,23546,0.022455215454101562,.png
patients/N_21_curve_masked/pred_boundary.png,data/patient_reconstructed_predictions/patients/N_21_curve_masked/pred_boundary.png,25745,0.024552345275878906,.png
patients/N_21_curve_masked/pred_intervertebral.png,data/patient_reconstructed_predictions/patients/N_21_curve_masked/pred_intervertebral.png,24666,0.023523330688476562,.png
patients/N_21_curve_masked/pred_multiclass_global.png,data/patient_reconstructed_predictions/patients/N_21_curve_masked/pred_multiclass_global.png,6274,0.0059833526611328125,.png
patients/N_21_curve_masked/pred_ordinal.png,data/patient_reconstructed_predictions/patients/N_21_curve_masked/pred_ordinal.png,47965,0.04574298858642578,.png
patients/N_21_curve_masked/reconstruction_summary.json,data/patient_reconstructed_predictions/patients/N_21_curve_masked/reconstruction_summary.json,373,0.00035572052001953125,.json
patients/N_22_curve_masked/normalized_full_image_used.png,data/patient_reconstructed_predictions/patients/N_22_curve_masked/normalized_full_image_used.png,28940,0.027599334716796875,.png
patients/N_22_curve_masked/overlay_pred_regions_curve.png,data/patient_reconstructed_predictions/patients/N_22_curve_masked/overlay_pred_regions_curve.png,59164,0.056423187255859375,.png
patients/N_22_curve_masked/pasted_patches.csv,data/patient_reconstructed_predictions/patients/N_22_curve_masked/pasted_patches.csv,1752,0.00167083740234375,.csv
patients/N_22_curve_masked/pred_binary_confidence.png,data/patient_reconstructed_predictions/patients/N_22_curve_masked/pred_binary_confidence.png,27542,0.026266098022460938,.png
patients/N_22_curve_masked/pred_boundary.png,data/patient_reconstructed_predictions/patients/N_22_curve_masked/pred_boundary.png,30804,0.029376983642578125,.png
patients/N_22_curve_masked/pred_intervertebral.png,data/patient_reconstructed_predictions/patients/N_22_curve_masked/pred_intervertebral.png,29119,0.027770042419433594,.png
patients/N_22_curve_masked/pred_multiclass_global.png,data/patient_reconstructed_predictions/patients/N_22_curve_masked/pred_multiclass_global.png,5927,0.005652427673339844,.png
patients/N_22_curve_masked/pred_ordinal.png,data/patient_reconstructed_predictions/patients/N_22_curve_masked/pred_ordinal.png,45622,0.04350852966308594,.png
patients/N_22_curve_masked/reconstruction_summary.json,data/patient_reconstructed_predictions/patients/N_22_curve_masked/reconstruction_summary.json,370,0.0003528594970703125,.json
patients/N_23_curve_masked/normalized_full_image_used.png,data/patient_reconstructed_predictions/patients/N_23_curve_masked/normalized_full_image_used.png,25833,0.024636268615722656,.png
patients/N_23_curve_masked/overlay_pred_regions_curve.png,data/patient_reconstructed_predictions/patients/N_23_curve_masked/overlay_pred_regions_curve.png,56710,0.05408287048339844,.png
patients/N_23_curve_masked/pasted_patches.csv,data/patient_reconstructed_predictions/patients/N_23_curve_masked/pasted_patches.csv,1748,0.001667022705078125,.csv
patients/N_23_curve_masked/pred_binary_confidence.png,data/patient_reconstructed_predictions/patients/N_23_curve_masked/pred_binary_confidence.png,25478,0.024297714233398438,.png
patients/N_23_curve_masked/pred_boundary.png,data/patient_reconstructed_predictions/patients/N_23_curve_masked/pred_boundary.png,28070,0.026769638061523438,.png
patients/N_23_curve_masked/pred_intervertebral.png,data/patient_reconstructed_predictions/patients/N_23_curve_masked/pred_intervertebral.png,27042,0.025789260864257812,.png
patients/N_23_curve_masked/pred_multiclass_global.png,data/patient_reconstructed_predictions/patients/N_23_curve_masked/pred_multiclass_global.png,6007,0.005728721618652344,.png
patients/N_23_curve_masked/pred_ordinal.png,data/patient_reconstructed_predictions/patients/N_23_curve_masked/pred_ordinal.png,49365,0.04707813262939453,.png
patients/N_23_curve_masked/reconstruction_summary.json,data/patient_reconstructed_predictions/patients/N_23_curve_masked/reconstruction_summary.json,373,0.00035572052001953125,.json
patients/N_24_curve_masked/normalized_full_image_used.png,data/patient_reconstructed_predictions/patients/N_24_curve_masked/normalized_full_image_used.png,32805,0.03128528594970703,.png
patients/N_24_curve_masked/overlay_pred_regions_curve.png,data/patient_reconstructed_predictions/patients/N_24_curve_masked/overlay_pred_regions_curve.png,63986,0.06102180480957031,.png
patients/N_24_curve_masked/pasted_patches.csv,data/patient_reconstructed_predictions/patients/N_24_curve_masked/pasted_patches.csv,1754,0.0016727447509765625,.csv
patients/N_24_curve_masked/pred_binary_confidence.png,data/patient_reconstructed_predictions/patients/N_24_curve_masked/pred_binary_confidence.png,31971,0.03048992156982422,.png
patients/N_24_curve_masked/pred_boundary.png,data/patient_reconstructed_predictions/patients/N_24_curve_masked/pred_boundary.png,36227,0.03454875946044922,.png
patients/N_24_curve_masked/pred_intervertebral.png,data/patient_reconstructed_predictions/patients/N_24_curve_masked/pred_intervertebral.png,33951,0.032378196716308594,.png
patients/N_24_curve_masked/pred_multiclass_global.png,data/patient_reconstructed_predictions/patients/N_24_curve_masked/pred_multiclass_global.png,5768,0.00550079345703125,.png
patients/N_24_curve_masked/pred_ordinal.png,data/patient_reconstructed_predictions/patients/N_24_curve_masked/pred_ordinal.png,41628,0.039699554443359375,.png
patients/N_24_curve_masked/reconstruction_summary.json,data/patient_reconstructed_predictions/patients/N_24_curve_masked/reconstruction_summary.json,372,0.000354766845703125,.json
patients/N_25_curve_masked/normalized_full_image_used.png,data/patient_reconstructed_predictions/patients/N_25_curve_masked/normalized_full_image_used.png,25134,0.023969650268554688,.png
patients/N_25_curve_masked/overlay_pred_regions_curve.png,data/patient_reconstructed_predictions/patients/N_25_curve_masked/overlay_pred_regions_curve.png,51451,0.04906749725341797,.png
patients/N_25_curve_masked/pasted_patches.csv,data/patient_reconstructed_predictions/patients/N_25_curve_masked/pasted_patches.csv,1760,0.001678466796875,.csv
patients/N_25_curve_masked/pred_binary_confidence.png,data/patient_reconstructed_predictions/patients/N_25_curve_masked/pred_binary_confidence.png,28451,0.02713298797607422,.png
patients/N_25_curve_masked/pred_boundary.png,data/patient_reconstructed_predictions/patients/N_25_curve_masked/pred_boundary.png,31377,0.029923439025878906,.png
patients/N_25_curve_masked/pred_intervertebral.png,data/patient_reconstructed_predictions/patients/N_25_curve_masked/pred_intervertebral.png,29818,0.028436660766601562,.png
patients/N_25_curve_masked/pred_multiclass_global.png,data/patient_reconstructed_predictions/patients/N_25_curve_masked/pred_multiclass_global.png,6563,0.006258964538574219,.png
patients/N_25_curve_masked/pred_ordinal.png,data/patient_reconstructed_predictions/patients/N_25_curve_masked/pred_ordinal.png,45356,0.043254852294921875,.png
patients/N_25_curve_masked/reconstruction_summary.json,data/patient_reconstructed_predictions/patients/N_25_curve_masked/reconstruction_summary.json,371,0.00035381317138671875,.json
patients/N_26_curve_masked/normalized_full_image_used.png,data/patient_reconstructed_predictions/patients/N_26_curve_masked/normalized_full_image_used.png,30534,0.029119491577148438,.png
patients/N_26_curve_masked/overlay_pred_regions_curve.png,data/patient_reconstructed_predictions/patients/N_26_curve_masked/overlay_pred_regions_curve.png,61358,0.05851554870605469,.png
patients/N_26_curve_masked/pasted_patches.csv,data/patient_reconstructed_predictions/patients/N_26_curve_masked/pasted_patches.csv,1754,0.0016727447509765625,.csv
patients/N_26_curve_masked/pred_binary_confidence.png,data/patient_reconstructed_predictions/patients/N_26_curve_masked/pred_binary_confidence.png,29252,0.027896881103515625,.png
patients/N_26_curve_masked/pred_boundary.png,data/patient_reconstructed_predictions/patients/N_26_curve_masked/pred_boundary.png,32296,0.03079986572265625,.png
patients/N_26_curve_masked/pred_intervertebral.png,data/patient_reconstructed_predictions/patients/N_26_curve_masked/pred_intervertebral.png,30221,0.02882099151611328,.png
patients/N_26_curve_masked/pred_multiclass_global.png,data/patient_reconstructed_predictions/patients/N_26_curve_masked/pred_multiclass_global.png,7167,0.006834983825683594,.png
patients/N_26_curve_masked/pred_ordinal.png,data/patient_reconstructed_predictions/patients/N_26_curve_masked/pred_ordinal.png,47751,0.045538902282714844,.png
patients/N_26_curve_masked/reconstruction_summary.json,data/patient_reconstructed_predictions/patients/N_26_curve_masked/reconstruction_summary.json,372,0.000354766845703125,.json
patients/N_27_curve_masked/normalized_full_image_used.png,data/patient_reconstructed_predictions/patients/N_27_curve_masked/normalized_full_image_used.png,26753,0.025513648986816406,.png
patients/N_27_curve_masked/overlay_pred_regions_curve.png,data/patient_reconstructed_predictions/patients/N_27_curve_masked/overlay_pred_regions_curve.png,54551,0.052023887634277344,.png
patients/N_27_curve_masked/pasted_patches.csv,data/patient_reconstructed_predictions/patients/N_27_curve_masked/pasted_patches.csv,1757,0.0016756057739257812,.csv
patients/N_27_curve_masked/pred_binary_confidence.png,data/patient_reconstructed_predictions/patients/N_27_curve_masked/pred_binary_confidence.png,28644,0.027317047119140625,.png
patients/N_27_curve_masked/pred_boundary.png,data/patient_reconstructed_predictions/patients/N_27_curve_masked/pred_boundary.png,30920,0.02948760986328125,.png
patients/N_27_curve_masked/pred_intervertebral.png,data/patient_reconstructed_predictions/patients/N_27_curve_masked/pred_intervertebral.png,29479,0.028113365173339844,.png
patients/N_27_curve_masked/pred_multiclass_global.png,data/patient_reconstructed_predictions/patients/N_27_curve_masked/pred_multiclass_global.png,6504,0.00620269775390625,.png
patients/N_27_curve_masked/pred_ordinal.png,data/patient_reconstructed_predictions/patients/N_27_curve_masked/pred_ordinal.png,44317,0.04226398468017578,.png
patients/N_27_curve_masked/reconstruction_summary.json,data/patient_reconstructed_predictions/patients/N_27_curve_masked/reconstruction_summary.json,372,0.000354766845703125,.json
patients/N_28_curve_masked/normalized_full_image_used.png,data/patient_reconstructed_predictions/patients/N_28_curve_masked/normalized_full_image_used.png,24269,0.02314472198486328,.png
patients/N_28_curve_masked/overlay_pred_regions_curve.png,data/patient_reconstructed_predictions/patients/N_28_curve_masked/overlay_pred_regions_curve.png,50454,0.04811668395996094,.png
patients/N_28_curve_masked/pasted_patches.csv,data/patient_reconstructed_predictions/patients/N_28_curve_masked/pasted_patches.csv,1757,0.0016756057739257812,.csv
patients/N_28_curve_masked/pred_binary_confidence.png,data/patient_reconstructed_predictions/patients/N_28_curve_masked/pred_binary_confidence.png,25244,0.024074554443359375,.png
patients/N_28_curve_masked/pred_boundary.png,data/patient_reconstructed_predictions/patients/N_28_curve_masked/pred_boundary.png,27938,0.026643753051757812,.png
patients/N_28_curve_masked/pred_intervertebral.png,data/patient_reconstructed_predictions/patients/N_28_curve_masked/pred_intervertebral.png,26415,0.025191307067871094,.png
patients/N_28_curve_masked/pred_multiclass_global.png,data/patient_reconstructed_predictions/patients/N_28_curve_masked/pred_multiclass_global.png,5992,0.00571441650390625,.png
patients/N_28_curve_masked/pred_ordinal.png,data/patient_reconstructed_predictions/patients/N_28_curve_masked/pred_ordinal.png,48480,0.046234130859375,.png
patients/N_28_curve_masked/reconstruction_summary.json,data/patient_reconstructed_predictions/patients/N_28_curve_masked/reconstruction_summary.json,372,0.000354766845703125,.json
patients/N_29_curve_masked/normalized_full_image_used.png,data/patient_reconstructed_predictions/patients/N_29_curve_masked/normalized_full_image_used.png,23710,0.022611618041992188,.png
patients/N_29_curve_masked/overlay_pred_regions_curve.png,data/patient_reconstructed_predictions/patients/N_29_curve_masked/overlay_pred_regions_curve.png,49258,0.04697608947753906,.png
patients/N_29_curve_masked/pasted_patches.csv,data/patient_reconstructed_predictions/patients/N_29_curve_masked/pasted_patches.csv,1750,0.0016689300537109375,.csv
patients/N_29_curve_masked/pred_binary_confidence.png,data/patient_reconstructed_predictions/patients/N_29_curve_masked/pred_binary_confidence.png,25339,0.02416515350341797,.png
patients/N_29_curve_masked/pred_boundary.png,data/patient_reconstructed_predictions/patients/N_29_curve_masked/pred_boundary.png,27687,0.026404380798339844,.png
patients/N_29_curve_masked/pred_intervertebral.png,data/patient_reconstructed_predictions/patients/N_29_curve_masked/pred_intervertebral.png,26475,0.02524852752685547,.png
patients/N_29_curve_masked/pred_multiclass_global.png,data/patient_reconstructed_predictions/patients/N_29_curve_masked/pred_multiclass_global.png,5880,0.00560760498046875,.png
patients/N_29_curve_masked/pred_ordinal.png,data/patient_reconstructed_predictions/patients/N_29_curve_masked/pred_ordinal.png,48248,0.04601287841796875,.png
patients/N_29_curve_masked/reconstruction_summary.json,data/patient_reconstructed_predictions/patients/N_29_curve_masked/reconstruction_summary.json,373,0.00035572052001953125,.json
patients/N_2_curve_masked/normalized_full_image_used.png,data/patient_reconstructed_predictions/patients/N_2_curve_masked/normalized_full_image_used.png,31786,0.030313491821289062,.png
patients/N_2_curve_masked/overlay_pred_regions_curve.png,data/patient_reconstructed_predictions/patients/N_2_curve_masked/overlay_pred_regions_curve.png,65711,0.0626668930053711,.png
patients/N_2_curve_masked/pasted_patches.csv,data/patient_reconstructed_predictions/patients/N_2_curve_masked/pasted_patches.csv,1712,0.0016326904296875,.csv
patients/N_2_curve_masked/pred_binary_confidence.png,data/patient_reconstructed_predictions/patients/N_2_curve_masked/pred_binary_confidence.png,28449,0.027131080627441406,.png
patients/N_2_curve_masked/pred_boundary.png,data/patient_reconstructed_predictions/patients/N_2_curve_masked/pred_boundary.png,31546,0.030084609985351562,.png
patients/N_2_curve_masked/pred_intervertebral.png,data/patient_reconstructed_predictions/patients/N_2_curve_masked/pred_intervertebral.png,29722,0.028345108032226562,.png
patients/N_2_curve_masked/pred_multiclass_global.png,data/patient_reconstructed_predictions/patients/N_2_curve_masked/pred_multiclass_global.png,6008,0.00572967529296875,.png
patients/N_2_curve_masked/pred_ordinal.png,data/patient_reconstructed_predictions/patients/N_2_curve_masked/pred_ordinal.png,45477,0.04337024688720703,.png
patients/N_2_curve_masked/reconstruction_summary.json,data/patient_reconstructed_predictions/patients/N_2_curve_masked/reconstruction_summary.json,364,0.000347137451171875,.json
patients/N_30_curve_masked/normalized_full_image_used.png,data/patient_reconstructed_predictions/patients/N_30_curve_masked/normalized_full_image_used.png,22324,0.021289825439453125,.png
patients/N_30_curve_masked/overlay_pred_regions_curve.png,data/patient_reconstructed_predictions/patients/N_30_curve_masked/overlay_pred_regions_curve.png,47854,0.04563713073730469,.png
patients/N_30_curve_masked/pasted_patches.csv,data/patient_reconstructed_predictions/patients/N_30_curve_masked/pasted_patches.csv,1752,0.00167083740234375,.csv
patients/N_30_curve_masked/pred_binary_confidence.png,data/patient_reconstructed_predictions/patients/N_30_curve_masked/pred_binary_confidence.png,22219,0.02118968963623047,.png
patients/N_30_curve_masked/pred_boundary.png,data/patient_reconstructed_predictions/patients/N_30_curve_masked/pred_boundary.png,24770,0.023622512817382812,.png
patients/N_30_curve_masked/pred_intervertebral.png,data/patient_reconstructed_predictions/patients/N_30_curve_masked/pred_intervertebral.png,23816,0.02271270751953125,.png
patients/N_30_curve_masked/pred_multiclass_global.png,data/patient_reconstructed_predictions/patients/N_30_curve_masked/pred_multiclass_global.png,5986,0.0057086944580078125,.png
patients/N_30_curve_masked/pred_ordinal.png,data/patient_reconstructed_predictions/patients/N_30_curve_masked/pred_ordinal.png,46711,0.044547080993652344,.png
patients/N_30_curve_masked/reconstruction_summary.json,data/patient_reconstructed_predictions/patients/N_30_curve_masked/reconstruction_summary.json,372,0.000354766845703125,.json
patients/N_31_curve_masked/normalized_full_image_used.png,data/patient_reconstructed_predictions/patients/N_31_curve_masked/normalized_full_image_used.png,26838,0.025594711303710938,.png
patients/N_31_curve_masked/overlay_pred_regions_curve.png,data/patient_reconstructed_predictions/patients/N_31_curve_masked/overlay_pred_regions_curve.png,54737,0.052201271057128906,.png
patients/N_31_curve_masked/pasted_patches.csv,data/patient_reconstructed_predictions/patients/N_31_curve_masked/pasted_patches.csv,1756,0.001674652099609375,.csv
patients/N_31_curve_masked/pred_binary_confidence.png,data/patient_reconstructed_predictions/patients/N_31_curve_masked/pred_binary_confidence.png,26090,0.024881362915039062,.png
patients/N_31_curve_masked/pred_boundary.png,data/patient_reconstructed_predictions/patients/N_31_curve_masked/pred_boundary.png,28236,0.026927947998046875,.png
patients/N_31_curve_masked/pred_intervertebral.png,data/patient_reconstructed_predictions/patients/N_31_curve_masked/pred_intervertebral.png,27008,0.0257568359375,.png
patients/N_31_curve_masked/pred_multiclass_global.png,data/patient_reconstructed_predictions/patients/N_31_curve_masked/pred_multiclass_global.png,5840,0.0055694580078125,.png
patients/N_31_curve_masked/pred_ordinal.png,data/patient_reconstructed_predictions/patients/N_31_curve_masked/pred_ordinal.png,49293,0.04700946807861328,.png
patients/N_31_curve_masked/reconstruction_summary.json,data/patient_reconstructed_predictions/patients/N_31_curve_masked/reconstruction_summary.json,372,0.000354766845703125,.json
patients/N_32_curve_masked/normalized_full_image_used.png,data/patient_reconstructed_predictions/patients/N_32_curve_masked/normalized_full_image_used.png,21278,0.020292282104492188,.png
patients/N_32_curve_masked/overlay_pred_regions_curve.png,data/patient_reconstructed_predictions/patients/N_32_curve_masked/overlay_pred_regions_curve.png,41723,0.03979015350341797,.png
patients/N_32_curve_masked/pasted_patches.csv,data/patient_reconstructed_predictions/patients/N_32_curve_masked/pasted_patches.csv,1744,0.0016632080078125,.csv
patients/N_32_curve_masked/pred_binary_confidence.png,data/patient_reconstructed_predictions/patients/N_32_curve_masked/pred_binary_confidence.png,24826,0.023675918579101562,.png
patients/N_32_curve_masked/pred_boundary.png,data/patient_reconstructed_predictions/patients/N_32_curve_masked/pred_boundary.png,26936,0.02568817138671875,.png
patients/N_32_curve_masked/pred_intervertebral.png,data/patient_reconstructed_predictions/patients/N_32_curve_masked/pred_intervertebral.png,25959,0.024756431579589844,.png
patients/N_32_curve_masked/pred_multiclass_global.png,data/patient_reconstructed_predictions/patients/N_32_curve_masked/pred_multiclass_global.png,6651,0.006342887878417969,.png
patients/N_32_curve_masked/pred_ordinal.png,data/patient_reconstructed_predictions/patients/N_32_curve_masked/pred_ordinal.png,50778,0.04842567443847656,.png
patients/N_32_curve_masked/reconstruction_summary.json,data/patient_reconstructed_predictions/patients/N_32_curve_masked/reconstruction_summary.json,369,0.00035190582275390625,.json
patients/N_33_curve_masked/normalized_full_image_used.png,data/patient_reconstructed_predictions/patients/N_33_curve_masked/normalized_full_image_used.png,23844,0.022739410400390625,.png
patients/N_33_curve_masked/overlay_pred_regions_curve.png,data/patient_reconstructed_predictions/patients/N_33_curve_masked/overlay_pred_regions_curve.png,50382,0.04804801940917969,.png
patients/N_33_curve_masked/pasted_patches.csv,data/patient_reconstructed_predictions/patients/N_33_curve_masked/pasted_patches.csv,1752,0.00167083740234375,.csv
patients/N_33_curve_masked/pred_binary_confidence.png,data/patient_reconstructed_predictions/patients/N_33_curve_masked/pred_binary_confidence.png,24403,0.02327251434326172,.png
patients/N_33_curve_masked/pred_boundary.png,data/patient_reconstructed_predictions/patients/N_33_curve_masked/pred_boundary.png,26464,0.025238037109375,.png
patients/N_33_curve_masked/pred_intervertebral.png,data/patient_reconstructed_predictions/patients/N_33_curve_masked/pred_intervertebral.png,25205,0.02403736114501953,.png
patients/N_33_curve_masked/pred_multiclass_global.png,data/patient_reconstructed_predictions/patients/N_33_curve_masked/pred_multiclass_global.png,6470,0.0061702728271484375,.png
patients/N_33_curve_masked/pred_ordinal.png,data/patient_reconstructed_predictions/patients/N_33_curve_masked/pred_ordinal.png,47704,0.04549407958984375,.png
patients/N_33_curve_masked/reconstruction_summary.json,data/patient_reconstructed_predictions/patients/N_33_curve_masked/reconstruction_summary.json,373,0.00035572052001953125,.json
patients/N_34_curve_masked/normalized_full_image_used.png,data/patient_reconstructed_predictions/patients/N_34_curve_masked/normalized_full_image_used.png,34310,0.03272056579589844,.png
patients/N_34_curve_masked/overlay_pred_regions_curve.png,data/patient_reconstructed_predictions/patients/N_34_curve_masked/overlay_pred_regions_curve.png,70174,0.06692314147949219,.png
patients/N_34_curve_masked/pasted_patches.csv,data/patient_reconstructed_predictions/patients/N_34_curve_masked/pasted_patches.csv,1754,0.0016727447509765625,.csv
patients/N_34_curve_masked/pred_binary_confidence.png,data/patient_reconstructed_predictions/patients/N_34_curve_masked/pred_binary_confidence.png,30724,0.029300689697265625,.png
patients/N_34_curve_masked/pred_boundary.png,data/patient_reconstructed_predictions/patients/N_34_curve_masked/pred_boundary.png,35286,0.03365135192871094,.png
patients/N_34_curve_masked/pred_intervertebral.png,data/patient_reconstructed_predictions/patients/N_34_curve_masked/pred_intervertebral.png,32497,0.030991554260253906,.png
patients/N_34_curve_masked/pred_multiclass_global.png,data/patient_reconstructed_predictions/patients/N_34_curve_masked/pred_multiclass_global.png,6299,0.006007194519042969,.png
patients/N_34_curve_masked/pred_ordinal.png,data/patient_reconstructed_predictions/patients/N_34_curve_masked/pred_ordinal.png,43892,0.041858673095703125,.png
patients/N_34_curve_masked/reconstruction_summary.json,data/patient_reconstructed_predictions/patients/N_34_curve_masked/reconstruction_summary.json,372,0.000354766845703125,.json
patients/N_35_curve_masked/normalized_full_image_used.png,data/patient_reconstructed_predictions/patients/N_35_curve_masked/normalized_full_image_used.png,27030,0.025777816772460938,.png
patients/N_35_curve_masked/overlay_pred_regions_curve.png,data/patient_reconstructed_predictions/patients/N_35_curve_masked/overlay_pred_regions_curve.png,54598,0.05206871032714844,.png
patients/N_35_curve_masked/pasted_patches.csv,data/patient_reconstructed_predictions/patients/N_35_curve_masked/pasted_patches.csv,1754,0.0016727447509765625,.csv
patients/N_35_curve_masked/pred_binary_confidence.png,data/patient_reconstructed_predictions/patients/N_35_curve_masked/pred_binary_confidence.png,27896,0.02660369873046875,.png
patients/N_35_curve_masked/pred_boundary.png,data/patient_reconstructed_predictions/patients/N_35_curve_masked/pred_boundary.png,30293,0.02888965606689453,.png
patients/N_35_curve_masked/pred_intervertebral.png,data/patient_reconstructed_predictions/patients/N_35_curve_masked/pred_intervertebral.png,28954,0.027612686157226562,.png
patients/N_35_curve_masked/pred_multiclass_global.png,data/patient_reconstructed_predictions/patients/N_35_curve_masked/pred_multiclass_global.png,6667,0.006358146667480469,.png
patients/N_35_curve_masked/pred_ordinal.png,data/patient_reconstructed_predictions/patients/N_35_curve_masked/pred_ordinal.png,49977,0.047661781311035156,.png
patients/N_35_curve_masked/reconstruction_summary.json,data/patient_reconstructed_predictions/patients/N_35_curve_masked/reconstruction_summary.json,371,0.00035381317138671875,.json
patients/N_36_curve_masked/normalized_full_image_used.png,data/patient_reconstructed_predictions/patients/N_36_curve_masked/normalized_full_image_used.png,23156,0.022083282470703125,.png
patients/N_36_curve_masked/overlay_pred_regions_curve.png,data/patient_reconstructed_predictions/patients/N_36_curve_masked/overlay_pred_regions_curve.png,45421,0.04331684112548828,.png
patients/N_36_curve_masked/pasted_patches.csv,data/patient_reconstructed_predictions/patients/N_36_curve_masked/pasted_patches.csv,1743,0.0016622543334960938,.csv
patients/N_36_curve_masked/pred_binary_confidence.png,data/patient_reconstructed_predictions/patients/N_36_curve_masked/pred_binary_confidence.png,26427,0.02520275115966797,.png
patients/N_36_curve_masked/pred_boundary.png,data/patient_reconstructed_predictions/patients/N_36_curve_masked/pred_boundary.png,29234,0.027879714965820312,.png
patients/N_36_curve_masked/pred_intervertebral.png,data/patient_reconstructed_predictions/patients/N_36_curve_masked/pred_intervertebral.png,27942,0.026647567749023438,.png
patients/N_36_curve_masked/pred_multiclass_global.png,data/patient_reconstructed_predictions/patients/N_36_curve_masked/pred_multiclass_global.png,6143,0.005858421325683594,.png
patients/N_36_curve_masked/pred_ordinal.png,data/patient_reconstructed_predictions/patients/N_36_curve_masked/pred_ordinal.png,44663,0.042593955993652344,.png
patients/N_36_curve_masked/reconstruction_summary.json,data/patient_reconstructed_predictions/patients/N_36_curve_masked/reconstruction_summary.json,370,0.0003528594970703125,.json
patients/N_37_curve_masked/normalized_full_image_used.png,data/patient_reconstructed_predictions/patients/N_37_curve_masked/normalized_full_image_used.png,24696,0.02355194091796875,.png
patients/N_37_curve_masked/overlay_pred_regions_curve.png,data/patient_reconstructed_predictions/patients/N_37_curve_masked/overlay_pred_regions_curve.png,51649,0.049256324768066406,.png
patients/N_37_curve_masked/pasted_patches.csv,data/patient_reconstructed_predictions/patients/N_37_curve_masked/pasted_patches.csv,1746,0.0016651153564453125,.csv
patients/N_37_curve_masked/pred_binary_confidence.png,data/patient_reconstructed_predictions/patients/N_37_curve_masked/pred_binary_confidence.png,24770,0.023622512817382812,.png
patients/N_37_curve_masked/pred_boundary.png,data/patient_reconstructed_predictions/patients/N_37_curve_masked/pred_boundary.png,27194,0.025934219360351562,.png
patients/N_37_curve_masked/pred_intervertebral.png,data/patient_reconstructed_predictions/patients/N_37_curve_masked/pred_intervertebral.png,26070,0.024862289428710938,.png
patients/N_37_curve_masked/pred_multiclass_global.png,data/patient_reconstructed_predictions/patients/N_37_curve_masked/pred_multiclass_global.png,5978,0.0057010650634765625,.png
patients/N_37_curve_masked/pred_ordinal.png,data/patient_reconstructed_predictions/patients/N_37_curve_masked/pred_ordinal.png,50279,0.047949790954589844,.png
patients/N_37_curve_masked/reconstruction_summary.json,data/patient_reconstructed_predictions/patients/N_37_curve_masked/reconstruction_summary.json,373,0.00035572052001953125,.json
patients/N_38_curve_masked/normalized_full_image_used.png,data/patient_reconstructed_predictions/patients/N_38_curve_masked/normalized_full_image_used.png,29588,0.028217315673828125,.png
patients/N_38_curve_masked/overlay_pred_regions_curve.png,data/patient_reconstructed_predictions/patients/N_38_curve_masked/overlay_pred_regions_curve.png,60089,0.057305335998535156,.png
patients/N_38_curve_masked/pasted_patches.csv,data/patient_reconstructed_predictions/patients/N_38_curve_masked/pasted_patches.csv,1752,0.00167083740234375,.csv
patients/N_38_curve_masked/pred_binary_confidence.png,data/patient_reconstructed_predictions/patients/N_38_curve_masked/pred_binary_confidence.png,27440,0.0261688232421875,.png
patients/N_38_curve_masked/pred_boundary.png,data/patient_reconstructed_predictions/patients/N_38_curve_masked/pred_boundary.png,30614,0.029195785522460938,.png
patients/N_38_curve_masked/pred_intervertebral.png,data/patient_reconstructed_predictions/patients/N_38_curve_masked/pred_intervertebral.png,28978,0.027635574340820312,.png
patients/N_38_curve_masked/pred_multiclass_global.png,data/patient_reconstructed_predictions/patients/N_38_curve_masked/pred_multiclass_global.png,6477,0.006176948547363281,.png
patients/N_38_curve_masked/pred_ordinal.png,data/patient_reconstructed_predictions/patients/N_38_curve_masked/pred_ordinal.png,44276,0.042224884033203125,.png
patients/N_38_curve_masked/reconstruction_summary.json,data/patient_reconstructed_predictions/patients/N_38_curve_masked/reconstruction_summary.json,373,0.00035572052001953125,.json
patients/N_39_curve_masked/normalized_full_image_used.png,data/patient_reconstructed_predictions/patients/N_39_curve_masked/normalized_full_image_used.png,23431,0.022345542907714844,.png
patients/N_39_curve_masked/overlay_pred_regions_curve.png,data/patient_reconstructed_predictions/patients/N_39_curve_masked/overlay_pred_regions_curve.png,44032,0.0419921875,.png
patients/N_39_curve_masked/pasted_patches.csv,data/patient_reconstructed_predictions/patients/N_39_curve_masked/pasted_patches.csv,1753,0.0016717910766601562,.csv
patients/N_39_curve_masked/pred_binary_confidence.png,data/patient_reconstructed_predictions/patients/N_39_curve_masked/pred_binary_confidence.png,27303,0.026038169860839844,.png
patients/N_39_curve_masked/pred_boundary.png,data/patient_reconstructed_predictions/patients/N_39_curve_masked/pred_boundary.png,30600,0.02918243408203125,.png
patients/N_39_curve_masked/pred_intervertebral.png,data/patient_reconstructed_predictions/patients/N_39_curve_masked/pred_intervertebral.png,29001,0.027657508850097656,.png
patients/N_39_curve_masked/pred_multiclass_global.png,data/patient_reconstructed_predictions/patients/N_39_curve_masked/pred_multiclass_global.png,5798,0.0055294036865234375,.png
patients/N_39_curve_masked/pred_ordinal.png,data/patient_reconstructed_predictions/patients/N_39_curve_masked/pred_ordinal.png,44956,0.042873382568359375,.png
patients/N_39_curve_masked/reconstruction_summary.json,data/patient_reconstructed_predictions/patients/N_39_curve_masked/reconstruction_summary.json,372,0.000354766845703125,.json
patients/N_3_curve_masked/normalized_full_image_used.png,data/patient_reconstructed_predictions/patients/N_3_curve_masked/normalized_full_image_used.png,33601,0.032044410705566406,.png
patients/N_3_curve_masked/overlay_pred_regions_curve.png,data/patient_reconstructed_predictions/patients/N_3_curve_masked/overlay_pred_regions_curve.png,68782,0.06559562683105469,.png
patients/N_3_curve_masked/pasted_patches.csv,data/patient_reconstructed_predictions/patients/N_3_curve_masked/pasted_patches.csv,1717,0.0016374588012695312,.csv
patients/N_3_curve_masked/pred_binary_confidence.png,data/patient_reconstructed_predictions/patients/N_3_curve_masked/pred_binary_confidence.png,29250,0.027894973754882812,.png
patients/N_3_curve_masked/pred_boundary.png,data/patient_reconstructed_predictions/patients/N_3_curve_masked/pred_boundary.png,33591,0.032034873962402344,.png
patients/N_3_curve_masked/pred_intervertebral.png,data/patient_reconstructed_predictions/patients/N_3_curve_masked/pred_intervertebral.png,31363,0.02991008758544922,.png
patients/N_3_curve_masked/pred_multiclass_global.png,data/patient_reconstructed_predictions/patients/N_3_curve_masked/pred_multiclass_global.png,6165,0.005879402160644531,.png
patients/N_3_curve_masked/pred_ordinal.png,data/patient_reconstructed_predictions/patients/N_3_curve_masked/pred_ordinal.png,46028,0.043895721435546875,.png
patients/N_3_curve_masked/reconstruction_summary.json,data/patient_reconstructed_predictions/patients/N_3_curve_masked/reconstruction_summary.json,370,0.0003528594970703125,.json
patients/N_40_curve_masked/normalized_full_image_used.png,data/patient_reconstructed_predictions/patients/N_40_curve_masked/normalized_full_image_used.png,31072,0.029632568359375,.png
patients/N_40_curve_masked/overlay_pred_regions_curve.png,data/patient_reconstructed_predictions/patients/N_40_curve_masked/overlay_pred_regions_curve.png,61890,0.05902290344238281,.png
patients/N_40_curve_masked/pasted_patches.csv,data/patient_reconstructed_predictions/patients/N_40_curve_masked/pasted_patches.csv,1763,0.0016813278198242188,.csv
patients/N_40_curve_masked/pred_binary_confidence.png,data/patient_reconstructed_predictions/patients/N_40_curve_masked/pred_binary_confidence.png,30629,0.02921009063720703,.png
patients/N_40_curve_masked/pred_boundary.png,data/patient_reconstructed_predictions/patients/N_40_curve_masked/pred_boundary.png,33581,0.03202533721923828,.png
patients/N_40_curve_masked/pred_intervertebral.png,data/patient_reconstructed_predictions/patients/N_40_curve_masked/pred_intervertebral.png,32336,0.0308380126953125,.png
patients/N_40_curve_masked/pred_multiclass_global.png,data/patient_reconstructed_predictions/patients/N_40_curve_masked/pred_multiclass_global.png,6543,0.006239891052246094,.png
patients/N_40_curve_masked/pred_ordinal.png,data/patient_reconstructed_predictions/patients/N_40_curve_masked/pred_ordinal.png,41617,0.039689064025878906,.png
patients/N_40_curve_masked/reconstruction_summary.json,data/patient_reconstructed_predictions/patients/N_40_curve_masked/reconstruction_summary.json,373,0.00035572052001953125,.json
patients/N_41_curve_masked/normalized_full_image_used.png,data/patient_reconstructed_predictions/patients/N_41_curve_masked/normalized_full_image_used.png,24203,0.02308177947998047,.png
patients/N_41_curve_masked/overlay_pred_regions_curve.png,data/patient_reconstructed_predictions/patients/N_41_curve_masked/overlay_pred_regions_curve.png,49800,0.04749298095703125,.png
patients/N_41_curve_masked/pasted_patches.csv,data/patient_reconstructed_predictions/patients/N_41_curve_masked/pasted_patches.csv,1742,0.0016613006591796875,.csv
patients/N_41_curve_masked/pred_binary_confidence.png,data/patient_reconstructed_predictions/patients/N_41_curve_masked/pred_binary_confidence.png,23613,0.02251911163330078,.png
patients/N_41_curve_masked/pred_boundary.png,data/patient_reconstructed_predictions/patients/N_41_curve_masked/pred_boundary.png,25791,0.024596214294433594,.png
patients/N_41_curve_masked/pred_intervertebral.png,data/patient_reconstructed_predictions/patients/N_41_curve_masked/pred_intervertebral.png,24493,0.02335834503173828,.png
patients/N_41_curve_masked/pred_multiclass_global.png,data/patient_reconstructed_predictions/patients/N_41_curve_masked/pred_multiclass_global.png,6235,0.005946159362792969,.png
patients/N_41_curve_masked/pred_ordinal.png,data/patient_reconstructed_predictions/patients/N_41_curve_masked/pred_ordinal.png,44681,0.042611122131347656,.png
patients/N_41_curve_masked/reconstruction_summary.json,data/patient_reconstructed_predictions/patients/N_41_curve_masked/reconstruction_summary.json,372,0.000354766845703125,.json
patients/N_42_curve_masked/normalized_full_image_used.png,data/patient_reconstructed_predictions/patients/N_42_curve_masked/normalized_full_image_used.png,23752,0.02265167236328125,.png
patients/N_42_curve_masked/overlay_pred_regions_curve.png,data/patient_reconstructed_predictions/patients/N_42_curve_masked/overlay_pred_regions_curve.png,51557,0.04916858673095703,.png
patients/N_42_curve_masked/pasted_patches.csv,data/patient_reconstructed_predictions/patients/N_42_curve_masked/pasted_patches.csv,1745,0.0016641616821289062,.csv
patients/N_42_curve_masked/pred_binary_confidence.png,data/patient_reconstructed_predictions/patients/N_42_curve_masked/pred_binary_confidence.png,24555,0.02341747283935547,.png
patients/N_42_curve_masked/pred_boundary.png,data/patient_reconstructed_predictions/patients/N_42_curve_masked/pred_boundary.png,26786,0.025545120239257812,.png
patients/N_42_curve_masked/pred_intervertebral.png,data/patient_reconstructed_predictions/patients/N_42_curve_masked/pred_intervertebral.png,25701,0.02451038360595703,.png
patients/N_42_curve_masked/pred_multiclass_global.png,data/patient_reconstructed_predictions/patients/N_42_curve_masked/pred_multiclass_global.png,6607,0.006300926208496094,.png
patients/N_42_curve_masked/pred_ordinal.png,data/patient_reconstructed_predictions/patients/N_42_curve_masked/pred_ordinal.png,48380,0.046138763427734375,.png
patients/N_42_curve_masked/reconstruction_summary.json,data/patient_reconstructed_predictions/patients/N_42_curve_masked/reconstruction_summary.json,367,0.00034999847412109375,.json
patients/N_43_curve_masked/normalized_full_image_used.png,data/patient_reconstructed_predictions/patients/N_43_curve_masked/normalized_full_image_used.png,24052,0.022937774658203125,.png
patients/N_43_curve_masked/overlay_pred_regions_curve.png,data/patient_reconstructed_predictions/patients/N_43_curve_masked/overlay_pred_regions_curve.png,49993,0.047677040100097656,.png
patients/N_43_curve_masked/pasted_patches.csv,data/patient_reconstructed_predictions/patients/N_43_curve_masked/pasted_patches.csv,1755,0.0016736984252929688,.csv
patients/N_43_curve_masked/pred_binary_confidence.png,data/patient_reconstructed_predictions/patients/N_43_curve_masked/pred_binary_confidence.png,24592,0.0234527587890625,.png
patients/N_43_curve_masked/pred_boundary.png,data/patient_reconstructed_predictions/patients/N_43_curve_masked/pred_boundary.png,26947,0.02569866180419922,.png
patients/N_43_curve_masked/pred_intervertebral.png,data/patient_reconstructed_predictions/patients/N_43_curve_masked/pred_intervertebral.png,25977,0.024773597717285156,.png
patients/N_43_curve_masked/pred_multiclass_global.png,data/patient_reconstructed_predictions/patients/N_43_curve_masked/pred_multiclass_global.png,6087,0.005805015563964844,.png
patients/N_43_curve_masked/pred_ordinal.png,data/patient_reconstructed_predictions/patients/N_43_curve_masked/pred_ordinal.png,49331,0.04704570770263672,.png
patients/N_43_curve_masked/reconstruction_summary.json,data/patient_reconstructed_predictions/patients/N_43_curve_masked/reconstruction_summary.json,372,0.000354766845703125,.json
patients/N_44_curve_masked/normalized_full_image_used.png,data/patient_reconstructed_predictions/patients/N_44_curve_masked/normalized_full_image_used.png,27461,0.02618885040283203,.png
patients/N_44_curve_masked/overlay_pred_regions_curve.png,data/patient_reconstructed_predictions/patients/N_44_curve_masked/overlay_pred_regions_curve.png,55904,0.053314208984375,.png
patients/N_44_curve_masked/pasted_patches.csv,data/patient_reconstructed_predictions/patients/N_44_curve_masked/pasted_patches.csv,1758,0.0016765594482421875,.csv
patients/N_44_curve_masked/pred_binary_confidence.png,data/patient_reconstructed_predictions/patients/N_44_curve_masked/pred_binary_confidence.png,26729,0.025490760803222656,.png
patients/N_44_curve_masked/pred_boundary.png,data/patient_reconstructed_predictions/patients/N_44_curve_masked/pred_boundary.png,29160,0.02780914306640625,.png
patients/N_44_curve_masked/pred_intervertebral.png,data/patient_reconstructed_predictions/patients/N_44_curve_masked/pred_intervertebral.png,27762,0.026475906372070312,.png
patients/N_44_curve_masked/pred_multiclass_global.png,data/patient_reconstructed_predictions/patients/N_44_curve_masked/pred_multiclass_global.png,6449,0.006150245666503906,.png
patients/N_44_curve_masked/pred_ordinal.png,data/patient_reconstructed_predictions/patients/N_44_curve_masked/pred_ordinal.png,48930,0.04666328430175781,.png
patients/N_44_curve_masked/reconstruction_summary.json,data/patient_reconstructed_predictions/patients/N_44_curve_masked/reconstruction_summary.json,372,0.000354766845703125,.json
patients/N_45_curve_masked/normalized_full_image_used.png,data/patient_reconstructed_predictions/patients/N_45_curve_masked/normalized_full_image_used.png,22166,0.021139144897460938,.png
patients/N_45_curve_masked/overlay_pred_regions_curve.png,data/patient_reconstructed_predictions/patients/N_45_curve_masked/overlay_pred_regions_curve.png,45034,0.04294776916503906,.png
patients/N_45_curve_masked/pasted_patches.csv,data/patient_reconstructed_predictions/patients/N_45_curve_masked/pasted_patches.csv,1756,0.001674652099609375,.csv
patients/N_45_curve_masked/pred_binary_confidence.png,data/patient_reconstructed_predictions/patients/N_45_curve_masked/pred_binary_confidence.png,23350,0.022268295288085938,.png
patients/N_45_curve_masked/pred_boundary.png,data/patient_reconstructed_predictions/patients/N_45_curve_masked/pred_boundary.png,26487,0.025259971618652344,.png
patients/N_45_curve_masked/pred_intervertebral.png,data/patient_reconstructed_predictions/patients/N_45_curve_masked/pred_intervertebral.png,24856,0.02370452880859375,.png
patients/N_45_curve_masked/pred_multiclass_global.png,data/patient_reconstructed_predictions/patients/N_45_curve_masked/pred_multiclass_global.png,5990,0.0057125091552734375,.png
patients/N_45_curve_masked/pred_ordinal.png,data/patient_reconstructed_predictions/patients/N_45_curve_masked/pred_ordinal.png,48526,0.04627799987792969,.png
patients/N_45_curve_masked/reconstruction_summary.json,data/patient_reconstructed_predictions/patients/N_45_curve_masked/reconstruction_summary.json,372,0.000354766845703125,.json
patients/N_46_curve_masked/normalized_full_image_used.png,data/patient_reconstructed_predictions/patients/N_46_curve_masked/normalized_full_image_used.png,26273,0.025055885314941406,.png
patients/N_46_curve_masked/overlay_pred_regions_curve.png,data/patient_reconstructed_predictions/patients/N_46_curve_masked/overlay_pred_regions_curve.png,53129,0.050667762756347656,.png
patients/N_46_curve_masked/pasted_patches.csv,data/patient_reconstructed_predictions/patients/N_46_curve_masked/pasted_patches.csv,1758,0.0016765594482421875,.csv
patients/N_46_curve_masked/pred_binary_confidence.png,data/patient_reconstructed_predictions/patients/N_46_curve_masked/pred_binary_confidence.png,26125,0.02491474151611328,.png
patients/N_46_curve_masked/pred_boundary.png,data/patient_reconstructed_predictions/patients/N_46_curve_masked/pred_boundary.png,28519,0.027197837829589844,.png
patients/N_46_curve_masked/pred_intervertebral.png,data/patient_reconstructed_predictions/patients/N_46_curve_masked/pred_intervertebral.png,27078,0.025823593139648438,.png
patients/N_46_curve_masked/pred_multiclass_global.png,data/patient_reconstructed_predictions/patients/N_46_curve_masked/pred_multiclass_global.png,6254,0.0059642791748046875,.png
patients/N_46_curve_masked/pred_ordinal.png,data/patient_reconstructed_predictions/patients/N_46_curve_masked/pred_ordinal.png,51057,0.048691749572753906,.png
patients/N_46_curve_masked/reconstruction_summary.json,data/patient_reconstructed_predictions/patients/N_46_curve_masked/reconstruction_summary.json,372,0.000354766845703125,.json
patients/N_47_curve_masked/normalized_full_image_used.png,data/patient_reconstructed_predictions/patients/N_47_curve_masked/normalized_full_image_used.png,21971,0.02095317840576172,.png
patients/N_47_curve_masked/overlay_pred_regions_curve.png,data/patient_reconstructed_predictions/patients/N_47_curve_masked/overlay_pred_regions_curve.png,45803,0.04368114471435547,.png
patients/N_47_curve_masked/pasted_patches.csv,data/patient_reconstructed_predictions/patients/N_47_curve_masked/pasted_patches.csv,1752,0.00167083740234375,.csv
patients/N_47_curve_masked/pred_binary_confidence.png,data/patient_reconstructed_predictions/patients/N_47_curve_masked/pred_binary_confidence.png,24197,0.02307605743408203,.png
patients/N_47_curve_masked/pred_boundary.png,data/patient_reconstructed_predictions/patients/N_47_curve_masked/pred_boundary.png,26464,0.025238037109375,.png
patients/N_47_curve_masked/pred_intervertebral.png,data/patient_reconstructed_predictions/patients/N_47_curve_masked/pred_intervertebral.png,25188,0.024021148681640625,.png
patients/N_47_curve_masked/pred_multiclass_global.png,data/patient_reconstructed_predictions/patients/N_47_curve_masked/pred_multiclass_global.png,6167,0.005881309509277344,.png
patients/N_47_curve_masked/pred_ordinal.png,data/patient_reconstructed_predictions/patients/N_47_curve_masked/pred_ordinal.png,46596,0.044437408447265625,.png
patients/N_47_curve_masked/reconstruction_summary.json,data/patient_reconstructed_predictions/patients/N_47_curve_masked/reconstruction_summary.json,372,0.000354766845703125,.json
patients/N_48_curve_masked/normalized_full_image_used.png,data/patient_reconstructed_predictions/patients/N_48_curve_masked/normalized_full_image_used.png,25065,0.023903846740722656,.png
patients/N_48_curve_masked/overlay_pred_regions_curve.png,data/patient_reconstructed_predictions/patients/N_48_curve_masked/overlay_pred_regions_curve.png,51496,0.04911041259765625,.png
patients/N_48_curve_masked/pasted_patches.csv,data/patient_reconstructed_predictions/patients/N_48_curve_masked/pasted_patches.csv,1757,0.0016756057739257812,.csv
patients/N_48_curve_masked/pred_binary_confidence.png,data/patient_reconstructed_predictions/patients/N_48_curve_masked/pred_binary_confidence.png,27663,0.026381492614746094,.png
patients/N_48_curve_masked/pred_boundary.png,data/patient_reconstructed_predictions/patients/N_48_curve_masked/pred_boundary.png,30118,0.028722763061523438,.png
patients/N_48_curve_masked/pred_intervertebral.png,data/patient_reconstructed_predictions/patients/N_48_curve_masked/pred_intervertebral.png,28464,0.0271453857421875,.png
patients/N_48_curve_masked/pred_multiclass_global.png,data/patient_reconstructed_predictions/patients/N_48_curve_masked/pred_multiclass_global.png,6409,0.006112098693847656,.png
patients/N_48_curve_masked/pred_ordinal.png,data/patient_reconstructed_predictions/patients/N_48_curve_masked/pred_ordinal.png,47947,0.04572582244873047,.png
patients/N_48_curve_masked/reconstruction_summary.json,data/patient_reconstructed_predictions/patients/N_48_curve_masked/reconstruction_summary.json,372,0.000354766845703125,.json
patients/N_49_curve_masked/normalized_full_image_used.png,data/patient_reconstructed_predictions/patients/N_49_curve_masked/normalized_full_image_used.png,24506,0.023370742797851562,.png
patients/N_49_curve_masked/overlay_pred_regions_curve.png,data/patient_reconstructed_predictions/patients/N_49_curve_masked/overlay_pred_regions_curve.png,51957,0.04955005645751953,.png
patients/N_49_curve_masked/pasted_patches.csv,data/patient_reconstructed_predictions/patients/N_49_curve_masked/pasted_patches.csv,1744,0.0016632080078125,.csv
patients/N_49_curve_masked/pred_binary_confidence.png,data/patient_reconstructed_predictions/patients/N_49_curve_masked/pred_binary_confidence.png,26629,0.02539539337158203,.png
patients/N_49_curve_masked/pred_boundary.png,data/patient_reconstructed_predictions/patients/N_49_curve_masked/pred_boundary.png,28999,0.027655601501464844,.png
patients/N_49_curve_masked/pred_intervertebral.png,data/patient_reconstructed_predictions/patients/N_49_curve_masked/pred_intervertebral.png,27560,0.02628326416015625,.png
patients/N_49_curve_masked/pred_multiclass_global.png,data/patient_reconstructed_predictions/patients/N_49_curve_masked/pred_multiclass_global.png,6044,0.005764007568359375,.png
patients/N_49_curve_masked/pred_ordinal.png,data/patient_reconstructed_predictions/patients/N_49_curve_masked/pred_ordinal.png,46622,0.04446220397949219,.png
patients/N_49_curve_masked/reconstruction_summary.json,data/patient_reconstructed_predictions/patients/N_49_curve_masked/reconstruction_summary.json,372,0.000354766845703125,.json
patients/N_4_curve_masked/normalized_full_image_used.png,data/patient_reconstructed_predictions/patients/N_4_curve_masked/normalized_full_image_used.png,23897,0.022789955139160156,.png
patients/N_4_curve_masked/overlay_pred_regions_curve.png,data/patient_reconstructed_predictions/patients/N_4_curve_masked/overlay_pred_regions_curve.png,49847,0.047537803649902344,.png
patients/N_4_curve_masked/pasted_patches.csv,data/patient_reconstructed_predictions/patients/N_4_curve_masked/pasted_patches.csv,1720,0.00164031982421875,.csv
patients/N_4_curve_masked/pred_binary_confidence.png,data/patient_reconstructed_predictions/patients/N_4_curve_masked/pred_binary_confidence.png,23692,0.022594451904296875,.png
patients/N_4_curve_masked/pred_boundary.png,data/patient_reconstructed_predictions/patients/N_4_curve_masked/pred_boundary.png,26265,0.025048255920410156,.png
patients/N_4_curve_masked/pred_intervertebral.png,data/patient_reconstructed_predictions/patients/N_4_curve_masked/pred_intervertebral.png,24932,0.023777008056640625,.png
patients/N_4_curve_masked/pred_multiclass_global.png,data/patient_reconstructed_predictions/patients/N_4_curve_masked/pred_multiclass_global.png,5213,0.004971504211425781,.png
patients/N_4_curve_masked/pred_ordinal.png,data/patient_reconstructed_predictions/patients/N_4_curve_masked/pred_ordinal.png,45572,0.043460845947265625,.png
patients/N_4_curve_masked/reconstruction_summary.json,data/patient_reconstructed_predictions/patients/N_4_curve_masked/reconstruction_summary.json,371,0.00035381317138671875,.json
patients/N_50_curve_masked/normalized_full_image_used.png,data/patient_reconstructed_predictions/patients/N_50_curve_masked/normalized_full_image_used.png,28194,0.026887893676757812,.png
patients/N_50_curve_masked/overlay_pred_regions_curve.png,data/patient_reconstructed_predictions/patients/N_50_curve_masked/overlay_pred_regions_curve.png,55839,0.053252220153808594,.png
patients/N_50_curve_masked/pasted_patches.csv,data/patient_reconstructed_predictions/patients/N_50_curve_masked/pasted_patches.csv,1758,0.0016765594482421875,.csv
patients/N_50_curve_masked/pred_binary_confidence.png,data/patient_reconstructed_predictions/patients/N_50_curve_masked/pred_binary_confidence.png,26927,0.025679588317871094,.png
patients/N_50_curve_masked/pred_boundary.png,data/patient_reconstructed_predictions/patients/N_50_curve_masked/pred_boundary.png,30138,0.028741836547851562,.png
patients/N_50_curve_masked/pred_intervertebral.png,data/patient_reconstructed_predictions/patients/N_50_curve_masked/pred_intervertebral.png,28067,0.02676677703857422,.png
patients/N_50_curve_masked/pred_multiclass_global.png,data/patient_reconstructed_predictions/patients/N_50_curve_masked/pred_multiclass_global.png,6123,0.005839347839355469,.png
patients/N_50_curve_masked/pred_ordinal.png,data/patient_reconstructed_predictions/patients/N_50_curve_masked/pred_ordinal.png,43905,0.041871070861816406,.png
patients/N_50_curve_masked/reconstruction_summary.json,data/patient_reconstructed_predictions/patients/N_50_curve_masked/reconstruction_summary.json,373,0.00035572052001953125,.json
patients/N_51_curve_masked/normalized_full_image_used.png,data/patient_reconstructed_predictions/patients/N_51_curve_masked/normalized_full_image_used.png,26953,0.025704383850097656,.png
patients/N_51_curve_masked/overlay_pred_regions_curve.png,data/patient_reconstructed_predictions/patients/N_51_curve_masked/overlay_pred_regions_curve.png,54939,0.05239391326904297,.png
patients/N_51_curve_masked/pasted_patches.csv,data/patient_reconstructed_predictions/patients/N_51_curve_masked/pasted_patches.csv,1748,0.001667022705078125,.csv
patients/N_51_curve_masked/pred_binary_confidence.png,data/patient_reconstructed_predictions/patients/N_51_curve_masked/pred_binary_confidence.png,27496,0.02622222900390625,.png
patients/N_51_curve_masked/pred_boundary.png,data/patient_reconstructed_predictions/patients/N_51_curve_masked/pred_boundary.png,30518,0.029104232788085938,.png
patients/N_51_curve_masked/pred_intervertebral.png,data/patient_reconstructed_predictions/patients/N_51_curve_masked/pred_intervertebral.png,29164,0.027812957763671875,.png
patients/N_51_curve_masked/pred_multiclass_global.png,data/patient_reconstructed_predictions/patients/N_51_curve_masked/pred_multiclass_global.png,5556,0.005298614501953125,.png
patients/N_51_curve_masked/pred_ordinal.png,data/patient_reconstructed_predictions/patients/N_51_curve_masked/pred_ordinal.png,51592,0.04920196533203125,.png
patients/N_51_curve_masked/reconstruction_summary.json,data/patient_reconstructed_predictions/patients/N_51_curve_masked/reconstruction_summary.json,373,0.00035572052001953125,.json
patients/N_52_curve_masked/normalized_full_image_used.png,data/patient_reconstructed_predictions/patients/N_52_curve_masked/normalized_full_image_used.png,25829,0.02463245391845703,.png
patients/N_52_curve_masked/overlay_pred_regions_curve.png,data/patient_reconstructed_predictions/patients/N_52_curve_masked/overlay_pred_regions_curve.png,50361,0.048027992248535156,.png
patients/N_52_curve_masked/pasted_patches.csv,data/patient_reconstructed_predictions/patients/N_52_curve_masked/pasted_patches.csv,1756,0.001674652099609375,.csv
patients/N_52_curve_masked/pred_binary_confidence.png,data/patient_reconstructed_predictions/patients/N_52_curve_masked/pred_binary_confidence.png,26993,0.025742530822753906,.png
patients/N_52_curve_masked/pred_boundary.png,data/patient_reconstructed_predictions/patients/N_52_curve_masked/pred_boundary.png,29390,0.028028488159179688,.png
patients/N_52_curve_masked/pred_intervertebral.png,data/patient_reconstructed_predictions/patients/N_52_curve_masked/pred_intervertebral.png,27715,0.02643108367919922,.png
patients/N_52_curve_masked/pred_multiclass_global.png,data/patient_reconstructed_predictions/patients/N_52_curve_masked/pred_multiclass_global.png,6339,0.006045341491699219,.png
patients/N_52_curve_masked/pred_ordinal.png,data/patient_reconstructed_predictions/patients/N_52_curve_masked/pred_ordinal.png,43439,0.041426658630371094,.png
patients/N_52_curve_masked/reconstruction_summary.json,data/patient_reconstructed_predictions/patients/N_52_curve_masked/reconstruction_summary.json,373,0.00035572052001953125,.json
patients/N_53_curve_masked/normalized_full_image_used.png,data/patient_reconstructed_predictions/patients/N_53_curve_masked/normalized_full_image_used.png,21388,0.020397186279296875,.png
patients/N_53_curve_masked/overlay_pred_regions_curve.png,data/patient_reconstructed_predictions/patients/N_53_curve_masked/overlay_pred_regions_curve.png,43333,0.04132556915283203,.png
patients/N_53_curve_masked/pasted_patches.csv,data/patient_reconstructed_predictions/patients/N_53_curve_masked/pasted_patches.csv,1753,0.0016717910766601562,.csv
patients/N_53_curve_masked/pred_binary_confidence.png,data/patient_reconstructed_predictions/patients/N_53_curve_masked/pred_binary_confidence.png,23253,0.02217578887939453,.png
patients/N_53_curve_masked/pred_boundary.png,data/patient_reconstructed_predictions/patients/N_53_curve_masked/pred_boundary.png,25480,0.02429962158203125,.png
patients/N_53_curve_masked/pred_intervertebral.png,data/patient_reconstructed_predictions/patients/N_53_curve_masked/pred_intervertebral.png,24224,0.023101806640625,.png
patients/N_53_curve_masked/pred_multiclass_global.png,data/patient_reconstructed_predictions/patients/N_53_curve_masked/pred_multiclass_global.png,6100,0.005817413330078125,.png
patients/N_53_curve_masked/pred_ordinal.png,data/patient_reconstructed_predictions/patients/N_53_curve_masked/pred_ordinal.png,45554,0.04344367980957031,.png
patients/N_53_curve_masked/reconstruction_summary.json,data/patient_reconstructed_predictions/patients/N_53_curve_masked/reconstruction_summary.json,371,0.00035381317138671875,.json
patients/N_54_curve_masked/normalized_full_image_used.png,data/patient_reconstructed_predictions/patients/N_54_curve_masked/normalized_full_image_used.png,27739,0.02645397186279297,.png
patients/N_54_curve_masked/overlay_pred_regions_curve.png,data/patient_reconstructed_predictions/patients/N_54_curve_masked/overlay_pred_regions_curve.png,56722,0.05409431457519531,.png
patients/N_54_curve_masked/pasted_patches.csv,data/patient_reconstructed_predictions/patients/N_54_curve_masked/pasted_patches.csv,1753,0.0016717910766601562,.csv
patients/N_54_curve_masked/pred_binary_confidence.png,data/patient_reconstructed_predictions/patients/N_54_curve_masked/pred_binary_confidence.png,26369,0.025147438049316406,.png
patients/N_54_curve_masked/pred_boundary.png,data/patient_reconstructed_predictions/patients/N_54_curve_masked/pred_boundary.png,29029,0.02768421173095703,.png
patients/N_54_curve_masked/pred_intervertebral.png,data/patient_reconstructed_predictions/patients/N_54_curve_masked/pred_intervertebral.png,27690,0.026407241821289062,.png
patients/N_54_curve_masked/pred_multiclass_global.png,data/patient_reconstructed_predictions/patients/N_54_curve_masked/pred_multiclass_global.png,6452,0.006153106689453125,.png
patients/N_54_curve_masked/pred_ordinal.png,data/patient_reconstructed_predictions/patients/N_54_curve_masked/pred_ordinal.png,46380,0.044231414794921875,.png
patients/N_54_curve_masked/reconstruction_summary.json,data/patient_reconstructed_predictions/patients/N_54_curve_masked/reconstruction_summary.json,373,0.00035572052001953125,.json
patients/N_55_curve_masked/normalized_full_image_used.png,data/patient_reconstructed_predictions/patients/N_55_curve_masked/normalized_full_image_used.png,26662,0.025426864624023438,.png
patients/N_55_curve_masked/overlay_pred_regions_curve.png,data/patient_reconstructed_predictions/patients/N_55_curve_masked/overlay_pred_regions_curve.png,55002,0.05245399475097656,.png
patients/N_55_curve_masked/pasted_patches.csv,data/patient_reconstructed_predictions/patients/N_55_curve_masked/pasted_patches.csv,1748,0.001667022705078125,.csv
patients/N_55_curve_masked/pred_binary_confidence.png,data/patient_reconstructed_predictions/patients/N_55_curve_masked/pred_binary_confidence.png,26509,0.02528095245361328,.png
patients/N_55_curve_masked/pred_boundary.png,data/patient_reconstructed_predictions/patients/N_55_curve_masked/pred_boundary.png,29423,0.028059959411621094,.png
patients/N_55_curve_masked/pred_intervertebral.png,data/patient_reconstructed_predictions/patients/N_55_curve_masked/pred_intervertebral.png,28070,0.026769638061523438,.png
patients/N_55_curve_masked/pred_multiclass_global.png,data/patient_reconstructed_predictions/patients/N_55_curve_masked/pred_multiclass_global.png,6008,0.00572967529296875,.png
patients/N_55_curve_masked/pred_ordinal.png,data/patient_reconstructed_predictions/patients/N_55_curve_masked/pred_ordinal.png,48174,0.04594230651855469,.png
patients/N_55_curve_masked/reconstruction_summary.json,data/patient_reconstructed_predictions/patients/N_55_curve_masked/reconstruction_summary.json,373,0.00035572052001953125,.json
patients/N_56_curve_masked/normalized_full_image_used.png,data/patient_reconstructed_predictions/patients/N_56_curve_masked/normalized_full_image_used.png,27591,0.026312828063964844,.png
patients/N_56_curve_masked/overlay_pred_regions_curve.png,data/patient_reconstructed_predictions/patients/N_56_curve_masked/overlay_pred_regions_curve.png,58775,0.056052207946777344,.png
patients/N_56_curve_masked/pasted_patches.csv,data/patient_reconstructed_predictions/patients/N_56_curve_masked/pasted_patches.csv,1756,0.001674652099609375,.csv
patients/N_56_curve_masked/pred_binary_confidence.png,data/patient_reconstructed_predictions/patients/N_56_curve_masked/pred_binary_confidence.png,28258,0.026948928833007812,.png
patients/N_56_curve_masked/pred_boundary.png,data/patient_reconstructed_predictions/patients/N_56_curve_masked/pred_boundary.png,31077,0.02963733673095703,.png
patients/N_56_curve_masked/pred_intervertebral.png,data/patient_reconstructed_predictions/patients/N_56_curve_masked/pred_intervertebral.png,29405,0.02804279327392578,.png
patients/N_56_curve_masked/pred_multiclass_global.png,data/patient_reconstructed_predictions/patients/N_56_curve_masked/pred_multiclass_global.png,6562,0.0062580108642578125,.png
patients/N_56_curve_masked/pred_ordinal.png,data/patient_reconstructed_predictions/patients/N_56_curve_masked/pred_ordinal.png,47006,0.04482841491699219,.png
patients/N_56_curve_masked/reconstruction_summary.json,data/patient_reconstructed_predictions/patients/N_56_curve_masked/reconstruction_summary.json,372,0.000354766845703125,.json
patients/N_57_curve_masked/normalized_full_image_used.png,data/patient_reconstructed_predictions/patients/N_57_curve_masked/normalized_full_image_used.png,23407,0.022322654724121094,.png
patients/N_57_curve_masked/overlay_pred_regions_curve.png,data/patient_reconstructed_predictions/patients/N_57_curve_masked/overlay_pred_regions_curve.png,45898,0.04377174377441406,.png
patients/N_57_curve_masked/pasted_patches.csv,data/patient_reconstructed_predictions/patients/N_57_curve_masked/pasted_patches.csv,1755,0.0016736984252929688,.csv
patients/N_57_curve_masked/pred_binary_confidence.png,data/patient_reconstructed_predictions/patients/N_57_curve_masked/pred_binary_confidence.png,26529,0.025300025939941406,.png
patients/N_57_curve_masked/pred_boundary.png,data/patient_reconstructed_predictions/patients/N_57_curve_masked/pred_boundary.png,28887,0.027548789978027344,.png
patients/N_57_curve_masked/pred_intervertebral.png,data/patient_reconstructed_predictions/patients/N_57_curve_masked/pred_intervertebral.png,27561,0.026284217834472656,.png
patients/N_57_curve_masked/pred_multiclass_global.png,data/patient_reconstructed_predictions/patients/N_57_curve_masked/pred_multiclass_global.png,6506,0.0062046051025390625,.png
patients/N_57_curve_masked/pred_ordinal.png,data/patient_reconstructed_predictions/patients/N_57_curve_masked/pred_ordinal.png,50283,0.04795360565185547,.png
patients/N_57_curve_masked/reconstruction_summary.json,data/patient_reconstructed_predictions/patients/N_57_curve_masked/reconstruction_summary.json,372,0.000354766845703125,.json
patients/N_58_curve_masked/normalized_full_image_used.png,data/patient_reconstructed_predictions/patients/N_58_curve_masked/normalized_full_image_used.png,26946,0.025697708129882812,.png
patients/N_58_curve_masked/overlay_pred_regions_curve.png,data/patient_reconstructed_predictions/patients/N_58_curve_masked/overlay_pred_regions_curve.png,56603,0.05398082733154297,.png
patients/N_58_curve_masked/pasted_patches.csv,data/patient_reconstructed_predictions/patients/N_58_curve_masked/pasted_patches.csv,1746,0.0016651153564453125,.csv
patients/N_58_curve_masked/pred_binary_confidence.png,data/patient_reconstructed_predictions/patients/N_58_curve_masked/pred_binary_confidence.png,26892,0.025646209716796875,.png
patients/N_58_curve_masked/pred_boundary.png,data/patient_reconstructed_predictions/patients/N_58_curve_masked/pred_boundary.png,29790,0.028409957885742188,.png
patients/N_58_curve_masked/pred_intervertebral.png,data/patient_reconstructed_predictions/patients/N_58_curve_masked/pred_intervertebral.png,28378,0.027063369750976562,.png
patients/N_58_curve_masked/pred_multiclass_global.png,data/patient_reconstructed_predictions/patients/N_58_curve_masked/pred_multiclass_global.png,6330,0.0060367584228515625,.png
patients/N_58_curve_masked/pred_ordinal.png,data/patient_reconstructed_predictions/patients/N_58_curve_masked/pred_ordinal.png,51885,0.04948139190673828,.png
patients/N_58_curve_masked/reconstruction_summary.json,data/patient_reconstructed_predictions/patients/N_58_curve_masked/reconstruction_summary.json,372,0.000354766845703125,.json
patients/N_59_curve_masked/normalized_full_image_used.png,data/patient_reconstructed_predictions/patients/N_59_curve_masked/normalized_full_image_used.png,26156,0.024944305419921875,.png
patients/N_59_curve_masked/overlay_pred_regions_curve.png,data/patient_reconstructed_predictions/patients/N_59_curve_masked/overlay_pred_regions_curve.png,52304,0.0498809814453125,.png
patients/N_59_curve_masked/pasted_patches.csv,data/patient_reconstructed_predictions/patients/N_59_curve_masked/pasted_patches.csv,1748,0.001667022705078125,.csv
patients/N_59_curve_masked/pred_binary_confidence.png,data/patient_reconstructed_predictions/patients/N_59_curve_masked/pred_binary_confidence.png,25098,0.023935317993164062,.png
patients/N_59_curve_masked/pred_boundary.png,data/patient_reconstructed_predictions/patients/N_59_curve_masked/pred_boundary.png,28236,0.026927947998046875,.png
patients/N_59_curve_masked/pred_intervertebral.png,data/patient_reconstructed_predictions/patients/N_59_curve_masked/pred_intervertebral.png,26857,0.025612831115722656,.png
patients/N_59_curve_masked/pred_multiclass_global.png,data/patient_reconstructed_predictions/patients/N_59_curve_masked/pred_multiclass_global.png,5804,0.005535125732421875,.png
patients/N_59_curve_masked/pred_ordinal.png,data/patient_reconstructed_predictions/patients/N_59_curve_masked/pred_ordinal.png,45871,0.043745994567871094,.png
patients/N_59_curve_masked/reconstruction_summary.json,data/patient_reconstructed_predictions/patients/N_59_curve_masked/reconstruction_summary.json,371,0.00035381317138671875,.json
patients/N_5_curve_masked/normalized_full_image_used.png,data/patient_reconstructed_predictions/patients/N_5_curve_masked/normalized_full_image_used.png,21522,0.020524978637695312,.png
patients/N_5_curve_masked/overlay_pred_regions_curve.png,data/patient_reconstructed_predictions/patients/N_5_curve_masked/overlay_pred_regions_curve.png,40747,0.03885936737060547,.png
patients/N_5_curve_masked/pasted_patches.csv,data/patient_reconstructed_predictions/patients/N_5_curve_masked/pasted_patches.csv,1720,0.00164031982421875,.csv
patients/N_5_curve_masked/pred_binary_confidence.png,data/patient_reconstructed_predictions/patients/N_5_curve_masked/pred_binary_confidence.png,23480,0.02239227294921875,.png
patients/N_5_curve_masked/pred_boundary.png,data/patient_reconstructed_predictions/patients/N_5_curve_masked/pred_boundary.png,25937,0.024735450744628906,.png
patients/N_5_curve_masked/pred_intervertebral.png,data/patient_reconstructed_predictions/patients/N_5_curve_masked/pred_intervertebral.png,24530,0.023393630981445312,.png
patients/N_5_curve_masked/pred_multiclass_global.png,data/patient_reconstructed_predictions/patients/N_5_curve_masked/pred_multiclass_global.png,5485,0.005230903625488281,.png
patients/N_5_curve_masked/pred_ordinal.png,data/patient_reconstructed_predictions/patients/N_5_curve_masked/pred_ordinal.png,43800,0.04177093505859375,.png
patients/N_5_curve_masked/reconstruction_summary.json,data/patient_reconstructed_predictions/patients/N_5_curve_masked/reconstruction_summary.json,372,0.000354766845703125,.json
patients/N_60_curve_masked/normalized_full_image_used.png,data/patient_reconstructed_predictions/patients/N_60_curve_masked/normalized_full_image_used.png,27699,0.02641582489013672,.png
patients/N_60_curve_masked/overlay_pred_regions_curve.png,data/patient_reconstructed_predictions/patients/N_60_curve_masked/overlay_pred_regions_curve.png,57410,0.05475044250488281,.png
patients/N_60_curve_masked/pasted_patches.csv,data/patient_reconstructed_predictions/patients/N_60_curve_masked/pasted_patches.csv,1752,0.00167083740234375,.csv
patients/N_60_curve_masked/pred_binary_confidence.png,data/patient_reconstructed_predictions/patients/N_60_curve_masked/pred_binary_confidence.png,27639,0.026358604431152344,.png
patients/N_60_curve_masked/pred_boundary.png,data/patient_reconstructed_predictions/patients/N_60_curve_masked/pred_boundary.png,30391,0.028983116149902344,.png
patients/N_60_curve_masked/pred_intervertebral.png,data/patient_reconstructed_predictions/patients/N_60_curve_masked/pred_intervertebral.png,28947,0.02760601043701172,.png
patients/N_60_curve_masked/pred_multiclass_global.png,data/patient_reconstructed_predictions/patients/N_60_curve_masked/pred_multiclass_global.png,6314,0.0060214996337890625,.png
patients/N_60_curve_masked/pred_ordinal.png,data/patient_reconstructed_predictions/patients/N_60_curve_masked/pred_ordinal.png,48659,0.04640483856201172,.png
patients/N_60_curve_masked/reconstruction_summary.json,data/patient_reconstructed_predictions/patients/N_60_curve_masked/reconstruction_summary.json,370,0.0003528594970703125,.json
patients/N_61_curve_masked/normalized_full_image_used.png,data/patient_reconstructed_predictions/patients/N_61_curve_masked/normalized_full_image_used.png,31401,0.029946327209472656,.png
patients/N_61_curve_masked/overlay_pred_regions_curve.png,data/patient_reconstructed_predictions/patients/N_61_curve_masked/overlay_pred_regions_curve.png,65738,0.06269264221191406,.png
patients/N_61_curve_masked/pasted_patches.csv,data/patient_reconstructed_predictions/patients/N_61_curve_masked/pasted_patches.csv,1760,0.001678466796875,.csv
patients/N_61_curve_masked/pred_binary_confidence.png,data/patient_reconstructed_predictions/patients/N_61_curve_masked/pred_binary_confidence.png,29657,0.028283119201660156,.png
patients/N_61_curve_masked/pred_boundary.png,data/patient_reconstructed_predictions/patients/N_61_curve_masked/pred_boundary.png,32016,0.0305328369140625,.png
patients/N_61_curve_masked/pred_intervertebral.png,data/patient_reconstructed_predictions/patients/N_61_curve_masked/pred_intervertebral.png,29554,0.028184890747070312,.png
patients/N_61_curve_masked/pred_multiclass_global.png,data/patient_reconstructed_predictions/patients/N_61_curve_masked/pred_multiclass_global.png,8526,0.008131027221679688,.png
patients/N_61_curve_masked/pred_ordinal.png,data/patient_reconstructed_predictions/patients/N_61_curve_masked/pred_ordinal.png,53023,0.050566673278808594,.png
patients/N_61_curve_masked/reconstruction_summary.json,data/patient_reconstructed_predictions/patients/N_61_curve_masked/reconstruction_summary.json,373,0.00035572052001953125,.json
patients/N_62_curve_masked/normalized_full_image_used.png,data/patient_reconstructed_predictions/patients/N_62_curve_masked/normalized_full_image_used.png,32393,0.030892372131347656,.png
patients/N_62_curve_masked/overlay_pred_regions_curve.png,data/patient_reconstructed_predictions/patients/N_62_curve_masked/overlay_pred_regions_curve.png,65614,0.06257438659667969,.png
patients/N_62_curve_masked/pasted_patches.csv,data/patient_reconstructed_predictions/patients/N_62_curve_masked/pasted_patches.csv,1759,0.0016775131225585938,.csv
patients/N_62_curve_masked/pred_binary_confidence.png,data/patient_reconstructed_predictions/patients/N_62_curve_masked/pred_binary_confidence.png,29032,0.02768707275390625,.png
patients/N_62_curve_masked/pred_boundary.png,data/patient_reconstructed_predictions/patients/N_62_curve_masked/pred_boundary.png,32590,0.031080245971679688,.png
patients/N_62_curve_masked/pred_intervertebral.png,data/patient_reconstructed_predictions/patients/N_62_curve_masked/pred_intervertebral.png,30147,0.02875041961669922,.png
patients/N_62_curve_masked/pred_multiclass_global.png,data/patient_reconstructed_predictions/patients/N_62_curve_masked/pred_multiclass_global.png,6600,0.00629425048828125,.png
patients/N_62_curve_masked/pred_ordinal.png,data/patient_reconstructed_predictions/patients/N_62_curve_masked/pred_ordinal.png,44786,0.04271125793457031,.png
patients/N_62_curve_masked/reconstruction_summary.json,data/patient_reconstructed_predictions/patients/N_62_curve_masked/reconstruction_summary.json,372,0.000354766845703125,.json
patients/N_63_curve_masked/normalized_full_image_used.png,data/patient_reconstructed_predictions/patients/N_63_curve_masked/normalized_full_image_used.png,30546,0.029130935668945312,.png
patients/N_63_curve_masked/overlay_pred_regions_curve.png,data/patient_reconstructed_predictions/patients/N_63_curve_masked/overlay_pred_regions_curve.png,63779,0.06082439422607422,.png
patients/N_63_curve_masked/pasted_patches.csv,data/patient_reconstructed_predictions/patients/N_63_curve_masked/pasted_patches.csv,1750,0.0016689300537109375,.csv
patients/N_63_curve_masked/pred_binary_confidence.png,data/patient_reconstructed_predictions/patients/N_63_curve_masked/pred_binary_confidence.png,28951,0.027609825134277344,.png
patients/N_63_curve_masked/pred_boundary.png,data/patient_reconstructed_predictions/patients/N_63_curve_masked/pred_boundary.png,31867,0.03039073944091797,.png
patients/N_63_curve_masked/pred_intervertebral.png,data/patient_reconstructed_predictions/patients/N_63_curve_masked/pred_intervertebral.png,30621,0.02920246124267578,.png
patients/N_63_curve_masked/pred_multiclass_global.png,data/patient_reconstructed_predictions/patients/N_63_curve_masked/pred_multiclass_global.png,6137,0.005852699279785156,.png
patients/N_63_curve_masked/pred_ordinal.png,data/patient_reconstructed_predictions/patients/N_63_curve_masked/pred_ordinal.png,44099,0.04205608367919922,.png
patients/N_63_curve_masked/reconstruction_summary.json,data/patient_reconstructed_predictions/patients/N_63_curve_masked/reconstruction_summary.json,373,0.00035572052001953125,.json
patients/N_64_curve_masked/normalized_full_image_used.png,data/patient_reconstructed_predictions/patients/N_64_curve_masked/normalized_full_image_used.png,31124,0.029682159423828125,.png
patients/N_64_curve_masked/overlay_pred_regions_curve.png,data/patient_reconstructed_predictions/patients/N_64_curve_masked/overlay_pred_regions_curve.png,63375,0.060439109802246094,.png
patients/N_64_curve_masked/pasted_patches.csv,data/patient_reconstructed_predictions/patients/N_64_curve_masked/pasted_patches.csv,1756,0.001674652099609375,.csv
patients/N_64_curve_masked/pred_binary_confidence.png,data/patient_reconstructed_predictions/patients/N_64_curve_masked/pred_binary_confidence.png,28735,0.027403831481933594,.png
patients/N_64_curve_masked/pred_boundary.png,data/patient_reconstructed_predictions/patients/N_64_curve_masked/pred_boundary.png,32282,0.030786514282226562,.png
patients/N_64_curve_masked/pred_intervertebral.png,data/patient_reconstructed_predictions/patients/N_64_curve_masked/pred_intervertebral.png,30060,0.028667449951171875,.png
patients/N_64_curve_masked/pred_multiclass_global.png,data/patient_reconstructed_predictions/patients/N_64_curve_masked/pred_multiclass_global.png,6287,0.005995750427246094,.png
patients/N_64_curve_masked/pred_ordinal.png,data/patient_reconstructed_predictions/patients/N_64_curve_masked/pred_ordinal.png,45427,0.04332256317138672,.png
patients/N_64_curve_masked/reconstruction_summary.json,data/patient_reconstructed_predictions/patients/N_64_curve_masked/reconstruction_summary.json,370,0.0003528594970703125,.json
patients/N_65_curve_masked/normalized_full_image_used.png,data/patient_reconstructed_predictions/patients/N_65_curve_masked/normalized_full_image_used.png,28471,0.027152061462402344,.png
patients/N_65_curve_masked/overlay_pred_regions_curve.png,data/patient_reconstructed_predictions/patients/N_65_curve_masked/overlay_pred_regions_curve.png,59364,0.056613922119140625,.png
patients/N_65_curve_masked/pasted_patches.csv,data/patient_reconstructed_predictions/patients/N_65_curve_masked/pasted_patches.csv,1752,0.00167083740234375,.csv
patients/N_65_curve_masked/pred_binary_confidence.png,data/patient_reconstructed_predictions/patients/N_65_curve_masked/pred_binary_confidence.png,27877,0.02658557891845703,.png
patients/N_65_curve_masked/pred_boundary.png,data/patient_reconstructed_predictions/patients/N_65_curve_masked/pred_boundary.png,30486,0.029073715209960938,.png
patients/N_65_curve_masked/pred_intervertebral.png,data/patient_reconstructed_predictions/patients/N_65_curve_masked/pred_intervertebral.png,28990,0.027647018432617188,.png
patients/N_65_curve_masked/pred_multiclass_global.png,data/patient_reconstructed_predictions/patients/N_65_curve_masked/pred_multiclass_global.png,6492,0.006191253662109375,.png
patients/N_65_curve_masked/pred_ordinal.png,data/patient_reconstructed_predictions/patients/N_65_curve_masked/pred_ordinal.png,48511,0.046263694763183594,.png
patients/N_65_curve_masked/reconstruction_summary.json,data/patient_reconstructed_predictions/patients/N_65_curve_masked/reconstruction_summary.json,372,0.000354766845703125,.json
patients/N_66_curve_masked/normalized_full_image_used.png,data/patient_reconstructed_predictions/patients/N_66_curve_masked/normalized_full_image_used.png,23647,0.022551536560058594,.png
patients/N_66_curve_masked/overlay_pred_regions_curve.png,data/patient_reconstructed_predictions/patients/N_66_curve_masked/overlay_pred_regions_curve.png,47056,0.0448760986328125,.png
patients/N_66_curve_masked/pasted_patches.csv,data/patient_reconstructed_predictions/patients/N_66_curve_masked/pasted_patches.csv,1751,0.0016698837280273438,.csv
patients/N_66_curve_masked/pred_binary_confidence.png,data/patient_reconstructed_predictions/patients/N_66_curve_masked/pred_binary_confidence.png,25837,0.02464008331298828,.png
patients/N_66_curve_masked/pred_boundary.png,data/patient_reconstructed_predictions/patients/N_66_curve_masked/pred_boundary.png,28646,0.027318954467773438,.png
patients/N_66_curve_masked/pred_intervertebral.png,data/patient_reconstructed_predictions/patients/N_66_curve_masked/pred_intervertebral.png,27317,0.02605152130126953,.png
patients/N_66_curve_masked/pred_multiclass_global.png,data/patient_reconstructed_predictions/patients/N_66_curve_masked/pred_multiclass_global.png,6380,0.006084442138671875,.png
patients/N_66_curve_masked/pred_ordinal.png,data/patient_reconstructed_predictions/patients/N_66_curve_masked/pred_ordinal.png,44890,0.04281044006347656,.png
patients/N_66_curve_masked/reconstruction_summary.json,data/patient_reconstructed_predictions/patients/N_66_curve_masked/reconstruction_summary.json,372,0.000354766845703125,.json
patients/N_67_curve_masked/normalized_full_image_used.png,data/patient_reconstructed_predictions/patients/N_67_curve_masked/normalized_full_image_used.png,31550,0.030088424682617188,.png
patients/N_67_curve_masked/overlay_pred_regions_curve.png,data/patient_reconstructed_predictions/patients/N_67_curve_masked/overlay_pred_regions_curve.png,61926,0.05905723571777344,.png
patients/N_67_curve_masked/pasted_patches.csv,data/patient_reconstructed_predictions/patients/N_67_curve_masked/pasted_patches.csv,1760,0.001678466796875,.csv
patients/N_67_curve_masked/pred_binary_confidence.png,data/patient_reconstructed_predictions/patients/N_67_curve_masked/pred_binary_confidence.png,28487,0.027167320251464844,.png
patients/N_67_curve_masked/pred_boundary.png,data/patient_reconstructed_predictions/patients/N_67_curve_masked/pred_boundary.png,31349,0.02989673614501953,.png
patients/N_67_curve_masked/pred_intervertebral.png,data/patient_reconstructed_predictions/patients/N_67_curve_masked/pred_intervertebral.png,29472,0.028106689453125,.png
patients/N_67_curve_masked/pred_multiclass_global.png,data/patient_reconstructed_predictions/patients/N_67_curve_masked/pred_multiclass_global.png,6015,0.005736351013183594,.png
patients/N_67_curve_masked/pred_ordinal.png,data/patient_reconstructed_predictions/patients/N_67_curve_masked/pred_ordinal.png,43959,0.041922569274902344,.png
patients/N_67_curve_masked/reconstruction_summary.json,data/patient_reconstructed_predictions/patients/N_67_curve_masked/reconstruction_summary.json,373,0.00035572052001953125,.json
patients/N_68_curve_masked/normalized_full_image_used.png,data/patient_reconstructed_predictions/patients/N_68_curve_masked/normalized_full_image_used.png,28793,0.027459144592285156,.png
patients/N_68_curve_masked/overlay_pred_regions_curve.png,data/patient_reconstructed_predictions/patients/N_68_curve_masked/overlay_pred_regions_curve.png,57368,0.05471038818359375,.png
patients/N_68_curve_masked/pasted_patches.csv,data/patient_reconstructed_predictions/patients/N_68_curve_masked/pasted_patches.csv,1758,0.0016765594482421875,.csv
patients/N_68_curve_masked/pred_binary_confidence.png,data/patient_reconstructed_predictions/patients/N_68_curve_masked/pred_binary_confidence.png,29587,0.02821636199951172,.png
patients/N_68_curve_masked/pred_boundary.png,data/patient_reconstructed_predictions/patients/N_68_curve_masked/pred_boundary.png,33020,0.031490325927734375,.png
patients/N_68_curve_masked/pred_intervertebral.png,data/patient_reconstructed_predictions/patients/N_68_curve_masked/pred_intervertebral.png,30944,0.029510498046875,.png
patients/N_68_curve_masked/pred_multiclass_global.png,data/patient_reconstructed_predictions/patients/N_68_curve_masked/pred_multiclass_global.png,7274,0.0069370269775390625,.png
patients/N_68_curve_masked/pred_ordinal.png,data/patient_reconstructed_predictions/patients/N_68_curve_masked/pred_ordinal.png,46569,0.044411659240722656,.png
patients/N_68_curve_masked/reconstruction_summary.json,data/patient_reconstructed_predictions/patients/N_68_curve_masked/reconstruction_summary.json,372,0.000354766845703125,.json
patients/N_69_curve_masked/normalized_full_image_used.png,data/patient_reconstructed_predictions/patients/N_69_curve_masked/normalized_full_image_used.png,27008,0.0257568359375,.png
patients/N_69_curve_masked/overlay_pred_regions_curve.png,data/patient_reconstructed_predictions/patients/N_69_curve_masked/overlay_pred_regions_curve.png,60616,0.05780792236328125,.png
patients/N_69_curve_masked/pasted_patches.csv,data/patient_reconstructed_predictions/patients/N_69_curve_masked/pasted_patches.csv,1754,0.0016727447509765625,.csv
patients/N_69_curve_masked/pred_binary_confidence.png,data/patient_reconstructed_predictions/patients/N_69_curve_masked/pred_binary_confidence.png,34354,0.03276252746582031,.png
patients/N_69_curve_masked/pred_boundary.png,data/patient_reconstructed_predictions/patients/N_69_curve_masked/pred_boundary.png,38087,0.036322593688964844,.png
patients/N_69_curve_masked/pred_intervertebral.png,data/patient_reconstructed_predictions/patients/N_69_curve_masked/pred_intervertebral.png,36299,0.03461742401123047,.png
patients/N_69_curve_masked/pred_multiclass_global.png,data/patient_reconstructed_predictions/patients/N_69_curve_masked/pred_multiclass_global.png,6455,0.006155967712402344,.png
patients/N_69_curve_masked/pred_ordinal.png,data/patient_reconstructed_predictions/patients/N_69_curve_masked/pred_ordinal.png,44537,0.042473793029785156,.png
patients/N_69_curve_masked/reconstruction_summary.json,data/patient_reconstructed_predictions/patients/N_69_curve_masked/reconstruction_summary.json,373,0.00035572052001953125,.json
patients/N_6_curve_masked/normalized_full_image_used.png,data/patient_reconstructed_predictions/patients/N_6_curve_masked/normalized_full_image_used.png,24240,0.0231170654296875,.png
patients/N_6_curve_masked/overlay_pred_regions_curve.png,data/patient_reconstructed_predictions/patients/N_6_curve_masked/overlay_pred_regions_curve.png,53495,0.051016807556152344,.png
patients/N_6_curve_masked/pasted_patches.csv,data/patient_reconstructed_predictions/patients/N_6_curve_masked/pasted_patches.csv,1718,0.0016384124755859375,.csv
patients/N_6_curve_masked/pred_binary_confidence.png,data/patient_reconstructed_predictions/patients/N_6_curve_masked/pred_binary_confidence.png,23282,0.022203445434570312,.png
patients/N_6_curve_masked/pred_boundary.png,data/patient_reconstructed_predictions/patients/N_6_curve_masked/pred_boundary.png,25971,0.02476787567138672,.png
patients/N_6_curve_masked/pred_intervertebral.png,data/patient_reconstructed_predictions/patients/N_6_curve_masked/pred_intervertebral.png,24332,0.023204803466796875,.png
patients/N_6_curve_masked/pred_multiclass_global.png,data/patient_reconstructed_predictions/patients/N_6_curve_masked/pred_multiclass_global.png,6181,0.005894660949707031,.png
patients/N_6_curve_masked/pred_ordinal.png,data/patient_reconstructed_predictions/patients/N_6_curve_masked/pred_ordinal.png,47315,0.04512310028076172,.png
patients/N_6_curve_masked/reconstruction_summary.json,data/patient_reconstructed_predictions/patients/N_6_curve_masked/reconstruction_summary.json,371,0.00035381317138671875,.json
patients/N_70_curve_masked/normalized_full_image_used.png,data/patient_reconstructed_predictions/patients/N_70_curve_masked/normalized_full_image_used.png,32072,0.03058624267578125,.png
patients/N_70_curve_masked/overlay_pred_regions_curve.png,data/patient_reconstructed_predictions/patients/N_70_curve_masked/overlay_pred_regions_curve.png,64239,0.061263084411621094,.png
patients/N_70_curve_masked/pasted_patches.csv,data/patient_reconstructed_predictions/patients/N_70_curve_masked/pasted_patches.csv,1753,0.0016717910766601562,.csv
patients/N_70_curve_masked/pred_binary_confidence.png,data/patient_reconstructed_predictions/patients/N_70_curve_masked/pred_binary_confidence.png,28342,0.027029037475585938,.png
patients/N_70_curve_masked/pred_boundary.png,data/patient_reconstructed_predictions/patients/N_70_curve_masked/pred_boundary.png,31996,0.030513763427734375,.png
patients/N_70_curve_masked/pred_intervertebral.png,data/patient_reconstructed_predictions/patients/N_70_curve_masked/pred_intervertebral.png,29788,0.028408050537109375,.png
patients/N_70_curve_masked/pred_multiclass_global.png,data/patient_reconstructed_predictions/patients/N_70_curve_masked/pred_multiclass_global.png,6130,0.0058460235595703125,.png
patients/N_70_curve_masked/pred_ordinal.png,data/patient_reconstructed_predictions/patients/N_70_curve_masked/pred_ordinal.png,44133,0.04208850860595703,.png
patients/N_70_curve_masked/reconstruction_summary.json,data/patient_reconstructed_predictions/patients/N_70_curve_masked/reconstruction_summary.json,373,0.00035572052001953125,.json
patients/N_71_curve_masked/normalized_full_image_used.png,data/patient_reconstructed_predictions/patients/N_71_curve_masked/normalized_full_image_used.png,22547,0.02150249481201172,.png
patients/N_71_curve_masked/overlay_pred_regions_curve.png,data/patient_reconstructed_predictions/patients/N_71_curve_masked/overlay_pred_regions_curve.png,43280,0.0412750244140625,.png
patients/N_71_curve_masked/pasted_patches.csv,data/patient_reconstructed_predictions/patients/N_71_curve_masked/pasted_patches.csv,1751,0.0016698837280273438,.csv
patients/N_71_curve_masked/pred_binary_confidence.png,data/patient_reconstructed_predictions/patients/N_71_curve_masked/pred_binary_confidence.png,25718,0.024526596069335938,.png
patients/N_71_curve_masked/pred_boundary.png,data/patient_reconstructed_predictions/patients/N_71_curve_masked/pred_boundary.png,28430,0.027112960815429688,.png
patients/N_71_curve_masked/pred_intervertebral.png,data/patient_reconstructed_predictions/patients/N_71_curve_masked/pred_intervertebral.png,26967,0.025717735290527344,.png
patients/N_71_curve_masked/pred_multiclass_global.png,data/patient_reconstructed_predictions/patients/N_71_curve_masked/pred_multiclass_global.png,5775,0.005507469177246094,.png
patients/N_71_curve_masked/pred_ordinal.png,data/patient_reconstructed_predictions/patients/N_71_curve_masked/pred_ordinal.png,50676,0.048328399658203125,.png
patients/N_71_curve_masked/reconstruction_summary.json,data/patient_reconstructed_predictions/patients/N_71_curve_masked/reconstruction_summary.json,373,0.00035572052001953125,.json
patients/N_7_curve_masked/normalized_full_image_used.png,data/patient_reconstructed_predictions/patients/N_7_curve_masked/normalized_full_image_used.png,33803,0.03223705291748047,.png
patients/N_7_curve_masked/overlay_pred_regions_curve.png,data/patient_reconstructed_predictions/patients/N_7_curve_masked/overlay_pred_regions_curve.png,69032,0.06583404541015625,.png
patients/N_7_curve_masked/pasted_patches.csv,data/patient_reconstructed_predictions/patients/N_7_curve_masked/pasted_patches.csv,1720,0.00164031982421875,.csv
patients/N_7_curve_masked/pred_binary_confidence.png,data/patient_reconstructed_predictions/patients/N_7_curve_masked/pred_binary_confidence.png,29307,0.02794933319091797,.png
patients/N_7_curve_masked/pred_boundary.png,data/patient_reconstructed_predictions/patients/N_7_curve_masked/pred_boundary.png,33877,0.03230762481689453,.png
patients/N_7_curve_masked/pred_intervertebral.png,data/patient_reconstructed_predictions/patients/N_7_curve_masked/pred_intervertebral.png,31418,0.029962539672851562,.png
patients/N_7_curve_masked/pred_multiclass_global.png,data/patient_reconstructed_predictions/patients/N_7_curve_masked/pred_multiclass_global.png,6103,0.005820274353027344,.png
patients/N_7_curve_masked/pred_ordinal.png,data/patient_reconstructed_predictions/patients/N_7_curve_masked/pred_ordinal.png,45929,0.043801307678222656,.png
patients/N_7_curve_masked/reconstruction_summary.json,data/patient_reconstructed_predictions/patients/N_7_curve_masked/reconstruction_summary.json,372,0.000354766845703125,.json
patients/N_8_curve_masked/normalized_full_image_used.png,data/patient_reconstructed_predictions/patients/N_8_curve_masked/normalized_full_image_used.png,19824,0.0189056396484375,.png
patients/N_8_curve_masked/overlay_pred_regions_curve.png,data/patient_reconstructed_predictions/patients/N_8_curve_masked/overlay_pred_regions_curve.png,42500,0.040531158447265625,.png
patients/N_8_curve_masked/pasted_patches.csv,data/patient_reconstructed_predictions/patients/N_8_curve_masked/pasted_patches.csv,1718,0.0016384124755859375,.csv
patients/N_8_curve_masked/pred_binary_confidence.png,data/patient_reconstructed_predictions/patients/N_8_curve_masked/pred_binary_confidence.png,19749,0.01883411407470703,.png
patients/N_8_curve_masked/pred_boundary.png,data/patient_reconstructed_predictions/patients/N_8_curve_masked/pred_boundary.png,21924,0.020908355712890625,.png
patients/N_8_curve_masked/pred_intervertebral.png,data/patient_reconstructed_predictions/patients/N_8_curve_masked/pred_intervertebral.png,20830,0.019865036010742188,.png
patients/N_8_curve_masked/pred_multiclass_global.png,data/patient_reconstructed_predictions/patients/N_8_curve_masked/pred_multiclass_global.png,5245,0.005002021789550781,.png
patients/N_8_curve_masked/pred_ordinal.png,data/patient_reconstructed_predictions/patients/N_8_curve_masked/pred_ordinal.png,43794,0.04176521301269531,.png
patients/N_8_curve_masked/reconstruction_summary.json,data/patient_reconstructed_predictions/patients/N_8_curve_masked/reconstruction_summary.json,372,0.000354766845703125,.json
patients/N_9_curve_masked/normalized_full_image_used.png,data/patient_reconstructed_predictions/patients/N_9_curve_masked/normalized_full_image_used.png,22687,0.021636009216308594,.png
patients/N_9_curve_masked/overlay_pred_regions_curve.png,data/patient_reconstructed_predictions/patients/N_9_curve_masked/overlay_pred_regions_curve.png,45418,0.04331398010253906,.png
patients/N_9_curve_masked/pasted_patches.csv,data/patient_reconstructed_predictions/patients/N_9_curve_masked/pasted_patches.csv,1720,0.00164031982421875,.csv
patients/N_9_curve_masked/pred_binary_confidence.png,data/patient_reconstructed_predictions/patients/N_9_curve_masked/pred_binary_confidence.png,25239,0.024069786071777344,.png
patients/N_9_curve_masked/pred_boundary.png,data/patient_reconstructed_predictions/patients/N_9_curve_masked/pred_boundary.png,27885,0.02659320831298828,.png
patients/N_9_curve_masked/pred_intervertebral.png,data/patient_reconstructed_predictions/patients/N_9_curve_masked/pred_intervertebral.png,26497,0.025269508361816406,.png
patients/N_9_curve_masked/pred_multiclass_global.png,data/patient_reconstructed_predictions/patients/N_9_curve_masked/pred_multiclass_global.png,5537,0.005280494689941406,.png
patients/N_9_curve_masked/pred_ordinal.png,data/patient_reconstructed_predictions/patients/N_9_curve_masked/pred_ordinal.png,44226,0.04217720031738281,.png
patients/N_9_curve_masked/reconstruction_summary.json,data/patient_reconstructed_predictions/patients/N_9_curve_masked/reconstruction_summary.json,372,0.000354766845703125,.json
patients/S_100_curve_masked/composite_curve_gap_peaks_detected.csv,data/patient_reconstructed_predictions/patients/S_100_curve_masked/composite_curve_gap_peaks_detected.csv,869,0.0008287429809570312,.csv
patients/S_100_curve_masked/composite_curve_peaks_detected.csv,data/patient_reconstructed_predictions/patients/S_100_curve_masked/composite_curve_peaks_detected.csv,1310,0.0012493133544921875,.csv
patients/S_100_curve_masked/composite_curve_profiles.csv,data/patient_reconstructed_predictions/patients/S_100_curve_masked/composite_curve_profiles.csv,45713,0.043595314025878906,.csv
patients/S_100_curve_masked/curve_peaks_detected.csv,data/patient_reconstructed_predictions/patients/S_100_curve_masked/curve_peaks_detected.csv,572,0.000545501708984375,.csv
patients/S_100_curve_masked/curve_profile_binary.png,data/patient_reconstructed_predictions/patients/S_100_curve_masked/curve_profile_binary.png,40873,0.038979530334472656,.png
patients/S_100_curve_masked/curve_profile_intervertebral.png,data/patient_reconstructed_predictions/patients/S_100_curve_masked/curve_profile_intervertebral.png,41181,0.03927326202392578,.png
patients/S_100_curve_masked/normalized_full_image_used.png,data/patient_reconstructed_predictions/patients/S_100_curve_masked/normalized_full_image_used.png,45988,0.043857574462890625,.png
patients/S_100_curve_masked/ordered_vertebra_mask_curve_peaks.png,data/patient_reconstructed_predictions/patients/S_100_curve_masked/ordered_vertebra_mask_curve_peaks.png,4449,0.004242897033691406,.png
patients/S_100_curve_masked/ordered_vertebra_overlay_curve_peaks.png,data/patient_reconstructed_predictions/patients/S_100_curve_masked/ordered_vertebra_overlay_curve_peaks.png,93919,0.0895681381225586,.png
patients/S_100_curve_masked/overlay_pred_regions_curve.png,data/patient_reconstructed_predictions/patients/S_100_curve_masked/overlay_pred_regions_curve.png,95405,0.09098529815673828,.png
patients/S_100_curve_masked/panel_validation_curve_peaks_ordered.png,data/patient_reconstructed_predictions/patients/S_100_curve_masked/panel_validation_curve_peaks_ordered.png,1046083,0.9976224899291992,.png
patients/S_100_curve_masked/panel_validation_single_patient.png,data/patient_reconstructed_predictions/patients/S_100_curve_masked/panel_validation_single_patient.png,648957,0.6188936233520508,.png
patients/S_100_curve_masked/pasted_patches.csv,data/patient_reconstructed_predictions/patients/S_100_curve_masked/pasted_patches.csv,1783,0.0017004013061523438,.csv
patients/S_100_curve_masked/pred_binary_confidence.png,data/patient_reconstructed_predictions/patients/S_100_curve_masked/pred_binary_confidence.png,40873,0.038979530334472656,.png
patients/S_100_curve_masked/pred_boundary.png,data/patient_reconstructed_predictions/patients/S_100_curve_masked/pred_boundary.png,44964,0.042881011962890625,.png
patients/S_100_curve_masked/pred_intervertebral.png,data/patient_reconstructed_predictions/patients/S_100_curve_masked/pred_intervertebral.png,41181,0.03927326202392578,.png
patients/S_100_curve_masked/pred_multiclass_global.png,data/patient_reconstructed_predictions/patients/S_100_curve_masked/pred_multiclass_global.png,10468,0.009983062744140625,.png
patients/S_100_curve_masked/pred_ordinal.png,data/patient_reconstructed_predictions/patients/S_100_curve_masked/pred_ordinal.png,67265,0.0641489028930664,.png
patients/S_100_curve_masked/reconstruction_summary.json,data/patient_reconstructed_predictions/patients/S_100_curve_masked/reconstruction_summary.json,376,0.00035858154296875,.json
patients/S_101_curve_masked/normalized_full_image_used.png,data/patient_reconstructed_predictions/patients/S_101_curve_masked/normalized_full_image_used.png,33790,0.03222465515136719,.png
patients/S_101_curve_masked/overlay_pred_regions_curve.png,data/patient_reconstructed_predictions/patients/S_101_curve_masked/overlay_pred_regions_curve.png,65768,0.06272125244140625,.png
patients/S_101_curve_masked/pasted_patches.csv,data/patient_reconstructed_predictions/patients/S_101_curve_masked/pasted_patches.csv,1787,0.0017042160034179688,.csv
patients/S_101_curve_masked/pred_binary_confidence.png,data/patient_reconstructed_predictions/patients/S_101_curve_masked/pred_binary_confidence.png,32667,0.03115367889404297,.png
patients/S_101_curve_masked/pred_boundary.png,data/patient_reconstructed_predictions/patients/S_101_curve_masked/pred_boundary.png,35043,0.03341960906982422,.png
patients/S_101_curve_masked/pred_intervertebral.png,data/patient_reconstructed_predictions/patients/S_101_curve_masked/pred_intervertebral.png,32001,0.030518531799316406,.png
patients/S_101_curve_masked/pred_multiclass_global.png,data/patient_reconstructed_predictions/patients/S_101_curve_masked/pred_multiclass_global.png,7327,0.006987571716308594,.png
patients/S_101_curve_masked/pred_ordinal.png,data/patient_reconstructed_predictions/patients/S_101_curve_masked/pred_ordinal.png,62311,0.059424400329589844,.png
patients/S_101_curve_masked/reconstruction_summary.json,data/patient_reconstructed_predictions/patients/S_101_curve_masked/reconstruction_summary.json,374,0.0003566741943359375,.json
patients/S_102_curve_masked/normalized_full_image_used.png,data/patient_reconstructed_predictions/patients/S_102_curve_masked/normalized_full_image_used.png,33034,0.03150367736816406,.png
patients/S_102_curve_masked/overlay_pred_regions_curve.png,data/patient_reconstructed_predictions/patients/S_102_curve_masked/overlay_pred_regions_curve.png,70844,0.06756210327148438,.png
patients/S_102_curve_masked/pasted_patches.csv,data/patient_reconstructed_predictions/patients/S_102_curve_masked/pasted_patches.csv,1748,0.001667022705078125,.csv
patients/S_102_curve_masked/pred_binary_confidence.png,data/patient_reconstructed_predictions/patients/S_102_curve_masked/pred_binary_confidence.png,29532,0.028163909912109375,.png
patients/S_102_curve_masked/pred_boundary.png,data/patient_reconstructed_predictions/patients/S_102_curve_masked/pred_boundary.png,31859,0.03038311004638672,.png
patients/S_102_curve_masked/pred_intervertebral.png,data/patient_reconstructed_predictions/patients/S_102_curve_masked/pred_intervertebral.png,29684,0.028308868408203125,.png
patients/S_102_curve_masked/pred_multiclass_global.png,data/patient_reconstructed_predictions/patients/S_102_curve_masked/pred_multiclass_global.png,8031,0.007658958435058594,.png
patients/S_102_curve_masked/pred_ordinal.png,data/patient_reconstructed_predictions/patients/S_102_curve_masked/pred_ordinal.png,52638,0.05019950866699219,.png
patients/S_102_curve_masked/reconstruction_summary.json,data/patient_reconstructed_predictions/patients/S_102_curve_masked/reconstruction_summary.json,372,0.000354766845703125,.json
patients/S_103_curve_masked/normalized_full_image_used.png,data/patient_reconstructed_predictions/patients/S_103_curve_masked/normalized_full_image_used.png,30225,0.028824806213378906,.png
patients/S_103_curve_masked/overlay_pred_regions_curve.png,data/patient_reconstructed_predictions/patients/S_103_curve_masked/overlay_pred_regions_curve.png,63733,0.06078052520751953,.png
patients/S_103_curve_masked/pasted_patches.csv,data/patient_reconstructed_predictions/patients/S_103_curve_masked/pasted_patches.csv,1792,0.001708984375,.csv
patients/S_103_curve_masked/pred_binary_confidence.png,data/patient_reconstructed_predictions/patients/S_103_curve_masked/pred_binary_confidence.png,27046,0.025793075561523438,.png
patients/S_103_curve_masked/pred_boundary.png,data/patient_reconstructed_predictions/patients/S_103_curve_masked/pred_boundary.png,28962,0.027620315551757812,.png
patients/S_103_curve_masked/pred_intervertebral.png,data/patient_reconstructed_predictions/patients/S_103_curve_masked/pred_intervertebral.png,27136,0.02587890625,.png
patients/S_103_curve_masked/pred_multiclass_global.png,data/patient_reconstructed_predictions/patients/S_103_curve_masked/pred_multiclass_global.png,7671,0.007315635681152344,.png
patients/S_103_curve_masked/pred_ordinal.png,data/patient_reconstructed_predictions/patients/S_103_curve_masked/pred_ordinal.png,51569,0.049180030822753906,.png
patients/S_103_curve_masked/reconstruction_summary.json,data/patient_reconstructed_predictions/patients/S_103_curve_masked/reconstruction_summary.json,374,0.0003566741943359375,.json
patients/S_104_curve_masked/normalized_full_image_used.png,data/patient_reconstructed_predictions/patients/S_104_curve_masked/normalized_full_image_used.png,34235,0.03264904022216797,.png
patients/S_104_curve_masked/overlay_pred_regions_curve.png,data/patient_reconstructed_predictions/patients/S_104_curve_masked/overlay_pred_regions_curve.png,74408,0.07096099853515625,.png
patients/S_104_curve_masked/pasted_patches.csv,data/patient_reconstructed_predictions/patients/S_104_curve_masked/pasted_patches.csv,1794,0.0017108917236328125,.csv
patients/S_104_curve_masked/pred_binary_confidence.png,data/patient_reconstructed_predictions/patients/S_104_curve_masked/pred_binary_confidence.png,28952,0.02761077880859375,.png
patients/S_104_curve_masked/pred_boundary.png,data/patient_reconstructed_predictions/patients/S_104_curve_masked/pred_boundary.png,32374,0.030874252319335938,.png
patients/S_104_curve_masked/pred_intervertebral.png,data/patient_reconstructed_predictions/patients/S_104_curve_masked/pred_intervertebral.png,30537,0.029122352600097656,.png
patients/S_104_curve_masked/pred_multiclass_global.png,data/patient_reconstructed_predictions/patients/S_104_curve_masked/pred_multiclass_global.png,6939,0.006617546081542969,.png
patients/S_104_curve_masked/pred_ordinal.png,data/patient_reconstructed_predictions/patients/S_104_curve_masked/pred_ordinal.png,51301,0.04892444610595703,.png
patients/S_104_curve_masked/reconstruction_summary.json,data/patient_reconstructed_predictions/patients/S_104_curve_masked/reconstruction_summary.json,374,0.0003566741943359375,.json
patients/S_105_curve_masked/normalized_full_image_used.png,data/patient_reconstructed_predictions/patients/S_105_curve_masked/normalized_full_image_used.png,27658,0.026376724243164062,.png
patients/S_105_curve_masked/overlay_pred_regions_curve.png,data/patient_reconstructed_predictions/patients/S_105_curve_masked/overlay_pred_regions_curve.png,61511,0.058661460876464844,.png
patients/S_105_curve_masked/pasted_patches.csv,data/patient_reconstructed_predictions/patients/S_105_curve_masked/pasted_patches.csv,1792,0.001708984375,.csv
patients/S_105_curve_masked/pred_binary_confidence.png,data/patient_reconstructed_predictions/patients/S_105_curve_masked/pred_binary_confidence.png,26643,0.02540874481201172,.png
patients/S_105_curve_masked/pred_boundary.png,data/patient_reconstructed_predictions/patients/S_105_curve_masked/pred_boundary.png,28821,0.02748584747314453,.png
patients/S_105_curve_masked/pred_intervertebral.png,data/patient_reconstructed_predictions/patients/S_105_curve_masked/pred_intervertebral.png,27178,0.025918960571289062,.png
patients/S_105_curve_masked/pred_multiclass_global.png,data/patient_reconstructed_predictions/patients/S_105_curve_masked/pred_multiclass_global.png,8267,0.007884025573730469,.png
patients/S_105_curve_masked/pred_ordinal.png,data/patient_reconstructed_predictions/patients/S_105_curve_masked/pred_ordinal.png,56413,0.05379962921142578,.png
patients/S_105_curve_masked/reconstruction_summary.json,data/patient_reconstructed_predictions/patients/S_105_curve_masked/reconstruction_summary.json,381,0.00036334991455078125,.json
patients/S_106_curve_masked/normalized_full_image_used.png,data/patient_reconstructed_predictions/patients/S_106_curve_masked/normalized_full_image_used.png,25639,0.024451255798339844,.png
patients/S_106_curve_masked/overlay_pred_regions_curve.png,data/patient_reconstructed_predictions/patients/S_106_curve_masked/overlay_pred_regions_curve.png,56896,0.05426025390625,.png
patients/S_106_curve_masked/pasted_patches.csv,data/patient_reconstructed_predictions/patients/S_106_curve_masked/pasted_patches.csv,1789,0.0017061233520507812,.csv
patients/S_106_curve_masked/pred_binary_confidence.png,data/patient_reconstructed_predictions/patients/S_106_curve_masked/pred_binary_confidence.png,22590,0.021543502807617188,.png
patients/S_106_curve_masked/pred_boundary.png,data/patient_reconstructed_predictions/patients/S_106_curve_masked/pred_boundary.png,23781,0.02267932891845703,.png
patients/S_106_curve_masked/pred_intervertebral.png,data/patient_reconstructed_predictions/patients/S_106_curve_masked/pred_intervertebral.png,22267,0.02123546600341797,.png
patients/S_106_curve_masked/pred_multiclass_global.png,data/patient_reconstructed_predictions/patients/S_106_curve_masked/pred_multiclass_global.png,7252,0.006916046142578125,.png
patients/S_106_curve_masked/pred_ordinal.png,data/patient_reconstructed_predictions/patients/S_106_curve_masked/pred_ordinal.png,54456,0.05193328857421875,.png
patients/S_106_curve_masked/reconstruction_summary.json,data/patient_reconstructed_predictions/patients/S_106_curve_masked/reconstruction_summary.json,375,0.00035762786865234375,.json
patients/S_108_curve_masked/normalized_full_image_used.png,data/patient_reconstructed_predictions/patients/S_108_curve_masked/normalized_full_image_used.png,26052,0.024845123291015625,.png
patients/S_108_curve_masked/overlay_pred_regions_curve.png,data/patient_reconstructed_predictions/patients/S_108_curve_masked/overlay_pred_regions_curve.png,57127,0.054480552673339844,.png
patients/S_108_curve_masked/pasted_patches.csv,data/patient_reconstructed_predictions/patients/S_108_curve_masked/pasted_patches.csv,1790,0.0017070770263671875,.csv
patients/S_108_curve_masked/pred_binary_confidence.png,data/patient_reconstructed_predictions/patients/S_108_curve_masked/pred_binary_confidence.png,28435,0.02711772918701172,.png
patients/S_108_curve_masked/pred_boundary.png,data/patient_reconstructed_predictions/patients/S_108_curve_masked/pred_boundary.png,30725,0.02930164337158203,.png
patients/S_108_curve_masked/pred_intervertebral.png,data/patient_reconstructed_predictions/patients/S_108_curve_masked/pred_intervertebral.png,29409,0.028046607971191406,.png
patients/S_108_curve_masked/pred_multiclass_global.png,data/patient_reconstructed_predictions/patients/S_108_curve_masked/pred_multiclass_global.png,8939,0.008524894714355469,.png
patients/S_108_curve_masked/pred_ordinal.png,data/patient_reconstructed_predictions/patients/S_108_curve_masked/pred_ordinal.png,57940,0.055255889892578125,.png
patients/S_108_curve_masked/reconstruction_summary.json,data/patient_reconstructed_predictions/patients/S_108_curve_masked/reconstruction_summary.json,373,0.00035572052001953125,.json
patients/S_109_curve_masked/normalized_full_image_used.png,data/patient_reconstructed_predictions/patients/S_109_curve_masked/normalized_full_image_used.png,26620,0.025386810302734375,.png
patients/S_109_curve_masked/overlay_pred_regions_curve.png,data/patient_reconstructed_predictions/patients/S_109_curve_masked/overlay_pred_regions_curve.png,55852,0.053264617919921875,.png
patients/S_109_curve_masked/pasted_patches.csv,data/patient_reconstructed_predictions/patients/S_109_curve_masked/pasted_patches.csv,1785,0.0017023086547851562,.csv
patients/S_109_curve_masked/pred_binary_confidence.png,data/patient_reconstructed_predictions/patients/S_109_curve_masked/pred_binary_confidence.png,27304,0.02603912353515625,.png
patients/S_109_curve_masked/pred_boundary.png,data/patient_reconstructed_predictions/patients/S_109_curve_masked/pred_boundary.png,29085,0.02773761749267578,.png
patients/S_109_curve_masked/pred_intervertebral.png,data/patient_reconstructed_predictions/patients/S_109_curve_masked/pred_intervertebral.png,27273,0.026009559631347656,.png
patients/S_109_curve_masked/pred_multiclass_global.png,data/patient_reconstructed_predictions/patients/S_109_curve_masked/pred_multiclass_global.png,7839,0.007475852966308594,.png
patients/S_109_curve_masked/pred_ordinal.png,data/patient_reconstructed_predictions/patients/S_109_curve_masked/pred_ordinal.png,55834,0.05324745178222656,.png
patients/S_109_curve_masked/reconstruction_summary.json,data/patient_reconstructed_predictions/patients/S_109_curve_masked/reconstruction_summary.json,374,0.0003566741943359375,.json
patients/S_110_curve_masked/normalized_full_image_used.png,data/patient_reconstructed_predictions/patients/S_110_curve_masked/normalized_full_image_used.png,36789,0.03508472442626953,.png
patients/S_110_curve_masked/overlay_pred_regions_curve.png,data/patient_reconstructed_predictions/patients/S_110_curve_masked/overlay_pred_regions_curve.png,71265,0.0679636001586914,.png
patients/S_110_curve_masked/pasted_patches.csv,data/patient_reconstructed_predictions/patients/S_110_curve_masked/pasted_patches.csv,1791,0.0017080307006835938,.csv
patients/S_110_curve_masked/pred_binary_confidence.png,data/patient_reconstructed_predictions/patients/S_110_curve_masked/pred_binary_confidence.png,41628,0.039699554443359375,.png
patients/S_110_curve_masked/pred_boundary.png,data/patient_reconstructed_predictions/patients/S_110_curve_masked/pred_boundary.png,45689,0.043572425842285156,.png
patients/S_110_curve_masked/pred_intervertebral.png,data/patient_reconstructed_predictions/patients/S_110_curve_masked/pred_intervertebral.png,41226,0.03931617736816406,.png
patients/S_110_curve_masked/pred_multiclass_global.png,data/patient_reconstructed_predictions/patients/S_110_curve_masked/pred_multiclass_global.png,11929,0.011376380920410156,.png
patients/S_110_curve_masked/pred_ordinal.png,data/patient_reconstructed_predictions/patients/S_110_curve_masked/pred_ordinal.png,79636,0.07594680786132812,.png
patients/S_110_curve_masked/reconstruction_summary.json,data/patient_reconstructed_predictions/patients/S_110_curve_masked/reconstruction_summary.json,376,0.00035858154296875,.json
patients/S_111_curve_masked/normalized_full_image_used.png,data/patient_reconstructed_predictions/patients/S_111_curve_masked/normalized_full_image_used.png,20643,0.01968669891357422,.png
patients/S_111_curve_masked/overlay_pred_regions_curve.png,data/patient_reconstructed_predictions/patients/S_111_curve_masked/overlay_pred_regions_curve.png,44738,0.04266548156738281,.png
patients/S_111_curve_masked/pasted_patches.csv,data/patient_reconstructed_predictions/patients/S_111_curve_masked/pasted_patches.csv,1785,0.0017023086547851562,.csv
patients/S_111_curve_masked/pred_binary_confidence.png,data/patient_reconstructed_predictions/patients/S_111_curve_masked/pred_binary_confidence.png,19960,0.01903533935546875,.png
patients/S_111_curve_masked/pred_boundary.png,data/patient_reconstructed_predictions/patients/S_111_curve_masked/pred_boundary.png,21360,0.0203704833984375,.png
patients/S_111_curve_masked/pred_intervertebral.png,data/patient_reconstructed_predictions/patients/S_111_curve_masked/pred_intervertebral.png,20269,0.01933002471923828,.png
patients/S_111_curve_masked/pred_multiclass_global.png,data/patient_reconstructed_predictions/patients/S_111_curve_masked/pred_multiclass_global.png,6736,0.0064239501953125,.png
patients/S_111_curve_masked/pred_ordinal.png,data/patient_reconstructed_predictions/patients/S_111_curve_masked/pred_ordinal.png,49155,0.04687786102294922,.png
patients/S_111_curve_masked/reconstruction_summary.json,data/patient_reconstructed_predictions/patients/S_111_curve_masked/reconstruction_summary.json,373,0.00035572052001953125,.json
patients/S_113_curve_masked/normalized_full_image_used.png,data/patient_reconstructed_predictions/patients/S_113_curve_masked/normalized_full_image_used.png,31155,0.02971172332763672,.png
patients/S_113_curve_masked/overlay_pred_regions_curve.png,data/patient_reconstructed_predictions/patients/S_113_curve_masked/overlay_pred_regions_curve.png,63421,0.06048297882080078,.png
patients/S_113_curve_masked/pasted_patches.csv,data/patient_reconstructed_predictions/patients/S_113_curve_masked/pasted_patches.csv,1790,0.0017070770263671875,.csv
patients/S_113_curve_masked/pred_binary_confidence.png,data/patient_reconstructed_predictions/patients/S_113_curve_masked/pred_binary_confidence.png,29197,0.02784442901611328,.png
patients/S_113_curve_masked/pred_boundary.png,data/patient_reconstructed_predictions/patients/S_113_curve_masked/pred_boundary.png,31431,0.029974937438964844,.png
patients/S_113_curve_masked/pred_intervertebral.png,data/patient_reconstructed_predictions/patients/S_113_curve_masked/pred_intervertebral.png,29181,0.02782917022705078,.png
patients/S_113_curve_masked/pred_multiclass_global.png,data/patient_reconstructed_predictions/patients/S_113_curve_masked/pred_multiclass_global.png,7551,0.007201194763183594,.png
patients/S_113_curve_masked/pred_ordinal.png,data/patient_reconstructed_predictions/patients/S_113_curve_masked/pred_ordinal.png,60116,0.057331085205078125,.png
patients/S_113_curve_masked/reconstruction_summary.json,data/patient_reconstructed_predictions/patients/S_113_curve_masked/reconstruction_summary.json,374,0.0003566741943359375,.json
patients/S_114_curve_masked/normalized_full_image_used.png,data/patient_reconstructed_predictions/patients/S_114_curve_masked/normalized_full_image_used.png,35238,0.03360557556152344,.png
patients/S_114_curve_masked/overlay_pred_regions_curve.png,data/patient_reconstructed_predictions/patients/S_114_curve_masked/overlay_pred_regions_curve.png,75208,0.07172393798828125,.png
patients/S_114_curve_masked/pasted_patches.csv,data/patient_reconstructed_predictions/patients/S_114_curve_masked/pasted_patches.csv,1792,0.001708984375,.csv
patients/S_114_curve_masked/pred_binary_confidence.png,data/patient_reconstructed_predictions/patients/S_114_curve_masked/pred_binary_confidence.png,30695,0.029273033142089844,.png
patients/S_114_curve_masked/pred_boundary.png,data/patient_reconstructed_predictions/patients/S_114_curve_masked/pred_boundary.png,32429,0.03092670440673828,.png
patients/S_114_curve_masked/pred_intervertebral.png,data/patient_reconstructed_predictions/patients/S_114_curve_masked/pred_intervertebral.png,30239,0.028838157653808594,.png
patients/S_114_curve_masked/pred_multiclass_global.png,data/patient_reconstructed_predictions/patients/S_114_curve_masked/pred_multiclass_global.png,7771,0.007411003112792969,.png
patients/S_114_curve_masked/pred_ordinal.png,data/patient_reconstructed_predictions/patients/S_114_curve_masked/pred_ordinal.png,56195,0.05359172821044922,.png
patients/S_114_curve_masked/reconstruction_summary.json,data/patient_reconstructed_predictions/patients/S_114_curve_masked/reconstruction_summary.json,374,0.0003566741943359375,.json
patients/S_115_curve_masked/normalized_full_image_used.png,data/patient_reconstructed_predictions/patients/S_115_curve_masked/normalized_full_image_used.png,25047,0.023886680603027344,.png
patients/S_115_curve_masked/overlay_pred_regions_curve.png,data/patient_reconstructed_predictions/patients/S_115_curve_masked/overlay_pred_regions_curve.png,56561,0.053940773010253906,.png
patients/S_115_curve_masked/pasted_patches.csv,data/patient_reconstructed_predictions/patients/S_115_curve_masked/pasted_patches.csv,1783,0.0017004013061523438,.csv
patients/S_115_curve_masked/pred_binary_confidence.png,data/patient_reconstructed_predictions/patients/S_115_curve_masked/pred_binary_confidence.png,21866,0.020853042602539062,.png
patients/S_115_curve_masked/pred_boundary.png,data/patient_reconstructed_predictions/patients/S_115_curve_masked/pred_boundary.png,22776,0.02172088623046875,.png
patients/S_115_curve_masked/pred_intervertebral.png,data/patient_reconstructed_predictions/patients/S_115_curve_masked/pred_intervertebral.png,21640,0.02063751220703125,.png
patients/S_115_curve_masked/pred_multiclass_global.png,data/patient_reconstructed_predictions/patients/S_115_curve_masked/pred_multiclass_global.png,7110,0.0067806243896484375,.png
patients/S_115_curve_masked/pred_ordinal.png,data/patient_reconstructed_predictions/patients/S_115_curve_masked/pred_ordinal.png,57986,0.05529975891113281,.png
patients/S_115_curve_masked/reconstruction_summary.json,data/patient_reconstructed_predictions/patients/S_115_curve_masked/reconstruction_summary.json,372,0.000354766845703125,.json
patients/S_118_curve_masked/normalized_full_image_used.png,data/patient_reconstructed_predictions/patients/S_118_curve_masked/normalized_full_image_used.png,35232,0.033599853515625,.png
patients/S_118_curve_masked/overlay_pred_regions_curve.png,data/patient_reconstructed_predictions/patients/S_118_curve_masked/overlay_pred_regions_curve.png,76693,0.07314014434814453,.png
patients/S_118_curve_masked/pasted_patches.csv,data/patient_reconstructed_predictions/patients/S_118_curve_masked/pasted_patches.csv,1792,0.001708984375,.csv
patients/S_118_curve_masked/pred_binary_confidence.png,data/patient_reconstructed_predictions/patients/S_118_curve_masked/pred_binary_confidence.png,28848,0.0275115966796875,.png
patients/S_118_curve_masked/pred_boundary.png,data/patient_reconstructed_predictions/patients/S_118_curve_masked/pred_boundary.png,30941,0.02950763702392578,.png
patients/S_118_curve_masked/pred_intervertebral.png,data/patient_reconstructed_predictions/patients/S_118_curve_masked/pred_intervertebral.png,28486,0.027166366577148438,.png
patients/S_118_curve_masked/pred_multiclass_global.png,data/patient_reconstructed_predictions/patients/S_118_curve_masked/pred_multiclass_global.png,7931,0.007563591003417969,.png
patients/S_118_curve_masked/pred_ordinal.png,data/patient_reconstructed_predictions/patients/S_118_curve_masked/pred_ordinal.png,57159,0.054511070251464844,.png
patients/S_118_curve_masked/reconstruction_summary.json,data/patient_reconstructed_predictions/patients/S_118_curve_masked/reconstruction_summary.json,373,0.00035572052001953125,.json
patients/S_119_curve_masked/normalized_full_image_used.png,data/patient_reconstructed_predictions/patients/S_119_curve_masked/normalized_full_image_used.png,28834,0.027498245239257812,.png
patients/S_119_curve_masked/overlay_pred_regions_curve.png,data/patient_reconstructed_predictions/patients/S_119_curve_masked/overlay_pred_regions_curve.png,61455,0.058608055114746094,.png
patients/S_119_curve_masked/pasted_patches.csv,data/patient_reconstructed_predictions/patients/S_119_curve_masked/pasted_patches.csv,1785,0.0017023086547851562,.csv
patients/S_119_curve_masked/pred_binary_confidence.png,data/patient_reconstructed_predictions/patients/S_119_curve_masked/pred_binary_confidence.png,26565,0.02533435821533203,.png
patients/S_119_curve_masked/pred_boundary.png,data/patient_reconstructed_predictions/patients/S_119_curve_masked/pred_boundary.png,28331,0.02701854705810547,.png
patients/S_119_curve_masked/pred_intervertebral.png,data/patient_reconstructed_predictions/patients/S_119_curve_masked/pred_intervertebral.png,26467,0.02524089813232422,.png
patients/S_119_curve_masked/pred_multiclass_global.png,data/patient_reconstructed_predictions/patients/S_119_curve_masked/pred_multiclass_global.png,7415,0.007071495056152344,.png
patients/S_119_curve_masked/pred_ordinal.png,data/patient_reconstructed_predictions/patients/S_119_curve_masked/pred_ordinal.png,55088,0.0525360107421875,.png
patients/S_119_curve_masked/reconstruction_summary.json,data/patient_reconstructed_predictions/patients/S_119_curve_masked/reconstruction_summary.json,373,0.00035572052001953125,.json
patients/S_120_curve_masked/normalized_full_image_used.png,data/patient_reconstructed_predictions/patients/S_120_curve_masked/normalized_full_image_used.png,25706,0.024515151977539062,.png
patients/S_120_curve_masked/overlay_pred_regions_curve.png,data/patient_reconstructed_predictions/patients/S_120_curve_masked/overlay_pred_regions_curve.png,54660,0.052127838134765625,.png
patients/S_120_curve_masked/pasted_patches.csv,data/patient_reconstructed_predictions/patients/S_120_curve_masked/pasted_patches.csv,1791,0.0017080307006835938,.csv
patients/S_120_curve_masked/pred_binary_confidence.png,data/patient_reconstructed_predictions/patients/S_120_curve_masked/pred_binary_confidence.png,29147,0.02779674530029297,.png
patients/S_120_curve_masked/pred_boundary.png,data/patient_reconstructed_predictions/patients/S_120_curve_masked/pred_boundary.png,31033,0.029595375061035156,.png
patients/S_120_curve_masked/pred_intervertebral.png,data/patient_reconstructed_predictions/patients/S_120_curve_masked/pred_intervertebral.png,29610,0.028238296508789062,.png
patients/S_120_curve_masked/pred_multiclass_global.png,data/patient_reconstructed_predictions/patients/S_120_curve_masked/pred_multiclass_global.png,7961,0.007592201232910156,.png
patients/S_120_curve_masked/pred_ordinal.png,data/patient_reconstructed_predictions/patients/S_120_curve_masked/pred_ordinal.png,56122,0.05352210998535156,.png
patients/S_120_curve_masked/reconstruction_summary.json,data/patient_reconstructed_predictions/patients/S_120_curve_masked/reconstruction_summary.json,374,0.0003566741943359375,.json
patients/S_121_curve_masked/normalized_full_image_used.png,data/patient_reconstructed_predictions/patients/S_121_curve_masked/normalized_full_image_used.png,26314,0.025094985961914062,.png
patients/S_121_curve_masked/overlay_pred_regions_curve.png,data/patient_reconstructed_predictions/patients/S_121_curve_masked/overlay_pred_regions_curve.png,56782,0.05415153503417969,.png
patients/S_121_curve_masked/pasted_patches.csv,data/patient_reconstructed_predictions/patients/S_121_curve_masked/pasted_patches.csv,1786,0.0017032623291015625,.csv
patients/S_121_curve_masked/pred_binary_confidence.png,data/patient_reconstructed_predictions/patients/S_121_curve_masked/pred_binary_confidence.png,26960,0.0257110595703125,.png
patients/S_121_curve_masked/pred_boundary.png,data/patient_reconstructed_predictions/patients/S_121_curve_masked/pred_boundary.png,28789,0.02745532989501953,.png
patients/S_121_curve_masked/pred_intervertebral.png,data/patient_reconstructed_predictions/patients/S_121_curve_masked/pred_intervertebral.png,27196,0.025936126708984375,.png
patients/S_121_curve_masked/pred_multiclass_global.png,data/patient_reconstructed_predictions/patients/S_121_curve_masked/pred_multiclass_global.png,7635,0.007281303405761719,.png
patients/S_121_curve_masked/pred_ordinal.png,data/patient_reconstructed_predictions/patients/S_121_curve_masked/pred_ordinal.png,52595,0.05015850067138672,.png
patients/S_121_curve_masked/reconstruction_summary.json,data/patient_reconstructed_predictions/patients/S_121_curve_masked/reconstruction_summary.json,374,0.0003566741943359375,.json
patients/S_122_curve_masked/normalized_full_image_used.png,data/patient_reconstructed_predictions/patients/S_122_curve_masked/normalized_full_image_used.png,29345,0.027985572814941406,.png
patients/S_122_curve_masked/overlay_pred_regions_curve.png,data/patient_reconstructed_predictions/patients/S_122_curve_masked/overlay_pred_regions_curve.png,62374,0.05948448181152344,.png
patients/S_122_curve_masked/pasted_patches.csv,data/patient_reconstructed_predictions/patients/S_122_curve_masked/pasted_patches.csv,1788,0.001705169677734375,.csv
patients/S_122_curve_masked/pred_binary_confidence.png,data/patient_reconstructed_predictions/patients/S_122_curve_masked/pred_binary_confidence.png,29596,0.028224945068359375,.png
patients/S_122_curve_masked/pred_boundary.png,data/patient_reconstructed_predictions/patients/S_122_curve_masked/pred_boundary.png,31978,0.030496597290039062,.png
patients/S_122_curve_masked/pred_intervertebral.png,data/patient_reconstructed_predictions/patients/S_122_curve_masked/pred_intervertebral.png,29433,0.028069496154785156,.png
patients/S_122_curve_masked/pred_multiclass_global.png,data/patient_reconstructed_predictions/patients/S_122_curve_masked/pred_multiclass_global.png,8463,0.008070945739746094,.png
patients/S_122_curve_masked/pred_ordinal.png,data/patient_reconstructed_predictions/patients/S_122_curve_masked/pred_ordinal.png,57559,0.054892539978027344,.png
patients/S_122_curve_masked/reconstruction_summary.json,data/patient_reconstructed_predictions/patients/S_122_curve_masked/reconstruction_summary.json,374,0.0003566741943359375,.json
patients/S_123_curve_masked/normalized_full_image_used.png,data/patient_reconstructed_predictions/patients/S_123_curve_masked/normalized_full_image_used.png,22336,0.02130126953125,.png
patients/S_123_curve_masked/overlay_pred_regions_curve.png,data/patient_reconstructed_predictions/patients/S_123_curve_masked/overlay_pred_regions_curve.png,50328,0.04799652099609375,.png
patients/S_123_curve_masked/pasted_patches.csv,data/patient_reconstructed_predictions/patients/S_123_curve_masked/pasted_patches.csv,1790,0.0017070770263671875,.csv
patients/S_123_curve_masked/pred_binary_confidence.png,data/patient_reconstructed_predictions/patients/S_123_curve_masked/pred_binary_confidence.png,21833,0.020821571350097656,.png
patients/S_123_curve_masked/pred_boundary.png,data/patient_reconstructed_predictions/patients/S_123_curve_masked/pred_boundary.png,23370,0.022287368774414062,.png
patients/S_123_curve_masked/pred_intervertebral.png,data/patient_reconstructed_predictions/patients/S_123_curve_masked/pred_intervertebral.png,21942,0.020925521850585938,.png
patients/S_123_curve_masked/pred_multiclass_global.png,data/patient_reconstructed_predictions/patients/S_123_curve_masked/pred_multiclass_global.png,7102,0.0067729949951171875,.png
patients/S_123_curve_masked/pred_ordinal.png,data/patient_reconstructed_predictions/patients/S_123_curve_masked/pred_ordinal.png,52834,0.05038642883300781,.png
patients/S_123_curve_masked/reconstruction_summary.json,data/patient_reconstructed_predictions/patients/S_123_curve_masked/reconstruction_summary.json,375,0.00035762786865234375,.json
patients/S_124_curve_masked/normalized_full_image_used.png,data/patient_reconstructed_predictions/patients/S_124_curve_masked/normalized_full_image_used.png,29392,0.0280303955078125,.png
patients/S_124_curve_masked/overlay_pred_regions_curve.png,data/patient_reconstructed_predictions/patients/S_124_curve_masked/overlay_pred_regions_curve.png,64573,0.06158161163330078,.png
patients/S_124_curve_masked/pasted_patches.csv,data/patient_reconstructed_predictions/patients/S_124_curve_masked/pasted_patches.csv,1787,0.0017042160034179688,.csv
patients/S_124_curve_masked/pred_binary_confidence.png,data/patient_reconstructed_predictions/patients/S_124_curve_masked/pred_binary_confidence.png,26772,0.025531768798828125,.png
patients/S_124_curve_masked/pred_boundary.png,data/patient_reconstructed_predictions/patients/S_124_curve_masked/pred_boundary.png,28508,0.027187347412109375,.png
patients/S_124_curve_masked/pred_intervertebral.png,data/patient_reconstructed_predictions/patients/S_124_curve_masked/pred_intervertebral.png,26971,0.02572154998779297,.png
patients/S_124_curve_masked/pred_multiclass_global.png,data/patient_reconstructed_predictions/patients/S_124_curve_masked/pred_multiclass_global.png,7612,0.007259368896484375,.png
patients/S_124_curve_masked/pred_ordinal.png,data/patient_reconstructed_predictions/patients/S_124_curve_masked/pred_ordinal.png,56674,0.05404853820800781,.png
patients/S_124_curve_masked/reconstruction_summary.json,data/patient_reconstructed_predictions/patients/S_124_curve_masked/reconstruction_summary.json,381,0.00036334991455078125,.json
patients/S_125_curve_masked/normalized_full_image_used.png,data/patient_reconstructed_predictions/patients/S_125_curve_masked/normalized_full_image_used.png,20709,0.01974964141845703,.png
patients/S_125_curve_masked/overlay_pred_regions_curve.png,data/patient_reconstructed_predictions/patients/S_125_curve_masked/overlay_pred_regions_curve.png,45807,0.043684959411621094,.png
patients/S_125_curve_masked/pasted_patches.csv,data/patient_reconstructed_predictions/patients/S_125_curve_masked/pasted_patches.csv,1788,0.001705169677734375,.csv
patients/S_125_curve_masked/pred_binary_confidence.png,data/patient_reconstructed_predictions/patients/S_125_curve_masked/pred_binary_confidence.png,20386,0.019441604614257812,.png
patients/S_125_curve_masked/pred_boundary.png,data/patient_reconstructed_predictions/patients/S_125_curve_masked/pred_boundary.png,21965,0.02094745635986328,.png
patients/S_125_curve_masked/pred_intervertebral.png,data/patient_reconstructed_predictions/patients/S_125_curve_masked/pred_intervertebral.png,20834,0.019868850708007812,.png
patients/S_125_curve_masked/pred_multiclass_global.png,data/patient_reconstructed_predictions/patients/S_125_curve_masked/pred_multiclass_global.png,7613,0.007260322570800781,.png
patients/S_125_curve_masked/pred_ordinal.png,data/patient_reconstructed_predictions/patients/S_125_curve_masked/pred_ordinal.png,54076,0.051570892333984375,.png
patients/S_125_curve_masked/reconstruction_summary.json,data/patient_reconstructed_predictions/patients/S_125_curve_masked/reconstruction_summary.json,374,0.0003566741943359375,.json
patients/S_126_curve_masked/normalized_full_image_used.png,data/patient_reconstructed_predictions/patients/S_126_curve_masked/normalized_full_image_used.png,36475,0.03478527069091797,.png
patients/S_126_curve_masked/overlay_pred_regions_curve.png,data/patient_reconstructed_predictions/patients/S_126_curve_masked/overlay_pred_regions_curve.png,79406,0.07572746276855469,.png
patients/S_126_curve_masked/pasted_patches.csv,data/patient_reconstructed_predictions/patients/S_126_curve_masked/pasted_patches.csv,1793,0.0017099380493164062,.csv
patients/S_126_curve_masked/pred_binary_confidence.png,data/patient_reconstructed_predictions/patients/S_126_curve_masked/pred_binary_confidence.png,31028,0.029590606689453125,.png
patients/S_126_curve_masked/pred_boundary.png,data/patient_reconstructed_predictions/patients/S_126_curve_masked/pred_boundary.png,33211,0.03167247772216797,.png
patients/S_126_curve_masked/pred_intervertebral.png,data/patient_reconstructed_predictions/patients/S_126_curve_masked/pred_intervertebral.png,31184,0.0297393798828125,.png
patients/S_126_curve_masked/pred_multiclass_global.png,data/patient_reconstructed_predictions/patients/S_126_curve_masked/pred_multiclass_global.png,8032,0.007659912109375,.png
patients/S_126_curve_masked/pred_ordinal.png,data/patient_reconstructed_predictions/patients/S_126_curve_masked/pred_ordinal.png,55036,0.052486419677734375,.png
patients/S_126_curve_masked/reconstruction_summary.json,data/patient_reconstructed_predictions/patients/S_126_curve_masked/reconstruction_summary.json,373,0.00035572052001953125,.json
patients/S_127_curve_masked/normalized_full_image_used.png,data/patient_reconstructed_predictions/patients/S_127_curve_masked/normalized_full_image_used.png,45178,0.04308509826660156,.png
patients/S_127_curve_masked/overlay_pred_regions_curve.png,data/patient_reconstructed_predictions/patients/S_127_curve_masked/overlay_pred_regions_curve.png,92779,0.08848094940185547,.png
patients/S_127_curve_masked/pasted_patches.csv,data/patient_reconstructed_predictions/patients/S_127_curve_masked/pasted_patches.csv,1706,0.0016269683837890625,.csv
patients/S_127_curve_masked/pred_binary_confidence.png,data/patient_reconstructed_predictions/patients/S_127_curve_masked/pred_binary_confidence.png,37860,0.036106109619140625,.png
patients/S_127_curve_masked/pred_boundary.png,data/patient_reconstructed_predictions/patients/S_127_curve_masked/pred_boundary.png,41744,0.0398101806640625,.png
patients/S_127_curve_masked/pred_intervertebral.png,data/patient_reconstructed_predictions/patients/S_127_curve_masked/pred_intervertebral.png,38133,0.03636646270751953,.png
patients/S_127_curve_masked/pred_multiclass_global.png,data/patient_reconstructed_predictions/patients/S_127_curve_masked/pred_multiclass_global.png,9419,0.008982658386230469,.png
patients/S_127_curve_masked/pred_ordinal.png,data/patient_reconstructed_predictions/patients/S_127_curve_masked/pred_ordinal.png,77859,0.07425212860107422,.png
patients/S_127_curve_masked/reconstruction_summary.json,data/patient_reconstructed_predictions/patients/S_127_curve_masked/reconstruction_summary.json,376,0.00035858154296875,.json
patients/S_128_curve_masked/normalized_full_image_used.png,data/patient_reconstructed_predictions/patients/S_128_curve_masked/normalized_full_image_used.png,32471,0.030966758728027344,.png
patients/S_128_curve_masked/overlay_pred_regions_curve.png,data/patient_reconstructed_predictions/patients/S_128_curve_masked/overlay_pred_regions_curve.png,69394,0.06617927551269531,.png
patients/S_128_curve_masked/pasted_patches.csv,data/patient_reconstructed_predictions/patients/S_128_curve_masked/pasted_patches.csv,1793,0.0017099380493164062,.csv
patients/S_128_curve_masked/pred_binary_confidence.png,data/patient_reconstructed_predictions/patients/S_128_curve_masked/pred_binary_confidence.png,30793,0.029366493225097656,.png
patients/S_128_curve_masked/pred_boundary.png,data/patient_reconstructed_predictions/patients/S_128_curve_masked/pred_boundary.png,33181,0.03164386749267578,.png
patients/S_128_curve_masked/pred_intervertebral.png,data/patient_reconstructed_predictions/patients/S_128_curve_masked/pred_intervertebral.png,30657,0.029236793518066406,.png
patients/S_128_curve_masked/pred_multiclass_global.png,data/patient_reconstructed_predictions/patients/S_128_curve_masked/pred_multiclass_global.png,8535,0.008139610290527344,.png
patients/S_128_curve_masked/pred_ordinal.png,data/patient_reconstructed_predictions/patients/S_128_curve_masked/pred_ordinal.png,56906,0.05426979064941406,.png
patients/S_128_curve_masked/reconstruction_summary.json,data/patient_reconstructed_predictions/patients/S_128_curve_masked/reconstruction_summary.json,373,0.00035572052001953125,.json
patients/S_129_curve_masked/normalized_full_image_used.png,data/patient_reconstructed_predictions/patients/S_129_curve_masked/normalized_full_image_used.png,34255,0.032668113708496094,.png
patients/S_129_curve_masked/overlay_pred_regions_curve.png,data/patient_reconstructed_predictions/patients/S_129_curve_masked/overlay_pred_regions_curve.png,75626,0.07212257385253906,.png
patients/S_129_curve_masked/pasted_patches.csv,data/patient_reconstructed_predictions/patients/S_129_curve_masked/pasted_patches.csv,1791,0.0017080307006835938,.csv
patients/S_129_curve_masked/pred_binary_confidence.png,data/patient_reconstructed_predictions/patients/S_129_curve_masked/pred_binary_confidence.png,27939,0.02664470672607422,.png
patients/S_129_curve_masked/pred_boundary.png,data/patient_reconstructed_predictions/patients/S_129_curve_masked/pred_boundary.png,30329,0.028923988342285156,.png
patients/S_129_curve_masked/pred_intervertebral.png,data/patient_reconstructed_predictions/patients/S_129_curve_masked/pred_intervertebral.png,27915,0.02662181854248047,.png
patients/S_129_curve_masked/pred_multiclass_global.png,data/patient_reconstructed_predictions/patients/S_129_curve_masked/pred_multiclass_global.png,7905,0.007538795471191406,.png
patients/S_129_curve_masked/pred_ordinal.png,data/patient_reconstructed_predictions/patients/S_129_curve_masked/pred_ordinal.png,55557,0.05298328399658203,.png
patients/S_129_curve_masked/reconstruction_summary.json,data/patient_reconstructed_predictions/patients/S_129_curve_masked/reconstruction_summary.json,372,0.000354766845703125,.json
patients/S_130_curve_masked/normalized_full_image_used.png,data/patient_reconstructed_predictions/patients/S_130_curve_masked/normalized_full_image_used.png,31293,0.02984333038330078,.png
patients/S_130_curve_masked/overlay_pred_regions_curve.png,data/patient_reconstructed_predictions/patients/S_130_curve_masked/overlay_pred_regions_curve.png,68823,0.06563472747802734,.png
patients/S_130_curve_masked/pasted_patches.csv,data/patient_reconstructed_predictions/patients/S_130_curve_masked/pasted_patches.csv,1794,0.0017108917236328125,.csv
patients/S_130_curve_masked/pred_binary_confidence.png,data/patient_reconstructed_predictions/patients/S_130_curve_masked/pred_binary_confidence.png,27980,0.026683807373046875,.png
patients/S_130_curve_masked/pred_boundary.png,data/patient_reconstructed_predictions/patients/S_130_curve_masked/pred_boundary.png,29793,0.028412818908691406,.png
patients/S_130_curve_masked/pred_intervertebral.png,data/patient_reconstructed_predictions/patients/S_130_curve_masked/pred_intervertebral.png,27625,0.026345252990722656,.png
patients/S_130_curve_masked/pred_multiclass_global.png,data/patient_reconstructed_predictions/patients/S_130_curve_masked/pred_multiclass_global.png,8395,0.008006095886230469,.png
patients/S_130_curve_masked/pred_ordinal.png,data/patient_reconstructed_predictions/patients/S_130_curve_masked/pred_ordinal.png,56943,0.054305076599121094,.png
patients/S_130_curve_masked/reconstruction_summary.json,data/patient_reconstructed_predictions/patients/S_130_curve_masked/reconstruction_summary.json,380,0.000362396240234375,.json
patients/S_131_curve_masked/normalized_full_image_used.png,data/patient_reconstructed_predictions/patients/S_131_curve_masked/normalized_full_image_used.png,28884,0.027545928955078125,.png
patients/S_131_curve_masked/overlay_pred_regions_curve.png,data/patient_reconstructed_predictions/patients/S_131_curve_masked/overlay_pred_regions_curve.png,62980,0.060062408447265625,.png
patients/S_131_curve_masked/pasted_patches.csv,data/patient_reconstructed_predictions/patients/S_131_curve_masked/pasted_patches.csv,1791,0.0017080307006835938,.csv
patients/S_131_curve_masked/pred_binary_confidence.png,data/patient_reconstructed_predictions/patients/S_131_curve_masked/pred_binary_confidence.png,25833,0.024636268615722656,.png
patients/S_131_curve_masked/pred_boundary.png,data/patient_reconstructed_predictions/patients/S_131_curve_masked/pred_boundary.png,27570,0.026292800903320312,.png
patients/S_131_curve_masked/pred_intervertebral.png,data/patient_reconstructed_predictions/patients/S_131_curve_masked/pred_intervertebral.png,25703,0.024512290954589844,.png
patients/S_131_curve_masked/pred_multiclass_global.png,data/patient_reconstructed_predictions/patients/S_131_curve_masked/pred_multiclass_global.png,7885,0.007519721984863281,.png
patients/S_131_curve_masked/pred_ordinal.png,data/patient_reconstructed_predictions/patients/S_131_curve_masked/pred_ordinal.png,53202,0.05073738098144531,.png
patients/S_131_curve_masked/reconstruction_summary.json,data/patient_reconstructed_predictions/patients/S_131_curve_masked/reconstruction_summary.json,374,0.0003566741943359375,.json
patients/S_132_curve_masked/normalized_full_image_used.png,data/patient_reconstructed_predictions/patients/S_132_curve_masked/normalized_full_image_used.png,23942,0.022832870483398438,.png
patients/S_132_curve_masked/overlay_pred_regions_curve.png,data/patient_reconstructed_predictions/patients/S_132_curve_masked/overlay_pred_regions_curve.png,50618,0.04827308654785156,.png
patients/S_132_curve_masked/pasted_patches.csv,data/patient_reconstructed_predictions/patients/S_132_curve_masked/pasted_patches.csv,1787,0.0017042160034179688,.csv
patients/S_132_curve_masked/pred_binary_confidence.png,data/patient_reconstructed_predictions/patients/S_132_curve_masked/pred_binary_confidence.png,24630,0.023488998413085938,.png
patients/S_132_curve_masked/pred_boundary.png,data/patient_reconstructed_predictions/patients/S_132_curve_masked/pred_boundary.png,25952,0.024749755859375,.png
patients/S_132_curve_masked/pred_intervertebral.png,data/patient_reconstructed_predictions/patients/S_132_curve_masked/pred_intervertebral.png,24559,0.023421287536621094,.png
patients/S_132_curve_masked/pred_multiclass_global.png,data/patient_reconstructed_predictions/patients/S_132_curve_masked/pred_multiclass_global.png,7108,0.006778717041015625,.png
patients/S_132_curve_masked/pred_ordinal.png,data/patient_reconstructed_predictions/patients/S_132_curve_masked/pred_ordinal.png,51035,0.04867076873779297,.png
patients/S_132_curve_masked/reconstruction_summary.json,data/patient_reconstructed_predictions/patients/S_132_curve_masked/reconstruction_summary.json,374,0.0003566741943359375,.json
patients/S_133_curve_masked/normalized_full_image_used.png,data/patient_reconstructed_predictions/patients/S_133_curve_masked/normalized_full_image_used.png,17947,0.01711559295654297,.png
patients/S_133_curve_masked/overlay_pred_regions_curve.png,data/patient_reconstructed_predictions/patients/S_133_curve_masked/overlay_pred_regions_curve.png,37900,0.036144256591796875,.png
patients/S_133_curve_masked/pasted_patches.csv,data/patient_reconstructed_predictions/patients/S_133_curve_masked/pasted_patches.csv,1785,0.0017023086547851562,.csv
patients/S_133_curve_masked/pred_binary_confidence.png,data/patient_reconstructed_predictions/patients/S_133_curve_masked/pred_binary_confidence.png,20272,0.0193328857421875,.png
patients/S_133_curve_masked/pred_boundary.png,data/patient_reconstructed_predictions/patients/S_133_curve_masked/pred_boundary.png,22169,0.021142005920410156,.png
patients/S_133_curve_masked/pred_intervertebral.png,data/patient_reconstructed_predictions/patients/S_133_curve_masked/pred_intervertebral.png,20956,0.019985198974609375,.png
patients/S_133_curve_masked/pred_multiclass_global.png,data/patient_reconstructed_predictions/patients/S_133_curve_masked/pred_multiclass_global.png,6772,0.006458282470703125,.png
patients/S_133_curve_masked/pred_ordinal.png,data/patient_reconstructed_predictions/patients/S_133_curve_masked/pred_ordinal.png,49037,0.04676532745361328,.png
patients/S_133_curve_masked/reconstruction_summary.json,data/patient_reconstructed_predictions/patients/S_133_curve_masked/reconstruction_summary.json,373,0.00035572052001953125,.json
patients/S_134_curve_masked/normalized_full_image_used.png,data/patient_reconstructed_predictions/patients/S_134_curve_masked/normalized_full_image_used.png,36137,0.034462928771972656,.png
patients/S_134_curve_masked/overlay_pred_regions_curve.png,data/patient_reconstructed_predictions/patients/S_134_curve_masked/overlay_pred_regions_curve.png,78076,0.07445907592773438,.png
patients/S_134_curve_masked/pasted_patches.csv,data/patient_reconstructed_predictions/patients/S_134_curve_masked/pasted_patches.csv,1785,0.0017023086547851562,.csv
patients/S_134_curve_masked/pred_binary_confidence.png,data/patient_reconstructed_predictions/patients/S_134_curve_masked/pred_binary_confidence.png,28674,0.027345657348632812,.png
patients/S_134_curve_masked/pred_boundary.png,data/patient_reconstructed_predictions/patients/S_134_curve_masked/pred_boundary.png,30688,0.029266357421875,.png
patients/S_134_curve_masked/pred_intervertebral.png,data/patient_reconstructed_predictions/patients/S_134_curve_masked/pred_intervertebral.png,28825,0.027489662170410156,.png
patients/S_134_curve_masked/pred_multiclass_global.png,data/patient_reconstructed_predictions/patients/S_134_curve_masked/pred_multiclass_global.png,6981,0.006657600402832031,.png
patients/S_134_curve_masked/pred_ordinal.png,data/patient_reconstructed_predictions/patients/S_134_curve_masked/pred_ordinal.png,50866,0.04850959777832031,.png
patients/S_134_curve_masked/reconstruction_summary.json,data/patient_reconstructed_predictions/patients/S_134_curve_masked/reconstruction_summary.json,372,0.000354766845703125,.json
patients/S_135_curve_masked/normalized_full_image_used.png,data/patient_reconstructed_predictions/patients/S_135_curve_masked/normalized_full_image_used.png,21182,0.020200729370117188,.png
patients/S_135_curve_masked/overlay_pred_regions_curve.png,data/patient_reconstructed_predictions/patients/S_135_curve_masked/overlay_pred_regions_curve.png,46711,0.044547080993652344,.png
patients/S_135_curve_masked/pasted_patches.csv,data/patient_reconstructed_predictions/patients/S_135_curve_masked/pasted_patches.csv,1785,0.0017023086547851562,.csv
patients/S_135_curve_masked/pred_binary_confidence.png,data/patient_reconstructed_predictions/patients/S_135_curve_masked/pred_binary_confidence.png,20821,0.01985645294189453,.png
patients/S_135_curve_masked/pred_boundary.png,data/patient_reconstructed_predictions/patients/S_135_curve_masked/pred_boundary.png,22316,0.021282196044921875,.png
patients/S_135_curve_masked/pred_intervertebral.png,data/patient_reconstructed_predictions/patients/S_135_curve_masked/pred_intervertebral.png,20968,0.01999664306640625,.png
patients/S_135_curve_masked/pred_multiclass_global.png,data/patient_reconstructed_predictions/patients/S_135_curve_masked/pred_multiclass_global.png,7358,0.0070171356201171875,.png
patients/S_135_curve_masked/pred_ordinal.png,data/patient_reconstructed_predictions/patients/S_135_curve_masked/pred_ordinal.png,53861,0.05136585235595703,.png
patients/S_135_curve_masked/reconstruction_summary.json,data/patient_reconstructed_predictions/patients/S_135_curve_masked/reconstruction_summary.json,376,0.00035858154296875,.json
patients/S_136_curve_masked/normalized_full_image_used.png,data/patient_reconstructed_predictions/patients/S_136_curve_masked/normalized_full_image_used.png,22511,0.021468162536621094,.png
patients/S_136_curve_masked/overlay_pred_regions_curve.png,data/patient_reconstructed_predictions/patients/S_136_curve_masked/overlay_pred_regions_curve.png,49690,0.04738807678222656,.png
patients/S_136_curve_masked/pasted_patches.csv,data/patient_reconstructed_predictions/patients/S_136_curve_masked/pasted_patches.csv,1787,0.0017042160034179688,.csv
patients/S_136_curve_masked/pred_binary_confidence.png,data/patient_reconstructed_predictions/patients/S_136_curve_masked/pred_binary_confidence.png,21860,0.020847320556640625,.png
patients/S_136_curve_masked/pred_boundary.png,data/patient_reconstructed_predictions/patients/S_136_curve_masked/pred_boundary.png,23732,0.022632598876953125,.png
patients/S_136_curve_masked/pred_intervertebral.png,data/patient_reconstructed_predictions/patients/S_136_curve_masked/pred_intervertebral.png,22555,0.02151012420654297,.png
patients/S_136_curve_masked/pred_multiclass_global.png,data/patient_reconstructed_predictions/patients/S_136_curve_masked/pred_multiclass_global.png,7112,0.00678253173828125,.png
patients/S_136_curve_masked/pred_ordinal.png,data/patient_reconstructed_predictions/patients/S_136_curve_masked/pred_ordinal.png,51053,0.04868793487548828,.png
patients/S_136_curve_masked/reconstruction_summary.json,data/patient_reconstructed_predictions/patients/S_136_curve_masked/reconstruction_summary.json,375,0.00035762786865234375,.json
patients/S_137_curve_masked/normalized_full_image_used.png,data/patient_reconstructed_predictions/patients/S_137_curve_masked/normalized_full_image_used.png,34227,0.03264141082763672,.png
patients/S_137_curve_masked/overlay_pred_regions_curve.png,data/patient_reconstructed_predictions/patients/S_137_curve_masked/overlay_pred_regions_curve.png,66677,0.06358814239501953,.png
patients/S_137_curve_masked/pasted_patches.csv,data/patient_reconstructed_predictions/patients/S_137_curve_masked/pasted_patches.csv,1790,0.0017070770263671875,.csv
patients/S_137_curve_masked/pred_binary_confidence.png,data/patient_reconstructed_predictions/patients/S_137_curve_masked/pred_binary_confidence.png,34206,0.03262138366699219,.png
patients/S_137_curve_masked/pred_boundary.png,data/patient_reconstructed_predictions/patients/S_137_curve_masked/pred_boundary.png,38093,0.03632831573486328,.png
patients/S_137_curve_masked/pred_intervertebral.png,data/patient_reconstructed_predictions/patients/S_137_curve_masked/pred_intervertebral.png,34780,0.033168792724609375,.png
patients/S_137_curve_masked/pred_multiclass_global.png,data/patient_reconstructed_predictions/patients/S_137_curve_masked/pred_multiclass_global.png,7918,0.0075511932373046875,.png
patients/S_137_curve_masked/pred_ordinal.png,data/patient_reconstructed_predictions/patients/S_137_curve_masked/pred_ordinal.png,62760,0.05985260009765625,.png
patients/S_137_curve_masked/reconstruction_summary.json,data/patient_reconstructed_predictions/patients/S_137_curve_masked/reconstruction_summary.json,374,0.0003566741943359375,.json
patients/S_138_curve_masked/normalized_full_image_used.png,data/patient_reconstructed_predictions/patients/S_138_curve_masked/normalized_full_image_used.png,29465,0.028100013732910156,.png
patients/S_138_curve_masked/overlay_pred_regions_curve.png,data/patient_reconstructed_predictions/patients/S_138_curve_masked/overlay_pred_regions_curve.png,63295,0.060362815856933594,.png
patients/S_138_curve_masked/pasted_patches.csv,data/patient_reconstructed_predictions/patients/S_138_curve_masked/pasted_patches.csv,1786,0.0017032623291015625,.csv
patients/S_138_curve_masked/pred_binary_confidence.png,data/patient_reconstructed_predictions/patients/S_138_curve_masked/pred_binary_confidence.png,26064,0.0248565673828125,.png
patients/S_138_curve_masked/pred_boundary.png,data/patient_reconstructed_predictions/patients/S_138_curve_masked/pred_boundary.png,27675,0.02639293670654297,.png
patients/S_138_curve_masked/pred_intervertebral.png,data/patient_reconstructed_predictions/patients/S_138_curve_masked/pred_intervertebral.png,25950,0.024747848510742188,.png
patients/S_138_curve_masked/pred_multiclass_global.png,data/patient_reconstructed_predictions/patients/S_138_curve_masked/pred_multiclass_global.png,8042,0.0076694488525390625,.png
patients/S_138_curve_masked/pred_ordinal.png,data/patient_reconstructed_predictions/patients/S_138_curve_masked/pred_ordinal.png,58661,0.05594348907470703,.png
patients/S_138_curve_masked/reconstruction_summary.json,data/patient_reconstructed_predictions/patients/S_138_curve_masked/reconstruction_summary.json,374,0.0003566741943359375,.json
patients/S_139_curve_masked/normalized_full_image_used.png,data/patient_reconstructed_predictions/patients/S_139_curve_masked/normalized_full_image_used.png,24547,0.02340984344482422,.png
patients/S_139_curve_masked/overlay_pred_regions_curve.png,data/patient_reconstructed_predictions/patients/S_139_curve_masked/overlay_pred_regions_curve.png,52982,0.05052757263183594,.png
patients/S_139_curve_masked/pasted_patches.csv,data/patient_reconstructed_predictions/patients/S_139_curve_masked/pasted_patches.csv,1791,0.0017080307006835938,.csv
patients/S_139_curve_masked/pred_binary_confidence.png,data/patient_reconstructed_predictions/patients/S_139_curve_masked/pred_binary_confidence.png,26388,0.025165557861328125,.png
patients/S_139_curve_masked/pred_boundary.png,data/patient_reconstructed_predictions/patients/S_139_curve_masked/pred_boundary.png,28415,0.027098655700683594,.png
patients/S_139_curve_masked/pred_intervertebral.png,data/patient_reconstructed_predictions/patients/S_139_curve_masked/pred_intervertebral.png,26871,0.025626182556152344,.png
patients/S_139_curve_masked/pred_multiclass_global.png,data/patient_reconstructed_predictions/patients/S_139_curve_masked/pred_multiclass_global.png,8007,0.007636070251464844,.png
patients/S_139_curve_masked/pred_ordinal.png,data/patient_reconstructed_predictions/patients/S_139_curve_masked/pred_ordinal.png,57661,0.05498981475830078,.png
patients/S_139_curve_masked/reconstruction_summary.json,data/patient_reconstructed_predictions/patients/S_139_curve_masked/reconstruction_summary.json,375,0.00035762786865234375,.json
patients/S_140_curve_masked/normalized_full_image_used.png,data/patient_reconstructed_predictions/patients/S_140_curve_masked/normalized_full_image_used.png,29034,0.027688980102539062,.png
patients/S_140_curve_masked/overlay_pred_regions_curve.png,data/patient_reconstructed_predictions/patients/S_140_curve_masked/overlay_pred_regions_curve.png,64414,0.06142997741699219,.png
patients/S_140_curve_masked/pasted_patches.csv,data/patient_reconstructed_predictions/patients/S_140_curve_masked/pasted_patches.csv,1792,0.001708984375,.csv
patients/S_140_curve_masked/pred_binary_confidence.png,data/patient_reconstructed_predictions/patients/S_140_curve_masked/pred_binary_confidence.png,27270,0.026006698608398438,.png
patients/S_140_curve_masked/pred_boundary.png,data/patient_reconstructed_predictions/patients/S_140_curve_masked/pred_boundary.png,30092,0.028697967529296875,.png
patients/S_140_curve_masked/pred_intervertebral.png,data/patient_reconstructed_predictions/patients/S_140_curve_masked/pred_intervertebral.png,28099,0.02679729461669922,.png
patients/S_140_curve_masked/pred_multiclass_global.png,data/patient_reconstructed_predictions/patients/S_140_curve_masked/pred_multiclass_global.png,7817,0.007454872131347656,.png
patients/S_140_curve_masked/pred_ordinal.png,data/patient_reconstructed_predictions/patients/S_140_curve_masked/pred_ordinal.png,52052,0.049640655517578125,.png
patients/S_140_curve_masked/reconstruction_summary.json,data/patient_reconstructed_predictions/patients/S_140_curve_masked/reconstruction_summary.json,380,0.000362396240234375,.json
patients/S_141_curve_masked/normalized_full_image_used.png,data/patient_reconstructed_predictions/patients/S_141_curve_masked/normalized_full_image_used.png,26022,0.024816513061523438,.png
patients/S_141_curve_masked/overlay_pred_regions_curve.png,data/patient_reconstructed_predictions/patients/S_141_curve_masked/overlay_pred_regions_curve.png,57993,0.055306434631347656,.png
patients/S_141_curve_masked/pasted_patches.csv,data/patient_reconstructed_predictions/patients/S_141_curve_masked/pasted_patches.csv,1797,0.0017137527465820312,.csv
patients/S_141_curve_masked/pred_binary_confidence.png,data/patient_reconstructed_predictions/patients/S_141_curve_masked/pred_binary_confidence.png,24886,0.023733139038085938,.png
patients/S_141_curve_masked/pred_boundary.png,data/patient_reconstructed_predictions/patients/S_141_curve_masked/pred_boundary.png,27079,0.025824546813964844,.png
patients/S_141_curve_masked/pred_intervertebral.png,data/patient_reconstructed_predictions/patients/S_141_curve_masked/pred_intervertebral.png,25211,0.02404308319091797,.png
patients/S_141_curve_masked/pred_multiclass_global.png,data/patient_reconstructed_predictions/patients/S_141_curve_masked/pred_multiclass_global.png,7936,0.007568359375,.png
patients/S_141_curve_masked/pred_ordinal.png,data/patient_reconstructed_predictions/patients/S_141_curve_masked/pred_ordinal.png,54006,0.05150413513183594,.png
patients/S_141_curve_masked/reconstruction_summary.json,data/patient_reconstructed_predictions/patients/S_141_curve_masked/reconstruction_summary.json,380,0.000362396240234375,.json
patients/S_142_curve_masked/normalized_full_image_used.png,data/patient_reconstructed_predictions/patients/S_142_curve_masked/normalized_full_image_used.png,50699,0.04835033416748047,.png
patients/S_142_curve_masked/overlay_pred_regions_curve.png,data/patient_reconstructed_predictions/patients/S_142_curve_masked/overlay_pred_regions_curve.png,103348,0.09856033325195312,.png
patients/S_142_curve_masked/pasted_patches.csv,data/patient_reconstructed_predictions/patients/S_142_curve_masked/pasted_patches.csv,1785,0.0017023086547851562,.csv
patients/S_142_curve_masked/pred_binary_confidence.png,data/patient_reconstructed_predictions/patients/S_142_curve_masked/pred_binary_confidence.png,43289,0.041283607482910156,.png
patients/S_142_curve_masked/pred_boundary.png,data/patient_reconstructed_predictions/patients/S_142_curve_masked/pred_boundary.png,47914,0.04569435119628906,.png
patients/S_142_curve_masked/pred_intervertebral.png,data/patient_reconstructed_predictions/patients/S_142_curve_masked/pred_intervertebral.png,43328,0.04132080078125,.png
patients/S_142_curve_masked/pred_multiclass_global.png,data/patient_reconstructed_predictions/patients/S_142_curve_masked/pred_multiclass_global.png,10540,0.010051727294921875,.png
patients/S_142_curve_masked/pred_ordinal.png,data/patient_reconstructed_predictions/patients/S_142_curve_masked/pred_ordinal.png,75933,0.07241535186767578,.png
patients/S_142_curve_masked/reconstruction_summary.json,data/patient_reconstructed_predictions/patients/S_142_curve_masked/reconstruction_summary.json,376,0.00035858154296875,.json
patients/S_143_curve_masked/normalized_full_image_used.png,data/patient_reconstructed_predictions/patients/S_143_curve_masked/normalized_full_image_used.png,20908,0.019939422607421875,.png
patients/S_143_curve_masked/overlay_pred_regions_curve.png,data/patient_reconstructed_predictions/patients/S_143_curve_masked/overlay_pred_regions_curve.png,42249,0.040291786193847656,.png
patients/S_143_curve_masked/pasted_patches.csv,data/patient_reconstructed_predictions/patients/S_143_curve_masked/pasted_patches.csv,1791,0.0017080307006835938,.csv
patients/S_143_curve_masked/pred_binary_confidence.png,data/patient_reconstructed_predictions/patients/S_143_curve_masked/pred_binary_confidence.png,24168,0.02304840087890625,.png
patients/S_143_curve_masked/pred_boundary.png,data/patient_reconstructed_predictions/patients/S_143_curve_masked/pred_boundary.png,26785,0.025544166564941406,.png
patients/S_143_curve_masked/pred_intervertebral.png,data/patient_reconstructed_predictions/patients/S_143_curve_masked/pred_intervertebral.png,24762,0.023614883422851562,.png
patients/S_143_curve_masked/pred_multiclass_global.png,data/patient_reconstructed_predictions/patients/S_143_curve_masked/pred_multiclass_global.png,6783,0.006468772888183594,.png
patients/S_143_curve_masked/pred_ordinal.png,data/patient_reconstructed_predictions/patients/S_143_curve_masked/pred_ordinal.png,47519,0.045317649841308594,.png
patients/S_143_curve_masked/reconstruction_summary.json,data/patient_reconstructed_predictions/patients/S_143_curve_masked/reconstruction_summary.json,371,0.00035381317138671875,.json
patients/S_144_curve_masked/normalized_full_image_used.png,data/patient_reconstructed_predictions/patients/S_144_curve_masked/normalized_full_image_used.png,36284,0.034603118896484375,.png
patients/S_144_curve_masked/overlay_pred_regions_curve.png,data/patient_reconstructed_predictions/patients/S_144_curve_masked/overlay_pred_regions_curve.png,75933,0.07241535186767578,.png
patients/S_144_curve_masked/pasted_patches.csv,data/patient_reconstructed_predictions/patients/S_144_curve_masked/pasted_patches.csv,1793,0.0017099380493164062,.csv
patients/S_144_curve_masked/pred_binary_confidence.png,data/patient_reconstructed_predictions/patients/S_144_curve_masked/pred_binary_confidence.png,33015,0.031485557556152344,.png
patients/S_144_curve_masked/pred_boundary.png,data/patient_reconstructed_predictions/patients/S_144_curve_masked/pred_boundary.png,36229,0.03455066680908203,.png
patients/S_144_curve_masked/pred_intervertebral.png,data/patient_reconstructed_predictions/patients/S_144_curve_masked/pred_intervertebral.png,33087,0.031554222106933594,.png
patients/S_144_curve_masked/pred_multiclass_global.png,data/patient_reconstructed_predictions/patients/S_144_curve_masked/pred_multiclass_global.png,8625,0.008225440979003906,.png
patients/S_144_curve_masked/pred_ordinal.png,data/patient_reconstructed_predictions/patients/S_144_curve_masked/pred_ordinal.png,60337,0.057541847229003906,.png
patients/S_144_curve_masked/reconstruction_summary.json,data/patient_reconstructed_predictions/patients/S_144_curve_masked/reconstruction_summary.json,374,0.0003566741943359375,.json
patients/S_145_curve_masked/normalized_full_image_used.png,data/patient_reconstructed_predictions/patients/S_145_curve_masked/normalized_full_image_used.png,23189,0.02211475372314453,.png
patients/S_145_curve_masked/overlay_pred_regions_curve.png,data/patient_reconstructed_predictions/patients/S_145_curve_masked/overlay_pred_regions_curve.png,51285,0.04890918731689453,.png
patients/S_145_curve_masked/pasted_patches.csv,data/patient_reconstructed_predictions/patients/S_145_curve_masked/pasted_patches.csv,1790,0.0017070770263671875,.csv
patients/S_145_curve_masked/pred_binary_confidence.png,data/patient_reconstructed_predictions/patients/S_145_curve_masked/pred_binary_confidence.png,24315,0.02318859100341797,.png
patients/S_145_curve_masked/pred_boundary.png,data/patient_reconstructed_predictions/patients/S_145_curve_masked/pred_boundary.png,26194,0.024980545043945312,.png
patients/S_145_curve_masked/pred_intervertebral.png,data/patient_reconstructed_predictions/patients/S_145_curve_masked/pred_intervertebral.png,24566,0.023427963256835938,.png
patients/S_145_curve_masked/pred_multiclass_global.png,data/patient_reconstructed_predictions/patients/S_145_curve_masked/pred_multiclass_global.png,7563,0.007212638854980469,.png
patients/S_145_curve_masked/pred_ordinal.png,data/patient_reconstructed_predictions/patients/S_145_curve_masked/pred_ordinal.png,55790,0.05320549011230469,.png
patients/S_145_curve_masked/reconstruction_summary.json,data/patient_reconstructed_predictions/patients/S_145_curve_masked/reconstruction_summary.json,374,0.0003566741943359375,.json
patients/S_146_curve_masked/normalized_full_image_used.png,data/patient_reconstructed_predictions/patients/S_146_curve_masked/normalized_full_image_used.png,18045,0.01720905303955078,.png
patients/S_146_curve_masked/overlay_pred_regions_curve.png,data/patient_reconstructed_predictions/patients/S_146_curve_masked/overlay_pred_regions_curve.png,38445,0.03666400909423828,.png
patients/S_146_curve_masked/pasted_patches.csv,data/patient_reconstructed_predictions/patients/S_146_curve_masked/pasted_patches.csv,1787,0.0017042160034179688,.csv
patients/S_146_curve_masked/pred_binary_confidence.png,data/patient_reconstructed_predictions/patients/S_146_curve_masked/pred_binary_confidence.png,20249,0.019310951232910156,.png
patients/S_146_curve_masked/pred_boundary.png,data/patient_reconstructed_predictions/patients/S_146_curve_masked/pred_boundary.png,21294,0.020307540893554688,.png
patients/S_146_curve_masked/pred_intervertebral.png,data/patient_reconstructed_predictions/patients/S_146_curve_masked/pred_intervertebral.png,20181,0.01924610137939453,.png
patients/S_146_curve_masked/pred_multiclass_global.png,data/patient_reconstructed_predictions/patients/S_146_curve_masked/pred_multiclass_global.png,7058,0.0067310333251953125,.png
patients/S_146_curve_masked/pred_ordinal.png,data/patient_reconstructed_predictions/patients/S_146_curve_masked/pred_ordinal.png,57375,0.054717063903808594,.png
patients/S_146_curve_masked/reconstruction_summary.json,data/patient_reconstructed_predictions/patients/S_146_curve_masked/reconstruction_summary.json,375,0.00035762786865234375,.json
patients/S_147_curve_masked/normalized_full_image_used.png,data/patient_reconstructed_predictions/patients/S_147_curve_masked/normalized_full_image_used.png,19483,0.01858043670654297,.png
patients/S_147_curve_masked/overlay_pred_regions_curve.png,data/patient_reconstructed_predictions/patients/S_147_curve_masked/overlay_pred_regions_curve.png,43079,0.041083335876464844,.png
patients/S_147_curve_masked/pasted_patches.csv,data/patient_reconstructed_predictions/patients/S_147_curve_masked/pasted_patches.csv,1784,0.00170135498046875,.csv
patients/S_147_curve_masked/pred_binary_confidence.png,data/patient_reconstructed_predictions/patients/S_147_curve_masked/pred_binary_confidence.png,19775,0.018858909606933594,.png
patients/S_147_curve_masked/pred_boundary.png,data/patient_reconstructed_predictions/patients/S_147_curve_masked/pred_boundary.png,20990,0.020017623901367188,.png
patients/S_147_curve_masked/pred_intervertebral.png,data/patient_reconstructed_predictions/patients/S_147_curve_masked/pred_intervertebral.png,19862,0.018941879272460938,.png
patients/S_147_curve_masked/pred_multiclass_global.png,data/patient_reconstructed_predictions/patients/S_147_curve_masked/pred_multiclass_global.png,7248,0.0069122314453125,.png
patients/S_147_curve_masked/pred_ordinal.png,data/patient_reconstructed_predictions/patients/S_147_curve_masked/pred_ordinal.png,53675,0.05118846893310547,.png
patients/S_147_curve_masked/reconstruction_summary.json,data/patient_reconstructed_predictions/patients/S_147_curve_masked/reconstruction_summary.json,374,0.0003566741943359375,.json
patients/S_148_curve_masked/normalized_full_image_used.png,data/patient_reconstructed_predictions/patients/S_148_curve_masked/normalized_full_image_used.png,27403,0.02613353729248047,.png
patients/S_148_curve_masked/overlay_pred_regions_curve.png,data/patient_reconstructed_predictions/patients/S_148_curve_masked/overlay_pred_regions_curve.png,60625,0.057816505432128906,.png
patients/S_148_curve_masked/pasted_patches.csv,data/patient_reconstructed_predictions/patients/S_148_curve_masked/pasted_patches.csv,1789,0.0017061233520507812,.csv
patients/S_148_curve_masked/pred_binary_confidence.png,data/patient_reconstructed_predictions/patients/S_148_curve_masked/pred_binary_confidence.png,22307,0.02127361297607422,.png
patients/S_148_curve_masked/pred_boundary.png,data/patient_reconstructed_predictions/patients/S_148_curve_masked/pred_boundary.png,24449,0.023316383361816406,.png
patients/S_148_curve_masked/pred_intervertebral.png,data/patient_reconstructed_predictions/patients/S_148_curve_masked/pred_intervertebral.png,22945,0.021882057189941406,.png
patients/S_148_curve_masked/pred_multiclass_global.png,data/patient_reconstructed_predictions/patients/S_148_curve_masked/pred_multiclass_global.png,6797,0.006482124328613281,.png
patients/S_148_curve_masked/pred_ordinal.png,data/patient_reconstructed_predictions/patients/S_148_curve_masked/pred_ordinal.png,55861,0.05327320098876953,.png
patients/S_148_curve_masked/reconstruction_summary.json,data/patient_reconstructed_predictions/patients/S_148_curve_masked/reconstruction_summary.json,374,0.0003566741943359375,.json
patients/S_149_curve_masked/normalized_full_image_used.png,data/patient_reconstructed_predictions/patients/S_149_curve_masked/normalized_full_image_used.png,25993,0.024788856506347656,.png
patients/S_149_curve_masked/overlay_pred_regions_curve.png,data/patient_reconstructed_predictions/patients/S_149_curve_masked/overlay_pred_regions_curve.png,57447,0.054785728454589844,.png
patients/S_149_curve_masked/pasted_patches.csv,data/patient_reconstructed_predictions/patients/S_149_curve_masked/pasted_patches.csv,1793,0.0017099380493164062,.csv
patients/S_149_curve_masked/pred_binary_confidence.png,data/patient_reconstructed_predictions/patients/S_149_curve_masked/pred_binary_confidence.png,23233,0.022156715393066406,.png
patients/S_149_curve_masked/pred_boundary.png,data/patient_reconstructed_predictions/patients/S_149_curve_masked/pred_boundary.png,25610,0.024423599243164062,.png
patients/S_149_curve_masked/pred_intervertebral.png,data/patient_reconstructed_predictions/patients/S_149_curve_masked/pred_intervertebral.png,23924,0.022815704345703125,.png
patients/S_149_curve_masked/pred_multiclass_global.png,data/patient_reconstructed_predictions/patients/S_149_curve_masked/pred_multiclass_global.png,6999,0.006674766540527344,.png
patients/S_149_curve_masked/pred_ordinal.png,data/patient_reconstructed_predictions/patients/S_149_curve_masked/pred_ordinal.png,50824,0.04846954345703125,.png
patients/S_149_curve_masked/reconstruction_summary.json,data/patient_reconstructed_predictions/patients/S_149_curve_masked/reconstruction_summary.json,383,0.00036525726318359375,.json
patients/S_150_curve_masked/normalized_full_image_used.png,data/patient_reconstructed_predictions/patients/S_150_curve_masked/normalized_full_image_used.png,45672,0.04355621337890625,.png
patients/S_150_curve_masked/overlay_pred_regions_curve.png,data/patient_reconstructed_predictions/patients/S_150_curve_masked/overlay_pred_regions_curve.png,95829,0.09138965606689453,.png
patients/S_150_curve_masked/pasted_patches.csv,data/patient_reconstructed_predictions/patients/S_150_curve_masked/pasted_patches.csv,1796,0.001712799072265625,.csv
patients/S_150_curve_masked/pred_binary_confidence.png,data/patient_reconstructed_predictions/patients/S_150_curve_masked/pred_binary_confidence.png,39718,0.03787803649902344,.png
patients/S_150_curve_masked/pred_boundary.png,data/patient_reconstructed_predictions/patients/S_150_curve_masked/pred_boundary.png,43708,0.041683197021484375,.png
patients/S_150_curve_masked/pred_intervertebral.png,data/patient_reconstructed_predictions/patients/S_150_curve_masked/pred_intervertebral.png,39220,0.037403106689453125,.png
patients/S_150_curve_masked/pred_multiclass_global.png,data/patient_reconstructed_predictions/patients/S_150_curve_masked/pred_multiclass_global.png,10042,0.009576797485351562,.png
patients/S_150_curve_masked/pred_ordinal.png,data/patient_reconstructed_predictions/patients/S_150_curve_masked/pred_ordinal.png,78240,0.074615478515625,.png
patients/S_150_curve_masked/reconstruction_summary.json,data/patient_reconstructed_predictions/patients/S_150_curve_masked/reconstruction_summary.json,381,0.00036334991455078125,.json
patients/S_151_curve_masked/normalized_full_image_used.png,data/patient_reconstructed_predictions/patients/S_151_curve_masked/normalized_full_image_used.png,27725,0.02644062042236328,.png
patients/S_151_curve_masked/overlay_pred_regions_curve.png,data/patient_reconstructed_predictions/patients/S_151_curve_masked/overlay_pred_regions_curve.png,58008,0.05532073974609375,.png
patients/S_151_curve_masked/pasted_patches.csv,data/patient_reconstructed_predictions/patients/S_151_curve_masked/pasted_patches.csv,1790,0.0017070770263671875,.csv
patients/S_151_curve_masked/pred_binary_confidence.png,data/patient_reconstructed_predictions/patients/S_151_curve_masked/pred_binary_confidence.png,29074,0.027727127075195312,.png
patients/S_151_curve_masked/pred_boundary.png,data/patient_reconstructed_predictions/patients/S_151_curve_masked/pred_boundary.png,32096,0.030609130859375,.png
patients/S_151_curve_masked/pred_intervertebral.png,data/patient_reconstructed_predictions/patients/S_151_curve_masked/pred_intervertebral.png,30156,0.028759002685546875,.png
patients/S_151_curve_masked/pred_multiclass_global.png,data/patient_reconstructed_predictions/patients/S_151_curve_masked/pred_multiclass_global.png,8128,0.00775146484375,.png
patients/S_151_curve_masked/pred_ordinal.png,data/patient_reconstructed_predictions/patients/S_151_curve_masked/pred_ordinal.png,53004,0.050548553466796875,.png
patients/S_151_curve_masked/reconstruction_summary.json,data/patient_reconstructed_predictions/patients/S_151_curve_masked/reconstruction_summary.json,381,0.00036334991455078125,.json
patients/S_152_curve_masked/normalized_full_image_used.png,data/patient_reconstructed_predictions/patients/S_152_curve_masked/normalized_full_image_used.png,16597,0.01582813262939453,.png
patients/S_152_curve_masked/overlay_pred_regions_curve.png,data/patient_reconstructed_predictions/patients/S_152_curve_masked/overlay_pred_regions_curve.png,33824,0.032257080078125,.png
patients/S_152_curve_masked/pasted_patches.csv,data/patient_reconstructed_predictions/patients/S_152_curve_masked/pasted_patches.csv,1789,0.0017061233520507812,.csv
patients/S_152_curve_masked/pred_binary_confidence.png,data/patient_reconstructed_predictions/patients/S_152_curve_masked/pred_binary_confidence.png,17997,0.01716327667236328,.png
patients/S_152_curve_masked/pred_boundary.png,data/patient_reconstructed_predictions/patients/S_152_curve_masked/pred_boundary.png,19183,0.018294334411621094,.png
patients/S_152_curve_masked/pred_intervertebral.png,data/patient_reconstructed_predictions/patients/S_152_curve_masked/pred_intervertebral.png,18260,0.017414093017578125,.png
patients/S_152_curve_masked/pred_multiclass_global.png,data/patient_reconstructed_predictions/patients/S_152_curve_masked/pred_multiclass_global.png,6828,0.006511688232421875,.png
patients/S_152_curve_masked/pred_ordinal.png,data/patient_reconstructed_predictions/patients/S_152_curve_masked/pred_ordinal.png,46408,0.04425811767578125,.png
patients/S_152_curve_masked/reconstruction_summary.json,data/patient_reconstructed_predictions/patients/S_152_curve_masked/reconstruction_summary.json,374,0.0003566741943359375,.json
patients/S_153_curve_masked/normalized_full_image_used.png,data/patient_reconstructed_predictions/patients/S_153_curve_masked/normalized_full_image_used.png,18463,0.017607688903808594,.png
patients/S_153_curve_masked/overlay_pred_regions_curve.png,data/patient_reconstructed_predictions/patients/S_153_curve_masked/overlay_pred_regions_curve.png,41593,0.039666175842285156,.png
patients/S_153_curve_masked/pasted_patches.csv,data/patient_reconstructed_predictions/patients/S_153_curve_masked/pasted_patches.csv,1779,0.0016965866088867188,.csv
patients/S_153_curve_masked/pred_binary_confidence.png,data/patient_reconstructed_predictions/patients/S_153_curve_masked/pred_binary_confidence.png,19885,0.01896381378173828,.png
patients/S_153_curve_masked/pred_boundary.png,data/patient_reconstructed_predictions/patients/S_153_curve_masked/pred_boundary.png,21016,0.02004241943359375,.png
patients/S_153_curve_masked/pred_intervertebral.png,data/patient_reconstructed_predictions/patients/S_153_curve_masked/pred_intervertebral.png,19929,0.019005775451660156,.png
patients/S_153_curve_masked/pred_multiclass_global.png,data/patient_reconstructed_predictions/patients/S_153_curve_masked/pred_multiclass_global.png,7467,0.007121086120605469,.png
patients/S_153_curve_masked/pred_ordinal.png,data/patient_reconstructed_predictions/patients/S_153_curve_masked/pred_ordinal.png,48514,0.04626655578613281,.png
patients/S_153_curve_masked/reconstruction_summary.json,data/patient_reconstructed_predictions/patients/S_153_curve_masked/reconstruction_summary.json,374,0.0003566741943359375,.json
patients/S_154_curve_masked/normalized_full_image_used.png,data/patient_reconstructed_predictions/patients/S_154_curve_masked/normalized_full_image_used.png,17445,0.01663684844970703,.png
patients/S_154_curve_masked/overlay_pred_regions_curve.png,data/patient_reconstructed_predictions/patients/S_154_curve_masked/overlay_pred_regions_curve.png,38115,0.03634929656982422,.png
patients/S_154_curve_masked/pasted_patches.csv,data/patient_reconstructed_predictions/patients/S_154_curve_masked/pasted_patches.csv,1788,0.001705169677734375,.csv
patients/S_154_curve_masked/pred_binary_confidence.png,data/patient_reconstructed_predictions/patients/S_154_curve_masked/pred_binary_confidence.png,19209,0.018319129943847656,.png
patients/S_154_curve_masked/pred_boundary.png,data/patient_reconstructed_predictions/patients/S_154_curve_masked/pred_boundary.png,20575,0.019621849060058594,.png
patients/S_154_curve_masked/pred_intervertebral.png,data/patient_reconstructed_predictions/patients/S_154_curve_masked/pred_intervertebral.png,19394,0.018495559692382812,.png
patients/S_154_curve_masked/pred_multiclass_global.png,data/patient_reconstructed_predictions/patients/S_154_curve_masked/pred_multiclass_global.png,6972,0.006649017333984375,.png
patients/S_154_curve_masked/pred_ordinal.png,data/patient_reconstructed_predictions/patients/S_154_curve_masked/pred_ordinal.png,48869,0.04660511016845703,.png
patients/S_154_curve_masked/reconstruction_summary.json,data/patient_reconstructed_predictions/patients/S_154_curve_masked/reconstruction_summary.json,374,0.0003566741943359375,.json
patients/S_155_curve_masked/normalized_full_image_used.png,data/patient_reconstructed_predictions/patients/S_155_curve_masked/normalized_full_image_used.png,17135,0.016341209411621094,.png
patients/S_155_curve_masked/overlay_pred_regions_curve.png,data/patient_reconstructed_predictions/patients/S_155_curve_masked/overlay_pred_regions_curve.png,38685,0.03689289093017578,.png
patients/S_155_curve_masked/pasted_patches.csv,data/patient_reconstructed_predictions/patients/S_155_curve_masked/pasted_patches.csv,1786,0.0017032623291015625,.csv
patients/S_155_curve_masked/pred_binary_confidence.png,data/patient_reconstructed_predictions/patients/S_155_curve_masked/pred_binary_confidence.png,17293,0.01649188995361328,.png
patients/S_155_curve_masked/pred_boundary.png,data/patient_reconstructed_predictions/patients/S_155_curve_masked/pred_boundary.png,18491,0.01763439178466797,.png
patients/S_155_curve_masked/pred_intervertebral.png,data/patient_reconstructed_predictions/patients/S_155_curve_masked/pred_intervertebral.png,17419,0.01661205291748047,.png
patients/S_155_curve_masked/pred_multiclass_global.png,data/patient_reconstructed_predictions/patients/S_155_curve_masked/pred_multiclass_global.png,7245,0.006909370422363281,.png
patients/S_155_curve_masked/pred_ordinal.png,data/patient_reconstructed_predictions/patients/S_155_curve_masked/pred_ordinal.png,45455,0.043349266052246094,.png
patients/S_155_curve_masked/reconstruction_summary.json,data/patient_reconstructed_predictions/patients/S_155_curve_masked/reconstruction_summary.json,372,0.000354766845703125,.json
patients/S_156_curve_masked/normalized_full_image_used.png,data/patient_reconstructed_predictions/patients/S_156_curve_masked/normalized_full_image_used.png,20954,0.019983291625976562,.png
patients/S_156_curve_masked/overlay_pred_regions_curve.png,data/patient_reconstructed_predictions/patients/S_156_curve_masked/overlay_pred_regions_curve.png,42467,0.04049968719482422,.png
patients/S_156_curve_masked/pasted_patches.csv,data/patient_reconstructed_predictions/patients/S_156_curve_masked/pasted_patches.csv,1793,0.0017099380493164062,.csv
patients/S_156_curve_masked/pred_binary_confidence.png,data/patient_reconstructed_predictions/patients/S_156_curve_masked/pred_binary_confidence.png,23231,0.022154808044433594,.png
patients/S_156_curve_masked/pred_boundary.png,data/patient_reconstructed_predictions/patients/S_156_curve_masked/pred_boundary.png,25643,0.02445507049560547,.png
patients/S_156_curve_masked/pred_intervertebral.png,data/patient_reconstructed_predictions/patients/S_156_curve_masked/pred_intervertebral.png,24062,0.022947311401367188,.png
patients/S_156_curve_masked/pred_multiclass_global.png,data/patient_reconstructed_predictions/patients/S_156_curve_masked/pred_multiclass_global.png,7447,0.007102012634277344,.png
patients/S_156_curve_masked/pred_ordinal.png,data/patient_reconstructed_predictions/patients/S_156_curve_masked/pred_ordinal.png,48447,0.046202659606933594,.png
patients/S_156_curve_masked/reconstruction_summary.json,data/patient_reconstructed_predictions/patients/S_156_curve_masked/reconstruction_summary.json,374,0.0003566741943359375,.json
patients/S_157_curve_masked/normalized_full_image_used.png,data/patient_reconstructed_predictions/patients/S_157_curve_masked/normalized_full_image_used.png,26447,0.025221824645996094,.png
patients/S_157_curve_masked/overlay_pred_regions_curve.png,data/patient_reconstructed_predictions/patients/S_157_curve_masked/overlay_pred_regions_curve.png,59277,0.05653095245361328,.png
patients/S_157_curve_masked/pasted_patches.csv,data/patient_reconstructed_predictions/patients/S_157_curve_masked/pasted_patches.csv,1787,0.0017042160034179688,.csv
patients/S_157_curve_masked/pred_binary_confidence.png,data/patient_reconstructed_predictions/patients/S_157_curve_masked/pred_binary_confidence.png,23674,0.022577285766601562,.png
patients/S_157_curve_masked/pred_boundary.png,data/patient_reconstructed_predictions/patients/S_157_curve_masked/pred_boundary.png,25186,0.024019241333007812,.png
patients/S_157_curve_masked/pred_intervertebral.png,data/patient_reconstructed_predictions/patients/S_157_curve_masked/pred_intervertebral.png,23971,0.02286052703857422,.png
patients/S_157_curve_masked/pred_multiclass_global.png,data/patient_reconstructed_predictions/patients/S_157_curve_masked/pred_multiclass_global.png,7764,0.007404327392578125,.png
patients/S_157_curve_masked/pred_ordinal.png,data/patient_reconstructed_predictions/patients/S_157_curve_masked/pred_ordinal.png,58691,0.05597209930419922,.png
patients/S_157_curve_masked/reconstruction_summary.json,data/patient_reconstructed_predictions/patients/S_157_curve_masked/reconstruction_summary.json,373,0.00035572052001953125,.json
patients/S_158_curve_masked/normalized_full_image_used.png,data/patient_reconstructed_predictions/patients/S_158_curve_masked/normalized_full_image_used.png,18846,0.017972946166992188,.png
patients/S_158_curve_masked/overlay_pred_regions_curve.png,data/patient_reconstructed_predictions/patients/S_158_curve_masked/overlay_pred_regions_curve.png,39870,0.03802299499511719,.png
patients/S_158_curve_masked/pasted_patches.csv,data/patient_reconstructed_predictions/patients/S_158_curve_masked/pasted_patches.csv,1798,0.0017147064208984375,.csv
patients/S_158_curve_masked/pred_binary_confidence.png,data/patient_reconstructed_predictions/patients/S_158_curve_masked/pred_binary_confidence.png,21268,0.020282745361328125,.png
patients/S_158_curve_masked/pred_boundary.png,data/patient_reconstructed_predictions/patients/S_158_curve_masked/pred_boundary.png,23225,0.022149085998535156,.png
patients/S_158_curve_masked/pred_intervertebral.png,data/patient_reconstructed_predictions/patients/S_158_curve_masked/pred_intervertebral.png,21701,0.02069568634033203,.png
patients/S_158_curve_masked/pred_multiclass_global.png,data/patient_reconstructed_predictions/patients/S_158_curve_masked/pred_multiclass_global.png,7066,0.0067386627197265625,.png
patients/S_158_curve_masked/pred_ordinal.png,data/patient_reconstructed_predictions/patients/S_158_curve_masked/pred_ordinal.png,53242,0.05077552795410156,.png
patients/S_158_curve_masked/reconstruction_summary.json,data/patient_reconstructed_predictions/patients/S_158_curve_masked/reconstruction_summary.json,380,0.000362396240234375,.json
patients/S_160_curve_masked/normalized_full_image_used.png,data/patient_reconstructed_predictions/patients/S_160_curve_masked/normalized_full_image_used.png,30611,0.02919292449951172,.png
patients/S_160_curve_masked/overlay_pred_regions_curve.png,data/patient_reconstructed_predictions/patients/S_160_curve_masked/overlay_pred_regions_curve.png,62065,0.059189796447753906,.png
patients/S_160_curve_masked/pasted_patches.csv,data/patient_reconstructed_predictions/patients/S_160_curve_masked/pasted_patches.csv,1796,0.001712799072265625,.csv
patients/S_160_curve_masked/pred_binary_confidence.png,data/patient_reconstructed_predictions/patients/S_160_curve_masked/pred_binary_confidence.png,32025,0.030541419982910156,.png
patients/S_160_curve_masked/pred_boundary.png,data/patient_reconstructed_predictions/patients/S_160_curve_masked/pred_boundary.png,34096,0.0325164794921875,.png
patients/S_160_curve_masked/pred_intervertebral.png,data/patient_reconstructed_predictions/patients/S_160_curve_masked/pred_intervertebral.png,31754,0.030282974243164062,.png
patients/S_160_curve_masked/pred_multiclass_global.png,data/patient_reconstructed_predictions/patients/S_160_curve_masked/pred_multiclass_global.png,7803,0.007441520690917969,.png
patients/S_160_curve_masked/pred_ordinal.png,data/patient_reconstructed_predictions/patients/S_160_curve_masked/pred_ordinal.png,53505,0.051026344299316406,.png
patients/S_160_curve_masked/reconstruction_summary.json,data/patient_reconstructed_predictions/patients/S_160_curve_masked/reconstruction_summary.json,374,0.0003566741943359375,.json
patients/S_161_curve_masked/normalized_full_image_used.png,data/patient_reconstructed_predictions/patients/S_161_curve_masked/normalized_full_image_used.png,26962,0.025712966918945312,.png
patients/S_161_curve_masked/overlay_pred_regions_curve.png,data/patient_reconstructed_predictions/patients/S_161_curve_masked/overlay_pred_regions_curve.png,57247,0.054594993591308594,.png
patients/S_161_curve_masked/pasted_patches.csv,data/patient_reconstructed_predictions/patients/S_161_curve_masked/pasted_patches.csv,1802,0.0017185211181640625,.csv
patients/S_161_curve_masked/pred_binary_confidence.png,data/patient_reconstructed_predictions/patients/S_161_curve_masked/pred_binary_confidence.png,27033,0.025780677795410156,.png
patients/S_161_curve_masked/pred_boundary.png,data/patient_reconstructed_predictions/patients/S_161_curve_masked/pred_boundary.png,29933,0.02854633331298828,.png
patients/S_161_curve_masked/pred_intervertebral.png,data/patient_reconstructed_predictions/patients/S_161_curve_masked/pred_intervertebral.png,28307,0.02699565887451172,.png
patients/S_161_curve_masked/pred_multiclass_global.png,data/patient_reconstructed_predictions/patients/S_161_curve_masked/pred_multiclass_global.png,7446,0.0071010589599609375,.png
patients/S_161_curve_masked/pred_ordinal.png,data/patient_reconstructed_predictions/patients/S_161_curve_masked/pred_ordinal.png,50998,0.04863548278808594,.png
patients/S_161_curve_masked/reconstruction_summary.json,data/patient_reconstructed_predictions/patients/S_161_curve_masked/reconstruction_summary.json,374,0.0003566741943359375,.json
patients/S_162_curve_masked/normalized_full_image_used.png,data/patient_reconstructed_predictions/patients/S_162_curve_masked/normalized_full_image_used.png,32014,0.030530929565429688,.png
patients/S_162_curve_masked/overlay_pred_regions_curve.png,data/patient_reconstructed_predictions/patients/S_162_curve_masked/overlay_pred_regions_curve.png,65225,0.062203407287597656,.png
patients/S_162_curve_masked/pasted_patches.csv,data/patient_reconstructed_predictions/patients/S_162_curve_masked/pasted_patches.csv,1798,0.0017147064208984375,.csv
patients/S_162_curve_masked/pred_binary_confidence.png,data/patient_reconstructed_predictions/patients/S_162_curve_masked/pred_binary_confidence.png,29872,0.0284881591796875,.png
patients/S_162_curve_masked/pred_boundary.png,data/patient_reconstructed_predictions/patients/S_162_curve_masked/pred_boundary.png,32174,0.030683517456054688,.png
patients/S_162_curve_masked/pred_intervertebral.png,data/patient_reconstructed_predictions/patients/S_162_curve_masked/pred_intervertebral.png,29939,0.02855205535888672,.png
patients/S_162_curve_masked/pred_multiclass_global.png,data/patient_reconstructed_predictions/patients/S_162_curve_masked/pred_multiclass_global.png,7186,0.0068531036376953125,.png
patients/S_162_curve_masked/pred_ordinal.png,data/patient_reconstructed_predictions/patients/S_162_curve_masked/pred_ordinal.png,51884,0.049480438232421875,.png
patients/S_162_curve_masked/reconstruction_summary.json,data/patient_reconstructed_predictions/patients/S_162_curve_masked/reconstruction_summary.json,372,0.000354766845703125,.json
patients/S_163_curve_masked/normalized_full_image_used.png,data/patient_reconstructed_predictions/patients/S_163_curve_masked/normalized_full_image_used.png,27441,0.026169776916503906,.png
patients/S_163_curve_masked/overlay_pred_regions_curve.png,data/patient_reconstructed_predictions/patients/S_163_curve_masked/overlay_pred_regions_curve.png,56505,0.053887367248535156,.png
patients/S_163_curve_masked/pasted_patches.csv,data/patient_reconstructed_predictions/patients/S_163_curve_masked/pasted_patches.csv,1794,0.0017108917236328125,.csv
patients/S_163_curve_masked/pred_binary_confidence.png,data/patient_reconstructed_predictions/patients/S_163_curve_masked/pred_binary_confidence.png,27670,0.026388168334960938,.png
patients/S_163_curve_masked/pred_boundary.png,data/patient_reconstructed_predictions/patients/S_163_curve_masked/pred_boundary.png,29778,0.028398513793945312,.png
patients/S_163_curve_masked/pred_intervertebral.png,data/patient_reconstructed_predictions/patients/S_163_curve_masked/pred_intervertebral.png,27987,0.02669048309326172,.png
patients/S_163_curve_masked/pred_multiclass_global.png,data/patient_reconstructed_predictions/patients/S_163_curve_masked/pred_multiclass_global.png,7641,0.007287025451660156,.png
patients/S_163_curve_masked/pred_ordinal.png,data/patient_reconstructed_predictions/patients/S_163_curve_masked/pred_ordinal.png,47946,0.04572486877441406,.png
patients/S_163_curve_masked/reconstruction_summary.json,data/patient_reconstructed_predictions/patients/S_163_curve_masked/reconstruction_summary.json,373,0.00035572052001953125,.json
patients/S_164_curve_masked/normalized_full_image_used.png,data/patient_reconstructed_predictions/patients/S_164_curve_masked/normalized_full_image_used.png,33086,0.03155326843261719,.png
patients/S_164_curve_masked/overlay_pred_regions_curve.png,data/patient_reconstructed_predictions/patients/S_164_curve_masked/overlay_pred_regions_curve.png,65353,0.062325477600097656,.png
patients/S_164_curve_masked/pasted_patches.csv,data/patient_reconstructed_predictions/patients/S_164_curve_masked/pasted_patches.csv,1787,0.0017042160034179688,.csv
patients/S_164_curve_masked/pred_binary_confidence.png,data/patient_reconstructed_predictions/patients/S_164_curve_masked/pred_binary_confidence.png,31666,0.030199050903320312,.png
patients/S_164_curve_masked/pred_boundary.png,data/patient_reconstructed_predictions/patients/S_164_curve_masked/pred_boundary.png,34588,0.032985687255859375,.png
patients/S_164_curve_masked/pred_intervertebral.png,data/patient_reconstructed_predictions/patients/S_164_curve_masked/pred_intervertebral.png,31827,0.03035259246826172,.png
patients/S_164_curve_masked/pred_multiclass_global.png,data/patient_reconstructed_predictions/patients/S_164_curve_masked/pred_multiclass_global.png,8225,0.007843971252441406,.png
patients/S_164_curve_masked/pred_ordinal.png,data/patient_reconstructed_predictions/patients/S_164_curve_masked/pred_ordinal.png,55531,0.05295848846435547,.png
patients/S_164_curve_masked/reconstruction_summary.json,data/patient_reconstructed_predictions/patients/S_164_curve_masked/reconstruction_summary.json,374,0.0003566741943359375,.json
patients/S_165_curve_masked/normalized_full_image_used.png,data/patient_reconstructed_predictions/patients/S_165_curve_masked/normalized_full_image_used.png,23231,0.022154808044433594,.png
patients/S_165_curve_masked/overlay_pred_regions_curve.png,data/patient_reconstructed_predictions/patients/S_165_curve_masked/overlay_pred_regions_curve.png,50328,0.04799652099609375,.png
patients/S_165_curve_masked/pasted_patches.csv,data/patient_reconstructed_predictions/patients/S_165_curve_masked/pasted_patches.csv,1783,0.0017004013061523438,.csv
patients/S_165_curve_masked/pred_binary_confidence.png,data/patient_reconstructed_predictions/patients/S_165_curve_masked/pred_binary_confidence.png,23958,0.022848129272460938,.png
patients/S_165_curve_masked/pred_boundary.png,data/patient_reconstructed_predictions/patients/S_165_curve_masked/pred_boundary.png,25994,0.024789810180664062,.png
patients/S_165_curve_masked/pred_intervertebral.png,data/patient_reconstructed_predictions/patients/S_165_curve_masked/pred_intervertebral.png,24845,0.02369403839111328,.png
patients/S_165_curve_masked/pred_multiclass_global.png,data/patient_reconstructed_predictions/patients/S_165_curve_masked/pred_multiclass_global.png,7742,0.0073833465576171875,.png
patients/S_165_curve_masked/pred_ordinal.png,data/patient_reconstructed_predictions/patients/S_165_curve_masked/pred_ordinal.png,52075,0.04966259002685547,.png
patients/S_165_curve_masked/reconstruction_summary.json,data/patient_reconstructed_predictions/patients/S_165_curve_masked/reconstruction_summary.json,375,0.00035762786865234375,.json
patients/S_166_curve_masked/normalized_full_image_used.png,data/patient_reconstructed_predictions/patients/S_166_curve_masked/normalized_full_image_used.png,37833,0.036080360412597656,.png
patients/S_166_curve_masked/overlay_pred_regions_curve.png,data/patient_reconstructed_predictions/patients/S_166_curve_masked/overlay_pred_regions_curve.png,74869,0.07140064239501953,.png
patients/S_166_curve_masked/pasted_patches.csv,data/patient_reconstructed_predictions/patients/S_166_curve_masked/pasted_patches.csv,1805,0.0017213821411132812,.csv
patients/S_166_curve_masked/pred_binary_confidence.png,data/patient_reconstructed_predictions/patients/S_166_curve_masked/pred_binary_confidence.png,34364,0.032772064208984375,.png
patients/S_166_curve_masked/pred_boundary.png,data/patient_reconstructed_predictions/patients/S_166_curve_masked/pred_boundary.png,37886,0.03613090515136719,.png
patients/S_166_curve_masked/pred_intervertebral.png,data/patient_reconstructed_predictions/patients/S_166_curve_masked/pred_intervertebral.png,34853,0.03323841094970703,.png
patients/S_166_curve_masked/pred_multiclass_global.png,data/patient_reconstructed_predictions/patients/S_166_curve_masked/pred_multiclass_global.png,8452,0.008060455322265625,.png
patients/S_166_curve_masked/pred_ordinal.png,data/patient_reconstructed_predictions/patients/S_166_curve_masked/pred_ordinal.png,50814,0.04846000671386719,.png
patients/S_166_curve_masked/reconstruction_summary.json,data/patient_reconstructed_predictions/patients/S_166_curve_masked/reconstruction_summary.json,379,0.00036144256591796875,.json
patients/S_167_curve_masked/normalized_full_image_used.png,data/patient_reconstructed_predictions/patients/S_167_curve_masked/normalized_full_image_used.png,18961,0.018082618713378906,.png
patients/S_167_curve_masked/overlay_pred_regions_curve.png,data/patient_reconstructed_predictions/patients/S_167_curve_masked/overlay_pred_regions_curve.png,43126,0.04112815856933594,.png
patients/S_167_curve_masked/pasted_patches.csv,data/patient_reconstructed_predictions/patients/S_167_curve_masked/pasted_patches.csv,1797,0.0017137527465820312,.csv
patients/S_167_curve_masked/pred_binary_confidence.png,data/patient_reconstructed_predictions/patients/S_167_curve_masked/pred_binary_confidence.png,19448,0.01854705810546875,.png
patients/S_167_curve_masked/pred_boundary.png,data/patient_reconstructed_predictions/patients/S_167_curve_masked/pred_boundary.png,20881,0.019913673400878906,.png
patients/S_167_curve_masked/pred_intervertebral.png,data/patient_reconstructed_predictions/patients/S_167_curve_masked/pred_intervertebral.png,19799,0.018881797790527344,.png
patients/S_167_curve_masked/pred_multiclass_global.png,data/patient_reconstructed_predictions/patients/S_167_curve_masked/pred_multiclass_global.png,7263,0.006926536560058594,.png
patients/S_167_curve_masked/pred_ordinal.png,data/patient_reconstructed_predictions/patients/S_167_curve_masked/pred_ordinal.png,49087,0.046813011169433594,.png
patients/S_167_curve_masked/reconstruction_summary.json,data/patient_reconstructed_predictions/patients/S_167_curve_masked/reconstruction_summary.json,374,0.0003566741943359375,.json
patients/S_168_curve_masked/normalized_full_image_used.png,data/patient_reconstructed_predictions/patients/S_168_curve_masked/normalized_full_image_used.png,18926,0.018049240112304688,.png
patients/S_168_curve_masked/overlay_pred_regions_curve.png,data/patient_reconstructed_predictions/patients/S_168_curve_masked/overlay_pred_regions_curve.png,42790,0.04080772399902344,.png
patients/S_168_curve_masked/pasted_patches.csv,data/patient_reconstructed_predictions/patients/S_168_curve_masked/pasted_patches.csv,1795,0.0017118453979492188,.csv
patients/S_168_curve_masked/pred_binary_confidence.png,data/patient_reconstructed_predictions/patients/S_168_curve_masked/pred_binary_confidence.png,19373,0.01847553253173828,.png
patients/S_168_curve_masked/pred_boundary.png,data/patient_reconstructed_predictions/patients/S_168_curve_masked/pred_boundary.png,20662,0.019704818725585938,.png
patients/S_168_curve_masked/pred_intervertebral.png,data/patient_reconstructed_predictions/patients/S_168_curve_masked/pred_intervertebral.png,19543,0.018637657165527344,.png
patients/S_168_curve_masked/pred_multiclass_global.png,data/patient_reconstructed_predictions/patients/S_168_curve_masked/pred_multiclass_global.png,7283,0.006945610046386719,.png
patients/S_168_curve_masked/pred_ordinal.png,data/patient_reconstructed_predictions/patients/S_168_curve_masked/pred_ordinal.png,46447,0.044295310974121094,.png
patients/S_168_curve_masked/reconstruction_summary.json,data/patient_reconstructed_predictions/patients/S_168_curve_masked/reconstruction_summary.json,374,0.0003566741943359375,.json
patients/S_169_curve_masked/normalized_full_image_used.png,data/patient_reconstructed_predictions/patients/S_169_curve_masked/normalized_full_image_used.png,27213,0.02595233917236328,.png
patients/S_169_curve_masked/overlay_pred_regions_curve.png,data/patient_reconstructed_predictions/patients/S_169_curve_masked/overlay_pred_regions_curve.png,52605,0.05016803741455078,.png
patients/S_169_curve_masked/pasted_patches.csv,data/patient_reconstructed_predictions/patients/S_169_curve_masked/pasted_patches.csv,1795,0.0017118453979492188,.csv
patients/S_169_curve_masked/pred_binary_confidence.png,data/patient_reconstructed_predictions/patients/S_169_curve_masked/pred_binary_confidence.png,30671,0.029250144958496094,.png
patients/S_169_curve_masked/pred_boundary.png,data/patient_reconstructed_predictions/patients/S_169_curve_masked/pred_boundary.png,33592,0.03203582763671875,.png
patients/S_169_curve_masked/pred_intervertebral.png,data/patient_reconstructed_predictions/patients/S_169_curve_masked/pred_intervertebral.png,31785,0.030312538146972656,.png
patients/S_169_curve_masked/pred_multiclass_global.png,data/patient_reconstructed_predictions/patients/S_169_curve_masked/pred_multiclass_global.png,7482,0.0071353912353515625,.png
patients/S_169_curve_masked/pred_ordinal.png,data/patient_reconstructed_predictions/patients/S_169_curve_masked/pred_ordinal.png,54330,0.05181312561035156,.png
patients/S_169_curve_masked/reconstruction_summary.json,data/patient_reconstructed_predictions/patients/S_169_curve_masked/reconstruction_summary.json,373,0.00035572052001953125,.json
patients/S_170_curve_masked/normalized_full_image_used.png,data/patient_reconstructed_predictions/patients/S_170_curve_masked/normalized_full_image_used.png,26208,0.024993896484375,.png
patients/S_170_curve_masked/overlay_pred_regions_curve.png,data/patient_reconstructed_predictions/patients/S_170_curve_masked/overlay_pred_regions_curve.png,56502,0.05388450622558594,.png
patients/S_170_curve_masked/pasted_patches.csv,data/patient_reconstructed_predictions/patients/S_170_curve_masked/pasted_patches.csv,1798,0.0017147064208984375,.csv
patients/S_170_curve_masked/pred_binary_confidence.png,data/patient_reconstructed_predictions/patients/S_170_curve_masked/pred_binary_confidence.png,28441,0.027123451232910156,.png
patients/S_170_curve_masked/pred_boundary.png,data/patient_reconstructed_predictions/patients/S_170_curve_masked/pred_boundary.png,30063,0.028670310974121094,.png
patients/S_170_curve_masked/pred_intervertebral.png,data/patient_reconstructed_predictions/patients/S_170_curve_masked/pred_intervertebral.png,28591,0.027266502380371094,.png
patients/S_170_curve_masked/pred_multiclass_global.png,data/patient_reconstructed_predictions/patients/S_170_curve_masked/pred_multiclass_global.png,7815,0.007452964782714844,.png
patients/S_170_curve_masked/pred_ordinal.png,data/patient_reconstructed_predictions/patients/S_170_curve_masked/pred_ordinal.png,52887,0.050436973571777344,.png
patients/S_170_curve_masked/reconstruction_summary.json,data/patient_reconstructed_predictions/patients/S_170_curve_masked/reconstruction_summary.json,374,0.0003566741943359375,.json
patients/S_171_curve_masked/normalized_full_image_used.png,data/patient_reconstructed_predictions/patients/S_171_curve_masked/normalized_full_image_used.png,37029,0.03531360626220703,.png
patients/S_171_curve_masked/overlay_pred_regions_curve.png,data/patient_reconstructed_predictions/patients/S_171_curve_masked/overlay_pred_regions_curve.png,73275,0.06988048553466797,.png
patients/S_171_curve_masked/pasted_patches.csv,data/patient_reconstructed_predictions/patients/S_171_curve_masked/pasted_patches.csv,1795,0.0017118453979492188,.csv
patients/S_171_curve_masked/pred_binary_confidence.png,data/patient_reconstructed_predictions/patients/S_171_curve_masked/pred_binary_confidence.png,35272,0.03363800048828125,.png
patients/S_171_curve_masked/pred_boundary.png,data/patient_reconstructed_predictions/patients/S_171_curve_masked/pred_boundary.png,38596,0.036808013916015625,.png
patients/S_171_curve_masked/pred_intervertebral.png,data/patient_reconstructed_predictions/patients/S_171_curve_masked/pred_intervertebral.png,35549,0.03390216827392578,.png
patients/S_171_curve_masked/pred_multiclass_global.png,data/patient_reconstructed_predictions/patients/S_171_curve_masked/pred_multiclass_global.png,8651,0.008250236511230469,.png
patients/S_171_curve_masked/pred_ordinal.png,data/patient_reconstructed_predictions/patients/S_171_curve_masked/pred_ordinal.png,54592,0.05206298828125,.png
patients/S_171_curve_masked/reconstruction_summary.json,data/patient_reconstructed_predictions/patients/S_171_curve_masked/reconstruction_summary.json,374,0.0003566741943359375,.json
patients/S_172_curve_masked/normalized_full_image_used.png,data/patient_reconstructed_predictions/patients/S_172_curve_masked/normalized_full_image_used.png,27470,0.026197433471679688,.png
patients/S_172_curve_masked/overlay_pred_regions_curve.png,data/patient_reconstructed_predictions/patients/S_172_curve_masked/overlay_pred_regions_curve.png,57721,0.055047035217285156,.png
patients/S_172_curve_masked/pasted_patches.csv,data/patient_reconstructed_predictions/patients/S_172_curve_masked/pasted_patches.csv,1801,0.0017175674438476562,.csv
patients/S_172_curve_masked/pred_binary_confidence.png,data/patient_reconstructed_predictions/patients/S_172_curve_masked/pred_binary_confidence.png,28987,0.02764415740966797,.png
patients/S_172_curve_masked/pred_boundary.png,data/patient_reconstructed_predictions/patients/S_172_curve_masked/pred_boundary.png,32045,0.03056049346923828,.png
patients/S_172_curve_masked/pred_intervertebral.png,data/patient_reconstructed_predictions/patients/S_172_curve_masked/pred_intervertebral.png,29898,0.028512954711914062,.png
patients/S_172_curve_masked/pred_multiclass_global.png,data/patient_reconstructed_predictions/patients/S_172_curve_masked/pred_multiclass_global.png,8660,0.008258819580078125,.png
patients/S_172_curve_masked/pred_ordinal.png,data/patient_reconstructed_predictions/patients/S_172_curve_masked/pred_ordinal.png,50400,0.048065185546875,.png
patients/S_172_curve_masked/reconstruction_summary.json,data/patient_reconstructed_predictions/patients/S_172_curve_masked/reconstruction_summary.json,374,0.0003566741943359375,.json
patients/S_173_curve_masked/normalized_full_image_used.png,data/patient_reconstructed_predictions/patients/S_173_curve_masked/normalized_full_image_used.png,26148,0.024936676025390625,.png
patients/S_173_curve_masked/overlay_pred_regions_curve.png,data/patient_reconstructed_predictions/patients/S_173_curve_masked/overlay_pred_regions_curve.png,56305,0.053696632385253906,.png
patients/S_173_curve_masked/pasted_patches.csv,data/patient_reconstructed_predictions/patients/S_173_curve_masked/pasted_patches.csv,1787,0.0017042160034179688,.csv
patients/S_173_curve_masked/pred_binary_confidence.png,data/patient_reconstructed_predictions/patients/S_173_curve_masked/pred_binary_confidence.png,26734,0.025495529174804688,.png
patients/S_173_curve_masked/pred_boundary.png,data/patient_reconstructed_predictions/patients/S_173_curve_masked/pred_boundary.png,29100,0.027751922607421875,.png
patients/S_173_curve_masked/pred_intervertebral.png,data/patient_reconstructed_predictions/patients/S_173_curve_masked/pred_intervertebral.png,27263,0.026000022888183594,.png
patients/S_173_curve_masked/pred_multiclass_global.png,data/patient_reconstructed_predictions/patients/S_173_curve_masked/pred_multiclass_global.png,8037,0.007664680480957031,.png
patients/S_173_curve_masked/pred_ordinal.png,data/patient_reconstructed_predictions/patients/S_173_curve_masked/pred_ordinal.png,51539,0.04915142059326172,.png
patients/S_173_curve_masked/reconstruction_summary.json,data/patient_reconstructed_predictions/patients/S_173_curve_masked/reconstruction_summary.json,381,0.00036334991455078125,.json
patients/S_174_curve_masked/normalized_full_image_used.png,data/patient_reconstructed_predictions/patients/S_174_curve_masked/normalized_full_image_used.png,35483,0.03383922576904297,.png
patients/S_174_curve_masked/overlay_pred_regions_curve.png,data/patient_reconstructed_predictions/patients/S_174_curve_masked/overlay_pred_regions_curve.png,71219,0.06791973114013672,.png
patients/S_174_curve_masked/pasted_patches.csv,data/patient_reconstructed_predictions/patients/S_174_curve_masked/pasted_patches.csv,1797,0.0017137527465820312,.csv
patients/S_174_curve_masked/pred_binary_confidence.png,data/patient_reconstructed_predictions/patients/S_174_curve_masked/pred_binary_confidence.png,35382,0.03374290466308594,.png
patients/S_174_curve_masked/pred_boundary.png,data/patient_reconstructed_predictions/patients/S_174_curve_masked/pred_boundary.png,39496,0.03766632080078125,.png
patients/S_174_curve_masked/pred_intervertebral.png,data/patient_reconstructed_predictions/patients/S_174_curve_masked/pred_intervertebral.png,35864,0.03420257568359375,.png
patients/S_174_curve_masked/pred_multiclass_global.png,data/patient_reconstructed_predictions/patients/S_174_curve_masked/pred_multiclass_global.png,9085,0.008664131164550781,.png
patients/S_174_curve_masked/pred_ordinal.png,data/patient_reconstructed_predictions/patients/S_174_curve_masked/pred_ordinal.png,53110,0.05064964294433594,.png
patients/S_174_curve_masked/reconstruction_summary.json,data/patient_reconstructed_predictions/patients/S_174_curve_masked/reconstruction_summary.json,373,0.00035572052001953125,.json
patients/S_175_curve_masked/normalized_full_image_used.png,data/patient_reconstructed_predictions/patients/S_175_curve_masked/normalized_full_image_used.png,23090,0.022020339965820312,.png
patients/S_175_curve_masked/overlay_pred_regions_curve.png,data/patient_reconstructed_predictions/patients/S_175_curve_masked/overlay_pred_regions_curve.png,50943,0.048583030700683594,.png
patients/S_175_curve_masked/pasted_patches.csv,data/patient_reconstructed_predictions/patients/S_175_curve_masked/pasted_patches.csv,1797,0.0017137527465820312,.csv
patients/S_175_curve_masked/pred_binary_confidence.png,data/patient_reconstructed_predictions/patients/S_175_curve_masked/pred_binary_confidence.png,24438,0.023305892944335938,.png
patients/S_175_curve_masked/pred_boundary.png,data/patient_reconstructed_predictions/patients/S_175_curve_masked/pred_boundary.png,26908,0.025661468505859375,.png
patients/S_175_curve_masked/pred_intervertebral.png,data/patient_reconstructed_predictions/patients/S_175_curve_masked/pred_intervertebral.png,25378,0.024202346801757812,.png
patients/S_175_curve_masked/pred_multiclass_global.png,data/patient_reconstructed_predictions/patients/S_175_curve_masked/pred_multiclass_global.png,7876,0.007511138916015625,.png
patients/S_175_curve_masked/pred_ordinal.png,data/patient_reconstructed_predictions/patients/S_175_curve_masked/pred_ordinal.png,51996,0.049587249755859375,.png
patients/S_175_curve_masked/reconstruction_summary.json,data/patient_reconstructed_predictions/patients/S_175_curve_masked/reconstruction_summary.json,374,0.0003566741943359375,.json
patients/S_176_curve_masked/normalized_full_image_used.png,data/patient_reconstructed_predictions/patients/S_176_curve_masked/normalized_full_image_used.png,35554,0.03390693664550781,.png
patients/S_176_curve_masked/overlay_pred_regions_curve.png,data/patient_reconstructed_predictions/patients/S_176_curve_masked/overlay_pred_regions_curve.png,71193,0.06789493560791016,.png
patients/S_176_curve_masked/pasted_patches.csv,data/patient_reconstructed_predictions/patients/S_176_curve_masked/pasted_patches.csv,1799,0.0017156600952148438,.csv
patients/S_176_curve_masked/pred_binary_confidence.png,data/patient_reconstructed_predictions/patients/S_176_curve_masked/pred_binary_confidence.png,33200,0.0316619873046875,.png
patients/S_176_curve_masked/pred_boundary.png,data/patient_reconstructed_predictions/patients/S_176_curve_masked/pred_boundary.png,36519,0.034827232360839844,.png
patients/S_176_curve_masked/pred_intervertebral.png,data/patient_reconstructed_predictions/patients/S_176_curve_masked/pred_intervertebral.png,33802,0.03223609924316406,.png
patients/S_176_curve_masked/pred_multiclass_global.png,data/patient_reconstructed_predictions/patients/S_176_curve_masked/pred_multiclass_global.png,8423,0.008032798767089844,.png
patients/S_176_curve_masked/pred_ordinal.png,data/patient_reconstructed_predictions/patients/S_176_curve_masked/pred_ordinal.png,62386,0.05949592590332031,.png
patients/S_176_curve_masked/reconstruction_summary.json,data/patient_reconstructed_predictions/patients/S_176_curve_masked/reconstruction_summary.json,374,0.0003566741943359375,.json
patients/S_178_curve_masked/normalized_full_image_used.png,data/patient_reconstructed_predictions/patients/S_178_curve_masked/normalized_full_image_used.png,20517,0.01956653594970703,.png
patients/S_178_curve_masked/overlay_pred_regions_curve.png,data/patient_reconstructed_predictions/patients/S_178_curve_masked/overlay_pred_regions_curve.png,45006,0.04292106628417969,.png
patients/S_178_curve_masked/pasted_patches.csv,data/patient_reconstructed_predictions/patients/S_178_curve_masked/pasted_patches.csv,1801,0.0017175674438476562,.csv
patients/S_178_curve_masked/pred_binary_confidence.png,data/patient_reconstructed_predictions/patients/S_178_curve_masked/pred_binary_confidence.png,21113,0.020134925842285156,.png
patients/S_178_curve_masked/pred_boundary.png,data/patient_reconstructed_predictions/patients/S_178_curve_masked/pred_boundary.png,22450,0.021409988403320312,.png
patients/S_178_curve_masked/pred_intervertebral.png,data/patient_reconstructed_predictions/patients/S_178_curve_masked/pred_intervertebral.png,21165,0.02018451690673828,.png
patients/S_178_curve_masked/pred_multiclass_global.png,data/patient_reconstructed_predictions/patients/S_178_curve_masked/pred_multiclass_global.png,7696,0.0073394775390625,.png
patients/S_178_curve_masked/pred_ordinal.png,data/patient_reconstructed_predictions/patients/S_178_curve_masked/pred_ordinal.png,52967,0.050513267517089844,.png
patients/S_178_curve_masked/reconstruction_summary.json,data/patient_reconstructed_predictions/patients/S_178_curve_masked/reconstruction_summary.json,382,0.0003643035888671875,.json
patients/S_179_curve_masked/normalized_full_image_used.png,data/patient_reconstructed_predictions/patients/S_179_curve_masked/normalized_full_image_used.png,20581,0.01962757110595703,.png
patients/S_179_curve_masked/overlay_pred_regions_curve.png,data/patient_reconstructed_predictions/patients/S_179_curve_masked/overlay_pred_regions_curve.png,43820,0.041790008544921875,.png
patients/S_179_curve_masked/pasted_patches.csv,data/patient_reconstructed_predictions/patients/S_179_curve_masked/pasted_patches.csv,1795,0.0017118453979492188,.csv
patients/S_179_curve_masked/pred_binary_confidence.png,data/patient_reconstructed_predictions/patients/S_179_curve_masked/pred_binary_confidence.png,20731,0.01977062225341797,.png
patients/S_179_curve_masked/pred_boundary.png,data/patient_reconstructed_predictions/patients/S_179_curve_masked/pred_boundary.png,22358,0.021322250366210938,.png
patients/S_179_curve_masked/pred_intervertebral.png,data/patient_reconstructed_predictions/patients/S_179_curve_masked/pred_intervertebral.png,21195,0.02021312713623047,.png
patients/S_179_curve_masked/pred_multiclass_global.png,data/patient_reconstructed_predictions/patients/S_179_curve_masked/pred_multiclass_global.png,6978,0.0066547393798828125,.png
patients/S_179_curve_masked/pred_ordinal.png,data/patient_reconstructed_predictions/patients/S_179_curve_masked/pred_ordinal.png,47652,0.045444488525390625,.png
patients/S_179_curve_masked/reconstruction_summary.json,data/patient_reconstructed_predictions/patients/S_179_curve_masked/reconstruction_summary.json,374,0.0003566741943359375,.json
patients/S_180_curve_masked/normalized_full_image_used.png,data/patient_reconstructed_predictions/patients/S_180_curve_masked/normalized_full_image_used.png,34706,0.03309822082519531,.png
patients/S_180_curve_masked/overlay_pred_regions_curve.png,data/patient_reconstructed_predictions/patients/S_180_curve_masked/overlay_pred_regions_curve.png,69337,0.06612491607666016,.png
patients/S_180_curve_masked/pasted_patches.csv,data/patient_reconstructed_predictions/patients/S_180_curve_masked/pasted_patches.csv,1799,0.0017156600952148438,.csv
patients/S_180_curve_masked/pred_binary_confidence.png,data/patient_reconstructed_predictions/patients/S_180_curve_masked/pred_binary_confidence.png,31845,0.03036975860595703,.png
patients/S_180_curve_masked/pred_boundary.png,data/patient_reconstructed_predictions/patients/S_180_curve_masked/pred_boundary.png,34734,0.03312492370605469,.png
patients/S_180_curve_masked/pred_intervertebral.png,data/patient_reconstructed_predictions/patients/S_180_curve_masked/pred_intervertebral.png,31616,0.0301513671875,.png
patients/S_180_curve_masked/pred_multiclass_global.png,data/patient_reconstructed_predictions/patients/S_180_curve_masked/pred_multiclass_global.png,7836,0.007472991943359375,.png
patients/S_180_curve_masked/pred_ordinal.png,data/patient_reconstructed_predictions/patients/S_180_curve_masked/pred_ordinal.png,56433,0.053818702697753906,.png
patients/S_180_curve_masked/reconstruction_summary.json,data/patient_reconstructed_predictions/patients/S_180_curve_masked/reconstruction_summary.json,374,0.0003566741943359375,.json
patients/S_181_curve_masked/normalized_full_image_used.png,data/patient_reconstructed_predictions/patients/S_181_curve_masked/normalized_full_image_used.png,20389,0.01944446563720703,.png
patients/S_181_curve_masked/overlay_pred_regions_curve.png,data/patient_reconstructed_predictions/patients/S_181_curve_masked/overlay_pred_regions_curve.png,43577,0.041558265686035156,.png
patients/S_181_curve_masked/pasted_patches.csv,data/patient_reconstructed_predictions/patients/S_181_curve_masked/pasted_patches.csv,1789,0.0017061233520507812,.csv
patients/S_181_curve_masked/pred_binary_confidence.png,data/patient_reconstructed_predictions/patients/S_181_curve_masked/pred_binary_confidence.png,20854,0.019887924194335938,.png
patients/S_181_curve_masked/pred_boundary.png,data/patient_reconstructed_predictions/patients/S_181_curve_masked/pred_boundary.png,22053,0.02103137969970703,.png
patients/S_181_curve_masked/pred_intervertebral.png,data/patient_reconstructed_predictions/patients/S_181_curve_masked/pred_intervertebral.png,20973,0.02000141143798828,.png
patients/S_181_curve_masked/pred_multiclass_global.png,data/patient_reconstructed_predictions/patients/S_181_curve_masked/pred_multiclass_global.png,7279,0.006941795349121094,.png
patients/S_181_curve_masked/pred_ordinal.png,data/patient_reconstructed_predictions/patients/S_181_curve_masked/pred_ordinal.png,52823,0.050375938415527344,.png
patients/S_181_curve_masked/reconstruction_summary.json,data/patient_reconstructed_predictions/patients/S_181_curve_masked/reconstruction_summary.json,374,0.0003566741943359375,.json
patients/S_182_curve_masked/normalized_full_image_used.png,data/patient_reconstructed_predictions/patients/S_182_curve_masked/normalized_full_image_used.png,23636,0.022541046142578125,.png
patients/S_182_curve_masked/overlay_pred_regions_curve.png,data/patient_reconstructed_predictions/patients/S_182_curve_masked/overlay_pred_regions_curve.png,48042,0.04581642150878906,.png
patients/S_182_curve_masked/pasted_patches.csv,data/patient_reconstructed_predictions/patients/S_182_curve_masked/pasted_patches.csv,1792,0.001708984375,.csv
patients/S_182_curve_masked/pred_binary_confidence.png,data/patient_reconstructed_predictions/patients/S_182_curve_masked/pred_binary_confidence.png,25552,0.0243682861328125,.png
patients/S_182_curve_masked/pred_boundary.png,data/patient_reconstructed_predictions/patients/S_182_curve_masked/pred_boundary.png,27307,0.02604198455810547,.png
patients/S_182_curve_masked/pred_intervertebral.png,data/patient_reconstructed_predictions/patients/S_182_curve_masked/pred_intervertebral.png,25643,0.02445507049560547,.png
patients/S_182_curve_masked/pred_multiclass_global.png,data/patient_reconstructed_predictions/patients/S_182_curve_masked/pred_multiclass_global.png,7657,0.007302284240722656,.png
patients/S_182_curve_masked/pred_ordinal.png,data/patient_reconstructed_predictions/patients/S_182_curve_masked/pred_ordinal.png,48955,0.04668712615966797,.png
patients/S_182_curve_masked/reconstruction_summary.json,data/patient_reconstructed_predictions/patients/S_182_curve_masked/reconstruction_summary.json,375,0.00035762786865234375,.json
patients/S_183_curve_masked/normalized_full_image_used.png,data/patient_reconstructed_predictions/patients/S_183_curve_masked/normalized_full_image_used.png,22715,0.02166271209716797,.png
patients/S_183_curve_masked/overlay_pred_regions_curve.png,data/patient_reconstructed_predictions/patients/S_183_curve_masked/overlay_pred_regions_curve.png,50842,0.04848670959472656,.png
patients/S_183_curve_masked/pasted_patches.csv,data/patient_reconstructed_predictions/patients/S_183_curve_masked/pasted_patches.csv,1797,0.0017137527465820312,.csv
patients/S_183_curve_masked/pred_binary_confidence.png,data/patient_reconstructed_predictions/patients/S_183_curve_masked/pred_binary_confidence.png,23560,0.02246856689453125,.png
patients/S_183_curve_masked/pred_boundary.png,data/patient_reconstructed_predictions/patients/S_183_curve_masked/pred_boundary.png,25172,0.024005889892578125,.png
patients/S_183_curve_masked/pred_intervertebral.png,data/patient_reconstructed_predictions/patients/S_183_curve_masked/pred_intervertebral.png,23813,0.02270984649658203,.png
patients/S_183_curve_masked/pred_multiclass_global.png,data/patient_reconstructed_predictions/patients/S_183_curve_masked/pred_multiclass_global.png,8009,0.007637977600097656,.png
patients/S_183_curve_masked/pred_ordinal.png,data/patient_reconstructed_predictions/patients/S_183_curve_masked/pred_ordinal.png,50119,0.047797203063964844,.png
patients/S_183_curve_masked/reconstruction_summary.json,data/patient_reconstructed_predictions/patients/S_183_curve_masked/reconstruction_summary.json,374,0.0003566741943359375,.json
patients/S_184_curve_masked/normalized_full_image_used.png,data/patient_reconstructed_predictions/patients/S_184_curve_masked/normalized_full_image_used.png,19434,0.018533706665039062,.png
patients/S_184_curve_masked/overlay_pred_regions_curve.png,data/patient_reconstructed_predictions/patients/S_184_curve_masked/overlay_pred_regions_curve.png,42946,0.04095649719238281,.png
patients/S_184_curve_masked/pasted_patches.csv,data/patient_reconstructed_predictions/patients/S_184_curve_masked/pasted_patches.csv,1800,0.00171661376953125,.csv
patients/S_184_curve_masked/pred_binary_confidence.png,data/patient_reconstructed_predictions/patients/S_184_curve_masked/pred_binary_confidence.png,21352,0.02036285400390625,.png
patients/S_184_curve_masked/pred_boundary.png,data/patient_reconstructed_predictions/patients/S_184_curve_masked/pred_boundary.png,22774,0.021718978881835938,.png
patients/S_184_curve_masked/pred_intervertebral.png,data/patient_reconstructed_predictions/patients/S_184_curve_masked/pred_intervertebral.png,21541,0.02054309844970703,.png
patients/S_184_curve_masked/pred_multiclass_global.png,data/patient_reconstructed_predictions/patients/S_184_curve_masked/pred_multiclass_global.png,7581,0.007229804992675781,.png
patients/S_184_curve_masked/pred_ordinal.png,data/patient_reconstructed_predictions/patients/S_184_curve_masked/pred_ordinal.png,49123,0.04684734344482422,.png
patients/S_184_curve_masked/reconstruction_summary.json,data/patient_reconstructed_predictions/patients/S_184_curve_masked/reconstruction_summary.json,374,0.0003566741943359375,.json
patients/S_185_curve_masked/normalized_full_image_used.png,data/patient_reconstructed_predictions/patients/S_185_curve_masked/normalized_full_image_used.png,17393,0.016587257385253906,.png
patients/S_185_curve_masked/overlay_pred_regions_curve.png,data/patient_reconstructed_predictions/patients/S_185_curve_masked/overlay_pred_regions_curve.png,38858,0.03705787658691406,.png
patients/S_185_curve_masked/pasted_patches.csv,data/patient_reconstructed_predictions/patients/S_185_curve_masked/pasted_patches.csv,1795,0.0017118453979492188,.csv
patients/S_185_curve_masked/pred_binary_confidence.png,data/patient_reconstructed_predictions/patients/S_185_curve_masked/pred_binary_confidence.png,18386,0.017534255981445312,.png
patients/S_185_curve_masked/pred_boundary.png,data/patient_reconstructed_predictions/patients/S_185_curve_masked/pred_boundary.png,19526,0.018621444702148438,.png
patients/S_185_curve_masked/pred_intervertebral.png,data/patient_reconstructed_predictions/patients/S_185_curve_masked/pred_intervertebral.png,18651,0.01778697967529297,.png
patients/S_185_curve_masked/pred_multiclass_global.png,data/patient_reconstructed_predictions/patients/S_185_curve_masked/pred_multiclass_global.png,7112,0.00678253173828125,.png
patients/S_185_curve_masked/pred_ordinal.png,data/patient_reconstructed_predictions/patients/S_185_curve_masked/pred_ordinal.png,45769,0.043648719787597656,.png
patients/S_185_curve_masked/reconstruction_summary.json,data/patient_reconstructed_predictions/patients/S_185_curve_masked/reconstruction_summary.json,374,0.0003566741943359375,.json
patients/S_186_curve_masked/normalized_full_image_used.png,data/patient_reconstructed_predictions/patients/S_186_curve_masked/normalized_full_image_used.png,20613,0.01965808868408203,.png
patients/S_186_curve_masked/overlay_pred_regions_curve.png,data/patient_reconstructed_predictions/patients/S_186_curve_masked/overlay_pred_regions_curve.png,45611,0.04349803924560547,.png
patients/S_186_curve_masked/pasted_patches.csv,data/patient_reconstructed_predictions/patients/S_186_curve_masked/pasted_patches.csv,1792,0.001708984375,.csv
patients/S_186_curve_masked/pred_binary_confidence.png,data/patient_reconstructed_predictions/patients/S_186_curve_masked/pred_binary_confidence.png,20491,0.01954174041748047,.png
patients/S_186_curve_masked/pred_boundary.png,data/patient_reconstructed_predictions/patients/S_186_curve_masked/pred_boundary.png,21679,0.020674705505371094,.png
patients/S_186_curve_masked/pred_intervertebral.png,data/patient_reconstructed_predictions/patients/S_186_curve_masked/pred_intervertebral.png,20623,0.019667625427246094,.png
patients/S_186_curve_masked/pred_multiclass_global.png,data/patient_reconstructed_predictions/patients/S_186_curve_masked/pred_multiclass_global.png,7375,0.007033348083496094,.png
patients/S_186_curve_masked/pred_ordinal.png,data/patient_reconstructed_predictions/patients/S_186_curve_masked/pred_ordinal.png,51637,0.04924488067626953,.png
patients/S_186_curve_masked/reconstruction_summary.json,data/patient_reconstructed_predictions/patients/S_186_curve_masked/reconstruction_summary.json,375,0.00035762786865234375,.json
patients/S_187_curve_masked/normalized_full_image_used.png,data/patient_reconstructed_predictions/patients/S_187_curve_masked/normalized_full_image_used.png,25075,0.02391338348388672,.png
patients/S_187_curve_masked/overlay_pred_regions_curve.png,data/patient_reconstructed_predictions/patients/S_187_curve_masked/overlay_pred_regions_curve.png,55681,0.053101539611816406,.png
patients/S_187_curve_masked/pasted_patches.csv,data/patient_reconstructed_predictions/patients/S_187_curve_masked/pasted_patches.csv,1798,0.0017147064208984375,.csv
patients/S_187_curve_masked/pred_binary_confidence.png,data/patient_reconstructed_predictions/patients/S_187_curve_masked/pred_binary_confidence.png,24589,0.02344989776611328,.png
patients/S_187_curve_masked/pred_boundary.png,data/patient_reconstructed_predictions/patients/S_187_curve_masked/pred_boundary.png,26562,0.025331497192382812,.png
patients/S_187_curve_masked/pred_intervertebral.png,data/patient_reconstructed_predictions/patients/S_187_curve_masked/pred_intervertebral.png,25262,0.024091720581054688,.png
patients/S_187_curve_masked/pred_multiclass_global.png,data/patient_reconstructed_predictions/patients/S_187_curve_masked/pred_multiclass_global.png,7255,0.006918907165527344,.png
patients/S_187_curve_masked/pred_ordinal.png,data/patient_reconstructed_predictions/patients/S_187_curve_masked/pred_ordinal.png,47726,0.04551506042480469,.png
patients/S_187_curve_masked/reconstruction_summary.json,data/patient_reconstructed_predictions/patients/S_187_curve_masked/reconstruction_summary.json,373,0.00035572052001953125,.json
patients/S_188_curve_masked/normalized_full_image_used.png,data/patient_reconstructed_predictions/patients/S_188_curve_masked/normalized_full_image_used.png,17261,0.01646137237548828,.png
patients/S_188_curve_masked/overlay_pred_regions_curve.png,data/patient_reconstructed_predictions/patients/S_188_curve_masked/overlay_pred_regions_curve.png,38392,0.03661346435546875,.png
patients/S_188_curve_masked/pasted_patches.csv,data/patient_reconstructed_predictions/patients/S_188_curve_masked/pasted_patches.csv,1798,0.0017147064208984375,.csv
patients/S_188_curve_masked/pred_binary_confidence.png,data/patient_reconstructed_predictions/patients/S_188_curve_masked/pred_binary_confidence.png,18873,0.017998695373535156,.png
patients/S_188_curve_masked/pred_boundary.png,data/patient_reconstructed_predictions/patients/S_188_curve_masked/pred_boundary.png,20175,0.019240379333496094,.png
patients/S_188_curve_masked/pred_intervertebral.png,data/patient_reconstructed_predictions/patients/S_188_curve_masked/pred_intervertebral.png,19112,0.01822662353515625,.png
patients/S_188_curve_masked/pred_multiclass_global.png,data/patient_reconstructed_predictions/patients/S_188_curve_masked/pred_multiclass_global.png,6630,0.0063228607177734375,.png
patients/S_188_curve_masked/pred_ordinal.png,data/patient_reconstructed_predictions/patients/S_188_curve_masked/pred_ordinal.png,47124,0.044940948486328125,.png
patients/S_188_curve_masked/reconstruction_summary.json,data/patient_reconstructed_predictions/patients/S_188_curve_masked/reconstruction_summary.json,374,0.0003566741943359375,.json
patients/S_189_curve_masked/normalized_full_image_used.png,data/patient_reconstructed_predictions/patients/S_189_curve_masked/normalized_full_image_used.png,18380,0.017528533935546875,.png
patients/S_189_curve_masked/overlay_pred_regions_curve.png,data/patient_reconstructed_predictions/patients/S_189_curve_masked/overlay_pred_regions_curve.png,39507,0.03767681121826172,.png
patients/S_189_curve_masked/pasted_patches.csv,data/patient_reconstructed_predictions/patients/S_189_curve_masked/pasted_patches.csv,1793,0.0017099380493164062,.csv
patients/S_189_curve_masked/pred_binary_confidence.png,data/patient_reconstructed_predictions/patients/S_189_curve_masked/pred_binary_confidence.png,19770,0.018854141235351562,.png
patients/S_189_curve_masked/pred_boundary.png,data/patient_reconstructed_predictions/patients/S_189_curve_masked/pred_boundary.png,20995,0.02002239227294922,.png
patients/S_189_curve_masked/pred_intervertebral.png,data/patient_reconstructed_predictions/patients/S_189_curve_masked/pred_intervertebral.png,19805,0.01888751983642578,.png
patients/S_189_curve_masked/pred_multiclass_global.png,data/patient_reconstructed_predictions/patients/S_189_curve_masked/pred_multiclass_global.png,7268,0.006931304931640625,.png
patients/S_189_curve_masked/pred_ordinal.png,data/patient_reconstructed_predictions/patients/S_189_curve_masked/pred_ordinal.png,50386,0.04805183410644531,.png
patients/S_189_curve_masked/reconstruction_summary.json,data/patient_reconstructed_predictions/patients/S_189_curve_masked/reconstruction_summary.json,375,0.00035762786865234375,.json
patients/S_190_curve_masked/normalized_full_image_used.png,data/patient_reconstructed_predictions/patients/S_190_curve_masked/normalized_full_image_used.png,19174,0.018285751342773438,.png
patients/S_190_curve_masked/overlay_pred_regions_curve.png,data/patient_reconstructed_predictions/patients/S_190_curve_masked/overlay_pred_regions_curve.png,40092,0.038234710693359375,.png
patients/S_190_curve_masked/pasted_patches.csv,data/patient_reconstructed_predictions/patients/S_190_curve_masked/pasted_patches.csv,1794,0.0017108917236328125,.csv
patients/S_190_curve_masked/pred_binary_confidence.png,data/patient_reconstructed_predictions/patients/S_190_curve_masked/pred_binary_confidence.png,22001,0.020981788635253906,.png
patients/S_190_curve_masked/pred_boundary.png,data/patient_reconstructed_predictions/patients/S_190_curve_masked/pred_boundary.png,23552,0.0224609375,.png
patients/S_190_curve_masked/pred_intervertebral.png,data/patient_reconstructed_predictions/patients/S_190_curve_masked/pred_intervertebral.png,22259,0.02122783660888672,.png
patients/S_190_curve_masked/pred_multiclass_global.png,data/patient_reconstructed_predictions/patients/S_190_curve_masked/pred_multiclass_global.png,7281,0.006943702697753906,.png
patients/S_190_curve_masked/pred_ordinal.png,data/patient_reconstructed_predictions/patients/S_190_curve_masked/pred_ordinal.png,50809,0.048455238342285156,.png
patients/S_190_curve_masked/reconstruction_summary.json,data/patient_reconstructed_predictions/patients/S_190_curve_masked/reconstruction_summary.json,374,0.0003566741943359375,.json
patients/S_191_curve_masked/normalized_full_image_used.png,data/patient_reconstructed_predictions/patients/S_191_curve_masked/normalized_full_image_used.png,29957,0.02856922149658203,.png
patients/S_191_curve_masked/overlay_pred_regions_curve.png,data/patient_reconstructed_predictions/patients/S_191_curve_masked/overlay_pred_regions_curve.png,62400,0.05950927734375,.png
patients/S_191_curve_masked/pasted_patches.csv,data/patient_reconstructed_predictions/patients/S_191_curve_masked/pasted_patches.csv,1798,0.0017147064208984375,.csv
patients/S_191_curve_masked/pred_binary_confidence.png,data/patient_reconstructed_predictions/patients/S_191_curve_masked/pred_binary_confidence.png,30098,0.028703689575195312,.png
patients/S_191_curve_masked/pred_boundary.png,data/patient_reconstructed_predictions/patients/S_191_curve_masked/pred_boundary.png,31683,0.03021526336669922,.png
patients/S_191_curve_masked/pred_intervertebral.png,data/patient_reconstructed_predictions/patients/S_191_curve_masked/pred_intervertebral.png,29667,0.02829265594482422,.png
patients/S_191_curve_masked/pred_multiclass_global.png,data/patient_reconstructed_predictions/patients/S_191_curve_masked/pred_multiclass_global.png,8726,0.008321762084960938,.png
patients/S_191_curve_masked/pred_ordinal.png,data/patient_reconstructed_predictions/patients/S_191_curve_masked/pred_ordinal.png,56776,0.05414581298828125,.png
patients/S_191_curve_masked/reconstruction_summary.json,data/patient_reconstructed_predictions/patients/S_191_curve_masked/reconstruction_summary.json,375,0.00035762786865234375,.json
patients/S_192_curve_masked/normalized_full_image_used.png,data/patient_reconstructed_predictions/patients/S_192_curve_masked/normalized_full_image_used.png,26694,0.025457382202148438,.png
patients/S_192_curve_masked/overlay_pred_regions_curve.png,data/patient_reconstructed_predictions/patients/S_192_curve_masked/overlay_pred_regions_curve.png,56426,0.05381202697753906,.png
patients/S_192_curve_masked/pasted_patches.csv,data/patient_reconstructed_predictions/patients/S_192_curve_masked/pasted_patches.csv,1791,0.0017080307006835938,.csv
patients/S_192_curve_masked/pred_binary_confidence.png,data/patient_reconstructed_predictions/patients/S_192_curve_masked/pred_binary_confidence.png,26105,0.024895668029785156,.png
patients/S_192_curve_masked/pred_boundary.png,data/patient_reconstructed_predictions/patients/S_192_curve_masked/pred_boundary.png,28391,0.027075767517089844,.png
patients/S_192_curve_masked/pred_intervertebral.png,data/patient_reconstructed_predictions/patients/S_192_curve_masked/pred_intervertebral.png,26992,0.0257415771484375,.png
patients/S_192_curve_masked/pred_multiclass_global.png,data/patient_reconstructed_predictions/patients/S_192_curve_masked/pred_multiclass_global.png,6731,0.006419181823730469,.png
patients/S_192_curve_masked/pred_ordinal.png,data/patient_reconstructed_predictions/patients/S_192_curve_masked/pred_ordinal.png,49117,0.04684162139892578,.png
patients/S_192_curve_masked/reconstruction_summary.json,data/patient_reconstructed_predictions/patients/S_192_curve_masked/reconstruction_summary.json,372,0.000354766845703125,.json
patients/S_193_curve_masked/normalized_full_image_used.png,data/patient_reconstructed_predictions/patients/S_193_curve_masked/normalized_full_image_used.png,21389,0.02039813995361328,.png
patients/S_193_curve_masked/overlay_pred_regions_curve.png,data/patient_reconstructed_predictions/patients/S_193_curve_masked/overlay_pred_regions_curve.png,45282,0.04318428039550781,.png
patients/S_193_curve_masked/pasted_patches.csv,data/patient_reconstructed_predictions/patients/S_193_curve_masked/pasted_patches.csv,1798,0.0017147064208984375,.csv
patients/S_193_curve_masked/pred_binary_confidence.png,data/patient_reconstructed_predictions/patients/S_193_curve_masked/pred_binary_confidence.png,23761,0.022660255432128906,.png
patients/S_193_curve_masked/pred_boundary.png,data/patient_reconstructed_predictions/patients/S_193_curve_masked/pred_boundary.png,25503,0.024321556091308594,.png
patients/S_193_curve_masked/pred_intervertebral.png,data/patient_reconstructed_predictions/patients/S_193_curve_masked/pred_intervertebral.png,24155,0.02303600311279297,.png
patients/S_193_curve_masked/pred_multiclass_global.png,data/patient_reconstructed_predictions/patients/S_193_curve_masked/pred_multiclass_global.png,7239,0.006903648376464844,.png
patients/S_193_curve_masked/pred_ordinal.png,data/patient_reconstructed_predictions/patients/S_193_curve_masked/pred_ordinal.png,50972,0.048610687255859375,.png
patients/S_193_curve_masked/reconstruction_summary.json,data/patient_reconstructed_predictions/patients/S_193_curve_masked/reconstruction_summary.json,374,0.0003566741943359375,.json
patients/S_194_curve_masked/normalized_full_image_used.png,data/patient_reconstructed_predictions/patients/S_194_curve_masked/normalized_full_image_used.png,19322,0.018426895141601562,.png
patients/S_194_curve_masked/overlay_pred_regions_curve.png,data/patient_reconstructed_predictions/patients/S_194_curve_masked/overlay_pred_regions_curve.png,38066,0.03630256652832031,.png
patients/S_194_curve_masked/pasted_patches.csv,data/patient_reconstructed_predictions/patients/S_194_curve_masked/pasted_patches.csv,1792,0.001708984375,.csv
patients/S_194_curve_masked/pred_binary_confidence.png,data/patient_reconstructed_predictions/patients/S_194_curve_masked/pred_binary_confidence.png,20955,0.01998424530029297,.png
patients/S_194_curve_masked/pred_boundary.png,data/patient_reconstructed_predictions/patients/S_194_curve_masked/pred_boundary.png,22665,0.021615028381347656,.png
patients/S_194_curve_masked/pred_intervertebral.png,data/patient_reconstructed_predictions/patients/S_194_curve_masked/pred_intervertebral.png,21512,0.02051544189453125,.png
patients/S_194_curve_masked/pred_multiclass_global.png,data/patient_reconstructed_predictions/patients/S_194_curve_masked/pred_multiclass_global.png,6297,0.006005287170410156,.png
patients/S_194_curve_masked/pred_ordinal.png,data/patient_reconstructed_predictions/patients/S_194_curve_masked/pred_ordinal.png,47655,0.045447349548339844,.png
patients/S_194_curve_masked/reconstruction_summary.json,data/patient_reconstructed_predictions/patients/S_194_curve_masked/reconstruction_summary.json,373,0.00035572052001953125,.json
patients/S_195_curve_masked/normalized_full_image_used.png,data/patient_reconstructed_predictions/patients/S_195_curve_masked/normalized_full_image_used.png,24197,0.02307605743408203,.png
patients/S_195_curve_masked/overlay_pred_regions_curve.png,data/patient_reconstructed_predictions/patients/S_195_curve_masked/overlay_pred_regions_curve.png,52199,0.049780845642089844,.png
patients/S_195_curve_masked/pasted_patches.csv,data/patient_reconstructed_predictions/patients/S_195_curve_masked/pasted_patches.csv,1795,0.0017118453979492188,.csv
patients/S_195_curve_masked/pred_binary_confidence.png,data/patient_reconstructed_predictions/patients/S_195_curve_masked/pred_binary_confidence.png,24650,0.023508071899414062,.png
patients/S_195_curve_masked/pred_boundary.png,data/patient_reconstructed_predictions/patients/S_195_curve_masked/pred_boundary.png,26389,0.02516651153564453,.png
patients/S_195_curve_masked/pred_intervertebral.png,data/patient_reconstructed_predictions/patients/S_195_curve_masked/pred_intervertebral.png,25039,0.023879051208496094,.png
patients/S_195_curve_masked/pred_multiclass_global.png,data/patient_reconstructed_predictions/patients/S_195_curve_masked/pred_multiclass_global.png,7693,0.007336616516113281,.png
patients/S_195_curve_masked/pred_ordinal.png,data/patient_reconstructed_predictions/patients/S_195_curve_masked/pred_ordinal.png,54333,0.05181598663330078,.png
patients/S_195_curve_masked/reconstruction_summary.json,data/patient_reconstructed_predictions/patients/S_195_curve_masked/reconstruction_summary.json,372,0.000354766845703125,.json
patients/S_196_curve_masked/normalized_full_image_used.png,data/patient_reconstructed_predictions/patients/S_196_curve_masked/normalized_full_image_used.png,29388,0.028026580810546875,.png
patients/S_196_curve_masked/overlay_pred_regions_curve.png,data/patient_reconstructed_predictions/patients/S_196_curve_masked/overlay_pred_regions_curve.png,59409,0.056656837463378906,.png
patients/S_196_curve_masked/pasted_patches.csv,data/patient_reconstructed_predictions/patients/S_196_curve_masked/pasted_patches.csv,1791,0.0017080307006835938,.csv
patients/S_196_curve_masked/pred_binary_confidence.png,data/patient_reconstructed_predictions/patients/S_196_curve_masked/pred_binary_confidence.png,30856,0.02942657470703125,.png
patients/S_196_curve_masked/pred_boundary.png,data/patient_reconstructed_predictions/patients/S_196_curve_masked/pred_boundary.png,33323,0.03177928924560547,.png
patients/S_196_curve_masked/pred_intervertebral.png,data/patient_reconstructed_predictions/patients/S_196_curve_masked/pred_intervertebral.png,31379,0.02992534637451172,.png
patients/S_196_curve_masked/pred_multiclass_global.png,data/patient_reconstructed_predictions/patients/S_196_curve_masked/pred_multiclass_global.png,7170,0.0068378448486328125,.png
patients/S_196_curve_masked/pred_ordinal.png,data/patient_reconstructed_predictions/patients/S_196_curve_masked/pred_ordinal.png,49782,0.04747581481933594,.png
patients/S_196_curve_masked/reconstruction_summary.json,data/patient_reconstructed_predictions/patients/S_196_curve_masked/reconstruction_summary.json,373,0.00035572052001953125,.json
patients/S_197_curve_masked/normalized_full_image_used.png,data/patient_reconstructed_predictions/patients/S_197_curve_masked/normalized_full_image_used.png,17253,0.01645374298095703,.png
patients/S_197_curve_masked/overlay_pred_regions_curve.png,data/patient_reconstructed_predictions/patients/S_197_curve_masked/overlay_pred_regions_curve.png,39289,0.037468910217285156,.png
patients/S_197_curve_masked/pasted_patches.csv,data/patient_reconstructed_predictions/patients/S_197_curve_masked/pasted_patches.csv,1783,0.0017004013061523438,.csv
patients/S_197_curve_masked/pred_binary_confidence.png,data/patient_reconstructed_predictions/patients/S_197_curve_masked/pred_binary_confidence.png,18410,0.017557144165039062,.png
patients/S_197_curve_masked/pred_boundary.png,data/patient_reconstructed_predictions/patients/S_197_curve_masked/pred_boundary.png,19545,0.018639564514160156,.png
patients/S_197_curve_masked/pred_intervertebral.png,data/patient_reconstructed_predictions/patients/S_197_curve_masked/pred_intervertebral.png,18291,0.01744365692138672,.png
patients/S_197_curve_masked/pred_multiclass_global.png,data/patient_reconstructed_predictions/patients/S_197_curve_masked/pred_multiclass_global.png,7829,0.007466316223144531,.png
patients/S_197_curve_masked/pred_ordinal.png,data/patient_reconstructed_predictions/patients/S_197_curve_masked/pred_ordinal.png,47692,0.045482635498046875,.png
patients/S_197_curve_masked/reconstruction_summary.json,data/patient_reconstructed_predictions/patients/S_197_curve_masked/reconstruction_summary.json,374,0.0003566741943359375,.json
patients/S_198_curve_masked/normalized_full_image_used.png,data/patient_reconstructed_predictions/patients/S_198_curve_masked/normalized_full_image_used.png,20680,0.01972198486328125,.png
patients/S_198_curve_masked/overlay_pred_regions_curve.png,data/patient_reconstructed_predictions/patients/S_198_curve_masked/overlay_pred_regions_curve.png,44395,0.04233837127685547,.png
patients/S_198_curve_masked/pasted_patches.csv,data/patient_reconstructed_predictions/patients/S_198_curve_masked/pasted_patches.csv,1797,0.0017137527465820312,.csv
patients/S_198_curve_masked/pred_binary_confidence.png,data/patient_reconstructed_predictions/patients/S_198_curve_masked/pred_binary_confidence.png,22761,0.021706581115722656,.png
patients/S_198_curve_masked/pred_boundary.png,data/patient_reconstructed_predictions/patients/S_198_curve_masked/pred_boundary.png,24822,0.023672103881835938,.png
patients/S_198_curve_masked/pred_intervertebral.png,data/patient_reconstructed_predictions/patients/S_198_curve_masked/pred_intervertebral.png,23484,0.022396087646484375,.png
patients/S_198_curve_masked/pred_multiclass_global.png,data/patient_reconstructed_predictions/patients/S_198_curve_masked/pred_multiclass_global.png,7437,0.007092475891113281,.png
patients/S_198_curve_masked/pred_ordinal.png,data/patient_reconstructed_predictions/patients/S_198_curve_masked/pred_ordinal.png,49564,0.047267913818359375,.png
patients/S_198_curve_masked/reconstruction_summary.json,data/patient_reconstructed_predictions/patients/S_198_curve_masked/reconstruction_summary.json,376,0.00035858154296875,.json
patients/S_199_curve_masked/normalized_full_image_used.png,data/patient_reconstructed_predictions/patients/S_199_curve_masked/normalized_full_image_used.png,37346,0.03561592102050781,.png
patients/S_199_curve_masked/overlay_pred_regions_curve.png,data/patient_reconstructed_predictions/patients/S_199_curve_masked/overlay_pred_regions_curve.png,73254,0.06986045837402344,.png
patients/S_199_curve_masked/pasted_patches.csv,data/patient_reconstructed_predictions/patients/S_199_curve_masked/pasted_patches.csv,1723,0.0016431808471679688,.csv
patients/S_199_curve_masked/pred_binary_confidence.png,data/patient_reconstructed_predictions/patients/S_199_curve_masked/pred_binary_confidence.png,36258,0.03457832336425781,.png
patients/S_199_curve_masked/pred_boundary.png,data/patient_reconstructed_predictions/patients/S_199_curve_masked/pred_boundary.png,39748,0.037906646728515625,.png
patients/S_199_curve_masked/pred_intervertebral.png,data/patient_reconstructed_predictions/patients/S_199_curve_masked/pred_intervertebral.png,36193,0.034516334533691406,.png
patients/S_199_curve_masked/pred_multiclass_global.png,data/patient_reconstructed_predictions/patients/S_199_curve_masked/pred_multiclass_global.png,8488,0.00809478759765625,.png
patients/S_199_curve_masked/pred_ordinal.png,data/patient_reconstructed_predictions/patients/S_199_curve_masked/pred_ordinal.png,62958,0.06004142761230469,.png
patients/S_199_curve_masked/reconstruction_summary.json,data/patient_reconstructed_predictions/patients/S_199_curve_masked/reconstruction_summary.json,374,0.0003566741943359375,.json
patients/S_200_curve_masked/normalized_full_image_used.png,data/patient_reconstructed_predictions/patients/S_200_curve_masked/normalized_full_image_used.png,20758,0.019796371459960938,.png
patients/S_200_curve_masked/overlay_pred_regions_curve.png,data/patient_reconstructed_predictions/patients/S_200_curve_masked/overlay_pred_regions_curve.png,46283,0.04413890838623047,.png
patients/S_200_curve_masked/pasted_patches.csv,data/patient_reconstructed_predictions/patients/S_200_curve_masked/pasted_patches.csv,1794,0.0017108917236328125,.csv
patients/S_200_curve_masked/pred_binary_confidence.png,data/patient_reconstructed_predictions/patients/S_200_curve_masked/pred_binary_confidence.png,20567,0.019614219665527344,.png
patients/S_200_curve_masked/pred_boundary.png,data/patient_reconstructed_predictions/patients/S_200_curve_masked/pred_boundary.png,22317,0.02128314971923828,.png
patients/S_200_curve_masked/pred_intervertebral.png,data/patient_reconstructed_predictions/patients/S_200_curve_masked/pred_intervertebral.png,21181,0.02019977569580078,.png
patients/S_200_curve_masked/pred_multiclass_global.png,data/patient_reconstructed_predictions/patients/S_200_curve_masked/pred_multiclass_global.png,7192,0.00685882568359375,.png
patients/S_200_curve_masked/pred_ordinal.png,data/patient_reconstructed_predictions/patients/S_200_curve_masked/pred_ordinal.png,51266,0.04889106750488281,.png
patients/S_200_curve_masked/reconstruction_summary.json,data/patient_reconstructed_predictions/patients/S_200_curve_masked/reconstruction_summary.json,374,0.0003566741943359375,.json
patients/S_201_curve_masked/normalized_full_image_used.png,data/patient_reconstructed_predictions/patients/S_201_curve_masked/normalized_full_image_used.png,25042,0.023881912231445312,.png
patients/S_201_curve_masked/overlay_pred_regions_curve.png,data/patient_reconstructed_predictions/patients/S_201_curve_masked/overlay_pred_regions_curve.png,53814,0.05132102966308594,.png
patients/S_201_curve_masked/pasted_patches.csv,data/patient_reconstructed_predictions/patients/S_201_curve_masked/pasted_patches.csv,1781,0.0016984939575195312,.csv
patients/S_201_curve_masked/pred_binary_confidence.png,data/patient_reconstructed_predictions/patients/S_201_curve_masked/pred_binary_confidence.png,25543,0.024359703063964844,.png
patients/S_201_curve_masked/pred_boundary.png,data/patient_reconstructed_predictions/patients/S_201_curve_masked/pred_boundary.png,27446,0.026174545288085938,.png
patients/S_201_curve_masked/pred_intervertebral.png,data/patient_reconstructed_predictions/patients/S_201_curve_masked/pred_intervertebral.png,25933,0.02473163604736328,.png
patients/S_201_curve_masked/pred_multiclass_global.png,data/patient_reconstructed_predictions/patients/S_201_curve_masked/pred_multiclass_global.png,7798,0.0074367523193359375,.png
patients/S_201_curve_masked/pred_ordinal.png,data/patient_reconstructed_predictions/patients/S_201_curve_masked/pred_ordinal.png,55353,0.052788734436035156,.png
patients/S_201_curve_masked/reconstruction_summary.json,data/patient_reconstructed_predictions/patients/S_201_curve_masked/reconstruction_summary.json,372,0.000354766845703125,.json
patients/S_202_curve_masked/normalized_full_image_used.png,data/patient_reconstructed_predictions/patients/S_202_curve_masked/normalized_full_image_used.png,26914,0.025667190551757812,.png
patients/S_202_curve_masked/overlay_pred_regions_curve.png,data/patient_reconstructed_predictions/patients/S_202_curve_masked/overlay_pred_regions_curve.png,54292,0.051776885986328125,.png
patients/S_202_curve_masked/pasted_patches.csv,data/patient_reconstructed_predictions/patients/S_202_curve_masked/pasted_patches.csv,1789,0.0017061233520507812,.csv
patients/S_202_curve_masked/pred_binary_confidence.png,data/patient_reconstructed_predictions/patients/S_202_curve_masked/pred_binary_confidence.png,29147,0.02779674530029297,.png
patients/S_202_curve_masked/pred_boundary.png,data/patient_reconstructed_predictions/patients/S_202_curve_masked/pred_boundary.png,31147,0.02970409393310547,.png
patients/S_202_curve_masked/pred_intervertebral.png,data/patient_reconstructed_predictions/patients/S_202_curve_masked/pred_intervertebral.png,29392,0.0280303955078125,.png
patients/S_202_curve_masked/pred_multiclass_global.png,data/patient_reconstructed_predictions/patients/S_202_curve_masked/pred_multiclass_global.png,7569,0.007218360900878906,.png
patients/S_202_curve_masked/pred_ordinal.png,data/patient_reconstructed_predictions/patients/S_202_curve_masked/pred_ordinal.png,51279,0.048903465270996094,.png
patients/S_202_curve_masked/reconstruction_summary.json,data/patient_reconstructed_predictions/patients/S_202_curve_masked/reconstruction_summary.json,370,0.0003528594970703125,.json
patients/S_203_curve_masked/normalized_full_image_used.png,data/patient_reconstructed_predictions/patients/S_203_curve_masked/normalized_full_image_used.png,15610,0.014886856079101562,.png
patients/S_203_curve_masked/overlay_pred_regions_curve.png,data/patient_reconstructed_predictions/patients/S_203_curve_masked/overlay_pred_regions_curve.png,36228,0.034549713134765625,.png
patients/S_203_curve_masked/pasted_patches.csv,data/patient_reconstructed_predictions/patients/S_203_curve_masked/pasted_patches.csv,1796,0.001712799072265625,.csv
patients/S_203_curve_masked/pred_binary_confidence.png,data/patient_reconstructed_predictions/patients/S_203_curve_masked/pred_binary_confidence.png,15675,0.014948844909667969,.png
patients/S_203_curve_masked/pred_boundary.png,data/patient_reconstructed_predictions/patients/S_203_curve_masked/pred_boundary.png,16958,0.016172409057617188,.png
patients/S_203_curve_masked/pred_intervertebral.png,data/patient_reconstructed_predictions/patients/S_203_curve_masked/pred_intervertebral.png,15854,0.015119552612304688,.png
patients/S_203_curve_masked/pred_multiclass_global.png,data/patient_reconstructed_predictions/patients/S_203_curve_masked/pred_multiclass_global.png,6533,0.006230354309082031,.png
patients/S_203_curve_masked/pred_ordinal.png,data/patient_reconstructed_predictions/patients/S_203_curve_masked/pred_ordinal.png,45111,0.043021202087402344,.png
patients/S_203_curve_masked/reconstruction_summary.json,data/patient_reconstructed_predictions/patients/S_203_curve_masked/reconstruction_summary.json,375,0.00035762786865234375,.json
patients/S_204_curve_masked/normalized_full_image_used.png,data/patient_reconstructed_predictions/patients/S_204_curve_masked/normalized_full_image_used.png,22126,0.021100997924804688,.png
patients/S_204_curve_masked/overlay_pred_regions_curve.png,data/patient_reconstructed_predictions/patients/S_204_curve_masked/overlay_pred_regions_curve.png,43325,0.04131793975830078,.png
patients/S_204_curve_masked/pasted_patches.csv,data/patient_reconstructed_predictions/patients/S_204_curve_masked/pasted_patches.csv,1795,0.0017118453979492188,.csv
patients/S_204_curve_masked/pred_binary_confidence.png,data/patient_reconstructed_predictions/patients/S_204_curve_masked/pred_binary_confidence.png,26560,0.02532958984375,.png
patients/S_204_curve_masked/pred_boundary.png,data/patient_reconstructed_predictions/patients/S_204_curve_masked/pred_boundary.png,28432,0.0271148681640625,.png
patients/S_204_curve_masked/pred_intervertebral.png,data/patient_reconstructed_predictions/patients/S_204_curve_masked/pred_intervertebral.png,27302,0.026037216186523438,.png
patients/S_204_curve_masked/pred_multiclass_global.png,data/patient_reconstructed_predictions/patients/S_204_curve_masked/pred_multiclass_global.png,6935,0.006613731384277344,.png
patients/S_204_curve_masked/pred_ordinal.png,data/patient_reconstructed_predictions/patients/S_204_curve_masked/pred_ordinal.png,51760,0.0493621826171875,.png
patients/S_204_curve_masked/reconstruction_summary.json,data/patient_reconstructed_predictions/patients/S_204_curve_masked/reconstruction_summary.json,373,0.00035572052001953125,.json
patients/S_205_curve_masked/normalized_full_image_used.png,data/patient_reconstructed_predictions/patients/S_205_curve_masked/normalized_full_image_used.png,19188,0.018299102783203125,.png
patients/S_205_curve_masked/overlay_pred_regions_curve.png,data/patient_reconstructed_predictions/patients/S_205_curve_masked/overlay_pred_regions_curve.png,42172,0.040218353271484375,.png
patients/S_205_curve_masked/pasted_patches.csv,data/patient_reconstructed_predictions/patients/S_205_curve_masked/pasted_patches.csv,1799,0.0017156600952148438,.csv
patients/S_205_curve_masked/pred_binary_confidence.png,data/patient_reconstructed_predictions/patients/S_205_curve_masked/pred_binary_confidence.png,20193,0.019257545471191406,.png
patients/S_205_curve_masked/pred_boundary.png,data/patient_reconstructed_predictions/patients/S_205_curve_masked/pred_boundary.png,21788,0.020778656005859375,.png
patients/S_205_curve_masked/pred_intervertebral.png,data/patient_reconstructed_predictions/patients/S_205_curve_masked/pred_intervertebral.png,20628,0.019672393798828125,.png
patients/S_205_curve_masked/pred_multiclass_global.png,data/patient_reconstructed_predictions/patients/S_205_curve_masked/pred_multiclass_global.png,7111,0.006781578063964844,.png
patients/S_205_curve_masked/pred_ordinal.png,data/patient_reconstructed_predictions/patients/S_205_curve_masked/pred_ordinal.png,46908,0.044734954833984375,.png
patients/S_205_curve_masked/reconstruction_summary.json,data/patient_reconstructed_predictions/patients/S_205_curve_masked/reconstruction_summary.json,373,0.00035572052001953125,.json
patients/S_206_curve_masked/normalized_full_image_used.png,data/patient_reconstructed_predictions/patients/S_206_curve_masked/normalized_full_image_used.png,29434,0.028070449829101562,.png
patients/S_206_curve_masked/overlay_pred_regions_curve.png,data/patient_reconstructed_predictions/patients/S_206_curve_masked/overlay_pred_regions_curve.png,58678,0.05595970153808594,.png
patients/S_206_curve_masked/pasted_patches.csv,data/patient_reconstructed_predictions/patients/S_206_curve_masked/pasted_patches.csv,1798,0.0017147064208984375,.csv
patients/S_206_curve_masked/pred_binary_confidence.png,data/patient_reconstructed_predictions/patients/S_206_curve_masked/pred_binary_confidence.png,29678,0.028303146362304688,.png
patients/S_206_curve_masked/pred_boundary.png,data/patient_reconstructed_predictions/patients/S_206_curve_masked/pred_boundary.png,31368,0.02991485595703125,.png
patients/S_206_curve_masked/pred_intervertebral.png,data/patient_reconstructed_predictions/patients/S_206_curve_masked/pred_intervertebral.png,29171,0.02781963348388672,.png
patients/S_206_curve_masked/pred_multiclass_global.png,data/patient_reconstructed_predictions/patients/S_206_curve_masked/pred_multiclass_global.png,7896,0.00753021240234375,.png
patients/S_206_curve_masked/pred_ordinal.png,data/patient_reconstructed_predictions/patients/S_206_curve_masked/pred_ordinal.png,49440,0.047149658203125,.png
patients/S_206_curve_masked/reconstruction_summary.json,data/patient_reconstructed_predictions/patients/S_206_curve_masked/reconstruction_summary.json,372,0.000354766845703125,.json
patients/S_21_curve_masked/normalized_full_image_used.png,data/patient_reconstructed_predictions/patients/S_21_curve_masked/normalized_full_image_used.png,20502,0.019552230834960938,.png
patients/S_21_curve_masked/overlay_pred_regions_curve.png,data/patient_reconstructed_predictions/patients/S_21_curve_masked/overlay_pred_regions_curve.png,45751,0.043631553649902344,.png
patients/S_21_curve_masked/pasted_patches.csv,data/patient_reconstructed_predictions/patients/S_21_curve_masked/pasted_patches.csv,1763,0.0016813278198242188,.csv
patients/S_21_curve_masked/pred_binary_confidence.png,data/patient_reconstructed_predictions/patients/S_21_curve_masked/pred_binary_confidence.png,20815,0.019850730895996094,.png
patients/S_21_curve_masked/pred_boundary.png,data/patient_reconstructed_predictions/patients/S_21_curve_masked/pred_boundary.png,22695,0.021643638610839844,.png
patients/S_21_curve_masked/pred_intervertebral.png,data/patient_reconstructed_predictions/patients/S_21_curve_masked/pred_intervertebral.png,21712,0.0207061767578125,.png
patients/S_21_curve_masked/pred_multiclass_global.png,data/patient_reconstructed_predictions/patients/S_21_curve_masked/pred_multiclass_global.png,6609,0.006302833557128906,.png
patients/S_21_curve_masked/pred_ordinal.png,data/patient_reconstructed_predictions/patients/S_21_curve_masked/pred_ordinal.png,44734,0.04266166687011719,.png
patients/S_21_curve_masked/reconstruction_summary.json,data/patient_reconstructed_predictions/patients/S_21_curve_masked/reconstruction_summary.json,371,0.00035381317138671875,.json
patients/S_22_curve_masked/normalized_full_image_used.png,data/patient_reconstructed_predictions/patients/S_22_curve_masked/normalized_full_image_used.png,30426,0.029016494750976562,.png
patients/S_22_curve_masked/overlay_pred_regions_curve.png,data/patient_reconstructed_predictions/patients/S_22_curve_masked/overlay_pred_regions_curve.png,64267,0.06128978729248047,.png
patients/S_22_curve_masked/pasted_patches.csv,data/patient_reconstructed_predictions/patients/S_22_curve_masked/pasted_patches.csv,1763,0.0016813278198242188,.csv
patients/S_22_curve_masked/pred_binary_confidence.png,data/patient_reconstructed_predictions/patients/S_22_curve_masked/pred_binary_confidence.png,29380,0.028018951416015625,.png
patients/S_22_curve_masked/pred_boundary.png,data/patient_reconstructed_predictions/patients/S_22_curve_masked/pred_boundary.png,33055,0.031523704528808594,.png
patients/S_22_curve_masked/pred_intervertebral.png,data/patient_reconstructed_predictions/patients/S_22_curve_masked/pred_intervertebral.png,30815,0.029387474060058594,.png
patients/S_22_curve_masked/pred_multiclass_global.png,data/patient_reconstructed_predictions/patients/S_22_curve_masked/pred_multiclass_global.png,6912,0.006591796875,.png
patients/S_22_curve_masked/pred_ordinal.png,data/patient_reconstructed_predictions/patients/S_22_curve_masked/pred_ordinal.png,49208,0.04692840576171875,.png
patients/S_22_curve_masked/reconstruction_summary.json,data/patient_reconstructed_predictions/patients/S_22_curve_masked/reconstruction_summary.json,372,0.000354766845703125,.json
patients/S_23_curve_masked/normalized_full_image_used.png,data/patient_reconstructed_predictions/patients/S_23_curve_masked/normalized_full_image_used.png,25233,0.024064064025878906,.png
patients/S_23_curve_masked/overlay_pred_regions_curve.png,data/patient_reconstructed_predictions/patients/S_23_curve_masked/overlay_pred_regions_curve.png,52074,0.04966163635253906,.png
patients/S_23_curve_masked/pasted_patches.csv,data/patient_reconstructed_predictions/patients/S_23_curve_masked/pasted_patches.csv,1773,0.0016908645629882812,.csv
patients/S_23_curve_masked/pred_binary_confidence.png,data/patient_reconstructed_predictions/patients/S_23_curve_masked/pred_binary_confidence.png,27183,0.025923728942871094,.png
patients/S_23_curve_masked/pred_boundary.png,data/patient_reconstructed_predictions/patients/S_23_curve_masked/pred_boundary.png,30185,0.028786659240722656,.png
patients/S_23_curve_masked/pred_intervertebral.png,data/patient_reconstructed_predictions/patients/S_23_curve_masked/pred_intervertebral.png,28539,0.02721691131591797,.png
patients/S_23_curve_masked/pred_multiclass_global.png,data/patient_reconstructed_predictions/patients/S_23_curve_masked/pred_multiclass_global.png,7898,0.0075321197509765625,.png
patients/S_23_curve_masked/pred_ordinal.png,data/patient_reconstructed_predictions/patients/S_23_curve_masked/pred_ordinal.png,50214,0.04788780212402344,.png
patients/S_23_curve_masked/reconstruction_summary.json,data/patient_reconstructed_predictions/patients/S_23_curve_masked/reconstruction_summary.json,380,0.000362396240234375,.json
patients/S_24_curve_masked/normalized_full_image_used.png,data/patient_reconstructed_predictions/patients/S_24_curve_masked/normalized_full_image_used.png,28469,0.02715015411376953,.png
patients/S_24_curve_masked/overlay_pred_regions_curve.png,data/patient_reconstructed_predictions/patients/S_24_curve_masked/overlay_pred_regions_curve.png,60607,0.057799339294433594,.png
patients/S_24_curve_masked/pasted_patches.csv,data/patient_reconstructed_predictions/patients/S_24_curve_masked/pasted_patches.csv,1770,0.0016880035400390625,.csv
patients/S_24_curve_masked/pred_binary_confidence.png,data/patient_reconstructed_predictions/patients/S_24_curve_masked/pred_binary_confidence.png,30432,0.029022216796875,.png
patients/S_24_curve_masked/pred_boundary.png,data/patient_reconstructed_predictions/patients/S_24_curve_masked/pred_boundary.png,32907,0.03138256072998047,.png
patients/S_24_curve_masked/pred_intervertebral.png,data/patient_reconstructed_predictions/patients/S_24_curve_masked/pred_intervertebral.png,31179,0.02973461151123047,.png
patients/S_24_curve_masked/pred_multiclass_global.png,data/patient_reconstructed_predictions/patients/S_24_curve_masked/pred_multiclass_global.png,8263,0.007880210876464844,.png
patients/S_24_curve_masked/pred_ordinal.png,data/patient_reconstructed_predictions/patients/S_24_curve_masked/pred_ordinal.png,51356,0.048976898193359375,.png
patients/S_24_curve_masked/reconstruction_summary.json,data/patient_reconstructed_predictions/patients/S_24_curve_masked/reconstruction_summary.json,372,0.000354766845703125,.json
patients/S_25_curve_masked/normalized_full_image_used.png,data/patient_reconstructed_predictions/patients/S_25_curve_masked/normalized_full_image_used.png,20463,0.019515037536621094,.png
patients/S_25_curve_masked/overlay_pred_regions_curve.png,data/patient_reconstructed_predictions/patients/S_25_curve_masked/overlay_pred_regions_curve.png,46498,0.04434394836425781,.png
patients/S_25_curve_masked/pasted_patches.csv,data/patient_reconstructed_predictions/patients/S_25_curve_masked/pasted_patches.csv,1765,0.0016832351684570312,.csv
patients/S_25_curve_masked/pred_binary_confidence.png,data/patient_reconstructed_predictions/patients/S_25_curve_masked/pred_binary_confidence.png,21328,0.0203399658203125,.png
patients/S_25_curve_masked/pred_boundary.png,data/patient_reconstructed_predictions/patients/S_25_curve_masked/pred_boundary.png,22957,0.02189350128173828,.png
patients/S_25_curve_masked/pred_intervertebral.png,data/patient_reconstructed_predictions/patients/S_25_curve_masked/pred_intervertebral.png,21794,0.020784378051757812,.png
patients/S_25_curve_masked/pred_multiclass_global.png,data/patient_reconstructed_predictions/patients/S_25_curve_masked/pred_multiclass_global.png,7495,0.007147789001464844,.png
patients/S_25_curve_masked/pred_ordinal.png,data/patient_reconstructed_predictions/patients/S_25_curve_masked/pred_ordinal.png,47633,0.045426368713378906,.png
patients/S_25_curve_masked/reconstruction_summary.json,data/patient_reconstructed_predictions/patients/S_25_curve_masked/reconstruction_summary.json,374,0.0003566741943359375,.json
patients/S_26_curve_masked/normalized_full_image_used.png,data/patient_reconstructed_predictions/patients/S_26_curve_masked/normalized_full_image_used.png,26969,0.025719642639160156,.png
patients/S_26_curve_masked/overlay_pred_regions_curve.png,data/patient_reconstructed_predictions/patients/S_26_curve_masked/overlay_pred_regions_curve.png,56339,0.05372905731201172,.png
patients/S_26_curve_masked/pasted_patches.csv,data/patient_reconstructed_predictions/patients/S_26_curve_masked/pasted_patches.csv,1757,0.0016756057739257812,.csv
patients/S_26_curve_masked/pred_binary_confidence.png,data/patient_reconstructed_predictions/patients/S_26_curve_masked/pred_binary_confidence.png,27460,0.026187896728515625,.png
patients/S_26_curve_masked/pred_boundary.png,data/patient_reconstructed_predictions/patients/S_26_curve_masked/pred_boundary.png,29797,0.02841663360595703,.png
patients/S_26_curve_masked/pred_intervertebral.png,data/patient_reconstructed_predictions/patients/S_26_curve_masked/pred_intervertebral.png,27934,0.026639938354492188,.png
patients/S_26_curve_masked/pred_multiclass_global.png,data/patient_reconstructed_predictions/patients/S_26_curve_masked/pred_multiclass_global.png,6281,0.005990028381347656,.png
patients/S_26_curve_masked/pred_ordinal.png,data/patient_reconstructed_predictions/patients/S_26_curve_masked/pred_ordinal.png,51605,0.04921436309814453,.png
patients/S_26_curve_masked/reconstruction_summary.json,data/patient_reconstructed_predictions/patients/S_26_curve_masked/reconstruction_summary.json,372,0.000354766845703125,.json
patients/S_27_curve_masked/normalized_full_image_used.png,data/patient_reconstructed_predictions/patients/S_27_curve_masked/normalized_full_image_used.png,20667,0.01970958709716797,.png
patients/S_27_curve_masked/overlay_pred_regions_curve.png,data/patient_reconstructed_predictions/patients/S_27_curve_masked/overlay_pred_regions_curve.png,45709,0.04359149932861328,.png
patients/S_27_curve_masked/pasted_patches.csv,data/patient_reconstructed_predictions/patients/S_27_curve_masked/pasted_patches.csv,1769,0.0016870498657226562,.csv
patients/S_27_curve_masked/pred_binary_confidence.png,data/patient_reconstructed_predictions/patients/S_27_curve_masked/pred_binary_confidence.png,21744,0.0207366943359375,.png
patients/S_27_curve_masked/pred_boundary.png,data/patient_reconstructed_predictions/patients/S_27_curve_masked/pred_boundary.png,23573,0.02248096466064453,.png
patients/S_27_curve_masked/pred_intervertebral.png,data/patient_reconstructed_predictions/patients/S_27_curve_masked/pred_intervertebral.png,22468,0.021427154541015625,.png
patients/S_27_curve_masked/pred_multiclass_global.png,data/patient_reconstructed_predictions/patients/S_27_curve_masked/pred_multiclass_global.png,7196,0.006862640380859375,.png
patients/S_27_curve_masked/pred_ordinal.png,data/patient_reconstructed_predictions/patients/S_27_curve_masked/pred_ordinal.png,45679,0.043562889099121094,.png
patients/S_27_curve_masked/reconstruction_summary.json,data/patient_reconstructed_predictions/patients/S_27_curve_masked/reconstruction_summary.json,373,0.00035572052001953125,.json
patients/S_28_curve_masked/normalized_full_image_used.png,data/patient_reconstructed_predictions/patients/S_28_curve_masked/normalized_full_image_used.png,29109,0.02776050567626953,.png
patients/S_28_curve_masked/overlay_pred_regions_curve.png,data/patient_reconstructed_predictions/patients/S_28_curve_masked/overlay_pred_regions_curve.png,62212,0.059329986572265625,.png
patients/S_28_curve_masked/pasted_patches.csv,data/patient_reconstructed_predictions/patients/S_28_curve_masked/pasted_patches.csv,1769,0.0016870498657226562,.csv
patients/S_28_curve_masked/pred_binary_confidence.png,data/patient_reconstructed_predictions/patients/S_28_curve_masked/pred_binary_confidence.png,28259,0.02694988250732422,.png
patients/S_28_curve_masked/pred_boundary.png,data/patient_reconstructed_predictions/patients/S_28_curve_masked/pred_boundary.png,31236,0.029788970947265625,.png
patients/S_28_curve_masked/pred_intervertebral.png,data/patient_reconstructed_predictions/patients/S_28_curve_masked/pred_intervertebral.png,29427,0.02806377410888672,.png
patients/S_28_curve_masked/pred_multiclass_global.png,data/patient_reconstructed_predictions/patients/S_28_curve_masked/pred_multiclass_global.png,7401,0.007058143615722656,.png
patients/S_28_curve_masked/pred_ordinal.png,data/patient_reconstructed_predictions/patients/S_28_curve_masked/pred_ordinal.png,50063,0.047743797302246094,.png
patients/S_28_curve_masked/reconstruction_summary.json,data/patient_reconstructed_predictions/patients/S_28_curve_masked/reconstruction_summary.json,379,0.00036144256591796875,.json
patients/S_29_curve_masked/normalized_full_image_used.png,data/patient_reconstructed_predictions/patients/S_29_curve_masked/normalized_full_image_used.png,24041,0.022927284240722656,.png
patients/S_29_curve_masked/overlay_pred_regions_curve.png,data/patient_reconstructed_predictions/patients/S_29_curve_masked/overlay_pred_regions_curve.png,52497,0.050065040588378906,.png
patients/S_29_curve_masked/pasted_patches.csv,data/patient_reconstructed_predictions/patients/S_29_curve_masked/pasted_patches.csv,1769,0.0016870498657226562,.csv
patients/S_29_curve_masked/pred_binary_confidence.png,data/patient_reconstructed_predictions/patients/S_29_curve_masked/pred_binary_confidence.png,22114,0.021089553833007812,.png
patients/S_29_curve_masked/pred_boundary.png,data/patient_reconstructed_predictions/patients/S_29_curve_masked/pred_boundary.png,24664,0.02352142333984375,.png
patients/S_29_curve_masked/pred_intervertebral.png,data/patient_reconstructed_predictions/patients/S_29_curve_masked/pred_intervertebral.png,22945,0.021882057189941406,.png
patients/S_29_curve_masked/pred_multiclass_global.png,data/patient_reconstructed_predictions/patients/S_29_curve_masked/pred_multiclass_global.png,6211,0.005923271179199219,.png
patients/S_29_curve_masked/pred_ordinal.png,data/patient_reconstructed_predictions/patients/S_29_curve_masked/pred_ordinal.png,48974,0.04670524597167969,.png
patients/S_29_curve_masked/reconstruction_summary.json,data/patient_reconstructed_predictions/patients/S_29_curve_masked/reconstruction_summary.json,374,0.0003566741943359375,.json
patients/S_30_curve_masked/normalized_full_image_used.png,data/patient_reconstructed_predictions/patients/S_30_curve_masked/normalized_full_image_used.png,38922,0.03711891174316406,.png
patients/S_30_curve_masked/overlay_pred_regions_curve.png,data/patient_reconstructed_predictions/patients/S_30_curve_masked/overlay_pred_regions_curve.png,78262,0.07463645935058594,.png
patients/S_30_curve_masked/pasted_patches.csv,data/patient_reconstructed_predictions/patients/S_30_curve_masked/pasted_patches.csv,1763,0.0016813278198242188,.csv
patients/S_30_curve_masked/pred_binary_confidence.png,data/patient_reconstructed_predictions/patients/S_30_curve_masked/pred_binary_confidence.png,35235,0.03360271453857422,.png
patients/S_30_curve_masked/pred_boundary.png,data/patient_reconstructed_predictions/patients/S_30_curve_masked/pred_boundary.png,37786,0.03603553771972656,.png
patients/S_30_curve_masked/pred_intervertebral.png,data/patient_reconstructed_predictions/patients/S_30_curve_masked/pred_intervertebral.png,34694,0.03308677673339844,.png
patients/S_30_curve_masked/pred_multiclass_global.png,data/patient_reconstructed_predictions/patients/S_30_curve_masked/pred_multiclass_global.png,8052,0.007678985595703125,.png
patients/S_30_curve_masked/pred_ordinal.png,data/patient_reconstructed_predictions/patients/S_30_curve_masked/pred_ordinal.png,64268,0.061290740966796875,.png
patients/S_30_curve_masked/reconstruction_summary.json,data/patient_reconstructed_predictions/patients/S_30_curve_masked/reconstruction_summary.json,374,0.0003566741943359375,.json
patients/S_31_curve_masked/normalized_full_image_used.png,data/patient_reconstructed_predictions/patients/S_31_curve_masked/normalized_full_image_used.png,21213,0.02023029327392578,.png
patients/S_31_curve_masked/overlay_pred_regions_curve.png,data/patient_reconstructed_predictions/patients/S_31_curve_masked/overlay_pred_regions_curve.png,45882,0.04375648498535156,.png
patients/S_31_curve_masked/pasted_patches.csv,data/patient_reconstructed_predictions/patients/S_31_curve_masked/pasted_patches.csv,1766,0.0016841888427734375,.csv
patients/S_31_curve_masked/pred_binary_confidence.png,data/patient_reconstructed_predictions/patients/S_31_curve_masked/pred_binary_confidence.png,23301,0.02222156524658203,.png
patients/S_31_curve_masked/pred_boundary.png,data/patient_reconstructed_predictions/patients/S_31_curve_masked/pred_boundary.png,25172,0.024005889892578125,.png
patients/S_31_curve_masked/pred_intervertebral.png,data/patient_reconstructed_predictions/patients/S_31_curve_masked/pred_intervertebral.png,23691,0.02259349822998047,.png
patients/S_31_curve_masked/pred_multiclass_global.png,data/patient_reconstructed_predictions/patients/S_31_curve_masked/pred_multiclass_global.png,7041,0.006714820861816406,.png
patients/S_31_curve_masked/pred_ordinal.png,data/patient_reconstructed_predictions/patients/S_31_curve_masked/pred_ordinal.png,51365,0.04898548126220703,.png
patients/S_31_curve_masked/reconstruction_summary.json,data/patient_reconstructed_predictions/patients/S_31_curve_masked/reconstruction_summary.json,373,0.00035572052001953125,.json
patients/S_32_curve_masked/normalized_full_image_used.png,data/patient_reconstructed_predictions/patients/S_32_curve_masked/normalized_full_image_used.png,40020,0.038166046142578125,.png
patients/S_32_curve_masked/overlay_pred_regions_curve.png,data/patient_reconstructed_predictions/patients/S_32_curve_masked/overlay_pred_regions_curve.png,88267,0.08417797088623047,.png
patients/S_32_curve_masked/pasted_patches.csv,data/patient_reconstructed_predictions/patients/S_32_curve_masked/pasted_patches.csv,1770,0.0016880035400390625,.csv
patients/S_32_curve_masked/pred_binary_confidence.png,data/patient_reconstructed_predictions/patients/S_32_curve_masked/pred_binary_confidence.png,32878,0.03135490417480469,.png
patients/S_32_curve_masked/pred_boundary.png,data/patient_reconstructed_predictions/patients/S_32_curve_masked/pred_boundary.png,35612,0.033962249755859375,.png
patients/S_32_curve_masked/pred_intervertebral.png,data/patient_reconstructed_predictions/patients/S_32_curve_masked/pred_intervertebral.png,33111,0.031577110290527344,.png
patients/S_32_curve_masked/pred_multiclass_global.png,data/patient_reconstructed_predictions/patients/S_32_curve_masked/pred_multiclass_global.png,7940,0.007572174072265625,.png
patients/S_32_curve_masked/pred_ordinal.png,data/patient_reconstructed_predictions/patients/S_32_curve_masked/pred_ordinal.png,51742,0.04934501647949219,.png
patients/S_32_curve_masked/reconstruction_summary.json,data/patient_reconstructed_predictions/patients/S_32_curve_masked/reconstruction_summary.json,372,0.000354766845703125,.json
patients/S_33_curve_masked/normalized_full_image_used.png,data/patient_reconstructed_predictions/patients/S_33_curve_masked/normalized_full_image_used.png,24773,0.02362537384033203,.png
patients/S_33_curve_masked/overlay_pred_regions_curve.png,data/patient_reconstructed_predictions/patients/S_33_curve_masked/overlay_pred_regions_curve.png,53967,0.051466941833496094,.png
patients/S_33_curve_masked/pasted_patches.csv,data/patient_reconstructed_predictions/patients/S_33_curve_masked/pasted_patches.csv,1765,0.0016832351684570312,.csv
patients/S_33_curve_masked/pred_binary_confidence.png,data/patient_reconstructed_predictions/patients/S_33_curve_masked/pred_binary_confidence.png,26489,0.025261878967285156,.png
patients/S_33_curve_masked/pred_boundary.png,data/patient_reconstructed_predictions/patients/S_33_curve_masked/pred_boundary.png,28464,0.0271453857421875,.png
patients/S_33_curve_masked/pred_intervertebral.png,data/patient_reconstructed_predictions/patients/S_33_curve_masked/pred_intervertebral.png,27102,0.025846481323242188,.png
patients/S_33_curve_masked/pred_multiclass_global.png,data/patient_reconstructed_predictions/patients/S_33_curve_masked/pred_multiclass_global.png,7407,0.007063865661621094,.png
patients/S_33_curve_masked/pred_ordinal.png,data/patient_reconstructed_predictions/patients/S_33_curve_masked/pred_ordinal.png,50455,0.048117637634277344,.png
patients/S_33_curve_masked/reconstruction_summary.json,data/patient_reconstructed_predictions/patients/S_33_curve_masked/reconstruction_summary.json,373,0.00035572052001953125,.json
patients/S_34_curve_masked/normalized_full_image_used.png,data/patient_reconstructed_predictions/patients/S_34_curve_masked/normalized_full_image_used.png,15103,0.014403343200683594,.png
patients/S_34_curve_masked/overlay_pred_regions_curve.png,data/patient_reconstructed_predictions/patients/S_34_curve_masked/overlay_pred_regions_curve.png,34544,0.0329437255859375,.png
patients/S_34_curve_masked/pasted_patches.csv,data/patient_reconstructed_predictions/patients/S_34_curve_masked/pasted_patches.csv,1763,0.0016813278198242188,.csv
patients/S_34_curve_masked/pred_binary_confidence.png,data/patient_reconstructed_predictions/patients/S_34_curve_masked/pred_binary_confidence.png,15761,0.015030860900878906,.png
patients/S_34_curve_masked/pred_boundary.png,data/patient_reconstructed_predictions/patients/S_34_curve_masked/pred_boundary.png,16688,0.0159149169921875,.png
patients/S_34_curve_masked/pred_intervertebral.png,data/patient_reconstructed_predictions/patients/S_34_curve_masked/pred_intervertebral.png,15729,0.015000343322753906,.png
patients/S_34_curve_masked/pred_multiclass_global.png,data/patient_reconstructed_predictions/patients/S_34_curve_masked/pred_multiclass_global.png,6192,0.0059051513671875,.png
patients/S_34_curve_masked/pred_ordinal.png,data/patient_reconstructed_predictions/patients/S_34_curve_masked/pred_ordinal.png,44004,0.041965484619140625,.png
patients/S_34_curve_masked/reconstruction_summary.json,data/patient_reconstructed_predictions/patients/S_34_curve_masked/reconstruction_summary.json,373,0.00035572052001953125,.json
patients/S_35_curve_masked/normalized_full_image_used.png,data/patient_reconstructed_predictions/patients/S_35_curve_masked/normalized_full_image_used.png,33677,0.03211688995361328,.png
patients/S_35_curve_masked/overlay_pred_regions_curve.png,data/patient_reconstructed_predictions/patients/S_35_curve_masked/overlay_pred_regions_curve.png,67651,0.06451702117919922,.png
patients/S_35_curve_masked/pasted_patches.csv,data/patient_reconstructed_predictions/patients/S_35_curve_masked/pasted_patches.csv,1766,0.0016841888427734375,.csv
patients/S_35_curve_masked/pred_binary_confidence.png,data/patient_reconstructed_predictions/patients/S_35_curve_masked/pred_binary_confidence.png,32841,0.031319618225097656,.png
patients/S_35_curve_masked/pred_boundary.png,data/patient_reconstructed_predictions/patients/S_35_curve_masked/pred_boundary.png,35541,0.03389453887939453,.png
patients/S_35_curve_masked/pred_intervertebral.png,data/patient_reconstructed_predictions/patients/S_35_curve_masked/pred_intervertebral.png,32567,0.031058311462402344,.png
patients/S_35_curve_masked/pred_multiclass_global.png,data/patient_reconstructed_predictions/patients/S_35_curve_masked/pred_multiclass_global.png,8266,0.007883071899414062,.png
patients/S_35_curve_masked/pred_ordinal.png,data/patient_reconstructed_predictions/patients/S_35_curve_masked/pred_ordinal.png,65498,0.06246376037597656,.png
patients/S_35_curve_masked/reconstruction_summary.json,data/patient_reconstructed_predictions/patients/S_35_curve_masked/reconstruction_summary.json,373,0.00035572052001953125,.json
patients/S_36_curve_masked/normalized_full_image_used.png,data/patient_reconstructed_predictions/patients/S_36_curve_masked/normalized_full_image_used.png,26202,0.024988174438476562,.png
patients/S_36_curve_masked/overlay_pred_regions_curve.png,data/patient_reconstructed_predictions/patients/S_36_curve_masked/overlay_pred_regions_curve.png,61773,0.05891132354736328,.png
patients/S_36_curve_masked/pasted_patches.csv,data/patient_reconstructed_predictions/patients/S_36_curve_masked/pasted_patches.csv,1768,0.00168609619140625,.csv
patients/S_36_curve_masked/pred_binary_confidence.png,data/patient_reconstructed_predictions/patients/S_36_curve_masked/pred_binary_confidence.png,24274,0.023149490356445312,.png
patients/S_36_curve_masked/pred_boundary.png,data/patient_reconstructed_predictions/patients/S_36_curve_masked/pred_boundary.png,25932,0.024730682373046875,.png
patients/S_36_curve_masked/pred_intervertebral.png,data/patient_reconstructed_predictions/patients/S_36_curve_masked/pred_intervertebral.png,24152,0.02303314208984375,.png
patients/S_36_curve_masked/pred_multiclass_global.png,data/patient_reconstructed_predictions/patients/S_36_curve_masked/pred_multiclass_global.png,8147,0.007769584655761719,.png
patients/S_36_curve_masked/pred_ordinal.png,data/patient_reconstructed_predictions/patients/S_36_curve_masked/pred_ordinal.png,52245,0.04982471466064453,.png
patients/S_36_curve_masked/reconstruction_summary.json,data/patient_reconstructed_predictions/patients/S_36_curve_masked/reconstruction_summary.json,373,0.00035572052001953125,.json
patients/S_37_curve_masked/normalized_full_image_used.png,data/patient_reconstructed_predictions/patients/S_37_curve_masked/normalized_full_image_used.png,37796,0.036045074462890625,.png
patients/S_37_curve_masked/overlay_pred_regions_curve.png,data/patient_reconstructed_predictions/patients/S_37_curve_masked/overlay_pred_regions_curve.png,77218,0.07364082336425781,.png
patients/S_37_curve_masked/pasted_patches.csv,data/patient_reconstructed_predictions/patients/S_37_curve_masked/pasted_patches.csv,1765,0.0016832351684570312,.csv
patients/S_37_curve_masked/pred_binary_confidence.png,data/patient_reconstructed_predictions/patients/S_37_curve_masked/pred_binary_confidence.png,33240,0.03170013427734375,.png
patients/S_37_curve_masked/pred_boundary.png,data/patient_reconstructed_predictions/patients/S_37_curve_masked/pred_boundary.png,35908,0.034244537353515625,.png
patients/S_37_curve_masked/pred_intervertebral.png,data/patient_reconstructed_predictions/patients/S_37_curve_masked/pred_intervertebral.png,33411,0.03186321258544922,.png
patients/S_37_curve_masked/pred_multiclass_global.png,data/patient_reconstructed_predictions/patients/S_37_curve_masked/pred_multiclass_global.png,8085,0.007710456848144531,.png
patients/S_37_curve_masked/pred_ordinal.png,data/patient_reconstructed_predictions/patients/S_37_curve_masked/pred_ordinal.png,63036,0.060115814208984375,.png
patients/S_37_curve_masked/reconstruction_summary.json,data/patient_reconstructed_predictions/patients/S_37_curve_masked/reconstruction_summary.json,374,0.0003566741943359375,.json
patients/S_38_curve_masked/normalized_full_image_used.png,data/patient_reconstructed_predictions/patients/S_38_curve_masked/normalized_full_image_used.png,48060,0.045833587646484375,.png
patients/S_38_curve_masked/overlay_pred_regions_curve.png,data/patient_reconstructed_predictions/patients/S_38_curve_masked/overlay_pred_regions_curve.png,100775,0.09610652923583984,.png
patients/S_38_curve_masked/pasted_patches.csv,data/patient_reconstructed_predictions/patients/S_38_curve_masked/pasted_patches.csv,1766,0.0016841888427734375,.csv
patients/S_38_curve_masked/pred_binary_confidence.png,data/patient_reconstructed_predictions/patients/S_38_curve_masked/pred_binary_confidence.png,40860,0.038967132568359375,.png
patients/S_38_curve_masked/pred_boundary.png,data/patient_reconstructed_predictions/patients/S_38_curve_masked/pred_boundary.png,46038,0.04390525817871094,.png
patients/S_38_curve_masked/pred_intervertebral.png,data/patient_reconstructed_predictions/patients/S_38_curve_masked/pred_intervertebral.png,41867,0.03992748260498047,.png
patients/S_38_curve_masked/pred_multiclass_global.png,data/patient_reconstructed_predictions/patients/S_38_curve_masked/pred_multiclass_global.png,9349,0.008915901184082031,.png
patients/S_38_curve_masked/pred_ordinal.png,data/patient_reconstructed_predictions/patients/S_38_curve_masked/pred_ordinal.png,66881,0.0637826919555664,.png
patients/S_38_curve_masked/reconstruction_summary.json,data/patient_reconstructed_predictions/patients/S_38_curve_masked/reconstruction_summary.json,381,0.00036334991455078125,.json
patients/S_39_curve_masked/normalized_full_image_used.png,data/patient_reconstructed_predictions/patients/S_39_curve_masked/normalized_full_image_used.png,28223,0.026915550231933594,.png
patients/S_39_curve_masked/overlay_pred_regions_curve.png,data/patient_reconstructed_predictions/patients/S_39_curve_masked/overlay_pred_regions_curve.png,57185,0.054535865783691406,.png
patients/S_39_curve_masked/pasted_patches.csv,data/patient_reconstructed_predictions/patients/S_39_curve_masked/pasted_patches.csv,1766,0.0016841888427734375,.csv
patients/S_39_curve_masked/pred_binary_confidence.png,data/patient_reconstructed_predictions/patients/S_39_curve_masked/pred_binary_confidence.png,28261,0.02695178985595703,.png
patients/S_39_curve_masked/pred_boundary.png,data/patient_reconstructed_predictions/patients/S_39_curve_masked/pred_boundary.png,31339,0.02988719940185547,.png
patients/S_39_curve_masked/pred_intervertebral.png,data/patient_reconstructed_predictions/patients/S_39_curve_masked/pred_intervertebral.png,29594,0.028223037719726562,.png
patients/S_39_curve_masked/pred_multiclass_global.png,data/patient_reconstructed_predictions/patients/S_39_curve_masked/pred_multiclass_global.png,6353,0.006058692932128906,.png
patients/S_39_curve_masked/pred_ordinal.png,data/patient_reconstructed_predictions/patients/S_39_curve_masked/pred_ordinal.png,47953,0.045731544494628906,.png
patients/S_39_curve_masked/reconstruction_summary.json,data/patient_reconstructed_predictions/patients/S_39_curve_masked/reconstruction_summary.json,380,0.000362396240234375,.json
patients/S_40_curve_masked/normalized_full_image_used.png,data/patient_reconstructed_predictions/patients/S_40_curve_masked/normalized_full_image_used.png,22077,0.02105426788330078,.png
patients/S_40_curve_masked/overlay_pred_regions_curve.png,data/patient_reconstructed_predictions/patients/S_40_curve_masked/overlay_pred_regions_curve.png,45120,0.04302978515625,.png
patients/S_40_curve_masked/pasted_patches.csv,data/patient_reconstructed_predictions/patients/S_40_curve_masked/pasted_patches.csv,1765,0.0016832351684570312,.csv
patients/S_40_curve_masked/pred_binary_confidence.png,data/patient_reconstructed_predictions/patients/S_40_curve_masked/pred_binary_confidence.png,24096,0.022979736328125,.png
patients/S_40_curve_masked/pred_boundary.png,data/patient_reconstructed_predictions/patients/S_40_curve_masked/pred_boundary.png,26530,0.025300979614257812,.png
patients/S_40_curve_masked/pred_intervertebral.png,data/patient_reconstructed_predictions/patients/S_40_curve_masked/pred_intervertebral.png,25259,0.02408885955810547,.png
patients/S_40_curve_masked/pred_multiclass_global.png,data/patient_reconstructed_predictions/patients/S_40_curve_masked/pred_multiclass_global.png,7394,0.0070514678955078125,.png
patients/S_40_curve_masked/pred_ordinal.png,data/patient_reconstructed_predictions/patients/S_40_curve_masked/pred_ordinal.png,50210,0.04788398742675781,.png
patients/S_40_curve_masked/reconstruction_summary.json,data/patient_reconstructed_predictions/patients/S_40_curve_masked/reconstruction_summary.json,373,0.00035572052001953125,.json
patients/S_41_curve_masked/normalized_full_image_used.png,data/patient_reconstructed_predictions/patients/S_41_curve_masked/normalized_full_image_used.png,27533,0.02625751495361328,.png
patients/S_41_curve_masked/overlay_pred_regions_curve.png,data/patient_reconstructed_predictions/patients/S_41_curve_masked/overlay_pred_regions_curve.png,57297,0.054642677307128906,.png
patients/S_41_curve_masked/pasted_patches.csv,data/patient_reconstructed_predictions/patients/S_41_curve_masked/pasted_patches.csv,1763,0.0016813278198242188,.csv
patients/S_41_curve_masked/pred_binary_confidence.png,data/patient_reconstructed_predictions/patients/S_41_curve_masked/pred_binary_confidence.png,27313,0.026047706604003906,.png
patients/S_41_curve_masked/pred_boundary.png,data/patient_reconstructed_predictions/patients/S_41_curve_masked/pred_boundary.png,29316,0.027957916259765625,.png
patients/S_41_curve_masked/pred_intervertebral.png,data/patient_reconstructed_predictions/patients/S_41_curve_masked/pred_intervertebral.png,27684,0.026401519775390625,.png
patients/S_41_curve_masked/pred_multiclass_global.png,data/patient_reconstructed_predictions/patients/S_41_curve_masked/pred_multiclass_global.png,7288,0.00695037841796875,.png
patients/S_41_curve_masked/pred_ordinal.png,data/patient_reconstructed_predictions/patients/S_41_curve_masked/pred_ordinal.png,50887,0.048529624938964844,.png
patients/S_41_curve_masked/reconstruction_summary.json,data/patient_reconstructed_predictions/patients/S_41_curve_masked/reconstruction_summary.json,372,0.000354766845703125,.json
patients/S_42_curve_masked/normalized_full_image_used.png,data/patient_reconstructed_predictions/patients/S_42_curve_masked/normalized_full_image_used.png,15711,0.014983177185058594,.png
patients/S_42_curve_masked/overlay_pred_regions_curve.png,data/patient_reconstructed_predictions/patients/S_42_curve_masked/overlay_pred_regions_curve.png,36524,0.034832000732421875,.png
patients/S_42_curve_masked/pasted_patches.csv,data/patient_reconstructed_predictions/patients/S_42_curve_masked/pasted_patches.csv,1764,0.001682281494140625,.csv
patients/S_42_curve_masked/pred_binary_confidence.png,data/patient_reconstructed_predictions/patients/S_42_curve_masked/pred_binary_confidence.png,15832,0.01509857177734375,.png
patients/S_42_curve_masked/pred_boundary.png,data/patient_reconstructed_predictions/patients/S_42_curve_masked/pred_boundary.png,17236,0.016437530517578125,.png
patients/S_42_curve_masked/pred_intervertebral.png,data/patient_reconstructed_predictions/patients/S_42_curve_masked/pred_intervertebral.png,16205,0.015454292297363281,.png
patients/S_42_curve_masked/pred_multiclass_global.png,data/patient_reconstructed_predictions/patients/S_42_curve_masked/pred_multiclass_global.png,6242,0.0059528350830078125,.png
patients/S_42_curve_masked/pred_ordinal.png,data/patient_reconstructed_predictions/patients/S_42_curve_masked/pred_ordinal.png,45521,0.043412208557128906,.png
patients/S_42_curve_masked/reconstruction_summary.json,data/patient_reconstructed_predictions/patients/S_42_curve_masked/reconstruction_summary.json,372,0.000354766845703125,.json
patients/S_43_curve_masked/normalized_full_image_used.png,data/patient_reconstructed_predictions/patients/S_43_curve_masked/normalized_full_image_used.png,26846,0.025602340698242188,.png
patients/S_43_curve_masked/overlay_pred_regions_curve.png,data/patient_reconstructed_predictions/patients/S_43_curve_masked/overlay_pred_regions_curve.png,54868,0.052326202392578125,.png
patients/S_43_curve_masked/pasted_patches.csv,data/patient_reconstructed_predictions/patients/S_43_curve_masked/pasted_patches.csv,1761,0.0016794204711914062,.csv
patients/S_43_curve_masked/pred_binary_confidence.png,data/patient_reconstructed_predictions/patients/S_43_curve_masked/pred_binary_confidence.png,27013,0.02576160430908203,.png
patients/S_43_curve_masked/pred_boundary.png,data/patient_reconstructed_predictions/patients/S_43_curve_masked/pred_boundary.png,28903,0.027564048767089844,.png
patients/S_43_curve_masked/pred_intervertebral.png,data/patient_reconstructed_predictions/patients/S_43_curve_masked/pred_intervertebral.png,27485,0.02621173858642578,.png
patients/S_43_curve_masked/pred_multiclass_global.png,data/patient_reconstructed_predictions/patients/S_43_curve_masked/pred_multiclass_global.png,6800,0.0064849853515625,.png
patients/S_43_curve_masked/pred_ordinal.png,data/patient_reconstructed_predictions/patients/S_43_curve_masked/pred_ordinal.png,49658,0.04735755920410156,.png
patients/S_43_curve_masked/reconstruction_summary.json,data/patient_reconstructed_predictions/patients/S_43_curve_masked/reconstruction_summary.json,372,0.000354766845703125,.json
patients/S_44_curve_masked/normalized_full_image_used.png,data/patient_reconstructed_predictions/patients/S_44_curve_masked/normalized_full_image_used.png,29946,0.028558731079101562,.png
patients/S_44_curve_masked/overlay_pred_regions_curve.png,data/patient_reconstructed_predictions/patients/S_44_curve_masked/overlay_pred_regions_curve.png,64730,0.06173133850097656,.png
patients/S_44_curve_masked/pasted_patches.csv,data/patient_reconstructed_predictions/patients/S_44_curve_masked/pasted_patches.csv,1775,0.0016927719116210938,.csv
patients/S_44_curve_masked/pred_binary_confidence.png,data/patient_reconstructed_predictions/patients/S_44_curve_masked/pred_binary_confidence.png,28742,0.027410507202148438,.png
patients/S_44_curve_masked/pred_boundary.png,data/patient_reconstructed_predictions/patients/S_44_curve_masked/pred_boundary.png,31940,0.030460357666015625,.png
patients/S_44_curve_masked/pred_intervertebral.png,data/patient_reconstructed_predictions/patients/S_44_curve_masked/pred_intervertebral.png,29530,0.028162002563476562,.png
patients/S_44_curve_masked/pred_multiclass_global.png,data/patient_reconstructed_predictions/patients/S_44_curve_masked/pred_multiclass_global.png,7315,0.006976127624511719,.png
patients/S_44_curve_masked/pred_ordinal.png,data/patient_reconstructed_predictions/patients/S_44_curve_masked/pred_ordinal.png,53821,0.05132770538330078,.png
patients/S_44_curve_masked/reconstruction_summary.json,data/patient_reconstructed_predictions/patients/S_44_curve_masked/reconstruction_summary.json,374,0.0003566741943359375,.json
patients/S_45_curve_masked/normalized_full_image_used.png,data/patient_reconstructed_predictions/patients/S_45_curve_masked/normalized_full_image_used.png,28584,0.02725982666015625,.png
patients/S_45_curve_masked/overlay_pred_regions_curve.png,data/patient_reconstructed_predictions/patients/S_45_curve_masked/overlay_pred_regions_curve.png,69012,0.06581497192382812,.png
patients/S_45_curve_masked/pasted_patches.csv,data/patient_reconstructed_predictions/patients/S_45_curve_masked/pasted_patches.csv,1763,0.0016813278198242188,.csv
patients/S_45_curve_masked/pred_binary_confidence.png,data/patient_reconstructed_predictions/patients/S_45_curve_masked/pred_binary_confidence.png,20986,0.020013809204101562,.png
patients/S_45_curve_masked/pred_boundary.png,data/patient_reconstructed_predictions/patients/S_45_curve_masked/pred_boundary.png,22283,0.02125072479248047,.png
patients/S_45_curve_masked/pred_intervertebral.png,data/patient_reconstructed_predictions/patients/S_45_curve_masked/pred_intervertebral.png,21135,0.020155906677246094,.png
patients/S_45_curve_masked/pred_multiclass_global.png,data/patient_reconstructed_predictions/patients/S_45_curve_masked/pred_multiclass_global.png,6955,0.006632804870605469,.png
patients/S_45_curve_masked/pred_ordinal.png,data/patient_reconstructed_predictions/patients/S_45_curve_masked/pred_ordinal.png,58150,0.05545616149902344,.png
patients/S_45_curve_masked/reconstruction_summary.json,data/patient_reconstructed_predictions/patients/S_45_curve_masked/reconstruction_summary.json,374,0.0003566741943359375,.json
patients/S_46_curve_masked/normalized_full_image_used.png,data/patient_reconstructed_predictions/patients/S_46_curve_masked/normalized_full_image_used.png,23515,0.02242565155029297,.png
patients/S_46_curve_masked/overlay_pred_regions_curve.png,data/patient_reconstructed_predictions/patients/S_46_curve_masked/overlay_pred_regions_curve.png,47182,0.04499626159667969,.png
patients/S_46_curve_masked/pasted_patches.csv,data/patient_reconstructed_predictions/patients/S_46_curve_masked/pasted_patches.csv,1759,0.0016775131225585938,.csv
patients/S_46_curve_masked/pred_binary_confidence.png,data/patient_reconstructed_predictions/patients/S_46_curve_masked/pred_binary_confidence.png,26851,0.02560710906982422,.png
patients/S_46_curve_masked/pred_boundary.png,data/patient_reconstructed_predictions/patients/S_46_curve_masked/pred_boundary.png,29188,0.027835845947265625,.png
patients/S_46_curve_masked/pred_intervertebral.png,data/patient_reconstructed_predictions/patients/S_46_curve_masked/pred_intervertebral.png,27907,0.02661418914794922,.png
patients/S_46_curve_masked/pred_multiclass_global.png,data/patient_reconstructed_predictions/patients/S_46_curve_masked/pred_multiclass_global.png,6441,0.006142616271972656,.png
patients/S_46_curve_masked/pred_ordinal.png,data/patient_reconstructed_predictions/patients/S_46_curve_masked/pred_ordinal.png,52282,0.04986000061035156,.png
patients/S_46_curve_masked/reconstruction_summary.json,data/patient_reconstructed_predictions/patients/S_46_curve_masked/reconstruction_summary.json,373,0.00035572052001953125,.json
patients/S_47_curve_masked/normalized_full_image_used.png,data/patient_reconstructed_predictions/patients/S_47_curve_masked/normalized_full_image_used.png,23842,0.022737503051757812,.png
patients/S_47_curve_masked/overlay_pred_regions_curve.png,data/patient_reconstructed_predictions/patients/S_47_curve_masked/overlay_pred_regions_curve.png,50220,0.047893524169921875,.png
patients/S_47_curve_masked/pasted_patches.csv,data/patient_reconstructed_predictions/patients/S_47_curve_masked/pasted_patches.csv,1748,0.001667022705078125,.csv
patients/S_47_curve_masked/pred_binary_confidence.png,data/patient_reconstructed_predictions/patients/S_47_curve_masked/pred_binary_confidence.png,22822,0.021764755249023438,.png
patients/S_47_curve_masked/pred_boundary.png,data/patient_reconstructed_predictions/patients/S_47_curve_masked/pred_boundary.png,24925,0.02377033233642578,.png
patients/S_47_curve_masked/pred_intervertebral.png,data/patient_reconstructed_predictions/patients/S_47_curve_masked/pred_intervertebral.png,23523,0.02243328094482422,.png
patients/S_47_curve_masked/pred_multiclass_global.png,data/patient_reconstructed_predictions/patients/S_47_curve_masked/pred_multiclass_global.png,6467,0.006167411804199219,.png
patients/S_47_curve_masked/pred_ordinal.png,data/patient_reconstructed_predictions/patients/S_47_curve_masked/pred_ordinal.png,51307,0.04893016815185547,.png
patients/S_47_curve_masked/reconstruction_summary.json,data/patient_reconstructed_predictions/patients/S_47_curve_masked/reconstruction_summary.json,373,0.00035572052001953125,.json
patients/S_48_curve_masked/normalized_full_image_used.png,data/patient_reconstructed_predictions/patients/S_48_curve_masked/normalized_full_image_used.png,34326,0.03273582458496094,.png
patients/S_48_curve_masked/overlay_pred_regions_curve.png,data/patient_reconstructed_predictions/patients/S_48_curve_masked/overlay_pred_regions_curve.png,69411,0.06619548797607422,.png
patients/S_48_curve_masked/pasted_patches.csv,data/patient_reconstructed_predictions/patients/S_48_curve_masked/pasted_patches.csv,1762,0.0016803741455078125,.csv
patients/S_48_curve_masked/pred_binary_confidence.png,data/patient_reconstructed_predictions/patients/S_48_curve_masked/pred_binary_confidence.png,33481,0.031929969787597656,.png
patients/S_48_curve_masked/pred_boundary.png,data/patient_reconstructed_predictions/patients/S_48_curve_masked/pred_boundary.png,37098,0.03537940979003906,.png
patients/S_48_curve_masked/pred_intervertebral.png,data/patient_reconstructed_predictions/patients/S_48_curve_masked/pred_intervertebral.png,34835,0.03322124481201172,.png
patients/S_48_curve_masked/pred_multiclass_global.png,data/patient_reconstructed_predictions/patients/S_48_curve_masked/pred_multiclass_global.png,6899,0.006579399108886719,.png
patients/S_48_curve_masked/pred_ordinal.png,data/patient_reconstructed_predictions/patients/S_48_curve_masked/pred_ordinal.png,48705,0.046448707580566406,.png
patients/S_48_curve_masked/reconstruction_summary.json,data/patient_reconstructed_predictions/patients/S_48_curve_masked/reconstruction_summary.json,372,0.000354766845703125,.json
patients/S_49_curve_masked/normalized_full_image_used.png,data/patient_reconstructed_predictions/patients/S_49_curve_masked/normalized_full_image_used.png,18030,0.017194747924804688,.png
patients/S_49_curve_masked/overlay_pred_regions_curve.png,data/patient_reconstructed_predictions/patients/S_49_curve_masked/overlay_pred_regions_curve.png,40880,0.0389862060546875,.png
patients/S_49_curve_masked/pasted_patches.csv,data/patient_reconstructed_predictions/patients/S_49_curve_masked/pasted_patches.csv,1762,0.0016803741455078125,.csv
patients/S_49_curve_masked/pred_binary_confidence.png,data/patient_reconstructed_predictions/patients/S_49_curve_masked/pred_binary_confidence.png,17661,0.01684284210205078,.png
patients/S_49_curve_masked/pred_boundary.png,data/patient_reconstructed_predictions/patients/S_49_curve_masked/pred_boundary.png,18855,0.017981529235839844,.png
patients/S_49_curve_masked/pred_intervertebral.png,data/patient_reconstructed_predictions/patients/S_49_curve_masked/pred_intervertebral.png,17565,0.01675128936767578,.png
patients/S_49_curve_masked/pred_multiclass_global.png,data/patient_reconstructed_predictions/patients/S_49_curve_masked/pred_multiclass_global.png,5924,0.005649566650390625,.png
patients/S_49_curve_masked/pred_ordinal.png,data/patient_reconstructed_predictions/patients/S_49_curve_masked/pred_ordinal.png,49121,0.046845436096191406,.png
patients/S_49_curve_masked/reconstruction_summary.json,data/patient_reconstructed_predictions/patients/S_49_curve_masked/reconstruction_summary.json,373,0.00035572052001953125,.json
patients/S_50_curve_masked/normalized_full_image_used.png,data/patient_reconstructed_predictions/patients/S_50_curve_masked/normalized_full_image_used.png,28186,0.026880264282226562,.png
patients/S_50_curve_masked/overlay_pred_regions_curve.png,data/patient_reconstructed_predictions/patients/S_50_curve_masked/overlay_pred_regions_curve.png,59942,0.05716514587402344,.png
patients/S_50_curve_masked/pasted_patches.csv,data/patient_reconstructed_predictions/patients/S_50_curve_masked/pasted_patches.csv,1774,0.0016918182373046875,.csv
patients/S_50_curve_masked/pred_binary_confidence.png,data/patient_reconstructed_predictions/patients/S_50_curve_masked/pred_binary_confidence.png,28240,0.0269317626953125,.png
patients/S_50_curve_masked/pred_boundary.png,data/patient_reconstructed_predictions/patients/S_50_curve_masked/pred_boundary.png,30363,0.02895641326904297,.png
patients/S_50_curve_masked/pred_intervertebral.png,data/patient_reconstructed_predictions/patients/S_50_curve_masked/pred_intervertebral.png,28866,0.027528762817382812,.png
patients/S_50_curve_masked/pred_multiclass_global.png,data/patient_reconstructed_predictions/patients/S_50_curve_masked/pred_multiclass_global.png,7072,0.006744384765625,.png
patients/S_50_curve_masked/pred_ordinal.png,data/patient_reconstructed_predictions/patients/S_50_curve_masked/pred_ordinal.png,50850,0.04849433898925781,.png
patients/S_50_curve_masked/reconstruction_summary.json,data/patient_reconstructed_predictions/patients/S_50_curve_masked/reconstruction_summary.json,373,0.00035572052001953125,.json
patients/S_51_curve_masked/normalized_full_image_used.png,data/patient_reconstructed_predictions/patients/S_51_curve_masked/normalized_full_image_used.png,19317,0.01842212677001953,.png
patients/S_51_curve_masked/overlay_pred_regions_curve.png,data/patient_reconstructed_predictions/patients/S_51_curve_masked/overlay_pred_regions_curve.png,42559,0.040587425231933594,.png
patients/S_51_curve_masked/pasted_patches.csv,data/patient_reconstructed_predictions/patients/S_51_curve_masked/pasted_patches.csv,1759,0.0016775131225585938,.csv
patients/S_51_curve_masked/pred_binary_confidence.png,data/patient_reconstructed_predictions/patients/S_51_curve_masked/pred_binary_confidence.png,18574,0.017713546752929688,.png
patients/S_51_curve_masked/pred_boundary.png,data/patient_reconstructed_predictions/patients/S_51_curve_masked/pred_boundary.png,20229,0.01929187774658203,.png
patients/S_51_curve_masked/pred_intervertebral.png,data/patient_reconstructed_predictions/patients/S_51_curve_masked/pred_intervertebral.png,19084,0.018199920654296875,.png
patients/S_51_curve_masked/pred_multiclass_global.png,data/patient_reconstructed_predictions/patients/S_51_curve_masked/pred_multiclass_global.png,5926,0.0056514739990234375,.png
patients/S_51_curve_masked/pred_ordinal.png,data/patient_reconstructed_predictions/patients/S_51_curve_masked/pred_ordinal.png,47672,0.04546356201171875,.png
patients/S_51_curve_masked/reconstruction_summary.json,data/patient_reconstructed_predictions/patients/S_51_curve_masked/reconstruction_summary.json,372,0.000354766845703125,.json
patients/S_52_curve_masked/normalized_full_image_used.png,data/patient_reconstructed_predictions/patients/S_52_curve_masked/normalized_full_image_used.png,28443,0.02712535858154297,.png
patients/S_52_curve_masked/overlay_pred_regions_curve.png,data/patient_reconstructed_predictions/patients/S_52_curve_masked/overlay_pred_regions_curve.png,57115,0.05446910858154297,.png
patients/S_52_curve_masked/pasted_patches.csv,data/patient_reconstructed_predictions/patients/S_52_curve_masked/pasted_patches.csv,1764,0.001682281494140625,.csv
patients/S_52_curve_masked/pred_binary_confidence.png,data/patient_reconstructed_predictions/patients/S_52_curve_masked/pred_binary_confidence.png,28696,0.02736663818359375,.png
patients/S_52_curve_masked/pred_boundary.png,data/patient_reconstructed_predictions/patients/S_52_curve_masked/pred_boundary.png,30680,0.02925872802734375,.png
patients/S_52_curve_masked/pred_intervertebral.png,data/patient_reconstructed_predictions/patients/S_52_curve_masked/pred_intervertebral.png,28630,0.027303695678710938,.png
patients/S_52_curve_masked/pred_multiclass_global.png,data/patient_reconstructed_predictions/patients/S_52_curve_masked/pred_multiclass_global.png,7279,0.006941795349121094,.png
patients/S_52_curve_masked/pred_ordinal.png,data/patient_reconstructed_predictions/patients/S_52_curve_masked/pred_ordinal.png,51490,0.04910469055175781,.png
patients/S_52_curve_masked/reconstruction_summary.json,data/patient_reconstructed_predictions/patients/S_52_curve_masked/reconstruction_summary.json,370,0.0003528594970703125,.json
patients/S_53_curve_masked/normalized_full_image_used.png,data/patient_reconstructed_predictions/patients/S_53_curve_masked/normalized_full_image_used.png,40361,0.038491249084472656,.png
patients/S_53_curve_masked/overlay_pred_regions_curve.png,data/patient_reconstructed_predictions/patients/S_53_curve_masked/overlay_pred_regions_curve.png,80232,0.07651519775390625,.png
patients/S_53_curve_masked/pasted_patches.csv,data/patient_reconstructed_predictions/patients/S_53_curve_masked/pasted_patches.csv,1769,0.0016870498657226562,.csv
patients/S_53_curve_masked/pred_binary_confidence.png,data/patient_reconstructed_predictions/patients/S_53_curve_masked/pred_binary_confidence.png,40653,0.03876972198486328,.png
patients/S_53_curve_masked/pred_boundary.png,data/patient_reconstructed_predictions/patients/S_53_curve_masked/pred_boundary.png,44624,0.0425567626953125,.png
patients/S_53_curve_masked/pred_intervertebral.png,data/patient_reconstructed_predictions/patients/S_53_curve_masked/pred_intervertebral.png,40908,0.039012908935546875,.png
patients/S_53_curve_masked/pred_multiclass_global.png,data/patient_reconstructed_predictions/patients/S_53_curve_masked/pred_multiclass_global.png,9324,0.008892059326171875,.png
patients/S_53_curve_masked/pred_ordinal.png,data/patient_reconstructed_predictions/patients/S_53_curve_masked/pred_ordinal.png,67745,0.0646066665649414,.png
patients/S_53_curve_masked/reconstruction_summary.json,data/patient_reconstructed_predictions/patients/S_53_curve_masked/reconstruction_summary.json,374,0.0003566741943359375,.json
patients/S_54_curve_masked/normalized_full_image_used.png,data/patient_reconstructed_predictions/patients/S_54_curve_masked/normalized_full_image_used.png,22181,0.02115345001220703,.png
patients/S_54_curve_masked/overlay_pred_regions_curve.png,data/patient_reconstructed_predictions/patients/S_54_curve_masked/overlay_pred_regions_curve.png,50036,0.047718048095703125,.png
patients/S_54_curve_masked/pasted_patches.csv,data/patient_reconstructed_predictions/patients/S_54_curve_masked/pasted_patches.csv,1766,0.0016841888427734375,.csv
patients/S_54_curve_masked/pred_binary_confidence.png,data/patient_reconstructed_predictions/patients/S_54_curve_masked/pred_binary_confidence.png,23587,0.02249431610107422,.png
patients/S_54_curve_masked/pred_boundary.png,data/patient_reconstructed_predictions/patients/S_54_curve_masked/pred_boundary.png,25218,0.024049758911132812,.png
patients/S_54_curve_masked/pred_intervertebral.png,data/patient_reconstructed_predictions/patients/S_54_curve_masked/pred_intervertebral.png,23827,0.02272319793701172,.png
patients/S_54_curve_masked/pred_multiclass_global.png,data/patient_reconstructed_predictions/patients/S_54_curve_masked/pred_multiclass_global.png,7932,0.007564544677734375,.png
patients/S_54_curve_masked/pred_ordinal.png,data/patient_reconstructed_predictions/patients/S_54_curve_masked/pred_ordinal.png,49499,0.04720592498779297,.png
patients/S_54_curve_masked/reconstruction_summary.json,data/patient_reconstructed_predictions/patients/S_54_curve_masked/reconstruction_summary.json,373,0.00035572052001953125,.json
patients/S_55_curve_masked/normalized_full_image_used.png,data/patient_reconstructed_predictions/patients/S_55_curve_masked/normalized_full_image_used.png,28110,0.026807785034179688,.png
patients/S_55_curve_masked/overlay_pred_regions_curve.png,data/patient_reconstructed_predictions/patients/S_55_curve_masked/overlay_pred_regions_curve.png,56310,0.05370140075683594,.png
patients/S_55_curve_masked/pasted_patches.csv,data/patient_reconstructed_predictions/patients/S_55_curve_masked/pasted_patches.csv,1748,0.001667022705078125,.csv
patients/S_55_curve_masked/pred_binary_confidence.png,data/patient_reconstructed_predictions/patients/S_55_curve_masked/pred_binary_confidence.png,29302,0.027944564819335938,.png
patients/S_55_curve_masked/pred_boundary.png,data/patient_reconstructed_predictions/patients/S_55_curve_masked/pred_boundary.png,31549,0.03008747100830078,.png
patients/S_55_curve_masked/pred_intervertebral.png,data/patient_reconstructed_predictions/patients/S_55_curve_masked/pred_intervertebral.png,29709,0.02833271026611328,.png
patients/S_55_curve_masked/pred_multiclass_global.png,data/patient_reconstructed_predictions/patients/S_55_curve_masked/pred_multiclass_global.png,6764,0.006450653076171875,.png
patients/S_55_curve_masked/pred_ordinal.png,data/patient_reconstructed_predictions/patients/S_55_curve_masked/pred_ordinal.png,52854,0.05040550231933594,.png
patients/S_55_curve_masked/reconstruction_summary.json,data/patient_reconstructed_predictions/patients/S_55_curve_masked/reconstruction_summary.json,373,0.00035572052001953125,.json
patients/S_56_curve_masked/normalized_full_image_used.png,data/patient_reconstructed_predictions/patients/S_56_curve_masked/normalized_full_image_used.png,27787,0.02649974822998047,.png
patients/S_56_curve_masked/overlay_pred_regions_curve.png,data/patient_reconstructed_predictions/patients/S_56_curve_masked/overlay_pred_regions_curve.png,58902,0.05617332458496094,.png
patients/S_56_curve_masked/pasted_patches.csv,data/patient_reconstructed_predictions/patients/S_56_curve_masked/pasted_patches.csv,1764,0.001682281494140625,.csv
patients/S_56_curve_masked/pred_binary_confidence.png,data/patient_reconstructed_predictions/patients/S_56_curve_masked/pred_binary_confidence.png,26543,0.025313377380371094,.png
patients/S_56_curve_masked/pred_boundary.png,data/patient_reconstructed_predictions/patients/S_56_curve_masked/pred_boundary.png,28628,0.027301788330078125,.png
patients/S_56_curve_masked/pred_intervertebral.png,data/patient_reconstructed_predictions/patients/S_56_curve_masked/pred_intervertebral.png,27064,0.02581024169921875,.png
patients/S_56_curve_masked/pred_multiclass_global.png,data/patient_reconstructed_predictions/patients/S_56_curve_masked/pred_multiclass_global.png,6605,0.006299018859863281,.png
patients/S_56_curve_masked/pred_ordinal.png,data/patient_reconstructed_predictions/patients/S_56_curve_masked/pred_ordinal.png,46152,0.04401397705078125,.png
patients/S_56_curve_masked/reconstruction_summary.json,data/patient_reconstructed_predictions/patients/S_56_curve_masked/reconstruction_summary.json,373,0.00035572052001953125,.json
patients/S_57_curve_masked/normalized_full_image_used.png,data/patient_reconstructed_predictions/patients/S_57_curve_masked/normalized_full_image_used.png,31705,0.030236244201660156,.png
patients/S_57_curve_masked/overlay_pred_regions_curve.png,data/patient_reconstructed_predictions/patients/S_57_curve_masked/overlay_pred_regions_curve.png,63223,0.060294151306152344,.png
patients/S_57_curve_masked/pasted_patches.csv,data/patient_reconstructed_predictions/patients/S_57_curve_masked/pasted_patches.csv,1762,0.0016803741455078125,.csv
patients/S_57_curve_masked/pred_binary_confidence.png,data/patient_reconstructed_predictions/patients/S_57_curve_masked/pred_binary_confidence.png,29678,0.028303146362304688,.png
patients/S_57_curve_masked/pred_boundary.png,data/patient_reconstructed_predictions/patients/S_57_curve_masked/pred_boundary.png,33217,0.031678199768066406,.png
patients/S_57_curve_masked/pred_intervertebral.png,data/patient_reconstructed_predictions/patients/S_57_curve_masked/pred_intervertebral.png,30330,0.028924942016601562,.png
patients/S_57_curve_masked/pred_multiclass_global.png,data/patient_reconstructed_predictions/patients/S_57_curve_masked/pred_multiclass_global.png,6521,0.006218910217285156,.png
patients/S_57_curve_masked/pred_ordinal.png,data/patient_reconstructed_predictions/patients/S_57_curve_masked/pred_ordinal.png,45817,0.043694496154785156,.png
patients/S_57_curve_masked/reconstruction_summary.json,data/patient_reconstructed_predictions/patients/S_57_curve_masked/reconstruction_summary.json,373,0.00035572052001953125,.json
patients/S_58_curve_masked/normalized_full_image_used.png,data/patient_reconstructed_predictions/patients/S_58_curve_masked/normalized_full_image_used.png,21470,0.020475387573242188,.png
patients/S_58_curve_masked/overlay_pred_regions_curve.png,data/patient_reconstructed_predictions/patients/S_58_curve_masked/overlay_pred_regions_curve.png,50226,0.04789924621582031,.png
patients/S_58_curve_masked/pasted_patches.csv,data/patient_reconstructed_predictions/patients/S_58_curve_masked/pasted_patches.csv,1762,0.0016803741455078125,.csv
patients/S_58_curve_masked/pred_binary_confidence.png,data/patient_reconstructed_predictions/patients/S_58_curve_masked/pred_binary_confidence.png,18101,0.01726245880126953,.png
patients/S_58_curve_masked/pred_boundary.png,data/patient_reconstructed_predictions/patients/S_58_curve_masked/pred_boundary.png,19384,0.01848602294921875,.png
patients/S_58_curve_masked/pred_intervertebral.png,data/patient_reconstructed_predictions/patients/S_58_curve_masked/pred_intervertebral.png,18201,0.017357826232910156,.png
patients/S_58_curve_masked/pred_multiclass_global.png,data/patient_reconstructed_predictions/patients/S_58_curve_masked/pred_multiclass_global.png,6600,0.00629425048828125,.png
patients/S_58_curve_masked/pred_ordinal.png,data/patient_reconstructed_predictions/patients/S_58_curve_masked/pred_ordinal.png,48356,0.046115875244140625,.png
patients/S_58_curve_masked/reconstruction_summary.json,data/patient_reconstructed_predictions/patients/S_58_curve_masked/reconstruction_summary.json,374,0.0003566741943359375,.json
patients/S_59_curve_masked/normalized_full_image_used.png,data/patient_reconstructed_predictions/patients/S_59_curve_masked/normalized_full_image_used.png,44727,0.042654991149902344,.png
patients/S_59_curve_masked/overlay_pred_regions_curve.png,data/patient_reconstructed_predictions/patients/S_59_curve_masked/overlay_pred_regions_curve.png,91773,0.08752155303955078,.png
patients/S_59_curve_masked/pasted_patches.csv,data/patient_reconstructed_predictions/patients/S_59_curve_masked/pasted_patches.csv,1762,0.0016803741455078125,.csv
patients/S_59_curve_masked/pred_binary_confidence.png,data/patient_reconstructed_predictions/patients/S_59_curve_masked/pred_binary_confidence.png,39849,0.038002967834472656,.png
patients/S_59_curve_masked/pred_boundary.png,data/patient_reconstructed_predictions/patients/S_59_curve_masked/pred_boundary.png,43766,0.04173851013183594,.png
patients/S_59_curve_masked/pred_intervertebral.png,data/patient_reconstructed_predictions/patients/S_59_curve_masked/pred_intervertebral.png,40177,0.038315773010253906,.png
patients/S_59_curve_masked/pred_multiclass_global.png,data/patient_reconstructed_predictions/patients/S_59_curve_masked/pred_multiclass_global.png,9373,0.008938789367675781,.png
patients/S_59_curve_masked/pred_ordinal.png,data/patient_reconstructed_predictions/patients/S_59_curve_masked/pred_ordinal.png,74349,0.07090473175048828,.png
patients/S_59_curve_masked/reconstruction_summary.json,data/patient_reconstructed_predictions/patients/S_59_curve_masked/reconstruction_summary.json,373,0.00035572052001953125,.json
patients/S_60_curve_masked/normalized_full_image_used.png,data/patient_reconstructed_predictions/patients/S_60_curve_masked/normalized_full_image_used.png,20692,0.019733428955078125,.png
patients/S_60_curve_masked/overlay_pred_regions_curve.png,data/patient_reconstructed_predictions/patients/S_60_curve_masked/overlay_pred_regions_curve.png,46221,0.04407978057861328,.png
patients/S_60_curve_masked/pasted_patches.csv,data/patient_reconstructed_predictions/patients/S_60_curve_masked/pasted_patches.csv,1764,0.001682281494140625,.csv
patients/S_60_curve_masked/pred_binary_confidence.png,data/patient_reconstructed_predictions/patients/S_60_curve_masked/pred_binary_confidence.png,20550,0.019598007202148438,.png
patients/S_60_curve_masked/pred_boundary.png,data/patient_reconstructed_predictions/patients/S_60_curve_masked/pred_boundary.png,22029,0.02100849151611328,.png
patients/S_60_curve_masked/pred_intervertebral.png,data/patient_reconstructed_predictions/patients/S_60_curve_masked/pred_intervertebral.png,20584,0.01963043212890625,.png
patients/S_60_curve_masked/pred_multiclass_global.png,data/patient_reconstructed_predictions/patients/S_60_curve_masked/pred_multiclass_global.png,7033,0.006707191467285156,.png
patients/S_60_curve_masked/pred_ordinal.png,data/patient_reconstructed_predictions/patients/S_60_curve_masked/pred_ordinal.png,46586,0.04442787170410156,.png
patients/S_60_curve_masked/reconstruction_summary.json,data/patient_reconstructed_predictions/patients/S_60_curve_masked/reconstruction_summary.json,372,0.000354766845703125,.json
patients/S_61_curve_masked/normalized_full_image_used.png,data/patient_reconstructed_predictions/patients/S_61_curve_masked/normalized_full_image_used.png,25346,0.024171829223632812,.png
patients/S_61_curve_masked/overlay_pred_regions_curve.png,data/patient_reconstructed_predictions/patients/S_61_curve_masked/overlay_pred_regions_curve.png,54553,0.052025794982910156,.png
patients/S_61_curve_masked/pasted_patches.csv,data/patient_reconstructed_predictions/patients/S_61_curve_masked/pasted_patches.csv,1752,0.00167083740234375,.csv
patients/S_61_curve_masked/pred_binary_confidence.png,data/patient_reconstructed_predictions/patients/S_61_curve_masked/pred_binary_confidence.png,25188,0.024021148681640625,.png
patients/S_61_curve_masked/pred_boundary.png,data/patient_reconstructed_predictions/patients/S_61_curve_masked/pred_boundary.png,26896,0.0256500244140625,.png
patients/S_61_curve_masked/pred_intervertebral.png,data/patient_reconstructed_predictions/patients/S_61_curve_masked/pred_intervertebral.png,25571,0.02438640594482422,.png
patients/S_61_curve_masked/pred_multiclass_global.png,data/patient_reconstructed_predictions/patients/S_61_curve_masked/pred_multiclass_global.png,6629,0.006321907043457031,.png
patients/S_61_curve_masked/pred_ordinal.png,data/patient_reconstructed_predictions/patients/S_61_curve_masked/pred_ordinal.png,49523,0.04722881317138672,.png
patients/S_61_curve_masked/reconstruction_summary.json,data/patient_reconstructed_predictions/patients/S_61_curve_masked/reconstruction_summary.json,372,0.000354766845703125,.json
patients/S_62_curve_masked/normalized_full_image_used.png,data/patient_reconstructed_predictions/patients/S_62_curve_masked/normalized_full_image_used.png,24323,0.02319622039794922,.png
patients/S_62_curve_masked/overlay_pred_regions_curve.png,data/patient_reconstructed_predictions/patients/S_62_curve_masked/overlay_pred_regions_curve.png,54103,0.051596641540527344,.png
patients/S_62_curve_masked/pasted_patches.csv,data/patient_reconstructed_predictions/patients/S_62_curve_masked/pasted_patches.csv,1769,0.0016870498657226562,.csv
patients/S_62_curve_masked/pred_binary_confidence.png,data/patient_reconstructed_predictions/patients/S_62_curve_masked/pred_binary_confidence.png,23607,0.022513389587402344,.png
patients/S_62_curve_masked/pred_boundary.png,data/patient_reconstructed_predictions/patients/S_62_curve_masked/pred_boundary.png,25742,0.024549484252929688,.png
patients/S_62_curve_masked/pred_intervertebral.png,data/patient_reconstructed_predictions/patients/S_62_curve_masked/pred_intervertebral.png,24843,0.02369213104248047,.png
patients/S_62_curve_masked/pred_multiclass_global.png,data/patient_reconstructed_predictions/patients/S_62_curve_masked/pred_multiclass_global.png,6938,0.0066165924072265625,.png
patients/S_62_curve_masked/pred_ordinal.png,data/patient_reconstructed_predictions/patients/S_62_curve_masked/pred_ordinal.png,49574,0.04727745056152344,.png
patients/S_62_curve_masked/reconstruction_summary.json,data/patient_reconstructed_predictions/patients/S_62_curve_masked/reconstruction_summary.json,374,0.0003566741943359375,.json
patients/S_63_curve_masked/normalized_full_image_used.png,data/patient_reconstructed_predictions/patients/S_63_curve_masked/normalized_full_image_used.png,24117,0.02299976348876953,.png
patients/S_63_curve_masked/overlay_pred_regions_curve.png,data/patient_reconstructed_predictions/patients/S_63_curve_masked/overlay_pred_regions_curve.png,48340,0.046100616455078125,.png
patients/S_63_curve_masked/pasted_patches.csv,data/patient_reconstructed_predictions/patients/S_63_curve_masked/pasted_patches.csv,1762,0.0016803741455078125,.csv
patients/S_63_curve_masked/pred_binary_confidence.png,data/patient_reconstructed_predictions/patients/S_63_curve_masked/pred_binary_confidence.png,25640,0.02445220947265625,.png
patients/S_63_curve_masked/pred_boundary.png,data/patient_reconstructed_predictions/patients/S_63_curve_masked/pred_boundary.png,27718,0.026433944702148438,.png
patients/S_63_curve_masked/pred_intervertebral.png,data/patient_reconstructed_predictions/patients/S_63_curve_masked/pred_intervertebral.png,26525,0.02529621124267578,.png
patients/S_63_curve_masked/pred_multiclass_global.png,data/patient_reconstructed_predictions/patients/S_63_curve_masked/pred_multiclass_global.png,6421,0.006123542785644531,.png
patients/S_63_curve_masked/pred_ordinal.png,data/patient_reconstructed_predictions/patients/S_63_curve_masked/pred_ordinal.png,49310,0.04702568054199219,.png
patients/S_63_curve_masked/reconstruction_summary.json,data/patient_reconstructed_predictions/patients/S_63_curve_masked/reconstruction_summary.json,373,0.00035572052001953125,.json
patients/S_64_curve_masked/normalized_full_image_used.png,data/patient_reconstructed_predictions/patients/S_64_curve_masked/normalized_full_image_used.png,20788,0.019824981689453125,.png
patients/S_64_curve_masked/overlay_pred_regions_curve.png,data/patient_reconstructed_predictions/patients/S_64_curve_masked/overlay_pred_regions_curve.png,48136,0.04590606689453125,.png
patients/S_64_curve_masked/pasted_patches.csv,data/patient_reconstructed_predictions/patients/S_64_curve_masked/pasted_patches.csv,1766,0.0016841888427734375,.csv
patients/S_64_curve_masked/pred_binary_confidence.png,data/patient_reconstructed_predictions/patients/S_64_curve_masked/pred_binary_confidence.png,20196,0.019260406494140625,.png
patients/S_64_curve_masked/pred_boundary.png,data/patient_reconstructed_predictions/patients/S_64_curve_masked/pred_boundary.png,21370,0.020380020141601562,.png
patients/S_64_curve_masked/pred_intervertebral.png,data/patient_reconstructed_predictions/patients/S_64_curve_masked/pred_intervertebral.png,20239,0.019301414489746094,.png
patients/S_64_curve_masked/pred_multiclass_global.png,data/patient_reconstructed_predictions/patients/S_64_curve_masked/pred_multiclass_global.png,7656,0.00730133056640625,.png
patients/S_64_curve_masked/pred_ordinal.png,data/patient_reconstructed_predictions/patients/S_64_curve_masked/pred_ordinal.png,50537,0.048195838928222656,.png
patients/S_64_curve_masked/reconstruction_summary.json,data/patient_reconstructed_predictions/patients/S_64_curve_masked/reconstruction_summary.json,374,0.0003566741943359375,.json
patients/S_65_curve_masked/normalized_full_image_used.png,data/patient_reconstructed_predictions/patients/S_65_curve_masked/normalized_full_image_used.png,30718,0.029294967651367188,.png
patients/S_65_curve_masked/overlay_pred_regions_curve.png,data/patient_reconstructed_predictions/patients/S_65_curve_masked/overlay_pred_regions_curve.png,62717,0.05981159210205078,.png
patients/S_65_curve_masked/pasted_patches.csv,data/patient_reconstructed_predictions/patients/S_65_curve_masked/pasted_patches.csv,1768,0.00168609619140625,.csv
patients/S_65_curve_masked/pred_binary_confidence.png,data/patient_reconstructed_predictions/patients/S_65_curve_masked/pred_binary_confidence.png,31173,0.02972888946533203,.png
patients/S_65_curve_masked/pred_boundary.png,data/patient_reconstructed_predictions/patients/S_65_curve_masked/pred_boundary.png,33577,0.032021522521972656,.png
patients/S_65_curve_masked/pred_intervertebral.png,data/patient_reconstructed_predictions/patients/S_65_curve_masked/pred_intervertebral.png,31328,0.029876708984375,.png
patients/S_65_curve_masked/pred_multiclass_global.png,data/patient_reconstructed_predictions/patients/S_65_curve_masked/pred_multiclass_global.png,8089,0.007714271545410156,.png
patients/S_65_curve_masked/pred_ordinal.png,data/patient_reconstructed_predictions/patients/S_65_curve_masked/pred_ordinal.png,52242,0.04982185363769531,.png
patients/S_65_curve_masked/reconstruction_summary.json,data/patient_reconstructed_predictions/patients/S_65_curve_masked/reconstruction_summary.json,373,0.00035572052001953125,.json
patients/S_66_curve_masked/normalized_full_image_used.png,data/patient_reconstructed_predictions/patients/S_66_curve_masked/normalized_full_image_used.png,30925,0.02949237823486328,.png
patients/S_66_curve_masked/overlay_pred_regions_curve.png,data/patient_reconstructed_predictions/patients/S_66_curve_masked/overlay_pred_regions_curve.png,62851,0.05993938446044922,.png
patients/S_66_curve_masked/pasted_patches.csv,data/patient_reconstructed_predictions/patients/S_66_curve_masked/pasted_patches.csv,1767,0.0016851425170898438,.csv
patients/S_66_curve_masked/pred_binary_confidence.png,data/patient_reconstructed_predictions/patients/S_66_curve_masked/pred_binary_confidence.png,28918,0.027578353881835938,.png
patients/S_66_curve_masked/pred_boundary.png,data/patient_reconstructed_predictions/patients/S_66_curve_masked/pred_boundary.png,31158,0.029714584350585938,.png
patients/S_66_curve_masked/pred_intervertebral.png,data/patient_reconstructed_predictions/patients/S_66_curve_masked/pred_intervertebral.png,29028,0.027683258056640625,.png
patients/S_66_curve_masked/pred_multiclass_global.png,data/patient_reconstructed_predictions/patients/S_66_curve_masked/pred_multiclass_global.png,7201,0.006867408752441406,.png
patients/S_66_curve_masked/pred_ordinal.png,data/patient_reconstructed_predictions/patients/S_66_curve_masked/pred_ordinal.png,55359,0.052794456481933594,.png
patients/S_66_curve_masked/reconstruction_summary.json,data/patient_reconstructed_predictions/patients/S_66_curve_masked/reconstruction_summary.json,374,0.0003566741943359375,.json
patients/S_67_curve_masked/normalized_full_image_used.png,data/patient_reconstructed_predictions/patients/S_67_curve_masked/normalized_full_image_used.png,26817,0.025574684143066406,.png
patients/S_67_curve_masked/overlay_pred_regions_curve.png,data/patient_reconstructed_predictions/patients/S_67_curve_masked/overlay_pred_regions_curve.png,56870,0.05423545837402344,.png
patients/S_67_curve_masked/pasted_patches.csv,data/patient_reconstructed_predictions/patients/S_67_curve_masked/pasted_patches.csv,1754,0.0016727447509765625,.csv
patients/S_67_curve_masked/pred_binary_confidence.png,data/patient_reconstructed_predictions/patients/S_67_curve_masked/pred_binary_confidence.png,27350,0.026082992553710938,.png
patients/S_67_curve_masked/pred_boundary.png,data/patient_reconstructed_predictions/patients/S_67_curve_masked/pred_boundary.png,29163,0.02781200408935547,.png
patients/S_67_curve_masked/pred_intervertebral.png,data/patient_reconstructed_predictions/patients/S_67_curve_masked/pred_intervertebral.png,27795,0.02650737762451172,.png
patients/S_67_curve_masked/pred_multiclass_global.png,data/patient_reconstructed_predictions/patients/S_67_curve_masked/pred_multiclass_global.png,7319,0.006979942321777344,.png
patients/S_67_curve_masked/pred_ordinal.png,data/patient_reconstructed_predictions/patients/S_67_curve_masked/pred_ordinal.png,46243,0.04410076141357422,.png
patients/S_67_curve_masked/reconstruction_summary.json,data/patient_reconstructed_predictions/patients/S_67_curve_masked/reconstruction_summary.json,371,0.00035381317138671875,.json
patients/S_68_curve_masked/normalized_full_image_used.png,data/patient_reconstructed_predictions/patients/S_68_curve_masked/normalized_full_image_used.png,20977,0.020005226135253906,.png
patients/S_68_curve_masked/overlay_pred_regions_curve.png,data/patient_reconstructed_predictions/patients/S_68_curve_masked/overlay_pred_regions_curve.png,47304,0.04511260986328125,.png
patients/S_68_curve_masked/pasted_patches.csv,data/patient_reconstructed_predictions/patients/S_68_curve_masked/pasted_patches.csv,1763,0.0016813278198242188,.csv
patients/S_68_curve_masked/pred_binary_confidence.png,data/patient_reconstructed_predictions/patients/S_68_curve_masked/pred_binary_confidence.png,20878,0.019910812377929688,.png
patients/S_68_curve_masked/pred_boundary.png,data/patient_reconstructed_predictions/patients/S_68_curve_masked/pred_boundary.png,22564,0.021518707275390625,.png
patients/S_68_curve_masked/pred_intervertebral.png,data/patient_reconstructed_predictions/patients/S_68_curve_masked/pred_intervertebral.png,21659,0.02065563201904297,.png
patients/S_68_curve_masked/pred_multiclass_global.png,data/patient_reconstructed_predictions/patients/S_68_curve_masked/pred_multiclass_global.png,6972,0.006649017333984375,.png
patients/S_68_curve_masked/pred_ordinal.png,data/patient_reconstructed_predictions/patients/S_68_curve_masked/pred_ordinal.png,46190,0.04405021667480469,.png
patients/S_68_curve_masked/reconstruction_summary.json,data/patient_reconstructed_predictions/patients/S_68_curve_masked/reconstruction_summary.json,371,0.00035381317138671875,.json
patients/S_69_curve_masked/normalized_full_image_used.png,data/patient_reconstructed_predictions/patients/S_69_curve_masked/normalized_full_image_used.png,26529,0.025300025939941406,.png
patients/S_69_curve_masked/overlay_pred_regions_curve.png,data/patient_reconstructed_predictions/patients/S_69_curve_masked/overlay_pred_regions_curve.png,57727,0.055052757263183594,.png
patients/S_69_curve_masked/pasted_patches.csv,data/patient_reconstructed_predictions/patients/S_69_curve_masked/pasted_patches.csv,1767,0.0016851425170898438,.csv
patients/S_69_curve_masked/pred_binary_confidence.png,data/patient_reconstructed_predictions/patients/S_69_curve_masked/pred_binary_confidence.png,27426,0.026155471801757812,.png
patients/S_69_curve_masked/pred_boundary.png,data/patient_reconstructed_predictions/patients/S_69_curve_masked/pred_boundary.png,29394,0.028032302856445312,.png
patients/S_69_curve_masked/pred_intervertebral.png,data/patient_reconstructed_predictions/patients/S_69_curve_masked/pred_intervertebral.png,27565,0.02628803253173828,.png
patients/S_69_curve_masked/pred_multiclass_global.png,data/patient_reconstructed_predictions/patients/S_69_curve_masked/pred_multiclass_global.png,7470,0.0071239471435546875,.png
patients/S_69_curve_masked/pred_ordinal.png,data/patient_reconstructed_predictions/patients/S_69_curve_masked/pred_ordinal.png,49371,0.04708385467529297,.png
patients/S_69_curve_masked/reconstruction_summary.json,data/patient_reconstructed_predictions/patients/S_69_curve_masked/reconstruction_summary.json,372,0.000354766845703125,.json
patients/S_70_curve_masked/normalized_full_image_used.png,data/patient_reconstructed_predictions/patients/S_70_curve_masked/normalized_full_image_used.png,24135,0.023016929626464844,.png
patients/S_70_curve_masked/overlay_pred_regions_curve.png,data/patient_reconstructed_predictions/patients/S_70_curve_masked/overlay_pred_regions_curve.png,52370,0.04994392395019531,.png
patients/S_70_curve_masked/pasted_patches.csv,data/patient_reconstructed_predictions/patients/S_70_curve_masked/pasted_patches.csv,1770,0.0016880035400390625,.csv
patients/S_70_curve_masked/pred_binary_confidence.png,data/patient_reconstructed_predictions/patients/S_70_curve_masked/pred_binary_confidence.png,24296,0.02317047119140625,.png
patients/S_70_curve_masked/pred_boundary.png,data/patient_reconstructed_predictions/patients/S_70_curve_masked/pred_boundary.png,26176,0.02496337890625,.png
patients/S_70_curve_masked/pred_intervertebral.png,data/patient_reconstructed_predictions/patients/S_70_curve_masked/pred_intervertebral.png,24826,0.023675918579101562,.png
patients/S_70_curve_masked/pred_multiclass_global.png,data/patient_reconstructed_predictions/patients/S_70_curve_masked/pred_multiclass_global.png,6751,0.006438255310058594,.png
patients/S_70_curve_masked/pred_ordinal.png,data/patient_reconstructed_predictions/patients/S_70_curve_masked/pred_ordinal.png,52812,0.050365447998046875,.png
patients/S_70_curve_masked/reconstruction_summary.json,data/patient_reconstructed_predictions/patients/S_70_curve_masked/reconstruction_summary.json,373,0.00035572052001953125,.json
patients/S_71_curve_masked/normalized_full_image_used.png,data/patient_reconstructed_predictions/patients/S_71_curve_masked/normalized_full_image_used.png,26866,0.025621414184570312,.png
patients/S_71_curve_masked/overlay_pred_regions_curve.png,data/patient_reconstructed_predictions/patients/S_71_curve_masked/overlay_pred_regions_curve.png,55046,0.05249595642089844,.png
patients/S_71_curve_masked/pasted_patches.csv,data/patient_reconstructed_predictions/patients/S_71_curve_masked/pasted_patches.csv,1763,0.0016813278198242188,.csv
patients/S_71_curve_masked/pred_binary_confidence.png,data/patient_reconstructed_predictions/patients/S_71_curve_masked/pred_binary_confidence.png,29341,0.02798175811767578,.png
patients/S_71_curve_masked/pred_boundary.png,data/patient_reconstructed_predictions/patients/S_71_curve_masked/pred_boundary.png,31734,0.030263900756835938,.png
patients/S_71_curve_masked/pred_intervertebral.png,data/patient_reconstructed_predictions/patients/S_71_curve_masked/pred_intervertebral.png,29944,0.02855682373046875,.png
patients/S_71_curve_masked/pred_multiclass_global.png,data/patient_reconstructed_predictions/patients/S_71_curve_masked/pred_multiclass_global.png,7023,0.006697654724121094,.png
patients/S_71_curve_masked/pred_ordinal.png,data/patient_reconstructed_predictions/patients/S_71_curve_masked/pred_ordinal.png,54409,0.051888465881347656,.png
patients/S_71_curve_masked/reconstruction_summary.json,data/patient_reconstructed_predictions/patients/S_71_curve_masked/reconstruction_summary.json,372,0.000354766845703125,.json
patients/S_72_curve_masked/normalized_full_image_used.png,data/patient_reconstructed_predictions/patients/S_72_curve_masked/normalized_full_image_used.png,22124,0.021099090576171875,.png
patients/S_72_curve_masked/overlay_pred_regions_curve.png,data/patient_reconstructed_predictions/patients/S_72_curve_masked/overlay_pred_regions_curve.png,50513,0.048172950744628906,.png
patients/S_72_curve_masked/pasted_patches.csv,data/patient_reconstructed_predictions/patients/S_72_curve_masked/pasted_patches.csv,1761,0.0016794204711914062,.csv
patients/S_72_curve_masked/pred_binary_confidence.png,data/patient_reconstructed_predictions/patients/S_72_curve_masked/pred_binary_confidence.png,20988,0.020015716552734375,.png
patients/S_72_curve_masked/pred_boundary.png,data/patient_reconstructed_predictions/patients/S_72_curve_masked/pred_boundary.png,22511,0.021468162536621094,.png
patients/S_72_curve_masked/pred_intervertebral.png,data/patient_reconstructed_predictions/patients/S_72_curve_masked/pred_intervertebral.png,21296,0.0203094482421875,.png
patients/S_72_curve_masked/pred_multiclass_global.png,data/patient_reconstructed_predictions/patients/S_72_curve_masked/pred_multiclass_global.png,7274,0.0069370269775390625,.png
patients/S_72_curve_masked/pred_ordinal.png,data/patient_reconstructed_predictions/patients/S_72_curve_masked/pred_ordinal.png,49062,0.04678916931152344,.png
patients/S_72_curve_masked/reconstruction_summary.json,data/patient_reconstructed_predictions/patients/S_72_curve_masked/reconstruction_summary.json,370,0.0003528594970703125,.json
patients/S_73_curve_masked/normalized_full_image_used.png,data/patient_reconstructed_predictions/patients/S_73_curve_masked/normalized_full_image_used.png,32301,0.03080463409423828,.png
patients/S_73_curve_masked/overlay_pred_regions_curve.png,data/patient_reconstructed_predictions/patients/S_73_curve_masked/overlay_pred_regions_curve.png,65258,0.06223487854003906,.png
patients/S_73_curve_masked/pasted_patches.csv,data/patient_reconstructed_predictions/patients/S_73_curve_masked/pasted_patches.csv,1761,0.0016794204711914062,.csv
patients/S_73_curve_masked/pred_binary_confidence.png,data/patient_reconstructed_predictions/patients/S_73_curve_masked/pred_binary_confidence.png,32744,0.03122711181640625,.png
patients/S_73_curve_masked/pred_boundary.png,data/patient_reconstructed_predictions/patients/S_73_curve_masked/pred_boundary.png,35903,0.034239768981933594,.png
patients/S_73_curve_masked/pred_intervertebral.png,data/patient_reconstructed_predictions/patients/S_73_curve_masked/pred_intervertebral.png,33876,0.032306671142578125,.png
patients/S_73_curve_masked/pred_multiclass_global.png,data/patient_reconstructed_predictions/patients/S_73_curve_masked/pred_multiclass_global.png,6945,0.006623268127441406,.png
patients/S_73_curve_masked/pred_ordinal.png,data/patient_reconstructed_predictions/patients/S_73_curve_masked/pred_ordinal.png,52988,0.050533294677734375,.png
patients/S_73_curve_masked/reconstruction_summary.json,data/patient_reconstructed_predictions/patients/S_73_curve_masked/reconstruction_summary.json,373,0.00035572052001953125,.json
patients/S_74_curve_masked/normalized_full_image_used.png,data/patient_reconstructed_predictions/patients/S_74_curve_masked/normalized_full_image_used.png,21560,0.02056121826171875,.png
patients/S_74_curve_masked/overlay_pred_regions_curve.png,data/patient_reconstructed_predictions/patients/S_74_curve_masked/overlay_pred_regions_curve.png,47721,0.045510292053222656,.png
patients/S_74_curve_masked/pasted_patches.csv,data/patient_reconstructed_predictions/patients/S_74_curve_masked/pasted_patches.csv,1763,0.0016813278198242188,.csv
patients/S_74_curve_masked/pred_binary_confidence.png,data/patient_reconstructed_predictions/patients/S_74_curve_masked/pred_binary_confidence.png,22101,0.02107715606689453,.png
patients/S_74_curve_masked/pred_boundary.png,data/patient_reconstructed_predictions/patients/S_74_curve_masked/pred_boundary.png,23850,0.022745132446289062,.png
patients/S_74_curve_masked/pred_intervertebral.png,data/patient_reconstructed_predictions/patients/S_74_curve_masked/pred_intervertebral.png,22561,0.021515846252441406,.png
patients/S_74_curve_masked/pred_multiclass_global.png,data/patient_reconstructed_predictions/patients/S_74_curve_masked/pred_multiclass_global.png,7306,0.0069675445556640625,.png
patients/S_74_curve_masked/pred_ordinal.png,data/patient_reconstructed_predictions/patients/S_74_curve_masked/pred_ordinal.png,49201,0.046921730041503906,.png
patients/S_74_curve_masked/reconstruction_summary.json,data/patient_reconstructed_predictions/patients/S_74_curve_masked/reconstruction_summary.json,374,0.0003566741943359375,.json
patients/S_75_curve_masked/normalized_full_image_used.png,data/patient_reconstructed_predictions/patients/S_75_curve_masked/normalized_full_image_used.png,25471,0.024291038513183594,.png
patients/S_75_curve_masked/overlay_pred_regions_curve.png,data/patient_reconstructed_predictions/patients/S_75_curve_masked/overlay_pred_regions_curve.png,52919,0.050467491149902344,.png
patients/S_75_curve_masked/pasted_patches.csv,data/patient_reconstructed_predictions/patients/S_75_curve_masked/pasted_patches.csv,1769,0.0016870498657226562,.csv
patients/S_75_curve_masked/pred_binary_confidence.png,data/patient_reconstructed_predictions/patients/S_75_curve_masked/pred_binary_confidence.png,26815,0.025572776794433594,.png
patients/S_75_curve_masked/pred_boundary.png,data/patient_reconstructed_predictions/patients/S_75_curve_masked/pred_boundary.png,29294,0.027936935424804688,.png
patients/S_75_curve_masked/pred_intervertebral.png,data/patient_reconstructed_predictions/patients/S_75_curve_masked/pred_intervertebral.png,27667,0.02638530731201172,.png
patients/S_75_curve_masked/pred_multiclass_global.png,data/patient_reconstructed_predictions/patients/S_75_curve_masked/pred_multiclass_global.png,6766,0.0064525604248046875,.png
patients/S_75_curve_masked/pred_ordinal.png,data/patient_reconstructed_predictions/patients/S_75_curve_masked/pred_ordinal.png,45782,0.04366111755371094,.png
patients/S_75_curve_masked/reconstruction_summary.json,data/patient_reconstructed_predictions/patients/S_75_curve_masked/reconstruction_summary.json,380,0.000362396240234375,.json
patients/S_76_curve_masked/normalized_full_image_used.png,data/patient_reconstructed_predictions/patients/S_76_curve_masked/normalized_full_image_used.png,23357,0.02227497100830078,.png
patients/S_76_curve_masked/overlay_pred_regions_curve.png,data/patient_reconstructed_predictions/patients/S_76_curve_masked/overlay_pred_regions_curve.png,52136,0.04972076416015625,.png
patients/S_76_curve_masked/pasted_patches.csv,data/patient_reconstructed_predictions/patients/S_76_curve_masked/pasted_patches.csv,1766,0.0016841888427734375,.csv
patients/S_76_curve_masked/pred_binary_confidence.png,data/patient_reconstructed_predictions/patients/S_76_curve_masked/pred_binary_confidence.png,23032,0.02196502685546875,.png
patients/S_76_curve_masked/pred_boundary.png,data/patient_reconstructed_predictions/patients/S_76_curve_masked/pred_boundary.png,24580,0.023441314697265625,.png
patients/S_76_curve_masked/pred_intervertebral.png,data/patient_reconstructed_predictions/patients/S_76_curve_masked/pred_intervertebral.png,23240,0.02216339111328125,.png
patients/S_76_curve_masked/pred_multiclass_global.png,data/patient_reconstructed_predictions/patients/S_76_curve_masked/pred_multiclass_global.png,6949,0.006627082824707031,.png
patients/S_76_curve_masked/pred_ordinal.png,data/patient_reconstructed_predictions/patients/S_76_curve_masked/pred_ordinal.png,52018,0.04960823059082031,.png
patients/S_76_curve_masked/reconstruction_summary.json,data/patient_reconstructed_predictions/patients/S_76_curve_masked/reconstruction_summary.json,373,0.00035572052001953125,.json
patients/S_77_curve_masked/normalized_full_image_used.png,data/patient_reconstructed_predictions/patients/S_77_curve_masked/normalized_full_image_used.png,24594,0.023454666137695312,.png
patients/S_77_curve_masked/overlay_pred_regions_curve.png,data/patient_reconstructed_predictions/patients/S_77_curve_masked/overlay_pred_regions_curve.png,49356,0.047069549560546875,.png
patients/S_77_curve_masked/pasted_patches.csv,data/patient_reconstructed_predictions/patients/S_77_curve_masked/pasted_patches.csv,1769,0.0016870498657226562,.csv
patients/S_77_curve_masked/pred_binary_confidence.png,data/patient_reconstructed_predictions/patients/S_77_curve_masked/pred_binary_confidence.png,27094,0.025838851928710938,.png
patients/S_77_curve_masked/pred_boundary.png,data/patient_reconstructed_predictions/patients/S_77_curve_masked/pred_boundary.png,29285,0.02792835235595703,.png
patients/S_77_curve_masked/pred_intervertebral.png,data/patient_reconstructed_predictions/patients/S_77_curve_masked/pred_intervertebral.png,27611,0.02633190155029297,.png
patients/S_77_curve_masked/pred_multiclass_global.png,data/patient_reconstructed_predictions/patients/S_77_curve_masked/pred_multiclass_global.png,7099,0.006770133972167969,.png
patients/S_77_curve_masked/pred_ordinal.png,data/patient_reconstructed_predictions/patients/S_77_curve_masked/pred_ordinal.png,50386,0.04805183410644531,.png
patients/S_77_curve_masked/reconstruction_summary.json,data/patient_reconstructed_predictions/patients/S_77_curve_masked/reconstruction_summary.json,376,0.00035858154296875,.json
patients/S_78_curve_masked/normalized_full_image_used.png,data/patient_reconstructed_predictions/patients/S_78_curve_masked/normalized_full_image_used.png,16007,0.015265464782714844,.png
patients/S_78_curve_masked/overlay_pred_regions_curve.png,data/patient_reconstructed_predictions/patients/S_78_curve_masked/overlay_pred_regions_curve.png,35374,0.03373527526855469,.png
patients/S_78_curve_masked/pasted_patches.csv,data/patient_reconstructed_predictions/patients/S_78_curve_masked/pasted_patches.csv,1761,0.0016794204711914062,.csv
patients/S_78_curve_masked/pred_binary_confidence.png,data/patient_reconstructed_predictions/patients/S_78_curve_masked/pred_binary_confidence.png,16327,0.015570640563964844,.png
patients/S_78_curve_masked/pred_boundary.png,data/patient_reconstructed_predictions/patients/S_78_curve_masked/pred_boundary.png,17769,0.016945838928222656,.png
patients/S_78_curve_masked/pred_intervertebral.png,data/patient_reconstructed_predictions/patients/S_78_curve_masked/pred_intervertebral.png,16794,0.016016006469726562,.png
patients/S_78_curve_masked/pred_multiclass_global.png,data/patient_reconstructed_predictions/patients/S_78_curve_masked/pred_multiclass_global.png,5762,0.0054950714111328125,.png
patients/S_78_curve_masked/pred_ordinal.png,data/patient_reconstructed_predictions/patients/S_78_curve_masked/pred_ordinal.png,45383,0.043280601501464844,.png
patients/S_78_curve_masked/reconstruction_summary.json,data/patient_reconstructed_predictions/patients/S_78_curve_masked/reconstruction_summary.json,371,0.00035381317138671875,.json
patients/S_79_curve_masked/normalized_full_image_used.png,data/patient_reconstructed_predictions/patients/S_79_curve_masked/normalized_full_image_used.png,29887,0.028502464294433594,.png
patients/S_79_curve_masked/overlay_pred_regions_curve.png,data/patient_reconstructed_predictions/patients/S_79_curve_masked/overlay_pred_regions_curve.png,60151,0.057364463806152344,.png
patients/S_79_curve_masked/pasted_patches.csv,data/patient_reconstructed_predictions/patients/S_79_curve_masked/pasted_patches.csv,1773,0.0016908645629882812,.csv
patients/S_79_curve_masked/pred_binary_confidence.png,data/patient_reconstructed_predictions/patients/S_79_curve_masked/pred_binary_confidence.png,30777,0.029351234436035156,.png
patients/S_79_curve_masked/pred_boundary.png,data/patient_reconstructed_predictions/patients/S_79_curve_masked/pred_boundary.png,33735,0.032172203063964844,.png
patients/S_79_curve_masked/pred_intervertebral.png,data/patient_reconstructed_predictions/patients/S_79_curve_masked/pred_intervertebral.png,32216,0.03072357177734375,.png
patients/S_79_curve_masked/pred_multiclass_global.png,data/patient_reconstructed_predictions/patients/S_79_curve_masked/pred_multiclass_global.png,8298,0.007913589477539062,.png
patients/S_79_curve_masked/pred_ordinal.png,data/patient_reconstructed_predictions/patients/S_79_curve_masked/pred_ordinal.png,51220,0.048847198486328125,.png
patients/S_79_curve_masked/reconstruction_summary.json,data/patient_reconstructed_predictions/patients/S_79_curve_masked/reconstruction_summary.json,380,0.000362396240234375,.json
patients/S_80_curve_masked/normalized_full_image_used.png,data/patient_reconstructed_predictions/patients/S_80_curve_masked/normalized_full_image_used.png,18550,0.017690658569335938,.png
patients/S_80_curve_masked/overlay_pred_regions_curve.png,data/patient_reconstructed_predictions/patients/S_80_curve_masked/overlay_pred_regions_curve.png,40573,0.03869342803955078,.png
patients/S_80_curve_masked/pasted_patches.csv,data/patient_reconstructed_predictions/patients/S_80_curve_masked/pasted_patches.csv,1768,0.00168609619140625,.csv
patients/S_80_curve_masked/pred_binary_confidence.png,data/patient_reconstructed_predictions/patients/S_80_curve_masked/pred_binary_confidence.png,19270,0.018377304077148438,.png
patients/S_80_curve_masked/pred_boundary.png,data/patient_reconstructed_predictions/patients/S_80_curve_masked/pred_boundary.png,20930,0.019960403442382812,.png
patients/S_80_curve_masked/pred_intervertebral.png,data/patient_reconstructed_predictions/patients/S_80_curve_masked/pred_intervertebral.png,19856,0.0189361572265625,.png
patients/S_80_curve_masked/pred_multiclass_global.png,data/patient_reconstructed_predictions/patients/S_80_curve_masked/pred_multiclass_global.png,6561,0.006257057189941406,.png
patients/S_80_curve_masked/pred_ordinal.png,data/patient_reconstructed_predictions/patients/S_80_curve_masked/pred_ordinal.png,47922,0.04570198059082031,.png
patients/S_80_curve_masked/reconstruction_summary.json,data/patient_reconstructed_predictions/patients/S_80_curve_masked/reconstruction_summary.json,373,0.00035572052001953125,.json
patients/S_81_curve_masked/normalized_full_image_used.png,data/patient_reconstructed_predictions/patients/S_81_curve_masked/normalized_full_image_used.png,26669,0.02543354034423828,.png
patients/S_81_curve_masked/overlay_pred_regions_curve.png,data/patient_reconstructed_predictions/patients/S_81_curve_masked/overlay_pred_regions_curve.png,53263,0.050795555114746094,.png
patients/S_81_curve_masked/pasted_patches.csv,data/patient_reconstructed_predictions/patients/S_81_curve_masked/pasted_patches.csv,1762,0.0016803741455078125,.csv
patients/S_81_curve_masked/pred_binary_confidence.png,data/patient_reconstructed_predictions/patients/S_81_curve_masked/pred_binary_confidence.png,28418,0.027101516723632812,.png
patients/S_81_curve_masked/pred_boundary.png,data/patient_reconstructed_predictions/patients/S_81_curve_masked/pred_boundary.png,31156,0.029712677001953125,.png
patients/S_81_curve_masked/pred_intervertebral.png,data/patient_reconstructed_predictions/patients/S_81_curve_masked/pred_intervertebral.png,29397,0.02803516387939453,.png
patients/S_81_curve_masked/pred_multiclass_global.png,data/patient_reconstructed_predictions/patients/S_81_curve_masked/pred_multiclass_global.png,6692,0.006381988525390625,.png
patients/S_81_curve_masked/pred_ordinal.png,data/patient_reconstructed_predictions/patients/S_81_curve_masked/pred_ordinal.png,50172,0.047847747802734375,.png
patients/S_81_curve_masked/reconstruction_summary.json,data/patient_reconstructed_predictions/patients/S_81_curve_masked/reconstruction_summary.json,373,0.00035572052001953125,.json
patients/S_82_curve_masked/normalized_full_image_used.png,data/patient_reconstructed_predictions/patients/S_82_curve_masked/normalized_full_image_used.png,19154,0.018266677856445312,.png
patients/S_82_curve_masked/overlay_pred_regions_curve.png,data/patient_reconstructed_predictions/patients/S_82_curve_masked/overlay_pred_regions_curve.png,43342,0.04133415222167969,.png
patients/S_82_curve_masked/pasted_patches.csv,data/patient_reconstructed_predictions/patients/S_82_curve_masked/pasted_patches.csv,1767,0.0016851425170898438,.csv
patients/S_82_curve_masked/pred_binary_confidence.png,data/patient_reconstructed_predictions/patients/S_82_curve_masked/pred_binary_confidence.png,18988,0.018108367919921875,.png
patients/S_82_curve_masked/pred_boundary.png,data/patient_reconstructed_predictions/patients/S_82_curve_masked/pred_boundary.png,20464,0.0195159912109375,.png
patients/S_82_curve_masked/pred_intervertebral.png,data/patient_reconstructed_predictions/patients/S_82_curve_masked/pred_intervertebral.png,19293,0.01839923858642578,.png
patients/S_82_curve_masked/pred_multiclass_global.png,data/patient_reconstructed_predictions/patients/S_82_curve_masked/pred_multiclass_global.png,6358,0.0060634613037109375,.png
patients/S_82_curve_masked/pred_ordinal.png,data/patient_reconstructed_predictions/patients/S_82_curve_masked/pred_ordinal.png,45638,0.04352378845214844,.png
patients/S_82_curve_masked/reconstruction_summary.json,data/patient_reconstructed_predictions/patients/S_82_curve_masked/reconstruction_summary.json,373,0.00035572052001953125,.json
patients/S_83_curve_masked/normalized_full_image_used.png,data/patient_reconstructed_predictions/patients/S_83_curve_masked/normalized_full_image_used.png,26584,0.02535247802734375,.png
patients/S_83_curve_masked/overlay_pred_regions_curve.png,data/patient_reconstructed_predictions/patients/S_83_curve_masked/overlay_pred_regions_curve.png,54313,0.051796913146972656,.png
patients/S_83_curve_masked/pasted_patches.csv,data/patient_reconstructed_predictions/patients/S_83_curve_masked/pasted_patches.csv,1754,0.0016727447509765625,.csv
patients/S_83_curve_masked/pred_binary_confidence.png,data/patient_reconstructed_predictions/patients/S_83_curve_masked/pred_binary_confidence.png,27556,0.026279449462890625,.png
patients/S_83_curve_masked/pred_boundary.png,data/patient_reconstructed_predictions/patients/S_83_curve_masked/pred_boundary.png,29763,0.02838420867919922,.png
patients/S_83_curve_masked/pred_intervertebral.png,data/patient_reconstructed_predictions/patients/S_83_curve_masked/pred_intervertebral.png,27907,0.02661418914794922,.png
patients/S_83_curve_masked/pred_multiclass_global.png,data/patient_reconstructed_predictions/patients/S_83_curve_masked/pred_multiclass_global.png,6939,0.006617546081542969,.png
patients/S_83_curve_masked/pred_ordinal.png,data/patient_reconstructed_predictions/patients/S_83_curve_masked/pred_ordinal.png,51870,0.04946708679199219,.png
patients/S_83_curve_masked/reconstruction_summary.json,data/patient_reconstructed_predictions/patients/S_83_curve_masked/reconstruction_summary.json,373,0.00035572052001953125,.json
patients/S_84_curve_masked/normalized_full_image_used.png,data/patient_reconstructed_predictions/patients/S_84_curve_masked/normalized_full_image_used.png,26036,0.024829864501953125,.png
patients/S_84_curve_masked/overlay_pred_regions_curve.png,data/patient_reconstructed_predictions/patients/S_84_curve_masked/overlay_pred_regions_curve.png,53191,0.050726890563964844,.png
patients/S_84_curve_masked/pasted_patches.csv,data/patient_reconstructed_predictions/patients/S_84_curve_masked/pasted_patches.csv,1760,0.001678466796875,.csv
patients/S_84_curve_masked/pred_binary_confidence.png,data/patient_reconstructed_predictions/patients/S_84_curve_masked/pred_binary_confidence.png,26097,0.024888038635253906,.png
patients/S_84_curve_masked/pred_boundary.png,data/patient_reconstructed_predictions/patients/S_84_curve_masked/pred_boundary.png,28470,0.027151107788085938,.png
patients/S_84_curve_masked/pred_intervertebral.png,data/patient_reconstructed_predictions/patients/S_84_curve_masked/pred_intervertebral.png,26797,0.02555561065673828,.png
patients/S_84_curve_masked/pred_multiclass_global.png,data/patient_reconstructed_predictions/patients/S_84_curve_masked/pred_multiclass_global.png,6370,0.0060749053955078125,.png
patients/S_84_curve_masked/pred_ordinal.png,data/patient_reconstructed_predictions/patients/S_84_curve_masked/pred_ordinal.png,50893,0.04853534698486328,.png
patients/S_84_curve_masked/reconstruction_summary.json,data/patient_reconstructed_predictions/patients/S_84_curve_masked/reconstruction_summary.json,372,0.000354766845703125,.json
patients/S_85_curve_masked/normalized_full_image_used.png,data/patient_reconstructed_predictions/patients/S_85_curve_masked/normalized_full_image_used.png,17764,0.016941070556640625,.png
patients/S_85_curve_masked/overlay_pred_regions_curve.png,data/patient_reconstructed_predictions/patients/S_85_curve_masked/overlay_pred_regions_curve.png,37216,0.035491943359375,.png
patients/S_85_curve_masked/pasted_patches.csv,data/patient_reconstructed_predictions/patients/S_85_curve_masked/pasted_patches.csv,1765,0.0016832351684570312,.csv
patients/S_85_curve_masked/pred_binary_confidence.png,data/patient_reconstructed_predictions/patients/S_85_curve_masked/pred_binary_confidence.png,21356,0.020366668701171875,.png
patients/S_85_curve_masked/pred_boundary.png,data/patient_reconstructed_predictions/patients/S_85_curve_masked/pred_boundary.png,23277,0.02219867706298828,.png
patients/S_85_curve_masked/pred_intervertebral.png,data/patient_reconstructed_predictions/patients/S_85_curve_masked/pred_intervertebral.png,21999,0.020979881286621094,.png
patients/S_85_curve_masked/pred_multiclass_global.png,data/patient_reconstructed_predictions/patients/S_85_curve_masked/pred_multiclass_global.png,7128,0.00679779052734375,.png
patients/S_85_curve_masked/pred_ordinal.png,data/patient_reconstructed_predictions/patients/S_85_curve_masked/pred_ordinal.png,51579,0.04918956756591797,.png
patients/S_85_curve_masked/reconstruction_summary.json,data/patient_reconstructed_predictions/patients/S_85_curve_masked/reconstruction_summary.json,373,0.00035572052001953125,.json
patients/S_87_curve_masked/normalized_full_image_used.png,data/patient_reconstructed_predictions/patients/S_87_curve_masked/normalized_full_image_used.png,26538,0.025308609008789062,.png
patients/S_87_curve_masked/overlay_pred_regions_curve.png,data/patient_reconstructed_predictions/patients/S_87_curve_masked/overlay_pred_regions_curve.png,54175,0.051665306091308594,.png
patients/S_87_curve_masked/pasted_patches.csv,data/patient_reconstructed_predictions/patients/S_87_curve_masked/pasted_patches.csv,1774,0.0016918182373046875,.csv
patients/S_87_curve_masked/pred_binary_confidence.png,data/patient_reconstructed_predictions/patients/S_87_curve_masked/pred_binary_confidence.png,28261,0.02695178985595703,.png
patients/S_87_curve_masked/pred_boundary.png,data/patient_reconstructed_predictions/patients/S_87_curve_masked/pred_boundary.png,30372,0.028964996337890625,.png
patients/S_87_curve_masked/pred_intervertebral.png,data/patient_reconstructed_predictions/patients/S_87_curve_masked/pred_intervertebral.png,28349,0.02703571319580078,.png
patients/S_87_curve_masked/pred_multiclass_global.png,data/patient_reconstructed_predictions/patients/S_87_curve_masked/pred_multiclass_global.png,8587,0.008189201354980469,.png
patients/S_87_curve_masked/pred_ordinal.png,data/patient_reconstructed_predictions/patients/S_87_curve_masked/pred_ordinal.png,57507,0.05484294891357422,.png
patients/S_87_curve_masked/reconstruction_summary.json,data/patient_reconstructed_predictions/patients/S_87_curve_masked/reconstruction_summary.json,378,0.0003604888916015625,.json
patients/S_88_curve_masked/normalized_full_image_used.png,data/patient_reconstructed_predictions/patients/S_88_curve_masked/normalized_full_image_used.png,33701,0.03213977813720703,.png
patients/S_88_curve_masked/overlay_pred_regions_curve.png,data/patient_reconstructed_predictions/patients/S_88_curve_masked/overlay_pred_regions_curve.png,66475,0.06339550018310547,.png
patients/S_88_curve_masked/pasted_patches.csv,data/patient_reconstructed_predictions/patients/S_88_curve_masked/pasted_patches.csv,1763,0.0016813278198242188,.csv
patients/S_88_curve_masked/pred_binary_confidence.png,data/patient_reconstructed_predictions/patients/S_88_curve_masked/pred_binary_confidence.png,33101,0.03156757354736328,.png
patients/S_88_curve_masked/pred_boundary.png,data/patient_reconstructed_predictions/patients/S_88_curve_masked/pred_boundary.png,36142,0.03446769714355469,.png
patients/S_88_curve_masked/pred_intervertebral.png,data/patient_reconstructed_predictions/patients/S_88_curve_masked/pred_intervertebral.png,33346,0.03180122375488281,.png
patients/S_88_curve_masked/pred_multiclass_global.png,data/patient_reconstructed_predictions/patients/S_88_curve_masked/pred_multiclass_global.png,8958,0.008543014526367188,.png
patients/S_88_curve_masked/pred_ordinal.png,data/patient_reconstructed_predictions/patients/S_88_curve_masked/pred_ordinal.png,55759,0.053175926208496094,.png
patients/S_88_curve_masked/reconstruction_summary.json,data/patient_reconstructed_predictions/patients/S_88_curve_masked/reconstruction_summary.json,373,0.00035572052001953125,.json
patients/S_89_curve_masked/normalized_full_image_used.png,data/patient_reconstructed_predictions/patients/S_89_curve_masked/normalized_full_image_used.png,40847,0.038954734802246094,.png
patients/S_89_curve_masked/overlay_pred_regions_curve.png,data/patient_reconstructed_predictions/patients/S_89_curve_masked/overlay_pred_regions_curve.png,79503,0.0758199691772461,.png
patients/S_89_curve_masked/pasted_patches.csv,data/patient_reconstructed_predictions/patients/S_89_curve_masked/pasted_patches.csv,1734,0.0016536712646484375,.csv
patients/S_89_curve_masked/pred_binary_confidence.png,data/patient_reconstructed_predictions/patients/S_89_curve_masked/pred_binary_confidence.png,45372,0.043270111083984375,.png
patients/S_89_curve_masked/pred_boundary.png,data/patient_reconstructed_predictions/patients/S_89_curve_masked/pred_boundary.png,50385,0.048050880432128906,.png
patients/S_89_curve_masked/pred_intervertebral.png,data/patient_reconstructed_predictions/patients/S_89_curve_masked/pred_intervertebral.png,45623,0.043509483337402344,.png
patients/S_89_curve_masked/pred_multiclass_global.png,data/patient_reconstructed_predictions/patients/S_89_curve_masked/pred_multiclass_global.png,10607,0.010115623474121094,.png
patients/S_89_curve_masked/pred_ordinal.png,data/patient_reconstructed_predictions/patients/S_89_curve_masked/pred_ordinal.png,72895,0.0695180892944336,.png
patients/S_89_curve_masked/reconstruction_summary.json,data/patient_reconstructed_predictions/patients/S_89_curve_masked/reconstruction_summary.json,375,0.00035762786865234375,.json
patients/S_90_curve_masked/normalized_full_image_used.png,data/patient_reconstructed_predictions/patients/S_90_curve_masked/normalized_full_image_used.png,24134,0.023015975952148438,.png
patients/S_90_curve_masked/overlay_pred_regions_curve.png,data/patient_reconstructed_predictions/patients/S_90_curve_masked/overlay_pred_regions_curve.png,52678,0.05023765563964844,.png
patients/S_90_curve_masked/pasted_patches.csv,data/patient_reconstructed_predictions/patients/S_90_curve_masked/pasted_patches.csv,1760,0.001678466796875,.csv
patients/S_90_curve_masked/pred_binary_confidence.png,data/patient_reconstructed_predictions/patients/S_90_curve_masked/pred_binary_confidence.png,23725,0.02262592315673828,.png
patients/S_90_curve_masked/pred_boundary.png,data/patient_reconstructed_predictions/patients/S_90_curve_masked/pred_boundary.png,25376,0.024200439453125,.png
patients/S_90_curve_masked/pred_intervertebral.png,data/patient_reconstructed_predictions/patients/S_90_curve_masked/pred_intervertebral.png,24100,0.022983551025390625,.png
patients/S_90_curve_masked/pred_multiclass_global.png,data/patient_reconstructed_predictions/patients/S_90_curve_masked/pred_multiclass_global.png,6687,0.006377220153808594,.png
patients/S_90_curve_masked/pred_ordinal.png,data/patient_reconstructed_predictions/patients/S_90_curve_masked/pred_ordinal.png,51135,0.048766136169433594,.png
patients/S_90_curve_masked/reconstruction_summary.json,data/patient_reconstructed_predictions/patients/S_90_curve_masked/reconstruction_summary.json,373,0.00035572052001953125,.json
patients/S_91_curve_masked/normalized_full_image_used.png,data/patient_reconstructed_predictions/patients/S_91_curve_masked/normalized_full_image_used.png,61977,0.059105873107910156,.png
patients/S_91_curve_masked/overlay_pred_regions_curve.png,data/patient_reconstructed_predictions/patients/S_91_curve_masked/overlay_pred_regions_curve.png,132031,0.1259145736694336,.png
patients/S_91_curve_masked/pasted_patches.csv,data/patient_reconstructed_predictions/patients/S_91_curve_masked/pasted_patches.csv,1769,0.0016870498657226562,.csv
patients/S_91_curve_masked/pred_binary_confidence.png,data/patient_reconstructed_predictions/patients/S_91_curve_masked/pred_binary_confidence.png,50959,0.048598289489746094,.png
patients/S_91_curve_masked/pred_boundary.png,data/patient_reconstructed_predictions/patients/S_91_curve_masked/pred_boundary.png,55408,0.0528411865234375,.png
patients/S_91_curve_masked/pred_intervertebral.png,data/patient_reconstructed_predictions/patients/S_91_curve_masked/pred_intervertebral.png,50638,0.04829216003417969,.png
patients/S_91_curve_masked/pred_multiclass_global.png,data/patient_reconstructed_predictions/patients/S_91_curve_masked/pred_multiclass_global.png,12654,0.012067794799804688,.png
patients/S_91_curve_masked/pred_ordinal.png,data/patient_reconstructed_predictions/patients/S_91_curve_masked/pred_ordinal.png,95333,0.09091663360595703,.png
patients/S_91_curve_masked/reconstruction_summary.json,data/patient_reconstructed_predictions/patients/S_91_curve_masked/reconstruction_summary.json,374,0.0003566741943359375,.json
patients/S_92_curve_masked/normalized_full_image_used.png,data/patient_reconstructed_predictions/patients/S_92_curve_masked/normalized_full_image_used.png,50135,0.047812461853027344,.png
patients/S_92_curve_masked/overlay_pred_regions_curve.png,data/patient_reconstructed_predictions/patients/S_92_curve_masked/overlay_pred_regions_curve.png,98814,0.09423637390136719,.png
patients/S_92_curve_masked/pasted_patches.csv,data/patient_reconstructed_predictions/patients/S_92_curve_masked/pasted_patches.csv,1766,0.0016841888427734375,.csv
patients/S_92_curve_masked/pred_binary_confidence.png,data/patient_reconstructed_predictions/patients/S_92_curve_masked/pred_binary_confidence.png,48521,0.046273231506347656,.png
patients/S_92_curve_masked/pred_boundary.png,data/patient_reconstructed_predictions/patients/S_92_curve_masked/pred_boundary.png,54728,0.05219268798828125,.png
patients/S_92_curve_masked/pred_intervertebral.png,data/patient_reconstructed_predictions/patients/S_92_curve_masked/pred_intervertebral.png,49770,0.04746437072753906,.png
patients/S_92_curve_masked/pred_multiclass_global.png,data/patient_reconstructed_predictions/patients/S_92_curve_masked/pred_multiclass_global.png,10678,0.010183334350585938,.png
patients/S_92_curve_masked/pred_ordinal.png,data/patient_reconstructed_predictions/patients/S_92_curve_masked/pred_ordinal.png,75131,0.07165050506591797,.png
patients/S_92_curve_masked/reconstruction_summary.json,data/patient_reconstructed_predictions/patients/S_92_curve_masked/reconstruction_summary.json,382,0.0003643035888671875,.json
patients/S_93_curve_masked/normalized_full_image_used.png,data/patient_reconstructed_predictions/patients/S_93_curve_masked/normalized_full_image_used.png,45854,0.04372978210449219,.png
patients/S_93_curve_masked/overlay_pred_regions_curve.png,data/patient_reconstructed_predictions/patients/S_93_curve_masked/overlay_pred_regions_curve.png,91540,0.08729934692382812,.png
patients/S_93_curve_masked/pasted_patches.csv,data/patient_reconstructed_predictions/patients/S_93_curve_masked/pasted_patches.csv,1773,0.0016908645629882812,.csv
patients/S_93_curve_masked/pred_binary_confidence.png,data/patient_reconstructed_predictions/patients/S_93_curve_masked/pred_binary_confidence.png,43598,0.04157829284667969,.png
patients/S_93_curve_masked/pred_boundary.png,data/patient_reconstructed_predictions/patients/S_93_curve_masked/pred_boundary.png,47633,0.045426368713378906,.png
patients/S_93_curve_masked/pred_intervertebral.png,data/patient_reconstructed_predictions/patients/S_93_curve_masked/pred_intervertebral.png,43524,0.041507720947265625,.png
patients/S_93_curve_masked/pred_multiclass_global.png,data/patient_reconstructed_predictions/patients/S_93_curve_masked/pred_multiclass_global.png,10000,0.0095367431640625,.png
patients/S_93_curve_masked/pred_ordinal.png,data/patient_reconstructed_predictions/patients/S_93_curve_masked/pred_ordinal.png,85995,0.08201122283935547,.png
patients/S_93_curve_masked/reconstruction_summary.json,data/patient_reconstructed_predictions/patients/S_93_curve_masked/reconstruction_summary.json,376,0.00035858154296875,.json
patients/S_94_curve_masked/normalized_full_image_used.png,data/patient_reconstructed_predictions/patients/S_94_curve_masked/normalized_full_image_used.png,28821,0.02748584747314453,.png
patients/S_94_curve_masked/overlay_pred_regions_curve.png,data/patient_reconstructed_predictions/patients/S_94_curve_masked/overlay_pred_regions_curve.png,62509,0.05961322784423828,.png
patients/S_94_curve_masked/pasted_patches.csv,data/patient_reconstructed_predictions/patients/S_94_curve_masked/pasted_patches.csv,1770,0.0016880035400390625,.csv
patients/S_94_curve_masked/pred_binary_confidence.png,data/patient_reconstructed_predictions/patients/S_94_curve_masked/pred_binary_confidence.png,26293,0.02507495880126953,.png
patients/S_94_curve_masked/pred_boundary.png,data/patient_reconstructed_predictions/patients/S_94_curve_masked/pred_boundary.png,28170,0.026865005493164062,.png
patients/S_94_curve_masked/pred_intervertebral.png,data/patient_reconstructed_predictions/patients/S_94_curve_masked/pred_intervertebral.png,26598,0.025365829467773438,.png
patients/S_94_curve_masked/pred_multiclass_global.png,data/patient_reconstructed_predictions/patients/S_94_curve_masked/pred_multiclass_global.png,7472,0.0071258544921875,.png
patients/S_94_curve_masked/pred_ordinal.png,data/patient_reconstructed_predictions/patients/S_94_curve_masked/pred_ordinal.png,54579,0.05205059051513672,.png
patients/S_94_curve_masked/reconstruction_summary.json,data/patient_reconstructed_predictions/patients/S_94_curve_masked/reconstruction_summary.json,374,0.0003566741943359375,.json
patients/S_95_curve_masked/normalized_full_image_used.png,data/patient_reconstructed_predictions/patients/S_95_curve_masked/normalized_full_image_used.png,22396,0.021358489990234375,.png
patients/S_95_curve_masked/overlay_pred_regions_curve.png,data/patient_reconstructed_predictions/patients/S_95_curve_masked/overlay_pred_regions_curve.png,49530,0.04723548889160156,.png
patients/S_95_curve_masked/pasted_patches.csv,data/patient_reconstructed_predictions/patients/S_95_curve_masked/pasted_patches.csv,1743,0.0016622543334960938,.csv
patients/S_95_curve_masked/pred_binary_confidence.png,data/patient_reconstructed_predictions/patients/S_95_curve_masked/pred_binary_confidence.png,22993,0.021927833557128906,.png
patients/S_95_curve_masked/pred_boundary.png,data/patient_reconstructed_predictions/patients/S_95_curve_masked/pred_boundary.png,24914,0.023759841918945312,.png
patients/S_95_curve_masked/pred_intervertebral.png,data/patient_reconstructed_predictions/patients/S_95_curve_masked/pred_intervertebral.png,23990,0.022878646850585938,.png
patients/S_95_curve_masked/pred_multiclass_global.png,data/patient_reconstructed_predictions/patients/S_95_curve_masked/pred_multiclass_global.png,6724,0.006412506103515625,.png
patients/S_95_curve_masked/pred_ordinal.png,data/patient_reconstructed_predictions/patients/S_95_curve_masked/pred_ordinal.png,51197,0.04882526397705078,.png
patients/S_95_curve_masked/reconstruction_summary.json,data/patient_reconstructed_predictions/patients/S_95_curve_masked/reconstruction_summary.json,373,0.00035572052001953125,.json
patients/S_96_curve_masked/normalized_full_image_used.png,data/patient_reconstructed_predictions/patients/S_96_curve_masked/normalized_full_image_used.png,52458,0.05002784729003906,.png
patients/S_96_curve_masked/overlay_pred_regions_curve.png,data/patient_reconstructed_predictions/patients/S_96_curve_masked/overlay_pred_regions_curve.png,107229,0.10226154327392578,.png
patients/S_96_curve_masked/pasted_patches.csv,data/patient_reconstructed_predictions/patients/S_96_curve_masked/pasted_patches.csv,1772,0.001689910888671875,.csv
patients/S_96_curve_masked/pred_binary_confidence.png,data/patient_reconstructed_predictions/patients/S_96_curve_masked/pred_binary_confidence.png,44494,0.04243278503417969,.png
patients/S_96_curve_masked/pred_boundary.png,data/patient_reconstructed_predictions/patients/S_96_curve_masked/pred_boundary.png,48788,0.046527862548828125,.png
patients/S_96_curve_masked/pred_intervertebral.png,data/patient_reconstructed_predictions/patients/S_96_curve_masked/pred_intervertebral.png,44287,0.042235374450683594,.png
patients/S_96_curve_masked/pred_multiclass_global.png,data/patient_reconstructed_predictions/patients/S_96_curve_masked/pred_multiclass_global.png,11089,0.010575294494628906,.png
patients/S_96_curve_masked/pred_ordinal.png,data/patient_reconstructed_predictions/patients/S_96_curve_masked/pred_ordinal.png,79712,0.076019287109375,.png
patients/S_96_curve_masked/reconstruction_summary.json,data/patient_reconstructed_predictions/patients/S_96_curve_masked/reconstruction_summary.json,374,0.0003566741943359375,.json
patients/S_97_curve_masked/normalized_full_image_used.png,data/patient_reconstructed_predictions/patients/S_97_curve_masked/normalized_full_image_used.png,25955,0.02475261688232422,.png
patients/S_97_curve_masked/overlay_pred_regions_curve.png,data/patient_reconstructed_predictions/patients/S_97_curve_masked/overlay_pred_regions_curve.png,56242,0.05363655090332031,.png
patients/S_97_curve_masked/pasted_patches.csv,data/patient_reconstructed_predictions/patients/S_97_curve_masked/pasted_patches.csv,1770,0.0016880035400390625,.csv
patients/S_97_curve_masked/pred_binary_confidence.png,data/patient_reconstructed_predictions/patients/S_97_curve_masked/pred_binary_confidence.png,25627,0.02443981170654297,.png
patients/S_97_curve_masked/pred_boundary.png,data/patient_reconstructed_predictions/patients/S_97_curve_masked/pred_boundary.png,27662,0.026380538940429688,.png
patients/S_97_curve_masked/pred_intervertebral.png,data/patient_reconstructed_predictions/patients/S_97_curve_masked/pred_intervertebral.png,25918,0.024717330932617188,.png
patients/S_97_curve_masked/pred_multiclass_global.png,data/patient_reconstructed_predictions/patients/S_97_curve_masked/pred_multiclass_global.png,6735,0.006422996520996094,.png
patients/S_97_curve_masked/pred_ordinal.png,data/patient_reconstructed_predictions/patients/S_97_curve_masked/pred_ordinal.png,56991,0.054350852966308594,.png
patients/S_97_curve_masked/reconstruction_summary.json,data/patient_reconstructed_predictions/patients/S_97_curve_masked/reconstruction_summary.json,373,0.00035572052001953125,.json
patients/S_98_curve_masked/normalized_full_image_used.png,data/patient_reconstructed_predictions/patients/S_98_curve_masked/normalized_full_image_used.png,51879,0.049475669860839844,.png
patients/S_98_curve_masked/overlay_pred_regions_curve.png,data/patient_reconstructed_predictions/patients/S_98_curve_masked/overlay_pred_regions_curve.png,105372,0.10049057006835938,.png
patients/S_98_curve_masked/pasted_patches.csv,data/patient_reconstructed_predictions/patients/S_98_curve_masked/pasted_patches.csv,1688,0.00160980224609375,.csv
patients/S_98_curve_masked/pred_binary_confidence.png,data/patient_reconstructed_predictions/patients/S_98_curve_masked/pred_binary_confidence.png,43652,0.041629791259765625,.png
patients/S_98_curve_masked/pred_boundary.png,data/patient_reconstructed_predictions/patients/S_98_curve_masked/pred_boundary.png,49502,0.04720878601074219,.png
patients/S_98_curve_masked/pred_intervertebral.png,data/patient_reconstructed_predictions/patients/S_98_curve_masked/pred_intervertebral.png,44593,0.042527198791503906,.png
patients/S_98_curve_masked/pred_multiclass_global.png,data/patient_reconstructed_predictions/patients/S_98_curve_masked/pred_multiclass_global.png,10155,0.009684562683105469,.png
patients/S_98_curve_masked/pred_ordinal.png,data/patient_reconstructed_predictions/patients/S_98_curve_masked/pred_ordinal.png,67950,0.06480216979980469,.png
patients/S_98_curve_masked/reconstruction_summary.json,data/patient_reconstructed_predictions/patients/S_98_curve_masked/reconstruction_summary.json,382,0.0003643035888671875,.json
verify_all_patient_images_generated.csv,data/patient_reconstructed_predictions/verify_all_patient_images_generated.csv,34090,0.03251075744628906,.csv
