patient_key,peak_type,gap_order,curve_idx,x,y,profile_name,peak_height,peak_prominence,peak_width_half_prominence,peak_width_height,left_ips,right_ips,left_base_idx,right_base_idx,prev_peak_idx,next_peak_idx,distance_to_prev_peak_idx,distance_to_next_peak_idx,left_valley_idx,right_valley_idx,left_valley_value,right_valley_value,valley_to_valley_width,height_above_left_valley,height_above_right_valley,height_above_mean_valleys
N_10,gap,1,42,138.43217,246.77406,gap_score_smooth,0.8084639310836792,0.060301244258880615,29.148892053334873,0.7783133089542389,25.60779819851283,54.7566902518477,0,58,,70.0,0.0,28.0,15,50,0.741578221321106,0.7888233661651611,35,0.06688570976257324,0.019640564918518066,0.043263137340545654
N_10,gap,2,70,140.9146,338.62344,gap_score_smooth,0.8825137615203857,0.03230750560760498,5.649981264820653,0.8663600087165833,67.57167463030463,73.22165589512528,0,83,42.0,104.0,28.0,34.0,58,75,0.7481626868247986,0.8586730360984802,17,0.13435107469558716,0.023840725421905518,0.07909590005874634
N_10,gap,3,104,149.06778,450.15482,gap_score_smooth,0.937186062335968,0.06243366003036499,17.50731840609781,0.9059692323207855,91.70720276406277,109.21452117016058,0,114,70.0,124.0,34.0,20.0,100,114,0.9335958361625671,0.874752402305603,14,0.003590226173400879,0.06243366003036499,0.033011943101882935
N_10,gap,4,124,149.60226,515.76154,gap_score_smooth,0.9866548180580139,0.8559857904911041,208.73204705661612,0.5586619228124619,4.760683714914949,213.4927307715311,0,221,104.0,143.0,20.0,19.0,114,134,0.874752402305603,0.7032312750816345,20,0.11190241575241089,0.2834235429763794,0.19766297936439514
N_10,gap,5,143,150.06146,578.0879,gap_score_smooth,0.9601619839668274,0.25693070888519287,13.671670032755685,0.831696629524231,139.1009033377262,152.7725733704819,134,221,124.0,159.0,19.0,16.0,134,155,0.7032312750816345,0.8236974477767944,21,0.25693070888519287,0.13646453619003296,0.19669762253761292
N_10,gap,6,159,153.09067,630.57324,gap_score_smooth,0.8587042093276978,0.03500676155090332,3.4579083947025424,0.8412008285522461,157.45816028673585,160.9160686814384,155,171,143.0,175.0,16.0,16.0,155,171,0.8236974477767944,0.6932385563850403,16,0.03500676155090332,0.16546565294265747,0.1002362072467804
N_10,gap,7,175,156.64906,683.0586,gap_score_smooth,0.7412851452827454,0.04152953624725342,4.325350827490297,0.7205203771591187,173.47266646084182,177.79801728833212,171,180,159.0,199.0,16.0,24.0,171,180,0.6932385563850403,0.6997556090354919,9,0.04804658889770508,0.04152953624725342,0.04478806257247925
N_10,gap,8,199,159.98534,761.7866,gap_score_smooth,0.8615226149559021,0.16828405857086182,23.024724697645098,0.7773805856704712,188.29942150081794,211.32414619846304,171,221,175.0,231.0,24.0,32.0,180,205,0.6997556090354919,0.8475583791732788,25,0.16176700592041016,0.013964235782623291,0.08786562085151672
N_10,gap,9,231,165.06868,866.7573,gap_score_smooth,0.6827560663223267,0.5636145249009132,9.151635329596587,0.40094880387187004,226.26150266302696,235.41313799262355,221,239,199.0,,32.0,0.0,221,239,0.07595469802618027,0.11914154142141342,18,0.6068013682961464,0.5636145249009132,0.5852079465985298
N_11,gap,1,9,132.01517,128.20502,gap_score_smooth,0.6531504988670349,0.12658274173736572,9.323076606369463,0.589859127998352,5.857122035389738,15.180198641759201,0,19,,70.0,0.0,61.0,0,19,0.13893745839595795,0.5265677571296692,19,0.514213040471077,0.12658274173736572,0.32039789110422134
N_11,gap,2,70,126.048325,319.37238,gap_score_smooth,0.9017559885978699,0.10027164220809937,40.114157144939966,0.8516201674938202,42.85725390496397,82.97141104990394,0,87,9.0,98.0,61.0,28.0,49,87,0.85297030210495,0.8014843463897705,38,0.04878568649291992,0.10027164220809937,0.07452866435050964
N_11,gap,3,98,126.70289,407.12134,gap_score_smooth,0.9020968079566956,0.1987365484237671,22.58513653099216,0.802728533744812,88.14149279331079,110.72662932430295,0,115,70.0,128.0,28.0,30.0,87,115,0.8014843463897705,0.7033602595329285,28,0.10061246156692505,0.1987365484237671,0.14967450499534607
N_11,gap,4,128,128.39737,501.13806,gap_score_smooth,0.9929089546203613,0.8539714962244034,161.49988755998703,0.5659232065081596,25.0851037855704,186.58499134555743,0,239,98.0,165.0,30.0,37.0,115,133,0.7033602595329285,0.9847118854522705,18,0.28954869508743286,0.00819706916809082,0.14887288212776184
N_11,gap,5,165,137.64755,617.09204,gap_score_smooth,0.9087520241737366,0.03732842206954956,6.811727020974729,0.8900878131389618,159.41378135937794,166.22550838035266,156,239,128.0,183.0,37.0,18.0,156,176,0.871423602104187,0.6132633090019226,20,0.03732842206954956,0.29548871517181396,0.16640856862068176
N_11,gap,6,183,139.0529,673.5021,gap_score_smooth,0.8445253968238831,0.23126208782196045,5.341798564932731,0.7288943529129028,179.78668585857594,185.12848442350867,176,239,165.0,203.0,18.0,20.0,176,193,0.6132633090019226,0.23330049216747284,17,0.23126208782196045,0.6112249046564102,0.42124349623918533
N_11,gap,7,203,138.71982,736.17993,gap_score_smooth,0.8386679887771606,0.6053674966096878,14.190608938554135,0.5359842404723167,198.44864120088357,212.6392501394377,193,239,183.0,218.0,20.0,15.0,193,213,0.23330049216747284,0.5332470536231995,20,0.6053674966096878,0.3054209351539612,0.4553942158818245
N_11,gap,8,218,139.94778,783.1883,gap_score_smooth,0.6211255192756653,0.08787846565246582,3.3131647274667557,0.5771862864494324,215.86759927746834,219.1807640049351,213,239,203.0,232.0,15.0,14.0,213,225,0.5332470536231995,0.39152073860168457,12,0.08787846565246582,0.2296047806739807,0.15874162316322327
N_11,gap,9,232,141.72508,827.06274,gap_score_smooth,0.5799335241317749,0.18841278553009033,4.127787826132106,0.48572713136672974,229.949660489891,234.0774483160231,225,239,218.0,,14.0,0.0,225,239,0.39152073860168457,0.08865723758935928,14,0.18841278553009033,0.4912762865424156,0.339844536036253
N_12,gap,1,10,70.44312,155.8661,gap_score_smooth,0.730063796043396,0.07044732570648193,16.5963970064611,0.694840133190155,7.509075625880004,24.105472632341105,0,28,,65.0,0.0,55.0,0,28,0.134946808218956,0.6596164703369141,28,0.59511698782444,0.07044732570648193,0.33278215676546097
N_12,gap,2,65,75.58664,309.1297,gap_score_smooth,0.9548568725585938,0.12484526634216309,12.232044396538058,0.8924342393875122,59.199892475111696,71.43193687164975,0,79,10.0,100.0,55.0,35.0,50,79,0.7899431586265564,0.8300116062164307,29,0.16491371393203735,0.12484526634216309,0.14487949013710022
N_12,gap,3,100,80.01363,406.6611,gap_score_smooth,0.9316455721855164,0.034008562564849854,12.572650113930536,0.9146412909030914,91.78631193209799,104.35896204602852,79,110,65.0,123.0,35.0,23.0,97,110,0.9283196926116943,0.8976370096206665,13,0.0033258795738220215,0.034008562564849854,0.018667221069335938
N_12,gap,4,123,76.356575,470.75314,gap_score_smooth,0.9902228713035583,0.8552760630846024,169.6561228667389,0.5625848397612572,5.5067894951525105,175.16291236189142,0,239,100.0,151.0,23.0,28.0,110,139,0.8976370096206665,0.9322458505630493,29,0.09258586168289185,0.05797702074050903,0.07528144121170044
N_12,gap,5,151,75.25803,548.77826,gap_score_smooth,0.9697379469871521,0.03749209642410278,8.888353252117213,0.9509918987751007,145.10752241077972,153.99587566289694,139,239,123.0,192.0,28.0,41.0,139,180,0.9322458505630493,0.3160945177078247,41,0.03749209642410278,0.6536434292793274,0.3455677628517151
N_12,gap,6,192,77.96398,663.0293,gap_score_smooth,0.8106586933135986,0.4945641756057739,24.87278362781774,0.5633766055107117,188.54915049910326,213.421934126921,180,239,151.0,210.0,41.0,18.0,180,200,0.3160945177078247,0.6232670545578003,20,0.4945641756057739,0.18739163875579834,0.34097790718078613
N_12,gap,7,210,80.20179,713.1883,gap_score_smooth,0.8064061999320984,0.1831391453742981,4.899509971743214,0.7148366272449493,206.92319354915628,211.8227035208995,200,239,192.0,230.0,18.0,20.0,200,222,0.6232670545578003,0.2862032353878021,22,0.1831391453742981,0.5202029645442963,0.3516710549592972
N_12,gap,8,230,79.94817,768.92053,gap_score_smooth,0.6706119775772095,0.38440874218940735,7.275435567831352,0.4784076064825058,226.26690875582554,233.5423443236569,222,239,210.0,,20.0,0.0,222,239,0.2862032353878021,0.08021961897611618,17,0.38440874218940735,0.5903923586010933,0.4874005503952503
N_13,gap,1,57,108.44964,276.67783,gap_score_smooth,0.8580926060676575,0.19672024250030518,45.04413798675325,0.7597324848175049,16.057110222729868,61.10124820948312,0,68,,96.0,0.0,39.0,52,68,0.8403908014297485,0.6613723635673523,16,0.017701804637908936,0.19672024250030518,0.10721102356910706
N_13,gap,2,96,103.034424,398.24686,gap_score_smooth,0.9681051969528198,0.8035383820533752,226.49098937767403,0.5663360059261322,4.785771441940428,231.27676081961445,0,239,57.0,125.0,39.0,29.0,83,102,0.878086507320404,0.949504554271698,19,0.09001868963241577,0.018600642681121826,0.0543096661567688
N_13,gap,3,125,100.51846,488.64435,gap_score_smooth,0.9039212465286255,0.06196624040603638,3.4977302003954236,0.8729381263256073,123.96687723443414,127.46460743482956,116,133,96.0,140.0,29.0,15.0,116,133,0.6520439386367798,0.8419550061225891,17,0.2518773078918457,0.06196624040603638,0.15692177414894104
N_13,gap,4,140,100.15762,535.4017,gap_score_smooth,0.9662057757377625,0.31416183710098267,35.33633916040756,0.8091248571872711,122.83756188908768,158.17390104949524,116,239,125.0,156.0,15.0,16.0,133,151,0.8419550061225891,0.8287197351455688,18,0.12425076961517334,0.1374860405921936,0.13086840510368347
N_13,gap,5,156,101.69724,585.2761,gap_score_smooth,0.8768172264099121,0.04809749126434326,3.6921123465873222,0.8527684807777405,153.4565052586621,157.14861760524943,151,164,140.0,185.0,16.0,29.0,151,164,0.8287197351455688,0.6552106142044067,13,0.04809749126434326,0.22160661220550537,0.13485205173492432
N_13,gap,6,185,98.61595,675.67365,gap_score_smooth,0.8921297788619995,0.23691916465759277,22.680928800826337,0.7736701965332031,170.31383255027382,192.99476135110015,164,239,156.0,209.0,29.0,24.0,180,198,0.8868314027786255,0.614741325378418,18,0.0052983760833740234,0.27738845348358154,0.14134341478347778
N_13,gap,7,209,92.54736,750.48535,gap_score_smooth,0.8772645592689514,0.26252323389053345,11.569249412821847,0.7460029423236847,204.86087007021,216.43011948303186,198,239,185.0,226.0,24.0,17.0,198,221,0.614741325378418,0.6882925629615784,23,0.26252323389053345,0.18897199630737305,0.22574761509895325
N_13,gap,8,226,85.478966,803.477,gap_score_smooth,0.7349018454551697,0.04660928249359131,5.158564570341127,0.711597204208374,223.34074811730875,228.49931268764988,221,239,209.0,,17.0,0.0,221,239,0.6882925629615784,0.055251967161893845,18,0.04660928249359131,0.6796498782932758,0.36312958039343357
N_14,gap,1,27,118.45573,257.159,gap_score_smooth,0.7666546106338501,0.033139586448669434,10.567413163137822,0.7500848174095154,23.18288345796097,33.75029662109879,0,38,,65.0,0.0,38.0,18,38,0.7290980815887451,0.7335150241851807,20,0.03755652904510498,0.033139586448669434,0.03534805774688721
N_14,gap,2,65,115.01217,365.75314,gap_score_smooth,0.9040247797966003,0.09679901599884033,9.578306195672148,0.8556252717971802,60.34606972897064,69.92437592464279,0,76,27.0,94.0,38.0,29.0,51,76,0.7470287680625916,0.80722576379776,25,0.1569960117340088,0.09679901599884033,0.12689751386642456
N_14,gap,3,94,114.6263,448.62762,gap_score_smooth,0.9657961130142212,0.07629096508026123,12.497015529174888,0.9276506304740906,90.07589819889667,102.57291372807155,0,111,65.0,124.0,29.0,30.0,76,111,0.80722576379776,0.88950514793396,35,0.15857034921646118,0.07629096508026123,0.1174306571483612
N_14,gap,4,124,117.63468,534.3598,gap_score_smooth,0.9909927845001221,0.8608980774879456,174.315586582536,0.5605437457561493,5.332449814244358,179.64803639678038,0,239,94.0,148.0,30.0,24.0,111,140,0.88950514793396,0.9441497921943665,29,0.10148763656616211,0.046842992305755615,0.07416531443595886
N_14,gap,5,148,118.54567,602.9456,gap_score_smooth,0.9756320118904114,0.03148221969604492,7.7797656056714,0.9598909020423889,144.00029639352593,151.78006199919733,140,239,124.0,195.0,24.0,47.0,140,184,0.9441497921943665,0.40455347299575806,44,0.03148221969604492,0.5710785388946533,0.3012803792953491
N_14,gap,6,195,122.85776,737.2594,gap_score_smooth,0.7980623245239258,0.3935088515281677,6.218866304189476,0.6013078987598419,191.8860357304611,198.10490203465056,184,239,148.0,214.0,47.0,19.0,187,206,0.40719297528266907,0.29102426767349243,19,0.3908693492412567,0.5070380568504333,0.44895370304584503
N_14,gap,7,214,118.87237,791.55646,gap_score_smooth,0.7148619294166565,0.42383766174316406,7.845603437070139,0.5029430985450745,210.9827636690875,218.82836710615763,206,239,195.0,231.0,19.0,17.0,206,224,0.29102426767349243,0.4700332581996918,18,0.42383766174316406,0.24482867121696472,0.3343331664800644
N_14,gap,8,231,122.93527,840.13806,gap_score_smooth,0.6403264999389648,0.17029324173927307,4.914842199343724,0.5551798790693283,227.9787592280334,232.89360142737712,224,239,214.0,,17.0,0.0,224,239,0.4700332581996918,0.09221374988555908,15,0.17029324173927307,0.5481127500534058,0.3592029958963394
N_15,gap,1,40,123.42575,285.24268,gap_score_smooth,0.8537247776985168,0.060034751892089844,10.886396438002741,0.8237074017524719,32.558809142278825,43.445205580281566,0,50,,71.0,0.0,31.0,31,50,0.8198708891868591,0.793690025806427,19,0.033853888511657715,0.060034751892089844,0.04694432020187378
N_15,gap,2,71,123.86948,392.38077,gap_score_smooth,0.9247453808784485,0.07882481813430786,23.19897204977014,0.8853329718112946,57.743224289664134,80.94219633943428,0,90,40.0,101.0,31.0,30.0,50,90,0.793690025806427,0.8459205627441406,40,0.13105535507202148,0.07882481813430786,0.10494008660316467
N_15,gap,3,101,126.51074,496.06277,gap_score_smooth,0.9372348785400391,0.11443603038787842,13.434973121971097,0.8800168633460999,94.74723533640747,108.18220845837857,0,112,71.0,147.0,30.0,46.0,90,112,0.8459205627441406,0.8227988481521606,22,0.09131431579589844,0.11443603038787842,0.10287517309188843
N_15,gap,4,147,128.0111,655.0419,gap_score_smooth,0.9953969717025757,0.8589811623096466,227.282004937631,0.5659063905477524,6.060521811687958,233.34252674931895,0,239,101.0,191.0,46.0,44.0,139,159,0.9811640977859497,0.9181295037269592,20,0.014232873916625977,0.07726746797561646,0.045750170946121216
N_15,gap,5,191,138.05112,807.10876,gap_score_smooth,0.8828809857368469,0.05738645792007446,6.012312562739112,0.8541877567768097,187.61619508502963,193.62850764776874,178,239,147.0,208.0,44.0,17.0,178,200,0.8254945278167725,0.7338557839393616,22,0.05738645792007446,0.14902520179748535,0.10320582985877991
N_15,gap,6,208,140.30899,865.86194,gap_score_smooth,0.8808209896087646,0.14696520566940308,13.856636877519122,0.8073383867740631,205.07309349542297,218.9297303729421,200,239,191.0,,17.0,0.0,200,239,0.7338557839393616,0.08904771506786346,39,0.14696520566940308,0.7917732745409012,0.46936924010515213
N_16,gap,1,64,188.1314,336.6611,gap_score_smooth,0.9455251097679138,0.0740862488746643,8.472961112346056,0.9084819853305817,59.46699872615707,67.93995983850313,0,81,,94.0,0.0,30.0,51,72,0.7797925472259521,0.8779737949371338,21,0.16573256254196167,0.06755131483078003,0.11664193868637085
N_16,gap,2,94,187.02847,426.03348,gap_score_smooth,0.9679243564605713,0.06883734464645386,11.29883968802973,0.9335056841373444,88.23931507181972,99.53815475984945,0,111,64.0,123.0,30.0,29.0,81,111,0.8714388608932495,0.8990870118141174,30,0.09648549556732178,0.06883734464645386,0.08266142010688782
N_16,gap,3,123,184.96252,512.42676,gap_score_smooth,0.9873620271682739,0.8681792542338371,156.8859856948042,0.5532724000513554,5.004880458519702,161.89086615332388,0,239,94.0,142.0,29.0,19.0,111,135,0.8990870118141174,0.6323081851005554,24,0.0882750153541565,0.3550538420677185,0.2216644287109375
N_16,gap,4,142,185.26039,569.0293,gap_score_smooth,0.8538432717323303,0.2215350866317749,5.186980026526442,0.7430757284164429,139.38015108603625,144.5671311125627,135,239,123.0,157.0,19.0,15.0,135,152,0.6323081851005554,0.6226513981819153,17,0.2215350866317749,0.23119187355041504,0.22636348009109497
N_16,gap,5,157,184.73895,613.71545,gap_score_smooth,0.7396877408027649,0.11703634262084961,3.8684446949436335,0.6811695694923401,155.1528672156864,159.02131191063003,152,168,142.0,174.0,15.0,17.0,152,168,0.6226513981819153,0.48787161707878113,16,0.11703634262084961,0.25181612372398376,0.1844262331724167
N_16,gap,6,174,182.92743,664.3598,gap_score_smooth,0.6574541926383972,0.07597213983535767,3.56990753137066,0.6194681227207184,172.3747923533493,175.94469988471997,168,178,157.0,191.0,17.0,17.0,168,178,0.48787161707878113,0.5814820528030396,10,0.1695825755596161,0.07597213983535767,0.12277735769748688
N_16,gap,7,191,183.42137,715.0042,gap_score_smooth,0.8254427313804626,0.3375711143016815,8.398825208721917,0.6566571742296219,185.80019998351713,194.19902519223905,168,239,174.0,211.0,17.0,20.0,178,202,0.5814820528030396,0.3874247670173645,24,0.2439606785774231,0.43801796436309814,0.3409893214702606
N_16,gap,8,211,184.79126,774.58575,gap_score_smooth,0.8234720826148987,0.4360473155975342,8.867587641778869,0.6054484248161316,206.65448055719233,215.5220681989712,202,239,191.0,231.0,20.0,20.0,202,224,0.3874247670173645,0.3299829363822937,22,0.4360473155975342,0.493489146232605,0.4647682309150696
N_16,gap,9,231,187.73001,834.16736,gap_score_smooth,0.6525431275367737,0.32256019115448,6.2175265263992685,0.4912630319595337,227.88954368999816,234.10707021639743,224,239,211.0,,20.0,0.0,224,239,0.3299829363822937,0.09764730930328369,15,0.32256019115448,0.55489581823349,0.438728004693985
N_17,gap,1,59,97.468994,340.92468,gap_score_smooth,0.9059964418411255,0.08870035409927368,10.158893887378298,0.8616462647914886,55.04156384165512,65.20045772903342,0,70,,93.0,0.0,34.0,52,70,0.8259627223014832,0.8172960877418518,18,0.08003371953964233,0.08870035409927368,0.08436703681945801
N_17,gap,2,93,96.44477,446.3389,gap_score_smooth,0.9218505024909973,0.19214850664138794,25.209976406022847,0.8257762491703033,71.19081723975506,96.40079364577791,0,104,59.0,125.0,34.0,32.0,82,104,0.8474558591842651,0.7297019958496094,22,0.07439464330673218,0.19214850664138794,0.13327157497406006
N_17,gap,3,125,87.04613,545.5523,gap_score_smooth,0.9941311478614807,0.8778305575251579,190.73490197864578,0.5552158690989017,5.832407295160915,196.5673092738067,0,239,93.0,184.0,32.0,59.0,104,134,0.7297019958496094,0.965415358543396,30,0.26442915201187134,0.028715789318084717,0.14657247066497803
N_17,gap,4,184,85.43869,728.477,gap_score_smooth,0.8519158959388733,0.05775326490402222,13.56877561546446,0.8230392634868622,178.81955714168362,192.38833275714808,173,239,125.0,212.0,59.0,28.0,173,189,0.7941626310348511,0.8269078731536865,16,0.05775326490402222,0.025008022785186768,0.04138064384460449
N_17,gap,5,212,86.752716,815.2887,gap_score_smooth,0.7919028997421265,0.46310946345329285,25.74036546561078,0.56034816801548,208.02250787255397,233.76287333816475,202,239,184.0,,28.0,0.0,202,239,0.3287934362888336,0.11630059033632278,37,0.46310946345329285,0.6756023094058037,0.5693558864295483
N_18,gap,1,43,114.929276,289.7322,gap_score_smooth,0.8824617862701416,0.11515498161315918,19.319498789833517,0.824884295463562,35.872100489605906,55.19159927943942,0,64,,78.0,0.0,35.0,34,51,0.8179004788398743,0.8356793522834778,17,0.06456130743026733,0.04678243398666382,0.055671870708465576
N_18,gap,2,78,110.48705,408.35147,gap_score_smooth,0.8939181566238403,0.130645751953125,14.01381431418831,0.8285952806472778,72.67908531795452,86.69289963214283,0,93,43.0,103.0,35.0,25.0,70,93,0.8036547303199768,0.7632724046707153,23,0.09026342630386353,0.130645751953125,0.11045458912849426
N_18,gap,3,103,111.428795,493.0795,gap_score_smooth,0.9039496779441833,0.3654593229293823,99.866229612399,0.7212200164794922,6.436755557698799,106.3029851700978,0,111,78.0,121.0,25.0,18.0,93,111,0.7632724046707153,0.538490355014801,18,0.14067727327346802,0.3654593229293823,0.25306829810142517
N_18,gap,4,121,110.916275,554.0837,gap_score_smooth,0.9458087086677551,0.18252980709075928,5.624781653936836,0.8545438051223755,118.00352161406813,123.62830326800497,0,127,103.0,139.0,18.0,18.0,111,127,0.538490355014801,0.7632789015769958,16,0.4073183536529541,0.18252980709075928,0.2949240803718567
N_18,gap,5,139,107.18918,615.0879,gap_score_smooth,0.9937878847122192,0.8466697633266449,79.10199969212026,0.5704530030488968,114.16742500745495,193.2694246995752,0,220,121.0,206.0,18.0,67.0,127,145,0.7632789015769958,0.9853047132492065,18,0.2305089831352234,0.008483171463012695,0.11949607729911804
N_18,gap,6,206,91.66846,842.159,gap_score_smooth,0.9015945196151733,0.353344202041626,9.883711069311659,0.7249224185943604,201.27834644776524,211.1620575170769,197,220,139.0,231.0,67.0,25.0,197,220,0.5482503175735474,0.028069820255041122,23,0.353344202041626,0.8735246993601322,0.6134344507008791
N_18,gap,7,231,88.18934,926.887,gap_score_smooth,0.7153279781341553,0.5686578005552292,10.347445726698368,0.4309990778565407,225.26145478776422,235.6089005144626,220,239,206.0,,25.0,0.0,220,239,0.028069820255041122,0.1466701775789261,19,0.6872581578791142,0.5686578005552292,0.6279579792171717
N_19,gap,1,9,137.02342,167.37239,gap_score_smooth,0.7693303227424622,0.03623700141906738,5.4696140588602224,0.7512118220329285,7.348987452599872,12.818601511460095,0,16,,69.0,0.0,60.0,0,16,0.18598876893520355,0.7330933213233948,16,0.5833415538072586,0.03623700141906738,0.309789277613163
N_19,gap,2,69,132.12305,363.1883,gap_score_smooth,0.9187684059143066,0.25505590438842773,55.38890094234047,0.7912404537200928,25.182194672474452,80.57109561481492,0,87,9.0,100.0,60.0,31.0,56,87,0.8410858511924744,0.6637125015258789,31,0.07768255472183228,0.25505590438842773,0.16636922955513
N_19,gap,3,100,128.16011,464.35983,gap_score_smooth,0.9333867430686951,0.7473979741334915,162.24422097063217,0.5596877560019493,4.426015436877355,166.67023640750952,0,239,69.0,116.0,31.0,16.0,87,109,0.6637125015258789,0.7292084097862244,22,0.26967424154281616,0.2041783332824707,0.23692628741264343
N_19,gap,4,116,126.93427,516.5774,gap_score_smooth,0.7856559157371521,0.056447505950927734,3.2846705283851207,0.7574321627616882,113.59327912517486,116.87794965355998,109,122,100.0,130.0,16.0,14.0,109,122,0.7292084097862244,0.5913614630699158,13,0.056447505950927734,0.19429445266723633,0.12537097930908203
N_19,gap,5,130,127.197136,562.26776,gap_score_smooth,0.8515069484710693,0.13008040189743042,3.759569475251226,0.7864667475223541,128.45803765909136,132.2176071343426,122,136,116.0,144.0,14.0,14.0,122,136,0.5913614630699158,0.7214265465736389,14,0.26014548540115356,0.13008040189743042,0.195112943649292
N_19,gap,6,144,122.03928,607.9581,gap_score_smooth,0.906548023223877,0.3151865601539612,7.245752123714084,0.7489547431468964,140.1844400024522,147.43019212616628,122,239,130.0,160.0,14.0,16.0,136,154,0.7214265465736389,0.6459108591079712,18,0.18512147665023804,0.26063716411590576,0.2228793203830719
N_19,gap,7,160,121.00927,660.1757,gap_score_smooth,0.8615217804908752,0.21561092138290405,5.621179888892584,0.7537163197994232,157.1826416663968,162.80382155528937,154,185,144.0,178.0,16.0,18.0,154,171,0.6459108591079712,0.532607913017273,17,0.21561092138290405,0.3289138674736023,0.2722623944282532
N_19,gap,8,178,115.31047,718.92053,gap_score_smooth,0.7712768316268921,0.23866891860961914,6.622420459702624,0.6519423723220825,174.32741278519234,180.94983324489496,171,185,160.0,196.0,18.0,18.0,171,185,0.532607913017273,0.5069426894187927,14,0.23866891860961914,0.26433414220809937,0.25150153040885925
N_19,gap,9,196,107.48692,777.6653,gap_score_smooth,0.873461902141571,0.3665192127227783,8.04854242157495,0.6902022957801819,191.83570727904427,199.88424970061922,185,239,178.0,213.0,18.0,17.0,185,206,0.5069426894187927,0.5512059926986694,21,0.3665192127227783,0.3222559094429016,0.34438756108283997
N_19,gap,10,213,98.78917,833.1464,gap_score_smooth,0.8008246421813965,0.24961864948272705,5.732866196425562,0.676015317440033,209.76903561365705,215.50190181008261,206,239,196.0,230.0,17.0,17.0,206,223,0.5512059926986694,0.4943252205848694,17,0.24961864948272705,0.3064994215965271,0.2780590355396271
N_19,gap,11,230,90.28238,888.6276,gap_score_smooth,0.7265325784683228,0.23220735788345337,6.35114084345156,0.6104288995265961,226.2308977197099,232.58203856316146,223,239,213.0,,17.0,0.0,223,239,0.4943252205848694,0.08502588421106339,16,0.23220735788345337,0.6415066942572594,0.43685702607035637
N_1,gap,1,8,127.2766,126.61507,gap_score_smooth,0.7231391668319702,0.24070602655410767,7.533094371358428,0.6027861535549164,4.980542797917827,12.513637169276254,0,27,,46.0,0.0,38.0,0,15,0.17720402777194977,0.5642452836036682,15,0.5459351390600204,0.158893883228302,0.3524145111441612
N_1,gap,2,46,129.28313,257.78662,gap_score_smooth,0.9064571261405945,0.041121840476989746,5.731428105389234,0.8858962059020996,43.43784153604603,49.169269641435264,0,53,8.0,62.0,38.0,16.0,27,53,0.48243314027786255,0.8653352856636047,26,0.42402398586273193,0.041121840476989746,0.23257291316986084
N_1,gap,3,62,137.66089,313.01672,gap_score_smooth,0.9247027635574341,0.10616642236709595,19.427267416998035,0.8716195523738861,54.279096932795,73.70636434979303,0,82,46.0,94.0,16.0,32.0,53,82,0.8653352856636047,0.8185363411903381,29,0.059367477893829346,0.10616642236709595,0.08276695013046265
N_1,gap,4,94,141.40808,423.477,gap_score_smooth,0.9378067255020142,0.3532712459564209,69.31848035810663,0.7611711025238037,35.003623518839404,104.32210387694603,0,134,62.0,113.0,32.0,19.0,82,109,0.8185363411903381,0.7306549549102783,27,0.11927038431167603,0.20715177059173584,0.16321107745170593
N_1,gap,5,113,142.28508,489.06277,gap_score_smooth,0.783150315284729,0.052495360374450684,3.533119475945284,0.7569026350975037,111.60980444365552,115.1429239196008,109,118,94.0,127.0,19.0,14.0,109,118,0.7306549549102783,0.7049737572669983,9,0.052495360374450684,0.07817655801773071,0.0653359591960907
N_1,gap,6,127,142.76878,537.3891,gap_score_smooth,0.9014184474945068,0.19644469022750854,4.6611894172219905,0.8031961023807526,124.12765227416212,128.7888416913841,118,134,113.0,143.0,14.0,16.0,118,134,0.7049737572669983,0.5845354795455933,16,0.19644469022750854,0.3168829679489136,0.25666382908821106
N_1,gap,7,143,146.31339,592.61926,gap_score_smooth,0.945952296257019,0.7687482684850693,184.9232035956343,0.5615781620144844,31.56408152173913,216.48728511737343,0,239,127.0,159.0,16.0,16.0,134,153,0.5845354795455933,0.7767590284347534,19,0.3614168167114258,0.16919326782226562,0.2653050422668457
N_1,gap,8,159,147.79393,647.84937,gap_score_smooth,0.8539462685585022,0.07718724012374878,5.274491498033882,0.8153526484966278,156.01087308093398,161.28536457896786,153,239,143.0,176.0,16.0,17.0,153,170,0.7767590284347534,0.6155859231948853,17,0.07718724012374878,0.23836034536361694,0.15777379274368286
N_1,gap,9,176,150.91776,706.5314,gap_score_smooth,0.7477235794067383,0.13213765621185303,6.373505214564034,0.6816547513008118,173.38643601487811,179.75994122944215,170,184,159.0,195.0,17.0,19.0,170,184,0.6155859231948853,0.5752865076065063,14,0.13213765621185303,0.17243707180023193,0.15228736400604248
N_1,gap,10,195,152.87343,772.1171,gap_score_smooth,0.8471144437789917,0.27182793617248535,9.079200270771054,0.711200475692749,190.86530748505396,199.94450775582501,184,239,176.0,212.0,19.0,17.0,184,206,0.5752865076065063,0.6695740818977356,22,0.27182793617248535,0.1775403618812561,0.22468414902687073
N_1,gap,11,212,152.25311,830.79913,gap_score_smooth,0.8084240555763245,0.13884997367858887,5.286374379608191,0.73899906873703,209.23089598043114,214.51727036003933,206,239,195.0,232.0,17.0,20.0,206,223,0.6695740818977356,0.12522894144058228,17,0.13884997367858887,0.6831951141357422,0.4110225439071655
N_1,gap,12,232,146.75032,899.8368,gap_score_smooth,0.6450693607330322,0.51984041929245,6.712112485829408,0.38514915108680725,228.3118501847577,235.0239626705871,223,239,212.0,,20.0,0.0,223,239,0.12522894144058228,0.08793994039297104,16,0.51984041929245,0.5571294203400612,0.5384849198162556
N_20,gap,1,9,114.79037,153.75314,gap_score_smooth,0.7788891196250916,0.03007560968399048,5.147357374037714,0.7638513147830963,7.7491897444961175,12.896547118533832,0,20,,63.0,0.0,54.0,0,20,0.19236637651920319,0.7488135099411011,20,0.5865227431058884,0.03007560968399048,0.3082991763949394
N_20,gap,2,63,113.29943,320.27197,gap_score_smooth,0.9389913082122803,0.12772446870803833,19.143767206853184,0.8751290738582611,56.85036398276034,75.99413118961353,0,87,9.0,101.0,54.0,38.0,50,87,0.8102904558181763,0.8112668395042419,37,0.128700852394104,0.12772446870803833,0.12821266055107117
N_20,gap,3,101,117.80735,437.45187,gap_score_smooth,0.9592931270599365,0.5976116955280304,126.27429170520782,0.6604872792959213,5.693559273180225,131.96785097838804,0,138,63.0,127.0,38.0,26.0,87,120,0.8112668395042419,0.9056254625320435,33,0.14802628755569458,0.053667664527893066,0.10084697604179382
N_20,gap,4,127,116.64155,517.6276,gap_score_smooth,0.9460298418998718,0.04040437936782837,4.777688748706609,0.9258276522159576,124.15866020450953,128.93634895321614,120,138,101.0,150.0,26.0,23.0,120,138,0.9056254625320435,0.36168143153190613,18,0.04040437936782837,0.5843484103679657,0.31237639486789703
N_20,gap,5,150,117.56387,588.5523,gap_score_smooth,0.9934209585189819,0.8010545819997787,55.91882580436098,0.5928936675190926,143.27875781202627,199.19758361638725,0,239,127.0,188.0,23.0,38.0,138,174,0.36168143153190613,0.8022684454917908,36,0.6317395269870758,0.19115251302719116,0.4114460200071335
N_20,gap,6,188,119.77179,705.73224,gap_score_smooth,0.9055335521697998,0.10326510667800903,15.212857068767732,0.8539009988307953,180.30176118267815,195.51461825144588,174,239,150.0,213.0,38.0,25.0,174,203,0.8022684454917908,0.4955980181694031,29,0.10326510667800903,0.40993553400039673,0.2566003203392029
N_20,gap,7,213,120.39724,782.8243,gap_score_smooth,0.8483272790908813,0.35272926092147827,6.979829622035652,0.6719626486301422,209.59842430849943,216.57825393053508,203,239,188.0,231.0,25.0,18.0,203,224,0.4955980181694031,0.3683803379535675,21,0.35272926092147827,0.47994694113731384,0.41633810102939606
N_20,gap,8,231,113.792625,838.33057,gap_score_smooth,0.6553997993469238,0.2870194613933563,5.018194584983746,0.5118900686502457,228.40933839097167,233.42753297595542,224,239,213.0,,18.0,0.0,224,239,0.3683803379535675,0.07668109238147736,15,0.2870194613933563,0.5787187069654465,0.4328690841794014
N_21,gap,1,10,158.4779,163.57741,gap_score_smooth,0.7660031914710999,0.08868879079818726,7.2379929763442945,0.7216587960720062,7.320630484974119,14.558623461318414,0,19,,32.0,0.0,22.0,0,19,0.13440805673599243,0.6773144006729126,19,0.6315951347351074,0.08868879079818726,0.36014196276664734
N_21,gap,2,32,148.31131,226.4477,gap_score_smooth,0.7998096942901611,0.5624076724052429,42.19403494893222,0.5186058580875397,4.817461653477567,47.011496602409785,0,52,10.0,65.0,22.0,33.0,19,40,0.6773144006729126,0.7739557027816772,21,0.12249529361724854,0.025853991508483887,0.07417464256286621
N_21,gap,3,65,133.65735,320.75314,gap_score_smooth,0.9492915868759155,0.1259937286376953,7.959549088192212,0.8862947225570679,62.43411318755222,70.39366227574443,0,80,32.0,95.0,33.0,30.0,52,80,0.2374020218849182,0.8232978582382202,28,0.7118895649909973,0.1259937286376953,0.4189416468143463
N_21,gap,4,95,130.29561,406.48535,gap_score_smooth,0.9934601783752441,0.8590521216392517,173.6934791031824,0.5639341175556183,59.36391903620787,233.05739813939027,0,239,65.0,124.0,30.0,29.0,80,112,0.8232978582382202,0.893868625164032,32,0.17016232013702393,0.09959155321121216,0.13487693667411804
N_21,gap,5,124,127.21691,489.35983,gap_score_smooth,0.9883458018302917,0.09447717666625977,16.533252421580826,0.9411072134971619,118.78500649471145,135.31825891629228,112,239,95.0,149.0,29.0,25.0,112,140,0.893868625164032,0.9313206672668457,28,0.09447717666625977,0.057025134563446045,0.0757511556148529
N_21,gap,6,149,128.76277,560.80334,gap_score_smooth,0.9723475575447083,0.04102689027786255,7.791736183895324,0.951834112405777,144.62210028551036,152.41383646940568,140,239,124.0,187.0,25.0,38.0,140,172,0.9313206672668457,0.6670284867286682,32,0.04102689027786255,0.30531907081604004,0.1731729805469513
N_21,gap,7,187,132.61964,669.39746,gap_score_smooth,0.8818907141685486,0.21486222743988037,36.56216799847891,0.7744596004486084,179.30755755112943,215.86972554960835,172,239,149.0,,38.0,0.0,172,192,0.6670284867286682,0.858554482460022,20,0.21486222743988037,0.02333623170852661,0.11909922957420349
N_22,gap,1,10,126.01158,140.71967,gap_score_smooth,0.7738988399505615,0.03382962942123413,13.295268902993968,0.7569840252399445,7.773611725009118,21.068880628003086,0,24,,46.0,0.0,36.0,0,15,0.15736977756023407,0.762614905834198,15,0.6165290623903275,0.011283934116363525,0.3139064982533455
N_22,gap,2,46,122.04753,258.51047,gap_score_smooth,0.8846182823181152,0.08529806137084961,18.93761358343776,0.8419692516326904,36.608858806687884,55.54647239012564,0,59,10.0,71.0,36.0,25.0,24,50,0.7400692105293274,0.8825613856315613,26,0.14454907178878784,0.002056896686553955,0.0733029842376709
N_22,gap,3,71,121.119095,340.30963,gap_score_smooth,0.9129698872566223,0.2653520107269287,51.02605990876489,0.780293881893158,31.822147067250626,82.84820697601552,0,102,46.0,95.0,25.0,24.0,59,86,0.7993202209472656,0.688965380191803,27,0.11364966630935669,0.22400450706481934,0.168827086687088
N_22,gap,4,95,124.93455,418.83682,gap_score_smooth,0.819087564945221,0.13012218475341797,4.438387291479685,0.754026472568512,92.42077213121928,96.85915942269897,86,102,71.0,109.0,24.0,14.0,86,102,0.688965380191803,0.6476178765296936,16,0.13012218475341797,0.17146968841552734,0.15079593658447266
N_22,gap,5,109,124.84018,464.64435,gap_score_smooth,0.849942147731781,0.0971803069114685,3.8177719544226107,0.8013519942760468,107.68775900835102,111.50553096277363,102,116,95.0,123.0,14.0,14.0,102,116,0.6476178765296936,0.7527618408203125,14,0.2023242712020874,0.0971803069114685,0.14975228905677795
N_22,gap,6,123,123.70775,510.45187,gap_score_smooth,0.9282975792884827,0.30353039503097534,7.3894961682285185,0.776532381772995,118.99524401663551,126.38474018486403,0,132,109.0,142.0,14.0,19.0,116,132,0.7527618408203125,0.6247671842575073,16,0.17553573846817017,0.30353039503097534,0.23953306674957275
N_22,gap,7,142,120.250786,572.61926,gap_score_smooth,0.9891117811203003,0.8317420035600662,209.0866088964673,0.5732407793402672,4.734024971887134,213.82063386835443,0,239,123.0,163.0,19.0,21.0,132,154,0.6247671842575073,0.8244991302490234,22,0.36434459686279297,0.16461265087127686,0.2644786238670349
N_22,gap,8,163,111.82634,641.33057,gap_score_smooth,0.9457206130027771,0.12122148275375366,13.00533572690523,0.8851098716259003,158.29349469967974,171.29883042658497,154,239,142.0,193.0,21.0,30.0,154,184,0.8244991302490234,0.7587442994117737,30,0.12122148275375366,0.18697631359100342,0.15409889817237854
N_22,gap,9,193,97.493095,739.48956,gap_score_smooth,0.8531656265258789,0.09442132711410522,6.595653917730715,0.8059549629688263,188.67279968105416,195.26845359878487,184,239,163.0,210.0,30.0,17.0,184,203,0.7587442994117737,0.6496168375015259,19,0.09442132711410522,0.20354878902435303,0.14898505806922913
N_22,gap,10,210,86.5852,795.113,gap_score_smooth,0.852470338344574,0.2028535008430481,5.10072802818749,0.7510435879230499,206.77576782968777,211.87649585787526,203,239,193.0,228.0,17.0,18.0,203,220,0.6496168375015259,0.4038746953010559,17,0.2028535008430481,0.44859564304351807,0.3257245719432831
N_22,gap,11,228,78.63538,854.00836,gap_score_smooth,0.7329336404800415,0.3290589451789856,9.37039415780643,0.5684041678905487,223.78156021509847,233.1519543729049,220,239,210.0,,18.0,0.0,220,239,0.4038746953010559,0.09183555096387863,19,0.3290589451789856,0.6410980895161629,0.48507851734757423
N_23,gap,1,9,143.49478,171.77406,gap_score_smooth,0.7643342614173889,0.03603053092956543,4.368877655978317,0.7463189959526062,7.790661070304302,12.15953872628262,0,16,,64.0,0.0,55.0,0,16,0.13430330157279968,0.7283037304878235,16,0.6300309598445892,0.03603053092956543,0.33303074538707733
N_23,gap,2,64,132.52489,335.3933,gap_score_smooth,0.9601266384124756,0.13518685102462769,12.554296307281312,0.8925332129001617,57.177279207984235,69.73157551526555,0,80,9.0,95.0,55.0,31.0,52,80,0.8228176236152649,0.8249397873878479,28,0.1373090147972107,0.13518685102462769,0.1362479329109192
N_23,gap,3,95,129.73705,427.61505,gap_score_smooth,0.9711141586303711,0.08009964227676392,14.443975067818812,0.9310643374919891,90.12192701107637,104.56590207889518,0,112,64.0,124.0,31.0,29.0,80,112,0.8249397873878479,0.8910145163536072,32,0.1461743712425232,0.08009964227676392,0.11313700675964355
N_23,gap,4,124,130.81734,513.887,gap_score_smooth,0.989040195941925,0.8547368943691254,228.3333189281434,0.5616717487573624,5.0052339803467865,233.3385529084902,0,239,95.0,145.0,29.0,21.0,112,138,0.8910145163536072,0.6839861869812012,26,0.09802567958831787,0.3050540089607239,0.20153984427452087
N_23,gap,5,145,134.86882,576.3598,gap_score_smooth,0.9306033849716187,0.24661719799041748,12.459677028122343,0.8072947859764099,142.26140195408428,154.72107898220662,138,239,124.0,165.0,21.0,20.0,138,157,0.6839861869812012,0.7775769233703613,19,0.24661719799041748,0.15302646160125732,0.1998218297958374
N_23,gap,6,165,140.0173,635.8577,gap_score_smooth,0.8167086839675903,0.039131760597229004,11.160999260837087,0.7971428036689758,159.51207640101282,170.6730756618499,157,176,145.0,202.0,20.0,37.0,157,176,0.7775769233703613,0.771391749382019,19,0.039131760597229004,0.04531693458557129,0.042224347591400146
N_23,gap,7,202,148.78305,745.9289,gap_score_smooth,0.8734619617462158,0.10207021236419678,18.353325367882974,0.8224268555641174,191.64568800543245,209.99901337331542,176,239,165.0,,37.0,0.0,190,225,0.8208497166633606,0.6586621999740601,35,0.052612245082855225,0.21479976177215576,0.1337060034275055
N_24,gap,1,9,148.76697,143.65273,gap_score_smooth,0.7726471424102783,0.1650671362876892,10.220133438094052,0.6901135742664337,5.865015462441008,16.08514890053506,0,20,,47.0,0.0,38.0,0,20,0.12111708521842957,0.6075800061225891,20,0.6515300571918488,0.1650671362876892,0.408298596739769
N_24,gap,2,47,142.42947,273.07532,gap_score_smooth,0.8844417929649353,0.09511876106262207,15.373254717271656,0.8368824124336243,39.08281217271612,54.456066889987774,0,58,9.0,69.0,38.0,22.0,20,58,0.6075800061225891,0.7893230319023132,38,0.2768617868423462,0.09511876106262207,0.18599027395248413
N_24,gap,3,69,143.52238,348.00418,gap_score_smooth,0.9214620590209961,0.06948345899581909,13.841536463128406,0.8867203295230865,65.79898610751574,79.64052257064415,0,84,47.0,133.0,22.0,64.0,58,84,0.7893230319023132,0.851978600025177,26,0.13213902711868286,0.06948345899581909,0.10081124305725098
N_24,gap,4,133,146.97012,565.97906,gap_score_smooth,0.9990471601486206,0.8736041039228439,229.76294179181164,0.5622451081871986,4.555560960380211,234.31850275219185,0,239,69.0,163.0,64.0,30.0,98,153,0.9373538494110107,0.7705948948860168,55,0.06169331073760986,0.22845226526260376,0.1450727880001068
N_24,gap,5,163,147.2531,668.1548,gap_score_smooth,0.9564117193222046,0.18581682443618774,15.86618620697206,0.8635033071041107,157.656354030572,173.52254023754406,153,239,133.0,190.0,30.0,27.0,153,180,0.7705948948860168,0.7173011302947998,27,0.18581682443618774,0.23911058902740479,0.21246370673179626
N_24,gap,6,190,146.58012,760.113,gap_score_smooth,0.8908981084823608,0.17359697818756104,7.182100264759839,0.8040996193885803,186.33103449357313,193.51313475833297,180,239,163.0,209.0,27.0,19.0,180,199,0.7173011302947998,0.5710742473602295,19,0.17359697818756104,0.31982386112213135,0.2467104196548462
N_24,gap,7,209,141.85541,824.8243,gap_score_smooth,0.8708175420761108,0.29974329471588135,18.342133098337854,0.7209458947181702,204.89181442366694,223.2339475220048,199,239,190.0,,19.0,0.0,199,229,0.5710742473602295,0.7059425115585327,30,0.29974329471588135,0.16487503051757812,0.23230916261672974
N_25,gap,1,15,102.707825,197.8159,gap_score_smooth,0.7474127411842346,0.2877971827983856,24.877397953186584,0.6035141497850418,6.469530062319548,31.346928015506133,0,36,,46.0,0.0,31.0,0,23,0.12146259099245071,0.7152048349380493,23,0.6259501501917839,0.0322079062461853,0.3290790282189846
N_25,gap,2,46,102.590546,292.5021,gap_score_smooth,0.6561599373817444,0.0361025333404541,3.1111657675287603,0.6381086707115173,44.441096831116,47.55226259864476,36,51,15.0,64.0,31.0,18.0,36,51,0.459615558385849,0.6200574040412903,15,0.19654437899589539,0.0361025333404541,0.11632345616817474
N_25,gap,3,64,103.64912,347.48117,gap_score_smooth,0.71187824010849,0.08755433559417725,20.711686708805196,0.6681010723114014,58.4010866236403,79.1127733324455,36,83,46.0,92.0,18.0,28.0,51,67,0.6200574040412903,0.7066957950592041,16,0.09182083606719971,0.005182445049285889,0.0485016405582428
N_25,gap,4,92,104.16659,433.00418,gap_score_smooth,0.7448528409004211,0.18700766563415527,8.110040460688566,0.6513490080833435,86.95095470995291,95.06099517064148,36,100,64.0,107.0,28.0,15.0,83,100,0.6243239045143127,0.5578451752662659,17,0.1205289363861084,0.18700766563415527,0.15376830101013184
N_25,gap,5,107,101.81297,478.8201,gap_score_smooth,0.7621466517448425,0.17671871185302734,4.3673573980629214,0.6737872958183289,104.85202012663109,109.21937752469401,0,113,92.0,122.0,15.0,15.0,100,113,0.5578451752662659,0.5854279398918152,13,0.20430147647857666,0.17671871185302734,0.190510094165802
N_25,gap,6,122,103.81219,524.636,gap_score_smooth,0.8838635087013245,0.32329261302948,5.461756570428108,0.7222172021865845,119.08755033445874,124.54930690488685,0,130,107.0,139.0,15.0,17.0,113,130,0.5854279398918152,0.5605708956718445,17,0.2984355688095093,0.32329261302948,0.31086409091949463
N_25,gap,7,139,102.19606,576.56067,gap_score_smooth,0.9152064919471741,0.7937439009547234,118.32858769830274,0.5183345414698124,41.59670683695971,159.92529453526245,0,239,122.0,155.0,17.0,16.0,130,145,0.5605708956718445,0.7442711591720581,15,0.3546355962753296,0.17093533277511597,0.2627854645252228
N_25,gap,8,155,104.06302,625.43097,gap_score_smooth,0.8837911486625671,0.1399022340774536,4.34913009107558,0.8138400316238403,152.61225007088663,156.9613801619622,149,239,139.0,174.0,16.0,19.0,149,166,0.7438889145851135,0.37195518612861633,17,0.1399022340774536,0.5118359625339508,0.3258690983057022
N_25,gap,9,174,108.00189,683.4644,gap_score_smooth,0.792423665523529,0.1569511890411377,4.179059576951403,0.7139480710029602,172.38638119713943,176.56544077409083,166,180,155.0,192.0,19.0,18.0,166,180,0.37195518612861633,0.6354724764823914,14,0.4204684793949127,0.1569511890411377,0.2887098342180252
N_25,gap,10,192,107.627884,738.44354,gap_score_smooth,0.8413305878639221,0.4693754017353058,41.27882967327841,0.6066428869962692,171.2030395613454,212.48186923462382,166,239,174.0,209.0,18.0,17.0,184,199,0.6383786201477051,0.706535816192627,15,0.20295196771621704,0.13479477167129517,0.1688733696937561
N_25,gap,11,209,105.576744,790.3682,gap_score_smooth,0.8018889427185059,0.0953531265258789,3.7854350653832114,0.7542123794555664,207.0375177169727,210.8229527823559,199,239,192.0,230.0,17.0,21.0,204,220,0.708739697933197,0.13307315111160278,16,0.09314924478530884,0.6688157916069031,0.38098251819610596
N_25,gap,12,230,102.23174,854.51044,gap_score_smooth,0.6733691692352295,0.5402960181236267,8.280724760595689,0.40322116017341614,226.10158791419224,234.38231267478793,220,239,209.0,,21.0,0.0,220,239,0.13307315111160278,0.08170094341039658,19,0.5402960181236267,0.5916682258248329,0.5659821219742298
N_26,gap,1,6,99.455605,138.08786,gap_score_smooth,0.6902991533279419,0.11784249544143677,3.747635973031467,0.6313779056072235,4.563539646500481,8.311175619531948,0,13,,46.0,0.0,40.0,0,13,0.2652353346347809,0.5724566578865051,13,0.425063818693161,0.11784249544143677,0.2714531570672989
N_26,gap,2,46,104.60483,278.67365,gap_score_smooth,0.891412615776062,0.17461413145065308,22.915776506242757,0.8041055500507355,34.04184632158762,56.95762282783038,0,83,6.0,73.0,40.0,27.0,13,59,0.5724566578865051,0.7902049422264099,46,0.3189559578895569,0.1012076735496521,0.2100818157196045
N_26,gap,3,73,115.002625,373.56903,gap_score_smooth,0.8261924982070923,0.03598755598068237,8.652826544098787,0.8081987202167511,66.99193561284545,75.64476215694424,59,83,46.0,88.0,27.0,15.0,59,83,0.7902049422264099,0.7167984843254089,24,0.03598755598068237,0.10939401388168335,0.07269078493118286
N_26,gap,4,88,118.75383,426.2887,gap_score_smooth,0.7995699644088745,0.08155184984207153,4.111267571373915,0.7587940394878387,85.55111269147986,89.66238026285377,83,92,73.0,104.0,15.0,16.0,83,92,0.7167984843254089,0.718018114566803,9,0.08277148008346558,0.08155184984207153,0.08216166496276855
N_26,gap,5,104,119.05474,482.523,gap_score_smooth,0.9578071236610413,0.24057471752166748,15.819731689583634,0.8375197649002075,99.0534919898147,114.87322367939834,0,119,88.0,129.0,16.0,25.0,92,119,0.718018114566803,0.7172324061393738,27,0.23978900909423828,0.24057471752166748,0.24018186330795288
N_26,gap,6,129,117.26768,570.3891,gap_score_smooth,0.9750732183456421,0.7098378837108612,146.9563148920528,0.6201542764902115,16.383418457123778,163.33973334917658,0,239,104.0,143.0,25.0,14.0,119,137,0.7172324061393738,0.8694753646850586,18,0.2578408122062683,0.1055978536605835,0.1817193329334259
N_26,gap,7,143,116.90609,619.5941,gap_score_smooth,0.9294357895851135,0.05996042490005493,3.88441519617254,0.8994555771350861,140.43144860028593,144.31586379645847,137,239,129.0,158.0,14.0,15.0,137,151,0.8694753646850586,0.7466126680374146,14,0.05996042490005493,0.18282312154769897,0.12139177322387695
N_26,gap,8,158,116.34366,672.3138,gap_score_smooth,0.8800813555717468,0.13346868753433228,5.144933055766614,0.8133470118045807,155.27273552785272,160.41766858361933,151,239,143.0,175.0,15.0,17.0,151,167,0.7466126680374146,0.5675600171089172,16,0.13346868753433228,0.3125213384628296,0.22299501299858093
N_26,gap,9,175,117.09674,732.06274,gap_score_smooth,0.8474902510643005,0.2685048580169678,8.808888876355923,0.7132378220558167,171.69176758556205,180.50065646191797,167,185,158.0,195.0,17.0,20.0,167,185,0.5675600171089172,0.5789853930473328,18,0.2799302339553833,0.2685048580169678,0.27421754598617554
N_26,gap,10,195,124.2982,802.35565,gap_score_smooth,0.8733176589012146,0.30575764179229736,7.091429933554167,0.7204388380050659,190.81381743412356,197.90524736767773,167,239,175.0,214.0,20.0,19.0,185,204,0.5789853930473328,0.3265864849090576,19,0.29433226585388184,0.546731173992157,0.4205317199230194
N_26,gap,11,214,128.94875,869.1339,gap_score_smooth,0.8345324993133545,0.5079460144042969,10.319389316112506,0.580559492111206,209.23174657305663,219.55113588916913,204,239,195.0,,19.0,0.0,204,226,0.3265864849090576,0.28962668776512146,22,0.5079460144042969,0.544905811548233,0.526425912976265
N_27,gap,1,33,104.11558,270.20502,gap_score_smooth,0.8126131892204285,0.06288564205169678,11.039720666976287,0.7811703681945801,24.783295283765646,35.82301595074193,0,39,,59.0,0.0,26.0,18,39,0.6796607971191406,0.7497275471687317,21,0.13295239210128784,0.06288564205169678,0.09791901707649231
N_27,gap,2,59,102.133316,346.7908,gap_score_smooth,0.8752689957618713,0.08827251195907593,15.176038880564697,0.8311327397823334,47.682438341502255,62.85847722206695,0,71,33.0,85.0,26.0,26.0,54,71,0.8462374806404114,0.7869964838027954,17,0.02903151512145996,0.08827251195907593,0.058652013540267944
N_27,gap,3,85,105.74238,423.37656,gap_score_smooth,0.8828744292259216,0.1588948369026184,16.134983630000605,0.8034270107746124,72.69864431574874,88.83362794574934,0,93,59.0,102.0,26.0,17.0,71,93,0.7869964838027954,0.7239795923233032,22,0.09587794542312622,0.1588948369026184,0.12738639116287231
N_27,gap,4,102,109.85881,473.45187,gap_score_smooth,0.8651246428489685,0.09839749336242676,4.379456300836367,0.8159258961677551,100.33296812407984,104.71242442491621,93,110,85.0,118.0,17.0,16.0,93,110,0.7239795923233032,0.7667271494865417,17,0.14114505052566528,0.09839749336242676,0.11977127194404602
N_27,gap,5,118,114.775795,520.5816,gap_score_smooth,0.9213557243347168,0.18287420272827148,5.734565444175573,0.829918622970581,114.57927863862065,120.31384408279622,0,124,102.0,135.0,16.0,17.0,110,124,0.7667271494865417,0.7384815216064453,14,0.15462857484817505,0.18287420272827148,0.16875138878822327
N_27,gap,6,135,118.81767,570.6569,gap_score_smooth,0.9574645757675171,0.7372223436832428,150.94636669755909,0.5888534039258957,6.359783126012463,157.30614982357156,0,239,118.0,151.0,17.0,16.0,124,145,0.7384815216064453,0.8355321288108826,21,0.21898305416107178,0.12193244695663452,0.17045775055885315
N_27,gap,7,151,120.19538,617.7866,gap_score_smooth,0.9492687582969666,0.11373662948608398,4.2452103544631825,0.8924004435539246,149.01859447049785,153.26380482496103,145,239,135.0,171.0,16.0,20.0,145,162,0.8355321288108826,0.5222241282463074,17,0.11373662948608398,0.4270446300506592,0.2703906297683716
N_27,gap,8,171,124.64816,676.6987,gap_score_smooth,0.9033894538879395,0.3811653256416321,6.993151281613109,0.7128067910671234,167.10608914758154,174.09924042919465,162,179,151.0,191.0,20.0,20.0,162,179,0.5222241282463074,0.4808187782764435,17,0.3811653256416321,0.42257067561149597,0.401868000626564
N_27,gap,9,191,127.49047,735.6109,gap_score_smooth,0.9467024207115173,0.46588364243507385,9.180499807939782,0.7137605994939804,186.43409883201906,195.61459863995884,179,239,171.0,213.0,20.0,22.0,179,203,0.4808187782764435,0.4247390925884247,24,0.46588364243507385,0.5219633281230927,0.49392348527908325
N_27,gap,10,213,130.95198,800.41425,gap_score_smooth,0.9191216230392456,0.4943825304508209,10.994967575357549,0.6719303578138351,208.16118121090355,219.1561487862611,203,239,191.0,,22.0,0.0,203,239,0.4247390925884247,0.035839907824993134,36,0.4943825304508209,0.8832817152142525,0.6888321228325367
N_28,gap,1,9,124.114555,179.41423,gap_score_smooth,0.765217661857605,0.24497628211975098,13.07445848659687,0.6427295207977295,5.647184685002982,18.72164317159985,0,23,,49.0,0.0,40.0,0,23,0.19863948225975037,0.520241379737854,23,0.5665781795978546,0.24497628211975098,0.4057772308588028
N_28,gap,2,49,119.29692,301.25522,gap_score_smooth,0.8229110240936279,0.17754334211349487,23.94591065324578,0.7341393530368805,31.87572498996005,55.82163564320583,0,60,9.0,93.0,40.0,44.0,44,60,0.8182293176651001,0.6453676819801331,16,0.004681706428527832,0.17754334211349487,0.09111252427101135
N_28,gap,3,93,119.52925,435.28033,gap_score_smooth,0.9422181844711304,0.15741783380508423,13.283172822280761,0.8635092675685883,83.18849372715911,96.47166654943987,0,102,49.0,122.0,44.0,29.0,78,102,0.8149954080581665,0.7848003506660461,24,0.12722277641296387,0.15741783380508423,0.14232030510902405
N_28,gap,4,122,119.206856,523.61505,gap_score_smooth,0.9812548756599426,0.7826153934001923,118.44342874066788,0.5899471789598465,29.014127845762864,147.45755658643074,0,239,93.0,140.0,29.0,18.0,102,133,0.7848003506660461,0.665488600730896,31,0.19645452499389648,0.31576627492904663,0.25611039996147156
N_28,gap,5,140,118.28975,578.44354,gap_score_smooth,0.8921656608581543,0.2266770601272583,5.068652971187447,0.7788271307945251,137.7300711054156,142.79872407660304,133,239,122.0,156.0,18.0,16.0,133,151,0.665488600730896,0.5773156881332397,18,0.2266770601272583,0.31484997272491455,0.2707635164260864
N_28,gap,6,156,117.86349,627.17993,gap_score_smooth,0.7385135293006897,0.16119784116744995,3.862779847640269,0.6579146087169647,154.28864791519618,158.15142776283645,151,165,140.0,176.0,16.0,20.0,151,165,0.5773156881332397,0.17909856140613556,14,0.16119784116744995,0.5594149678945541,0.36030640453100204
N_28,gap,7,176,114.333954,688.1004,gap_score_smooth,0.747033417224884,0.3989734351634979,6.270162191001845,0.5475466996431351,172.43032138246417,178.70048357346602,165,183,156.0,195.0,20.0,19.0,165,183,0.17909856140613556,0.3480599820613861,18,0.5679348558187485,0.3989734351634979,0.4834541454911232
N_28,gap,8,195,111.13765,745.9749,gap_score_smooth,0.8692044019699097,0.6901058405637741,40.58761509969304,0.5241514816880226,189.5450460625807,230.13266116227373,165,239,176.0,214.0,19.0,19.0,183,206,0.3480599820613861,0.5328629612922668,23,0.5211444199085236,0.3363414406776428,0.4287429302930832
N_28,gap,9,214,108.46326,803.84937,gap_score_smooth,0.7947548031806946,0.26189184188842773,8.672408711196823,0.6638088822364807,210.094474892281,218.76688360347782,206,239,195.0,,19.0,0.0,206,239,0.5328629612922668,0.055175937712192535,33,0.26189184188842773,0.739578865468502,0.5007353536784649
N_29,gap,1,10,105.93322,151.41841,gap_score_smooth,0.6553112864494324,0.041136085987091064,4.636607710759531,0.6347432434558868,8.529907640841657,13.166515351601188,0,15,,31.0,0.0,21.0,0,15,0.10202907025814056,0.6141752004623413,15,0.5532822161912918,0.041136085987091064,0.29720915108919144
N_29,gap,2,31,105.232544,215.29707,gap_score_smooth,0.8439556956291199,0.3249298930168152,62.27461750375247,0.6814907491207123,21.60595336739861,83.88057087115108,0,96,10.0,109.0,21.0,78.0,15,38,0.6141752004623413,0.7914983630180359,23,0.22978049516677856,0.052457332611083984,0.14111891388893127
N_29,gap,3,109,103.498505,452.56067,gap_score_smooth,0.9820140600204468,0.8799849897623062,82.95445550471996,0.5420215651392937,100.34991263868946,183.30436814340942,0,239,31.0,129.0,78.0,20.0,96,122,0.5190258026123047,0.8301485776901245,26,0.4629882574081421,0.15186548233032227,0.3074268698692322
N_29,gap,4,129,100.56883,513.39746,gap_score_smooth,0.870010256767273,0.03986167907714844,3.660922946386293,0.8500794172286987,126.75236735366342,130.4132903000497,122,138,109.0,145.0,20.0,16.0,122,138,0.8301485776901245,0.7016451954841614,16,0.03986167907714844,0.16836506128311157,0.10411337018013
N_29,gap,5,145,100.3451,562.06696,gap_score_smooth,0.8891895413398743,0.1875443458557129,4.525666225635916,0.7954173684120178,142.19401024249984,146.71967646813576,138,239,129.0,160.0,16.0,15.0,138,154,0.7016451954841614,0.6092089414596558,16,0.1875443458557129,0.2799805998802185,0.2337624728679657
N_29,gap,6,160,94.5112,607.6946,gap_score_smooth,0.8654901385307312,0.25628119707107544,5.528261741063119,0.7373495399951935,157.74594481598203,163.27420655704515,154,239,145.0,177.0,15.0,17.0,154,171,0.6092089414596558,0.612177312374115,17,0.25628119707107544,0.2533128261566162,0.2547970116138458
N_29,gap,7,177,90.274826,659.4059,gap_score_smooth,0.8213891386985779,0.2092118263244629,5.526409547716241,0.7167832255363464,174.39028000635145,179.9166895540677,171,188,160.0,195.0,17.0,18.0,171,185,0.612177312374115,0.5336194038391113,14,0.2092118263244629,0.28776973485946655,0.24849078059196472
N_29,gap,8,195,87.750244,714.159,gap_score_smooth,0.8465915322303772,0.3185774087905884,5.948760112262477,0.687302827835083,192.36762145033214,198.31638156259461,188,239,177.0,214.0,18.0,19.0,188,206,0.5280141234397888,0.4150276184082031,18,0.3185774087905884,0.4315639138221741,0.3750706613063812
N_29,gap,9,214,79.47912,771.954,gap_score_smooth,0.8348069787025452,0.41977936029434204,7.903268649563188,0.6249172985553741,210.44012552492939,218.34339417449257,206,239,195.0,232.0,19.0,18.0,206,224,0.4150276184082031,0.3503784239292145,18,0.41977936029434204,0.4844285547733307,0.45210395753383636
N_29,gap,10,232,74.75427,826.7071,gap_score_smooth,0.5680264830589294,0.21764805912971497,4.404739956015135,0.45920245349407196,229.47668076596742,233.88142072198255,224,239,214.0,,18.0,0.0,224,239,0.3503784239292145,0.08328213542699814,15,0.21764805912971497,0.4847443476319313,0.35119620338082314
N_2,gap,1,69,155.10709,319.9205,gap_score_smooth,0.9037835001945496,0.07124090194702148,23.19576616485523,0.8681630492210388,60.02289641709707,83.2186625819523,0,87,,108.0,0.0,39.0,63,87,0.8740533590316772,0.8325425982475281,24,0.029730141162872314,0.07124090194702148,0.0504855215549469
N_2,gap,2,108,155.86046,448.1799,gap_score_smooth,0.9539557695388794,0.03991854190826416,13.411232987535868,0.9339964985847473,98.09644293284227,111.50767592037813,0,118,69.0,133.0,39.0,25.0,87,118,0.8325425982475281,0.9140372276306152,31,0.12141317129135132,0.03991854190826416,0.08066585659980774
N_2,gap,3,133,159.2409,530.39746,gap_score_smooth,0.9995205402374268,0.7886077761650085,192.54516145702144,0.6052166521549225,4.780778119085332,197.32593957610678,0,239,108.0,163.0,25.0,30.0,118,156,0.9140372276306152,0.8737361431121826,38,0.08548331260681152,0.12578439712524414,0.10563385486602783
N_2,gap,4,163,163.79082,629.0586,gap_score_smooth,0.9496622085571289,0.07592606544494629,11.123127320827166,0.9116991758346558,159.23289733993624,170.3560246607634,156,239,133.0,210.0,30.0,47.0,156,175,0.8737361431121826,0.8752294182777405,19,0.07592606544494629,0.07443279027938843,0.07517942786216736
N_2,gap,5,210,131.75574,783.6276,gap_score_smooth,0.8812671899795532,0.356534481048584,8.761365092724162,0.7029999494552612,206.2659188715778,215.02728396430197,202,239,163.0,229.0,47.0,19.0,202,222,0.5247327089309692,0.5103244781494141,20,0.356534481048584,0.37094271183013916,0.3637385964393616
N_2,gap,6,229,118.525826,846.113,gap_score_smooth,0.7462575435638428,0.2359330654144287,6.878020513265255,0.6282910108566284,225.601874000888,232.47989451415324,222,239,210.0,,19.0,0.0,222,239,0.5103244781494141,0.08465249836444855,17,0.2359330654144287,0.6616050451993942,0.44876905530691147
N_30,gap,1,25,118.241,219.20084,gap_score_smooth,0.7679953575134277,0.09937840700149536,10.815732140023531,0.71830615401268,18.803503030328248,29.61923517035178,0,34,,52.0,0.0,27.0,15,34,0.6515265703201294,0.6686169505119324,19,0.11646878719329834,0.09937840700149536,0.10792359709739685
N_30,gap,2,52,117.25154,292.85773,gap_score_smooth,0.7955325841903687,0.26926738023757935,78.97351108261637,0.660898894071579,16.34686338444179,95.32037446705816,0,104,25.0,73.0,27.0,21.0,34,59,0.6686169505119324,0.6672458052635193,25,0.12691563367843628,0.12828677892684937,0.12760120630264282
N_30,gap,3,73,119.45668,350.14645,gap_score_smooth,0.7915074229240417,0.12426161766052246,10.242151362838484,0.7293766140937805,69.44709220471051,79.689243567549,59,104,52.0,92.0,21.0,19.0,69,84,0.7219757437705994,0.6743142008781433,15,0.06953167915344238,0.11719322204589844,0.09336245059967041
N_30,gap,4,92,122.24981,401.97906,gap_score_smooth,0.7185986042022705,0.0442844033241272,6.434738011508998,0.6964564025402069,87.86310092802805,94.29783893953704,84,104,73.0,123.0,19.0,31.0,84,101,0.6743142008781433,0.5289660096168518,17,0.0442844033241272,0.1896325945854187,0.11695849895477295
N_30,gap,5,123,125.9075,486.54813,gap_score_smooth,0.8000343441963196,0.11354255676269531,4.809024738869951,0.7432630658149719,121.38040324472485,126.1894279835948,0,133,92.0,138.0,31.0,15.0,114,133,0.6065837144851685,0.6864917874336243,19,0.19345062971115112,0.11354255676269531,0.15349659323692322
N_30,gap,6,138,129.20653,527.4686,gap_score_smooth,0.8145232200622559,0.14890801906585693,4.503708757897158,0.7400692105293274,135.48409303512204,139.9878017930192,0,143,123.0,154.0,15.0,16.0,133,143,0.6864917874336243,0.6656152009963989,10,0.1280314326286316,0.14890801906585693,0.13846972584724426
N_30,gap,7,154,130.80751,571.1171,gap_score_smooth,0.9153912663459778,0.7811329513788223,154.65933783534263,0.5248247906565666,6.401186943238629,161.06052477858125,0,239,138.0,171.0,16.0,17.0,143,166,0.6656152009963989,0.46327731013298035,23,0.24977606534957886,0.45211395621299744,0.35094501078128815
N_30,gap,8,171,131.55865,617.4937,gap_score_smooth,0.6032962799072266,0.14001896977424622,3.633600325827331,0.5332867950201035,169.0557462350559,172.68934656088322,166,178,154.0,190.0,17.0,19.0,166,178,0.46327731013298035,0.223356693983078,12,0.14001896977424622,0.37993958592414856,0.2599792778491974
N_30,gap,9,190,128.58986,669.32635,gap_score_smooth,0.7585598230361938,0.5352031290531158,6.514342627879557,0.4909582585096359,186.34728094795022,192.86162357582978,178,199,171.0,210.0,19.0,20.0,178,199,0.223356693983078,0.17599597573280334,21,0.5352031290531158,0.5825638473033905,0.5588834881782532
N_30,gap,10,210,128.73602,723.887,gap_score_smooth,0.7754961848258972,0.5995002090930939,7.246793920864974,0.4757460802793503,205.97445460770226,213.22124852856723,199,239,190.0,230.0,20.0,20.0,199,221,0.17599597573280334,0.15713393688201904,22,0.5995002090930939,0.6183622479438782,0.608931228518486
N_30,gap,11,230,123.236595,778.4477,gap_score_smooth,0.6588372588157654,0.5017033219337463,7.369716175677212,0.4079855978488922,226.19854783070403,233.56826400638124,221,239,210.0,,20.0,0.0,221,239,0.15713393688201904,0.06831866502761841,18,0.5017033219337463,0.590518593788147,0.5461109578609467
N_31,gap,1,45,172.11043,331.08368,gap_score_smooth,0.8280056715011597,0.3575141727924347,43.59479857779165,0.6492485851049423,6.022800778662809,49.61759935645446,0,54,,66.0,0.0,21.0,16,54,0.724052369594574,0.470491498708725,38,0.1039533019065857,0.3575141727924347,0.2307337373495102
N_31,gap,2,66,168.10619,396.45605,gap_score_smooth,0.9009963274002075,0.1495416760444641,24.31665668805062,0.8262254893779755,63.11148842090953,87.42814510896015,0,93,45.0,124.0,21.0,58.0,54,93,0.470491498708725,0.7514546513557434,39,0.43050482869148254,0.1495416760444641,0.2900232523679733
N_31,gap,3,124,166.12662,577.00836,gap_score_smooth,0.9932125806808472,0.8809075653553009,150.7921190718182,0.5527587980031967,59.30119237717294,210.09331144899116,0,239,66.0,205.0,58.0,81.0,93,142,0.7514546513557434,0.9321416020393372,49,0.24175792932510376,0.06107097864151001,0.15141445398330688
N_31,gap,4,205,156.05957,829.159,gap_score_smooth,0.8383089900016785,0.10054713487625122,13.681808093960655,0.7880354225635529,193.73872755928335,207.420535653244,183,239,124.0,227.0,81.0,22.0,183,217,0.7377618551254272,0.2610795199871063,34,0.10054713487625122,0.5772294700145721,0.3388883024454117
N_31,gap,5,227,157.0674,897.64435,gap_score_smooth,0.6996868848800659,0.4386073648929596,12.232543462861145,0.4803832024335861,221.90628983436605,234.1388332972272,217,239,205.0,,22.0,0.0,217,239,0.2610795199871063,0.08958954364061356,22,0.4386073648929596,0.6100973412394524,0.524352353066206
N_32,gap,1,8,131.21909,125.13808,gap_score_smooth,0.6600528359413147,0.25722503662109375,6.523008507190079,0.5314403176307678,4.936392268469504,11.459400775659583,0,20,,25.0,0.0,17.0,0,13,0.13360776007175446,0.5150637030601501,13,0.5264450758695602,0.14498913288116455,0.3357171043753624
N_32,gap,2,25,134.30154,178.55649,gap_score_smooth,0.5048510432243347,0.04756411910057068,4.01255922304005,0.4810689836740494,22.726774303223817,26.739333526263867,20,29,8.0,69.0,17.0,44.0,20,29,0.40282779932022095,0.45728692412376404,9,0.10202324390411377,0.04756411910057068,0.07479368150234222
N_32,gap,3,69,126.94777,316.8159,gap_score_smooth,0.8800041079521179,0.18098801374435425,40.17645198765314,0.7895101010799408,40.564196002877736,80.74064799053087,0,85,25.0,97.0,44.0,28.0,64,85,0.8644309639930725,0.6990160942077637,21,0.01557314395904541,0.18098801374435425,0.09828057885169983
N_32,gap,4,97,133.30986,404.79916,gap_score_smooth,0.8374213576316833,0.1120648980140686,12.694911742093637,0.781388908624649,93.03691351484778,105.73182525694142,85,114,69.0,129.0,28.0,32.0,85,114,0.6990160942077637,0.7253564596176147,29,0.13840526342391968,0.1120648980140686,0.12523508071899414
N_32,gap,5,129,139.49265,505.35147,gap_score_smooth,0.9076560735702515,0.774048313498497,147.5720504690214,0.520631916821003,31.367184951981702,178.9392354210031,0,239,97.0,144.0,32.0,15.0,114,137,0.7253564596176147,0.7111927270889282,23,0.18229961395263672,0.19646334648132324,0.18938148021697998
N_32,gap,6,144,145.36552,552.48535,gap_score_smooth,0.8596097826957703,0.14841705560684204,4.548117195174314,0.7854012548923492,141.1813575527038,145.7294747478781,137,152,129.0,159.0,15.0,15.0,137,152,0.7111927270889282,0.653415858745575,15,0.14841705560684204,0.2061939239501953,0.17730548977851868
N_32,gap,7,159,151.39786,599.61926,gap_score_smooth,0.8600385189056396,0.2066226601600647,5.264538911225145,0.7567271888256073,156.38860062966623,161.65313954089137,152,239,144.0,175.0,15.0,16.0,152,169,0.653415858745575,0.6326519250869751,17,0.2066226601600647,0.22738659381866455,0.21700462698936462
N_32,gap,8,175,155.28189,649.8954,gap_score_smooth,0.8161555528640747,0.1835036277770996,4.573328926494014,0.7244037389755249,172.1906935328327,176.76402245932672,169,202,159.0,192.0,16.0,17.0,169,183,0.6326519250869751,0.39722898602485657,14,0.1835036277770996,0.41892656683921814,0.3012150973081589
N_32,gap,9,192,160.026,703.3138,gap_score_smooth,0.8077555894851685,0.4105266034603119,6.186802864152128,0.6024922877550125,189.03193526155175,195.21873812570388,183,202,175.0,210.0,17.0,18.0,183,202,0.39722898602485657,0.35564014315605164,19,0.4105266034603119,0.4521154463291168,0.43132102489471436
N_32,gap,10,210,157.45924,759.87445,gap_score_smooth,0.8287577033042908,0.47311756014823914,6.51714873302393,0.5921989232301712,206.80696384887952,213.32411258190345,202,239,192.0,229.0,18.0,19.0,202,219,0.35564014315605164,0.2255878895521164,17,0.47311756014823914,0.6031698137521744,0.5381436869502068
N_32,gap,11,229,151.74399,819.5774,gap_score_smooth,0.6582164168357849,0.4326285272836685,7.643330173310886,0.44190215319395065,225.76672786485364,233.41005803816452,219,239,210.0,,19.0,0.0,219,239,0.2255878895521164,0.07795960456132889,20,0.4326285272836685,0.580256812274456,0.5064426697790623
N_33,gap,1,7,138.30672,134.7071,gap_score_smooth,0.5827305912971497,0.13597002625465393,8.17270071335271,0.5147455781698227,4.818711614773976,12.991412328126685,0,17,,32.0,0.0,25.0,0,17,0.16193389892578125,0.4467605650424957,17,0.4207966923713684,0.13597002625465393,0.27838335931301117
N_33,gap,2,32,137.49124,208.66109,gap_score_smooth,0.68243008852005,0.1362413763999939,8.540540748637149,0.6143094003200531,27.298936144044866,35.839476892682015,0,39,7.0,60.0,25.0,28.0,25,39,0.5894125699996948,0.5461887121200562,14,0.09301751852035522,0.1362413763999939,0.11462944746017456
N_33,gap,3,60,135.0273,291.48953,gap_score_smooth,0.8753403425216675,0.09913593530654907,12.008377007009365,0.8257723748683929,54.65482566318328,66.66320267019265,0,71,32.0,95.0,28.0,35.0,39,71,0.5461887121200562,0.7762044072151184,32,0.32915163040161133,0.09913593530654907,0.2141437828540802
N_33,gap,4,95,130.22858,395.02512,gap_score_smooth,0.9065597653388977,0.4158288836479187,64.31075784140927,0.6986453235149384,48.77447342217866,113.08523126358793,0,136,60.0,127.0,35.0,32.0,81,108,0.8314456939697266,0.7060059309005737,27,0.07511407136917114,0.20055383443832397,0.13783395290374756
N_33,gap,5,127,129.52264,489.6862,gap_score_smooth,0.8095064759254456,0.269206702709198,4.928361977825531,0.6749031245708466,124.32799621577796,129.2563581936035,118,136,95.0,147.0,32.0,20.0,118,136,0.5402997732162476,0.490730881690979,18,0.269206702709198,0.31877559423446655,0.2939911484718323
N_33,gap,6,147,130.54347,548.84937,gap_score_smooth,0.9720860123634338,0.8101521134376526,41.164292026774405,0.5670099556446075,139.377233226634,180.5415252534084,0,226,127.0,194.0,20.0,47.0,136,173,0.490730881690979,0.7719533443450928,37,0.48135513067245483,0.20013266801834106,0.34074389934539795
N_33,gap,7,194,134.44185,687.8829,gap_score_smooth,0.799384355545044,0.2938138246536255,5.2546395168755,0.6524774432182312,191.01597155899478,196.27061107587028,183,204,147.0,214.0,47.0,20.0,183,204,0.5055705308914185,0.27957189083099365,21,0.2938138246536255,0.5198124647140503,0.4068131446838379
N_33,gap,8,214,130.58531,747.046,gap_score_smooth,0.8048570156097412,0.5252851247787476,8.432335674315937,0.5422144532203674,209.44415635831322,217.87649203262916,204,226,194.0,233.0,20.0,19.0,204,226,0.27957189083099365,0.08630219846963882,22,0.5252851247787476,0.7185548171401024,0.621919970959425
N_33,gap,9,233,128.93422,803.25104,gap_score_smooth,0.38082578778266907,0.29108865559101105,5.70837061810127,0.23528145998716354,230.40961113106954,236.1179817491708,226,239,214.0,,19.0,0.0,226,239,0.08630219846963882,0.08973713219165802,13,0.29452358931303024,0.29108865559101105,0.29280612245202065
N_34,gap,1,11,102.38162,125.98326,gap_score_smooth,0.7829739451408386,0.21397989988327026,13.577373791610148,0.6759839951992035,8.194678523844518,21.772052315454665,0,26,,44.0,0.0,33.0,0,16,0.07892879098653793,0.7674382925033569,16,0.7040451541543007,0.01553565263748169,0.3597904033958912
N_34,gap,2,44,101.54135,242.93306,gap_score_smooth,0.8325785398483276,0.25653374195098877,15.115653675918121,0.7043116688728333,31.63183786120582,46.74749153712394,0,78,11.0,58.0,33.0,14.0,37,50,0.7774297595024109,0.6046088337898254,13,0.05514878034591675,0.2279697060585022,0.14155924320220947
N_34,gap,3,58,102.24984,292.54813,gap_score_smooth,0.8099853992462158,0.20537656545639038,5.568472907592252,0.7072971165180206,55.55478740794454,61.12326031553679,50,78,44.0,85.0,14.0,27.0,50,63,0.6046088337898254,0.6741959452629089,13,0.20537656545639038,0.13578945398330688,0.17058300971984863
N_34,gap,4,85,104.82698,388.2343,gap_score_smooth,0.7969974279403687,0.18601387739181519,4.697445109849411,0.7039904892444611,82.36525471539159,87.062699825241,78,91,58.0,99.0,27.0,14.0,78,91,0.5760447978973389,0.6109835505485535,13,0.22095263004302979,0.18601387739181519,0.20348325371742249
N_34,gap,5,99,105.79558,437.84937,gap_score_smooth,0.8659288287162781,0.35557472705841064,6.511445428799419,0.6881414651870728,95.18889554788186,101.70034097668128,0,106,85.0,114.0,14.0,15.0,91,106,0.6109835505485535,0.5103541016578674,15,0.2549452781677246,0.35557472705841064,0.3052600026130676
N_34,gap,6,114,105.90009,491.00836,gap_score_smooth,0.9131471514701843,0.35366183519363403,5.985622022531572,0.7363162338733673,111.51147984131377,117.49710186384534,0,122,99.0,131.0,15.0,17.0,106,122,0.5103541016578674,0.5594853162765503,16,0.4027930498123169,0.35366183519363403,0.37822744250297546
N_34,gap,7,131,102.4422,551.25525,gap_score_smooth,0.9860385060310364,0.8073178231716156,31.17918148879066,0.5823795944452286,124.27065398559155,155.4498354743822,0,201,114.0,150.0,17.0,19.0,122,141,0.5594853162765503,0.5825533866882324,19,0.4265531897544861,0.40348511934280396,0.415019154548645
N_34,gap,8,150,104.16999,618.58997,gap_score_smooth,0.9145560264587402,0.3320026397705078,8.367527399485908,0.7485547065734863,145.34732292650943,153.71485032599534,141,160,131.0,170.0,19.0,20.0,141,160,0.5825533866882324,0.421107679605484,19,0.3320026397705078,0.4934483468532562,0.412725493311882
N_34,gap,9,170,103.76709,689.4686,gap_score_smooth,0.9246451258659363,0.5035374462604523,8.982254067595733,0.6728764027357101,165.07479837592354,174.05705244351927,160,201,150.0,190.0,20.0,20.0,160,180,0.421107679605484,0.3023815453052521,20,0.5035374462604523,0.6222635805606842,0.5629005134105682
N_34,gap,10,190,103.06018,760.3473,gap_score_smooth,0.915276825428009,0.612895280122757,9.730606886576993,0.6088291853666306,185.19364252837346,194.92424941495045,180,201,170.0,211.0,20.0,21.0,180,201,0.3023815453052521,0.17872068285942078,21,0.612895280122757,0.7365561425685883,0.6747257113456726
N_34,gap,11,211,104.00202,834.7699,gap_score_smooth,0.8532153367996216,0.5472619235515594,8.296280244969722,0.5795843750238419,206.71399184922518,215.0102720941949,201,221,190.0,231.0,21.0,20.0,201,221,0.17872068285942078,0.30595341324806213,20,0.6744946539402008,0.5472619235515594,0.6108782887458801
N_34,gap,12,231,106.33823,905.64856,gap_score_smooth,0.7949793338775635,0.4364774227142334,9.771316497910902,0.5767406225204468,225.96339303874709,235.734709536658,221,239,211.0,,20.0,0.0,221,239,0.30595341324806213,0.3585019111633301,18,0.48902592062950134,0.4364774227142334,0.46275167167186737
N_35,gap,1,8,132.17157,159.67365,gap_score_smooth,0.7405276894569397,0.13933968544006348,4.726564345316795,0.670857846736908,5.613129366281109,10.339693711597905,0,22,,43.0,0.0,35.0,0,15,0.2098805010318756,0.6045233607292175,15,0.5306471884250641,0.13600432872772217,0.3333257585763931
N_35,gap,2,43,128.25172,271.99582,gap_score_smooth,0.7496275305747986,0.051425039768218994,6.445297173753076,0.7239150106906891,39.27432850730071,45.719625681053785,0,50,8.0,61.0,35.0,18.0,37,50,0.7104917764663696,0.6982024908065796,13,0.039135754108428955,0.051425039768218994,0.045280396938323975
N_35,gap,3,61,125.36449,329.7615,gap_score_smooth,0.7873170971870422,0.17043107748031616,18.561264569267415,0.7021015584468842,51.98458074025549,70.5458453095229,0,76,43.0,97.0,18.0,36.0,50,66,0.6982024908065796,0.7722145318984985,16,0.08911460638046265,0.015102565288543701,0.052108585834503174
N_35,gap,4,97,128.8317,445.29288,gap_score_smooth,0.9367626905441284,0.2863818407058716,42.53214104571872,0.7935717701911926,82.50950231894684,125.04164336466556,0,130,61.0,123.0,36.0,26.0,76,105,0.6168860197067261,0.9249041080474854,29,0.31987667083740234,0.011858582496643066,0.1658676266670227
N_35,gap,5,123,127.10595,528.73224,gap_score_smooth,0.8942852020263672,0.08638638257980347,3.762108724490517,0.8510920107364655,120.36985515791467,124.13196388240519,116,130,97.0,139.0,26.0,16.0,116,130,0.8078988194465637,0.6503808498382568,14,0.08638638257980347,0.24390435218811035,0.1651453673839569
N_35,gap,6,139,128.79439,580.07947,gap_score_smooth,0.9369045495986938,0.7270240485668182,141.79051427086176,0.5733925253152847,4.485616571517916,146.27613084237967,0,239,123.0,156.0,16.0,17.0,130,148,0.6503808498382568,0.5610989332199097,18,0.286523699760437,0.3758056163787842,0.3311646580696106
N_35,gap,7,156,132.4208,634.636,gap_score_smooth,0.8797985911369324,0.3186996579170227,7.572003847063002,0.720448762178421,152.38547659296287,159.95748044002588,148,239,139.0,172.0,17.0,16.0,148,166,0.5610989332199097,0.6596229672431946,18,0.3186996579170227,0.2201756238937378,0.26943764090538025
N_35,gap,8,172,135.32431,685.9833,gap_score_smooth,0.8199526071548462,0.1603296399116516,4.720788422113742,0.7397877871990204,169.4727066635613,174.19349508567504,166,179,156.0,191.0,16.0,19.0,166,179,0.6596229672431946,0.542243242263794,13,0.1603296399116516,0.27770936489105225,0.21901950240135193
N_35,gap,9,191,134.95967,746.9581,gap_score_smooth,0.8591628074645996,0.31691956520080566,9.081832585657224,0.7007030248641968,186.07247836802244,195.15431095367967,179,239,172.0,209.0,19.0,18.0,179,200,0.542243242263794,0.5952726602554321,21,0.31691956520080566,0.2638901472091675,0.2904048562049866
N_35,gap,10,209,133.39485,804.7239,gap_score_smooth,0.8575541377067566,0.26228147745132446,6.3394311663474525,0.7264133989810944,205.81333614603116,212.15276731237861,200,239,191.0,230.0,18.0,21.0,200,221,0.5952726602554321,0.1720326691865921,21,0.26228147745132446,0.6855214685201645,0.4739014729857445
N_35,gap,11,230,132.7904,872.1171,gap_score_smooth,0.7088809609413147,0.5368482917547226,8.0705573637631,0.4404568150639534,225.82683276417666,233.89739012793976,221,239,209.0,,21.0,0.0,221,239,0.1720326691865921,0.07340634614229202,18,0.5368482917547226,0.6354746147990227,0.5861614532768726
N_36,gap,1,18,121.37408,174.47281,gap_score_smooth,0.6019451022148132,0.04372906684875488,3.511994370992321,0.5800805687904358,15.968912974997375,19.480907345989696,0,22,,58.0,0.0,40.0,13,22,0.5429844856262207,0.5582160353660583,9,0.05896061658859253,0.04372906684875488,0.051344841718673706
N_36,gap,2,58,129.41917,293.30127,gap_score_smooth,0.9428527355194092,0.5004618763923645,33.790932641053686,0.6926217973232269,30.320129913407516,64.1110625544612,0,129,18.0,74.0,40.0,16.0,49,70,0.829416036605835,0.6175308227539062,21,0.11343669891357422,0.32532191276550293,0.21937930583953857
N_36,gap,3,74,133.04344,340.83264,gap_score_smooth,0.6839950680732727,0.06646424531936646,3.3580706531671325,0.6507629454135895,72.07366097611593,75.43173162928306,70,79,58.0,89.0,16.0,15.0,70,79,0.6175308227539062,0.5761209726333618,9,0.06646424531936646,0.10787409543991089,0.08716917037963867
N_36,gap,4,89,138.36768,385.3933,gap_score_smooth,0.8150442242622375,0.23892325162887573,5.326323619558082,0.6955825984477997,85.99983103561532,91.3261546551734,79,113,74.0,104.0,15.0,15.0,79,98,0.5761209726333618,0.5718953013420105,19,0.23892325162887573,0.24314892292022705,0.2410360872745514
N_36,gap,5,104,137.8187,429.95398,gap_score_smooth,0.7715047001838684,0.1996093988418579,4.462841673219984,0.6717000007629395,101.81420939920476,106.27705107242474,98,113,89.0,120.0,15.0,16.0,98,113,0.5718953013420105,0.547061026096344,15,0.1996093988418579,0.22444367408752441,0.21202653646469116
N_36,gap,6,120,136.19302,477.48535,gap_score_smooth,0.8558377027511597,0.3087766766548157,5.074305243498145,0.7014493644237518,117.13693487662745,122.2112401201256,113,129,104.0,138.0,16.0,18.0,113,129,0.547061026096344,0.4423908591270447,16,0.3087766766548157,0.413446843624115,0.36111176013946533
N_36,gap,7,138,135.16829,530.9581,gap_score_smooth,0.9648549556732178,0.8515912741422653,25.56770869684277,0.5390593186020851,132.68765130157786,158.25535999842063,0,239,120.0,154.0,18.0,16.0,129,149,0.4423908591270447,0.6853982210159302,20,0.5224640965461731,0.2794567346572876,0.40096041560173035
N_36,gap,8,154,135.04172,578.48956,gap_score_smooth,0.8458866477012634,0.16048842668533325,3.838459497441079,0.7656424343585968,152.24626231763935,156.08472181508043,149,162,138.0,173.0,16.0,19.0,149,162,0.6853982210159302,0.39637237787246704,13,0.16048842668533325,0.4495142698287964,0.3050013482570648
N_36,gap,9,173,132.30139,634.93304,gap_score_smooth,0.8262560963630676,0.26478368043899536,5.5534483948957245,0.69386425614357,169.88180020657927,175.435248601475,162,179,154.0,190.0,19.0,17.0,162,179,0.39637237787246704,0.5614724159240723,17,0.4298837184906006,0.26478368043899536,0.347333699464798
N_36,gap,10,190,130.17772,685.4351,gap_score_smooth,0.8579599857330322,0.4615876078605652,8.063480516342878,0.6271661818027496,185.9829513824074,194.04643189875028,162,239,173.0,210.0,17.0,20.0,183,199,0.5741437673568726,0.3490489721298218,16,0.28381621837615967,0.5089110136032104,0.39636361598968506
N_36,gap,11,210,130.49483,744.84937,gap_score_smooth,0.8483709096908569,0.49932193756103516,8.015767490628491,0.5987099409103394,206.32017727358354,214.33594476421203,199,239,190.0,231.0,20.0,21.0,199,219,0.3490489721298218,0.23341889679431915,20,0.49932193756103516,0.6149520128965378,0.5571369752287865
N_36,gap,12,231,135.23325,807.2343,gap_score_smooth,0.6122809648513794,0.37886206805706024,6.0811915714782,0.4228499308228493,228.13781488481473,234.21900645629293,219,239,210.0,,21.0,0.0,225,239,0.2389318197965622,0.09166388213634491,14,0.3733491450548172,0.5206170827150345,0.44698311388492584
N_37,gap,1,9,121.0928,127.12971,gap_score_smooth,0.7163635492324829,0.08606374263763428,5.226428183332568,0.6733316779136658,6.641555184650801,11.867983367983369,0,15,,41.0,0.0,32.0,0,15,0.13662609457969666,0.6302998065948486,15,0.5797374546527863,0.08606374263763428,0.33290059864521027
N_37,gap,2,41,124.43062,227.14644,gap_score_smooth,0.8496523499488831,0.310360312461853,28.135456954342285,0.6944721937179565,22.835250870734473,50.97070782507676,0,59,9.0,90.0,32.0,49.0,15,59,0.6302998065948486,0.53929203748703,44,0.21935254335403442,0.310360312461853,0.2648564279079437
N_37,gap,3,90,124.61472,380.29706,gap_score_smooth,0.765791654586792,0.1603655219078064,26.587887426935183,0.6856088936328888,77.64095214998841,104.22883957692359,59,111,41.0,129.0,49.0,39.0,84,95,0.7181095480918884,0.7120876312255859,11,0.047682106494903564,0.053704023361206055,0.05069306492805481
N_37,gap,4,129,126.16819,502.19247,gap_score_smooth,0.855505108833313,0.1622227430343628,4.526531259119608,0.7743937373161316,127.18401253270075,131.71054379182036,0,136,90.0,145.0,39.0,16.0,120,136,0.6341218948364258,0.6932823657989502,16,0.2213832139968872,0.1622227430343628,0.191802978515625
N_37,gap,5,145,127.98281,552.20087,gap_score_smooth,0.9405567049980164,0.8039306104183197,176.14263520586778,0.5385913997888565,4.81058617337473,180.9532213792425,0,239,129.0,160.0,16.0,15.0,136,155,0.6932823657989502,0.8059746623039246,19,0.24727433919906616,0.1345820426940918,0.19092819094657898
N_37,gap,6,160,132.56544,599.0837,gap_score_smooth,0.8996536731719971,0.09367901086807251,4.0607540840639444,0.8528141677379608,157.95861768762862,162.01937177169256,155,239,145.0,177.0,15.0,17.0,155,171,0.8059746623039246,0.5542106628417969,16,0.09367901086807251,0.3454430103302002,0.21956101059913635
N_37,gap,7,177,136.93602,652.2176,gap_score_smooth,0.8032935261726379,0.24908286333084106,4.82040866057298,0.6787520945072174,174.78451194066466,179.60492060123764,171,187,160.0,195.0,17.0,18.0,171,187,0.5542106628417969,0.3707197606563568,16,0.24908286333084106,0.43257376551628113,0.3408283144235611
N_37,gap,8,195,135.74974,708.477,gap_score_smooth,0.8100703954696655,0.4393506348133087,6.338671814815228,0.5903950780630112,191.89973045895547,198.2384022737707,187,239,177.0,213.0,18.0,18.0,187,204,0.3707197606563568,0.24789634346961975,17,0.4393506348133087,0.5621740520000458,0.5007623434066772
N_37,gap,9,213,133.73013,764.7364,gap_score_smooth,0.7388809323310852,0.49098458886146545,5.996946244589566,0.4933886379003525,209.99209835776819,215.98904460235775,204,239,195.0,231.0,18.0,18.0,204,223,0.24789634346961975,0.11653073132038116,19,0.49098458886146545,0.622350201010704,0.5566673949360847
N_37,gap,10,231,131.14572,820.9958,gap_score_smooth,0.6362298130989075,0.5196990817785263,7.136111201371023,0.3763802722096443,227.85644974564147,234.9925609470125,223,239,213.0,,18.0,0.0,223,239,0.11653073132038116,0.08372073620557785,16,0.5196990817785263,0.5525090768933296,0.536104079335928
N_38,gap,1,51,121.58119,251.85774,gap_score_smooth,0.7929511666297913,0.3966863751411438,49.231562633632976,0.5946079790592194,26.465981961481884,75.69754459511486,0,92,,72.0,0.0,21.0,45,64,0.702583909034729,0.618859589099884,19,0.09036725759506226,0.17409157752990723,0.13222941756248474
N_38,gap,2,72,123.841896,321.79916,gap_score_smooth,0.6931567192077637,0.07429713010787964,4.2021497509257415,0.6560081541538239,69.71626751168849,73.91841726261423,64,92,51.0,101.0,21.0,29.0,64,80,0.618859589099884,0.5502085089683533,16,0.07429713010787964,0.1429482102394104,0.10862267017364502
N_38,gap,3,101,123.39003,418.38495,gap_score_smooth,0.7681918144226074,0.11223703622817993,3.522188037449908,0.7120732963085175,99.06173385261027,102.58392189006018,92,108,72.0,127.0,29.0,26.0,92,108,0.39626479148864746,0.6559547781944275,16,0.37192702293395996,0.11223703622817993,0.24208202958106995
N_38,gap,4,127,122.25773,504.97906,gap_score_smooth,0.9186609387397766,0.8035780563950539,82.01615226802652,0.5168719105422497,96.81626999463306,178.83242226265958,0,239,101.0,141.0,26.0,14.0,118,133,0.7537128925323486,0.7334283590316772,15,0.16494804620742798,0.18523257970809937,0.17509031295776367
N_38,gap,5,141,120.76455,551.6067,gap_score_smooth,0.9036658406257629,0.1702374815940857,4.859296670772125,0.8185470998287201,138.80561048598528,143.6649071567574,133,239,127.0,157.0,14.0,16.0,133,150,0.7334283590316772,0.6539393663406372,17,0.1702374815940857,0.24972647428512573,0.2099819779396057
N_38,gap,6,157,116.79037,604.8954,gap_score_smooth,0.832889974117279,0.17895060777664185,5.291631124889278,0.7434146702289581,154.06629918003674,159.35793030492601,150,199,141.0,173.0,16.0,16.0,150,167,0.6539393663406372,0.5645555853843689,17,0.17895060777664185,0.26833438873291016,0.223642498254776
N_38,gap,7,173,115.41036,658.1841,gap_score_smooth,0.7481186985969543,0.18356311321258545,5.7107703837295105,0.6563371419906616,170.52264126975248,176.233411653482,167,181,157.0,191.0,16.0,18.0,167,181,0.5645555853843689,0.4933888018131256,14,0.18356311321258545,0.25472989678382874,0.2191465049982071
N_38,gap,8,191,117.60266,718.1339,gap_score_smooth,0.7707166075706482,0.2773278057575226,6.326501949736127,0.6320527046918869,187.4388610693658,193.76536301910193,181,199,173.0,208.0,18.0,17.0,181,199,0.4933888018131256,0.4785126745700836,18,0.2773278057575226,0.2922039330005646,0.2847658693790436
N_38,gap,9,208,120.41928,774.7531,gap_score_smooth,0.8358924388885498,0.3573797643184662,7.674433121242998,0.6572025567293167,204.38196292995798,212.05639605120098,199,239,191.0,230.0,17.0,22.0,199,220,0.4785126745700836,0.22510871291160583,21,0.3573797643184662,0.610783725976944,0.4840817451477051
N_38,gap,10,230,126.74037,848.0251,gap_score_smooth,0.7090344429016113,0.4839257299900055,10.558309147594144,0.4670715779066086,224.2543357275437,234.81264487513783,220,239,208.0,,22.0,0.0,220,239,0.22510871291160583,0.11508288234472275,19,0.4839257299900055,0.5939515605568886,0.538938645273447
N_39,gap,1,14,118.48082,115.64017,gap_score_smooth,0.5584487915039062,0.11912336945533752,4.282670623466533,0.4988871067762375,11.98381175381077,16.266482377277303,0,19,,28.0,0.0,14.0,0,19,0.10168560594320297,0.4393254220485687,19,0.4567631855607033,0.11912336945533752,0.2879432775080204
N_39,gap,2,28,116.17316,159.28033,gap_score_smooth,0.5918331146240234,0.17580658197402954,5.228009638658325,0.5039298236370087,24.716341634318738,29.944351272977062,0,34,14.0,42.0,14.0,14.0,19,34,0.4393254220485687,0.4160265326499939,15,0.1525076925754547,0.17580658197402954,0.16415713727474213
N_39,gap,3,42,114.370514,202.9205,gap_score_smooth,0.6444158554077148,0.26023992896080017,5.372318284489552,0.5142958909273148,38.76554849469134,44.13786677918089,0,50,28.0,56.0,14.0,14.0,34,50,0.4160265326499939,0.3841759264469147,16,0.22838932275772095,0.26023992896080017,0.24431462585926056
N_39,gap,4,56,112.6179,246.56067,gap_score_smooth,0.6555874943733215,0.21979635953903198,4.423383939266486,0.5456893146038055,54.213903134456174,58.63728707372266,0,62,42.0,71.0,14.0,15.0,50,62,0.3841759264469147,0.43579113483428955,12,0.27141156792640686,0.21979635953903198,0.24560396373271942
N_39,gap,5,71,112.37815,293.318,gap_score_smooth,0.716526448726654,0.32532399892807007,5.3229187001037985,0.553864449262619,68.30342907412626,73.62634777423006,0,79,56.0,87.0,15.0,16.0,62,79,0.43579113483428955,0.391202449798584,17,0.2807353138923645,0.32532399892807007,0.3030296564102173
N_39,gap,6,87,113.583336,343.19247,gap_score_smooth,0.788186252117157,0.416553795337677,5.66954991238417,0.5799093544483185,84.11904302499545,89.78859293737962,0,94,71.0,104.0,16.0,17.0,79,94,0.391202449798584,0.37163245677948,15,0.396983802318573,0.416553795337677,0.406768798828125
N_39,gap,7,104,114.19547,396.1841,gap_score_smooth,0.8941910266876221,0.5130486488342285,6.551589464155612,0.6376667022705078,100.88260780915486,107.43419727331047,0,113,87.0,123.0,17.0,19.0,94,113,0.37163245677948,0.38114237785339355,19,0.5225585699081421,0.5130486488342285,0.5178036093711853
N_39,gap,8,123,115.241425,455.41003,gap_score_smooth,0.9725503921508789,0.4157363176345825,7.072384929096614,0.7646822333335876,119.58932904821843,126.66171397731505,0,133,104.0,143.0,19.0,20.0,113,133,0.38114237785339355,0.5568140745162964,20,0.5914080142974854,0.4157363176345825,0.5035721659660339
N_39,gap,9,143,119.73706,517.7531,gap_score_smooth,0.9771149158477783,0.8754293099045753,35.46301775314939,0.5394002608954906,117.5647324840238,153.0277502371732,0,239,123.0,163.0,20.0,20.0,133,155,0.5568140745162964,0.5342609882354736,22,0.42030084133148193,0.4428539276123047,0.4315773844718933
N_39,gap,10,163,119.43263,580.09625,gap_score_smooth,0.8809182047843933,0.3466572165489197,9.174984020679432,0.7075895965099335,159.1568350775276,168.33181909820703,155,239,143.0,186.0,20.0,23.0,155,174,0.5342609882354736,0.31544873118400574,19,0.3466572165489197,0.5654694736003876,0.4560633450746536
N_39,gap,11,186,118.288704,651.7908,gap_score_smooth,0.8572553396224976,0.5418066084384918,10.600494192842405,0.5863520354032516,181.45799961368323,192.05849380652563,174,198,163.0,209.0,23.0,23.0,174,198,0.31544873118400574,0.18708157539367676,24,0.5418066084384918,0.6701737642288208,0.6059901863336563
N_39,gap,12,209,117.615524,723.48535,gap_score_smooth,0.869469404220581,0.6823878288269043,9.233323102356167,0.5282754898071289,204.49952165590952,213.73284475826568,198,239,186.0,231.0,23.0,22.0,198,222,0.18708157539367676,0.1109890416264534,24,0.6823878288269043,0.7584803625941277,0.720434095710516
N_39,gap,13,231,115.88801,792.06274,gap_score_smooth,0.6812708973884583,0.5702818557620049,7.678440417843319,0.3961299695074558,226.92882912539054,234.60726954323385,222,239,209.0,,22.0,0.0,222,239,0.1109890416264534,0.07892682403326035,17,0.5702818557620049,0.6023440733551979,0.5863129645586014
N_3,gap,1,12,88.21485,137.82008,gap_score_smooth,0.7756687998771667,0.06184244155883789,8.753248413411296,0.7447475790977478,9.740698588797756,18.49394700220905,0,23,,45.0,0.0,33.0,0,23,0.1329326182603836,0.7138263583183289,23,0.6427361816167831,0.06184244155883789,0.3522893115878105
N_3,gap,2,45,94.41705,250.07532,gap_score_smooth,0.8419902324676514,0.03851938247680664,10.726040912737048,0.822730541229248,40.45229908183049,51.17833999456754,0,57,12.0,69.0,33.0,24.0,23,57,0.7138263583183289,0.8034708499908447,34,0.1281638741493225,0.03851938247680664,0.08334162831306458
N_3,gap,3,69,98.05248,331.71548,gap_score_smooth,0.9041553735733032,0.13382530212402344,28.759765333454908,0.8372427225112915,60.190986532146766,88.95075186560167,0,93,45.0,137.0,24.0,68.0,57,74,0.8034708499908447,0.8929638862609863,17,0.1006845235824585,0.011191487312316895,0.055938005447387695
N_3,gap,4,137,100.40148,563.0293,gap_score_smooth,0.9989485144615173,0.8660158962011337,176.7480707427124,0.5659405663609505,5.35178667740884,182.09985742012125,0,239,69.0,169.0,68.0,32.0,107,155,0.8613686561584473,0.7828230857849121,48,0.13757985830307007,0.21612542867660522,0.17685264348983765
N_3,gap,5,169,104.6142,671.8829,gap_score_smooth,0.9648407101631165,0.18201762437820435,18.98098024116203,0.8738318979740143,159.04091751037222,178.02189775153425,155,239,137.0,198.0,32.0,29.0,155,188,0.7828230857849121,0.20386454463005066,33,0.18201762437820435,0.7609761655330658,0.47149689495563507
N_3,gap,6,198,112.40091,770.5314,gap_score_smooth,0.8773288130760193,0.6734642684459686,9.17328028238461,0.540596678853035,193.27391240667114,202.44719268905575,188,239,169.0,216.0,29.0,18.0,188,208,0.20386454463005066,0.3328191637992859,20,0.6734642684459686,0.5445096492767334,0.608986958861351
N_3,gap,7,216,119.80001,831.76154,gap_score_smooth,0.7772933840751648,0.4444742202758789,8.809651354592916,0.5550562739372253,212.09879114540226,220.90844249999518,208,239,198.0,231.0,18.0,15.0,208,225,0.3328191637992859,0.516209602355957,17,0.4444742202758789,0.26108378171920776,0.35277900099754333
N_3,gap,8,231,124.35495,882.7866,gap_score_smooth,0.6738626956939697,0.1576530933380127,4.432596424413532,0.5950361490249634,228.70576805493107,233.1383644793446,225,239,216.0,,15.0,0.0,225,239,0.516209602355957,0.09899354726076126,14,0.1576530933380127,0.5748691484332085,0.3662611208856106
N_40,gap,1,8,180.7614,182.96652,gap_score_smooth,0.7100611925125122,0.5648211240768433,8.009495610793063,0.4276506304740906,3.879687826758093,11.889183437551157,0,22,,49.0,0.0,41.0,0,22,0.12492842972278595,0.14524006843566895,22,0.5851327627897263,0.5648211240768433,0.5749769434332848
N_40,gap,2,49,189.98918,305.79498,gap_score_smooth,0.8347315788269043,0.2383127212524414,10.578388659264519,0.7155752182006836,43.04495564645861,53.62334430572313,0,57,8.0,69.0,41.0,20.0,40,57,0.6868665218353271,0.5964188575744629,17,0.14786505699157715,0.2383127212524414,0.19308888912200928
N_40,gap,3,69,191.89034,365.7113,gap_score_smooth,0.8746837377548218,0.595392495393753,55.77137019271643,0.5769874900579453,34.715695454444244,90.48706564716068,0,173,49.0,100.0,20.0,31.0,57,92,0.5964188575744629,0.5577602982521057,35,0.2782648801803589,0.31692343950271606,0.2975941598415375
N_40,gap,4,100,188.63194,458.5816,gap_score_smooth,0.5975661277770996,0.039805829524993896,13.301602813251307,0.5776632130146027,96.27702282582017,109.57862563907148,92,126,69.0,150.0,31.0,50.0,92,105,0.5577602982521057,0.5798206329345703,13,0.039805829524993896,0.017745494842529297,0.028775662183761597
N_40,gap,5,150,189.31969,608.3724,gap_score_smooth,0.8550041317939758,0.39395028352737427,14.154250600634526,0.6580289900302887,138.55474068625773,152.70899128689226,126,173,100.0,165.0,50.0,15.0,134,160,0.4663730561733246,0.4696987569332123,26,0.38863107562065125,0.38530537486076355,0.3869682252407074
N_40,gap,6,165,188.94823,653.30963,gap_score_smooth,0.6825149059295654,0.21281614899635315,4.023667230292034,0.5761068314313889,163.19705633887554,167.22072356916757,160,173,150.0,183.0,15.0,18.0,160,173,0.4696987569332123,0.2792912423610687,13,0.21281614899635315,0.4032236635684967,0.3080199062824249
N_40,gap,7,183,185.57513,707.2343,gap_score_smooth,0.8879822492599487,0.7630538195371628,22.544853219610047,0.5064553394913673,178.79857703756514,201.34343025717519,0,224,165.0,198.0,18.0,15.0,173,193,0.2792912423610687,0.6843581795692444,20,0.60869100689888,0.20362406969070435,0.4061575382947922
N_40,gap,8,198,183.1275,752.1716,gap_score_smooth,0.7939709424972534,0.10961276292800903,3.2729095996283775,0.7391645610332489,195.89678359116397,199.16969319079234,193,224,183.0,215.0,15.0,17.0,193,206,0.6843581795692444,0.29601970314979553,13,0.10961276292800903,0.4979512393474579,0.30378200113773346
N_40,gap,9,215,180.94061,803.1004,gap_score_smooth,0.7385157942771912,0.44249609112739563,5.496834936586197,0.5172677487134933,212.02113969136593,217.51797462795213,206,224,198.0,233.0,17.0,18.0,206,224,0.29601970314979553,0.09379938244819641,18,0.44249609112739563,0.6447164118289948,0.5436062514781952
N_40,gap,10,233,180.80861,857.0251,gap_score_smooth,0.546196699142456,0.44195031374692917,6.143693929227993,0.32522154226899147,229.6141423345898,235.75783626381778,224,239,215.0,,18.0,0.0,224,239,0.09379938244819641,0.10424638539552689,15,0.45239731669425964,0.44195031374692917,0.4471738152205944
N_41,gap,1,28,80.109146,160.01674,gap_score_smooth,0.696457028388977,0.12345695495605469,15.501235230235585,0.6347285509109497,15.853722288978775,31.35495751921436,0,34,,49.0,0.0,21.0,23,34,0.6501668691635132,0.5730000734329224,11,0.04629015922546387,0.12345695495605469,0.08487355709075928
N_41,gap,2,49,77.97404,220.02928,gap_score_smooth,0.7120040655136108,0.0412103533744812,5.524842753076918,0.6913988888263702,46.64450030922195,52.169343062298864,0,54,28.0,69.0,21.0,20.0,42,54,0.6005197763442993,0.6707937121391296,12,0.11148428916931152,0.0412103533744812,0.07634732127189636
N_41,gap,3,69,79.43589,277.1841,gap_score_smooth,0.947124719619751,0.30645978450775146,16.488943836071158,0.7938948273658752,59.867990242757074,76.35693407882823,0,143,49.0,94.0,20.0,25.0,54,81,0.6707937121391296,0.7240793108940125,27,0.27633100748062134,0.22304540872573853,0.24968820810317993
N_41,gap,4,94,77.46697,348.62762,gap_score_smooth,0.8328384757041931,0.07918089628219604,5.899202106390973,0.7932480275630951,91.08222092145597,96.98142302784694,87,108,69.0,127.0,25.0,33.0,87,99,0.7098113298416138,0.756738543510437,12,0.12302714586257935,0.0760999321937561,0.09956353902816772
N_41,gap,5,127,74.65731,442.93304,gap_score_smooth,0.8384398818016052,0.12862855195999146,21.140030260926366,0.7741256058216095,112.27075554579399,133.41078580672036,87,143,94.0,152.0,33.0,25.0,122,143,0.783050537109375,0.6406649351119995,21,0.055389344692230225,0.1977749466896057,0.12658214569091797
N_41,gap,6,152,73.198044,514.3766,gap_score_smooth,0.9886749982833862,0.8690125793218613,193.23452852503866,0.5541687086224556,7.676680033968673,200.91120855900732,0,239,127.0,194.0,25.0,42.0,143,182,0.6406649351119995,0.6129162907600403,39,0.3480100631713867,0.37575870752334595,0.36188438534736633
N_41,gap,7,194,73.434204,634.4017,gap_score_smooth,0.865837812423706,0.25292152166366577,7.072158761809504,0.7393770515918732,190.71548184720032,197.78764060900983,182,239,152.0,214.0,42.0,20.0,182,203,0.6129162907600403,0.5327965617179871,21,0.25292152166366577,0.333041250705719,0.2929813861846924
N_41,gap,8,214,75.37235,691.55646,gap_score_smooth,0.8516050577163696,0.31880849599838257,6.561748812231627,0.6922008097171783,210.7506536202216,217.31240243245324,203,239,194.0,232.0,20.0,18.0,203,227,0.5327965617179871,0.34065020084381104,24,0.31880849599838257,0.5109548568725586,0.4148816764354706
N_41,gap,9,232,72.46811,742.9958,gap_score_smooth,0.5175531506538391,0.17690294981002808,4.155288187032511,0.4291016757488251,229.92413269422428,234.0794208812568,227,239,214.0,,18.0,0.0,227,239,0.34065020084381104,0.09253140538930893,12,0.17690294981002808,0.4250217452645302,0.30096234753727913
N_42,gap,1,33,81.902504,215.4477,gap_score_smooth,0.8124328851699829,0.13787829875946045,12.16091746570704,0.7434937357902527,25.818762029512403,37.97967949521944,0,42,,58.0,0.0,25.0,18,42,0.7004478573799133,0.6745545864105225,24,0.11198502779006958,0.13787829875946045,0.12493166327476501
N_42,gap,2,58,83.365456,290.0293,gap_score_smooth,0.873146116733551,0.17995673418045044,11.740862393972606,0.7831677496433258,51.676833666279016,63.41769606025162,0,71,33.0,97.0,25.0,39.0,42,71,0.6745545864105225,0.6931893825531006,29,0.19859153032302856,0.17995673418045044,0.1892741322517395
N_42,gap,3,97,90.74044,406.37656,gap_score_smooth,0.8844527006149292,0.06913912296295166,14.41902359311409,0.8498831391334534,93.17572865178114,107.59475224489523,0,115,58.0,132.0,39.0,35.0,81,115,0.7171068787574768,0.8153135776519775,34,0.1673458218574524,0.06913912296295166,0.11824247241020203
N_42,gap,4,132,93.82329,510.7908,gap_score_smooth,0.9320104718208313,0.07313233613967896,10.194164901636881,0.8954443037509918,124.86471985184004,135.05888475347692,0,142,97.0,150.0,35.0,18.0,115,142,0.8153135776519775,0.8588781356811523,27,0.11669689416885376,0.07313233613967896,0.09491461515426636
N_42,gap,5,150,93.84964,564.48956,gap_score_smooth,0.9912667870521545,0.7991497665643692,160.39202343157598,0.5916919037699699,5.228001910001241,165.62002534157722,0,239,132.0,178.0,18.0,28.0,142,167,0.8588781356811523,0.5800992846488953,25,0.1323886513710022,0.4111675024032593,0.27177807688713074
N_42,gap,6,178,91.82418,648.02094,gap_score_smooth,0.7938830852508545,0.1432395577430725,4.95983809952719,0.7222633063793182,175.78785954498883,180.74769764451602,172,189,150.0,195.0,28.0,17.0,172,184,0.5702741742134094,0.6552336812019348,12,0.22360891103744507,0.13864940404891968,0.18112915754318237
N_42,gap,7,195,91.15468,698.7364,gap_score_smooth,0.8141695261001587,0.24389535188674927,5.821543462500642,0.6922218501567841,191.5291954062441,197.35073886874474,172,239,178.0,214.0,17.0,19.0,189,204,0.650643527507782,0.36279839277267456,15,0.1635259985923767,0.45137113332748413,0.3074485659599304
N_42,gap,8,214,87.51962,755.4184,gap_score_smooth,0.8106288909912109,0.4478304982185364,8.440411572508395,0.5867136418819427,210.50436448843593,218.94477606094432,204,239,195.0,230.0,19.0,16.0,204,225,0.36279839277267456,0.5258459448814392,21,0.4478304982185364,0.28478294610977173,0.36630672216415405
N_42,gap,9,230,83.87711,803.15063,gap_score_smooth,0.6511961221694946,0.12535017728805542,3.878997816934884,0.5885210335254669,228.13305824837343,232.01205606530831,225,239,214.0,,16.0,0.0,225,239,0.5258459448814392,0.06935495883226395,14,0.12535017728805542,0.5818411633372307,0.35359567031264305
N_43,gap,1,30,127.55581,213.38075,gap_score_smooth,0.8154373168945312,0.23780274391174316,25.82369518105141,0.6965359449386597,8.098607892499292,33.9223030735507,0,38,,62.0,0.0,32.0,17,38,0.7501364350318909,0.5776345729827881,21,0.06530088186264038,0.23780274391174316,0.15155181288719177
N_43,gap,2,62,127.044945,310.85355,gap_score_smooth,0.9533884525299072,0.8006265014410019,107.49334355076617,0.5530752018094063,5.291697963444878,112.78504151421104,0,239,30.0,96.0,32.0,34.0,38,82,0.5776345729827881,0.7535853385925293,44,0.37575387954711914,0.19980311393737793,0.28777849674224854
N_43,gap,3,96,134.7679,414.4184,gap_score_smooth,0.8898231387138367,0.13623780012130737,6.60421368065073,0.821704238653183,91.99271379511238,98.59692747576311,82,116,62.0,124.0,34.0,28.0,82,116,0.7535853385925293,0.488132119178772,34,0.13623780012130737,0.4016910195350647,0.26896440982818604
N_43,gap,4,124,137.8832,499.70712,gap_score_smooth,0.8033280968666077,0.23064535856246948,4.63687901719274,0.6880054175853729,122.250140254822,126.88701927201474,116,133,96.0,140.0,28.0,16.0,116,133,0.488132119178772,0.5726827383041382,17,0.3151959776878357,0.23064535856246948,0.2729206681251526
N_43,gap,5,140,137.02055,548.44354,gap_score_smooth,0.8942945599555969,0.40616244077682495,6.373286784567512,0.6912133395671844,136.85720218842144,143.23048897298895,116,239,124.0,157.0,16.0,17.0,133,150,0.5726827383041382,0.5776281356811523,17,0.32161182165145874,0.3166664242744446,0.31913912296295166
N_43,gap,6,157,139.81491,600.22595,gap_score_smooth,0.8887341022491455,0.31110596656799316,5.915413576427397,0.7331811189651489,153.9052247660262,159.8206383424536,150,239,140.0,174.0,17.0,17.0,150,167,0.5776281356811523,0.5894116163253784,17,0.31110596656799316,0.2993224859237671,0.3052142262458801
N_43,gap,7,174,142.46078,652.00836,gap_score_smooth,0.8130902051925659,0.2236785888671875,5.98948196825819,0.7012509107589722,171.27278763739085,177.26226960564904,167,200,157.0,191.0,17.0,17.0,167,182,0.5894116163253784,0.5288949012756348,15,0.2236785888671875,0.28419530391693115,0.2539369463920593
N_43,gap,8,191,147.33356,703.7908,gap_score_smooth,0.8012279868125916,0.2723330855369568,5.12731131284167,0.6650614440441132,188.6722415318618,193.79955284470347,182,200,174.0,210.0,17.0,19.0,182,200,0.5288949012756348,0.3077540397644043,18,0.2723330855369568,0.49347394704818726,0.382903516292572
N_43,gap,9,210,145.95833,761.6653,gap_score_smooth,0.882074773311615,0.5743207335472107,7.7945477369040645,0.5949144065380096,206.42147072997707,214.21601846688114,200,239,191.0,231.0,19.0,21.0,200,222,0.3077540397644043,0.1609017699956894,22,0.5743207335472107,0.7211730033159256,0.6477468684315681
N_43,gap,10,231,143.21126,825.6318,gap_score_smooth,0.6843523979187012,0.5234506279230118,7.222109427796767,0.4226270839571953,226.9513116381302,234.17342106592696,222,239,210.0,,21.0,0.0,222,239,0.1609017699956894,0.07842107862234116,17,0.5234506279230118,0.60593131929636,0.5646909736096859
N_44,gap,1,8,156.71916,129.60669,gap_score_smooth,0.7265356779098511,0.22718492150306702,6.239930468655865,0.6129432171583176,5.387427241022321,11.627357709678186,0,16,,27.0,0.0,19.0,0,16,0.1695968061685562,0.49935075640678406,16,0.5569388717412949,0.22718492150306702,0.39206189662218094
N_44,gap,2,27,156.40163,190.42259,gap_score_smooth,0.5917780995368958,0.06599479913711548,5.700190473426336,0.558780699968338,24.357213346767164,30.0574038201935,16,32,8.0,70.0,19.0,43.0,21,32,0.5087383985519409,0.5257833003997803,11,0.08303970098495483,0.06599479913711548,0.07451725006103516
N_44,gap,3,70,148.88232,328.05856,gap_score_smooth,0.9200311899185181,0.2730410695075989,33.74893869461146,0.7835106551647186,43.53719806032745,77.28613675493891,0,84,27.0,102.0,43.0,32.0,63,84,0.8572518825531006,0.6469901204109192,21,0.06277930736541748,0.2730410695075989,0.16791018843650818
N_44,gap,4,102,147.77296,430.48535,gap_score_smooth,0.7644167542457581,0.03157764673233032,3.7488361711913,0.7486279308795929,100.41210035824643,104.16093652943773,84,109,70.0,127.0,32.0,25.0,97,109,0.7268285155296326,0.7328391075134277,12,0.03758823871612549,0.03157764673233032,0.034582942724227905
N_44,gap,5,127,143.52081,510.5063,gap_score_smooth,0.9777764081954956,0.8081796020269394,161.761676891755,0.5736866071820259,34.58850498884447,196.35018188059948,0,223,102.0,159.0,25.0,32.0,109,133,0.7328391075134277,0.9248163104057312,24,0.24493730068206787,0.052960097789764404,0.14894869923591614
N_44,gap,6,159,133.12965,612.93304,gap_score_smooth,0.8723958134651184,0.038818955421447754,3.97220112657007,0.8529863357543945,156.86065340216294,160.832854528733,151,168,127.0,174.0,32.0,15.0,151,164,0.7474976778030396,0.8369910717010498,13,0.12489813566207886,0.035404741764068604,0.08015143871307373
N_44,gap,7,174,131.62143,660.9456,gap_score_smooth,0.8973395228385925,0.14984184503555298,22.40227031096427,0.822418600320816,155.6313810198006,178.03365133076488,151,223,159.0,191.0,15.0,17.0,168,180,0.8335768580436707,0.8131330013275146,12,0.06376266479492188,0.08420652151107788,0.07398459315299988
N_44,gap,8,191,129.38332,715.3598,gap_score_smooth,0.890286922454834,0.07715392112731934,5.458396393207039,0.8517099618911743,187.61370154671135,193.0720979399184,180,223,174.0,211.0,17.0,20.0,184,201,0.8150046467781067,0.39617684483528137,17,0.0752822756767273,0.4941100776195526,0.28469617664813995
N_44,gap,9,211,132.46823,779.3766,gap_score_smooth,0.8508203625679016,0.45464351773262024,7.836884254051768,0.6234986037015915,206.94674863803962,214.7836328920914,201,223,191.0,232.0,20.0,21.0,201,223,0.39617684483528137,0.06233936920762062,22,0.45464351773262024,0.788480993360281,0.6215622555464506
N_44,gap,10,232,136.5141,846.5941,gap_score_smooth,0.6207085251808167,0.5375864952802658,7.086572701353958,0.35191527754068375,228.0279018462559,235.11447454760986,223,239,211.0,,21.0,0.0,223,239,0.06233936920762062,0.08312202990055084,16,0.558369155973196,0.5375864952802658,0.5479778256267309
N_45,gap,1,9,121.42029,206.39749,gap_score_smooth,0.7116573452949524,0.22621160745620728,14.467776324859098,0.5985515415668488,5.714297060696164,20.182073385555263,0,53,,47.0,0.0,38.0,0,17,0.11432703584432602,0.602077305316925,17,0.5973303094506264,0.10958003997802734,0.35345517471432686
N_45,gap,2,47,124.008514,317.85355,gap_score_smooth,0.6046175360679626,0.11756202578544617,14.446220258794007,0.5458365231752396,35.26935130521761,49.71557156401162,27,53,9.0,66.0,38.0,19.0,27,53,0.4870555102825165,0.4854457378387451,26,0.11756202578544617,0.11917179822921753,0.11836691200733185
N_45,gap,3,66,124.62816,373.5816,gap_score_smooth,0.9037694931030273,0.48762112855911255,16.809560934749967,0.6599589288234711,60.03943663639485,76.84899757114482,0,141,47.0,88.0,19.0,22.0,53,80,0.4854457378387451,0.6135259866714478,27,0.4183237552642822,0.2902435064315796,0.3542836308479309
N_45,gap,4,88,129.59123,438.1088,gap_score_smooth,0.7392394542694092,0.07279723882675171,4.142130251345904,0.7028408348560333,86.6415780253406,90.78370827668651,80,97,66.0,102.0,22.0,14.0,80,97,0.6135259866714478,0.6664422154426575,17,0.12571346759796143,0.07279723882675171,0.09925535321235657
N_45,gap,5,102,133.23598,479.17154,gap_score_smooth,0.7567954063415527,0.14326941967010498,4.809966448905527,0.6851606965065002,98.67017042587547,103.480136874781,80,108,88.0,117.0,14.0,15.0,97,108,0.6664422154426575,0.5250895023345947,11,0.09035319089889526,0.231705904006958,0.16102954745292664
N_45,gap,6,117,136.53374,523.16736,gap_score_smooth,0.84611976146698,0.32103025913238525,5.119536000939249,0.6856046319007874,114.5784490921315,119.69798509307076,108,141,102.0,133.0,15.0,16.0,108,127,0.5250895023345947,0.4756440818309784,19,0.32103025913238525,0.3704756796360016,0.3457529693841934
N_45,gap,7,133,140.29248,570.09625,gap_score_smooth,0.8207443356513977,0.3451002538204193,5.14407919548978,0.648194208741188,130.80950361165202,135.9535828071418,127,141,117.0,151.0,16.0,18.0,127,141,0.4756440818309784,0.4161483645439148,14,0.3451002538204193,0.4045959711074829,0.3748481124639511
N_45,gap,8,151,144.6701,622.89124,gap_score_smooth,0.9135411977767944,0.7992141619324684,8.804442531337543,0.5139341168105602,146.0465733945508,154.85101592588833,0,239,133.0,171.0,18.0,20.0,141,162,0.4161483645439148,0.18100732564926147,21,0.49739283323287964,0.732533872127533,0.6149633526802063
N_45,gap,9,171,148.17303,681.5523,gap_score_smooth,0.7317087650299072,0.5507014393806458,7.018582467970617,0.45635804533958435,167.00630748294577,174.0248899509164,162,180,151.0,191.0,20.0,20.0,162,180,0.18100732564926147,0.10946311801671982,18,0.5507014393806458,0.6222456470131874,0.5864735431969166
N_45,gap,10,191,148.59814,740.2134,gap_score_smooth,0.748628556728363,0.6391654387116432,7.493545597666184,0.4290458373725414,186.74801534165533,194.24156093932152,180,239,171.0,210.0,20.0,19.0,180,200,0.10946311801671982,0.14284496009349823,20,0.6391654387116432,0.6057835966348648,0.622474517673254
N_45,gap,11,210,148.95737,795.9414,gap_score_smooth,0.7450109720230103,0.602166011929512,8.849605020055776,0.44392796605825424,206.5574375869677,215.40704260702347,200,239,191.0,230.0,19.0,20.0,200,221,0.14284496009349823,0.36277979612350464,21,0.602166011929512,0.3822311758995056,0.4921985939145088
N_45,gap,12,230,149.0537,854.60254,gap_score_smooth,0.676178514957428,0.31339871883392334,7.910587128808146,0.5194791555404663,226.0898645747232,234.00045170353135,221,239,210.0,,20.0,0.0,221,239,0.36277979612350464,0.10635801404714584,18,0.31339871883392334,0.5698205009102821,0.44160960987210274
N_46,gap,1,66,190.03441,345.53137,gap_score_smooth,0.9047388434410095,0.2391006350517273,45.62610469544242,0.7851885259151459,24.588307794669948,70.21441249011237,0,77,,83.0,0.0,17.0,52,77,0.8127403259277344,0.6656382083892822,25,0.09199851751327515,0.2391006350517273,0.16554957628250122
N_46,gap,2,83,188.96007,400.01672,gap_score_smooth,0.7389846444129944,0.031792283058166504,3.5432557243866967,0.7230885028839111,81.49931131209198,85.04256703647867,77,88,66.0,107.0,17.0,24.0,77,88,0.6656382083892822,0.7071923613548279,11,0.07334643602371216,0.031792283058166504,0.05256935954093933
N_46,gap,3,107,190.48372,476.93723,gap_score_smooth,0.8965505361557007,0.18663114309310913,16.074318335227062,0.8032349646091461,94.28674132770718,110.36105966293424,77,115,83.0,124.0,24.0,17.0,88,115,0.7071923613548279,0.7099193930625916,27,0.1893581748008728,0.18663114309310913,0.18799465894699097
N_46,gap,4,124,186.5039,531.4226,gap_score_smooth,0.942322850227356,0.4044957160949707,21.72748328556135,0.7400749921798706,119.00567725153805,140.7331605370994,0,146,107.0,138.0,17.0,14.0,115,130,0.7099193930625916,0.8646425008773804,15,0.2324034571647644,0.07768034934997559,0.15504190325737
N_46,gap,5,138,185.91466,576.2929,gap_score_smooth,0.9184659123420715,0.05382341146469116,3.1802254336032547,0.891554206609726,135.572096080959,138.75232151456225,130,146,124.0,156.0,14.0,18.0,130,146,0.8646425008773804,0.5378271341323853,16,0.05382341146469116,0.3806387782096863,0.21723109483718872
N_46,gap,6,156,182.73026,633.9833,gap_score_smooth,0.9440523982048035,0.8518841415643692,206.7861802383301,0.5181103274226189,5.138429080597037,211.92460931892714,0,219,138.0,188.0,18.0,32.0,146,180,0.5378271341323853,0.6077250242233276,34,0.4062252640724182,0.33632737398147583,0.371276319026947
N_46,gap,7,188,182.96713,736.54395,gap_score_smooth,0.8150060176849365,0.2072809934616089,7.215209048413044,0.7113655209541321,184.36390535882876,191.5791144072418,180,197,156.0,207.0,32.0,19.0,180,197,0.6077250242233276,0.5591892600059509,17,0.2072809934616089,0.2558167576789856,0.23154887557029724
N_46,gap,8,207,184.64201,797.43933,gap_score_smooth,0.8787863850593567,0.31959712505340576,7.470824104053918,0.7189878225326538,202.94150737615522,210.41233148020913,197,219,188.0,230.0,19.0,23.0,197,219,0.5591892600059509,0.011538754217326641,22,0.31959712505340576,0.86724763084203,0.5934223779477179
N_46,gap,9,230,193.01448,871.1548,gap_score_smooth,0.6947585940361023,0.5910735502839088,9.91761774121602,0.3992218188941479,225.207372110051,235.12498985126703,219,239,207.0,,23.0,0.0,219,239,0.011538754217326641,0.10368504375219345,20,0.6832198398187757,0.5910735502839088,0.6371466950513422
N_47,gap,1,11,148.93484,145.30962,gap_score_smooth,0.7955521941184998,0.24091112613677979,37.01862053623448,0.6750966310501099,6.586900027012174,43.60552056324666,0,49,,41.0,0.0,30.0,0,25,0.10775569081306458,0.7320401668548584,25,0.6877965033054352,0.06351202726364136,0.37565426528453827
N_47,gap,2,41,143.71747,233.42677,gap_score_smooth,0.7120997905731201,0.03402209281921387,5.789470619677509,0.6950887441635132,37.06645476710195,42.85592538677946,33,49,11.0,74.0,30.0,33.0,33,49,0.6780776977539062,0.55464106798172,16,0.03402209281921387,0.15745872259140015,0.095740407705307
N_47,gap,3,74,143.41226,330.35565,gap_score_smooth,0.8764762282371521,0.41798093914985657,25.54276211897764,0.6674857586622238,56.1541850904812,81.69694720945884,0,103,41.0,95.0,33.0,21.0,66,85,0.6962219476699829,0.4968838095664978,19,0.1802542805671692,0.3795924186706543,0.27992334961891174
N_47,gap,4,95,139.05144,392.03766,gap_score_smooth,0.6897279620170593,0.19284415245056152,5.032137043566323,0.5933058857917786,91.98504673598578,97.0171837795521,85,103,74.0,124.0,21.0,29.0,85,103,0.4968838095664978,0.45849528908729553,18,0.19284415245056152,0.2312326729297638,0.21203841269016266
N_47,gap,5,124,136.53625,477.21756,gap_score_smooth,0.918398380279541,0.3685992360115051,31.74306845220009,0.7340987622737885,109.29347179757512,141.03654024977521,0,162,95.0,153.0,29.0,29.0,114,132,0.8202270865440369,0.8692136406898499,18,0.09817129373550415,0.04918473958969116,0.07367801666259766
N_47,gap,6,153,133.15196,562.39746,gap_score_smooth,0.851622998714447,0.17864465713500977,4.290851282231955,0.7623006701469421,150.75644693071527,155.04729821294723,144,162,124.0,181.0,29.0,28.0,144,162,0.6729783415794373,0.5497991442680359,18,0.17864465713500977,0.30182385444641113,0.24023425579071045
N_47,gap,7,181,131.16222,644.6402,gap_score_smooth,0.957679033279419,0.8499233424663544,85.32871849578288,0.5327173620462418,106.82036182432122,192.1490803201041,0,239,153.0,209.0,28.0,28.0,162,197,0.5497991442680359,0.279985636472702,35,0.40787988901138306,0.6776933968067169,0.54278664290905
N_47,gap,8,209,130.09944,726.8829,gap_score_smooth,0.8823764324188232,0.6023907959461212,28.410719235465677,0.5811810344457626,204.5248920845334,232.93561131999908,197,239,181.0,,28.0,0.0,197,239,0.279985636472702,0.09177515655755997,42,0.6023907959461212,0.7906012758612633,0.6964960359036922
N_48,gap,1,8,150.21284,153.1046,gap_score_smooth,0.6561449766159058,0.14129513502120972,10.835870507819575,0.5854974091053009,5.23914605383622,16.075016561655794,0,20,,37.0,0.0,29.0,0,20,0.1789187639951706,0.514849841594696,20,0.47722621262073517,0.14129513502120972,0.30926067382097244
N_48,gap,2,37,154.1594,244.10878,gap_score_smooth,0.8219987154006958,0.03007584810256958,7.159159009845503,0.806960791349411,32.951345286718436,40.11050429656394,0,48,8.0,62.0,29.0,25.0,20,42,0.514849841594696,0.801379382610321,22,0.30714887380599976,0.020619332790374756,0.16388410329818726
N_48,gap,3,62,154.7516,322.56067,gap_score_smooth,0.9413689970970154,0.20006823539733887,20.306929395801667,0.841334879398346,52.92345491576889,73.23038431157056,0,118,37.0,98.0,25.0,36.0,48,82,0.7919228672981262,0.7830911874771118,34,0.14944612979888916,0.15827780961990356,0.15386196970939636
N_48,gap,4,98,151.1212,435.53137,gap_score_smooth,0.8998488187789917,0.11675763130187988,17.48434789181887,0.8414700031280518,86.63755746700282,104.12190535882169,82,118,62.0,127.0,36.0,29.0,82,105,0.7830911874771118,0.8408019542694092,23,0.11675763130187988,0.05904686450958252,0.0879022479057312
N_48,gap,5,127,145.12614,526.5356,gap_score_smooth,0.8668041825294495,0.04320192337036133,3.428660960688191,0.8452032208442688,125.3485025458995,128.7771635065877,118,134,98.0,143.0,29.0,16.0,118,134,0.7413007616996765,0.8236022591590881,16,0.12550342082977295,0.04320192337036133,0.08435267210006714
N_48,gap,6,143,144.3603,576.74475,gap_score_smooth,0.9931969046592712,0.8142781406641006,150.6063547806206,0.5860578343272209,26.708942937349423,177.31529771797003,0,239,127.0,191.0,16.0,48.0,134,157,0.8236022591590881,0.9547123908996582,23,0.1695946455001831,0.03848451375961304,0.10403957962989807
N_48,gap,7,191,141.31436,727.3724,gap_score_smooth,0.8844721913337708,0.3671211004257202,6.861309269980353,0.7009116411209106,187.33346276733312,194.19477203731347,180,239,143.0,211.0,48.0,20.0,180,202,0.5173510909080505,0.3330981135368347,22,0.3671211004257202,0.551374077796936,0.4592475891113281
N_48,gap,8,211,139.51546,790.1339,gap_score_smooth,0.8581467866897583,0.5250486731529236,10.143459082460652,0.5956224501132965,206.71474728155587,216.85820636401652,202,239,191.0,231.0,20.0,20.0,202,224,0.3330981135368347,0.33400654792785645,22,0.5250486731529236,0.5241402387619019,0.5245944559574127
N_48,gap,9,231,136.70511,852.8954,gap_score_smooth,0.6667741537094116,0.3327676057815552,5.41478052158368,0.500390350818634,228.34750201171306,233.76228253329674,224,239,211.0,,20.0,0.0,224,239,0.33400654792785645,0.0804641842842102,15,0.3327676057815552,0.5863099694252014,0.4595387876033783
N_49,gap,1,11,93.172714,153.32217,gap_score_smooth,0.5332680940628052,0.22359472513198853,9.993678101195092,0.4214707314968109,4.964744386539097,14.95842248773419,0,18,,62.0,0.0,51.0,0,18,0.11417145282030106,0.30967336893081665,18,0.4190966412425041,0.22359472513198853,0.3213456831872463
N_49,gap,2,62,90.46648,307.8159,gap_score_smooth,0.8297214508056641,0.49022120237350464,39.80716080192309,0.5846108496189117,27.891670463673037,67.69883126559613,0,115,11.0,93.0,51.0,31.0,55,74,0.789307713508606,0.46143457293510437,19,0.040413737297058105,0.3682868778705597,0.2043503075838089
N_49,gap,3,93,83.70566,401.72385,gap_score_smooth,0.7677549123764038,0.23366022109985352,4.3697755456691425,0.650924801826477,90.71492754144639,95.08470308711553,83,101,62.0,107.0,31.0,14.0,83,101,0.3527362048625946,0.5340946912765503,18,0.4150187075138092,0.23366022109985352,0.32433946430683136
N_49,gap,4,107,80.996475,444.13388,gap_score_smooth,0.7677936553955078,0.4150574505329132,6.748817644174778,0.5602649301290512,103.31635122015352,110.0651688643283,83,115,93.0,124.0,14.0,17.0,101,115,0.5340946912765503,0.3395002484321594,14,0.23369896411895752,0.4282934069633484,0.33099618554115295
N_49,gap,5,124,79.44307,495.6318,gap_score_smooth,0.8653790354728699,0.3971002399921417,5.1895876654177755,0.666828915476799,121.40518408178477,126.59477174720254,0,133,107.0,141.0,17.0,17.0,115,133,0.3395002484321594,0.46827879548072815,18,0.5258787870407104,0.3971002399921417,0.4614895135164261
N_49,gap,6,141,78.73552,547.1297,gap_score_smooth,0.9079251289367676,0.7937536761164665,9.24574995332759,0.5110482908785343,135.71874295439244,144.96449290772003,0,206,124.0,158.0,17.0,17.0,133,151,0.46827879548072815,0.3101186454296112,18,0.43964633345603943,0.5978064835071564,0.5187264084815979
N_49,gap,7,158,79.03493,598.6276,gap_score_smooth,0.7167008519172668,0.40658220648765564,5.154644990021495,0.513409748673439,155.08017384292734,160.23481883294883,151,167,141.0,176.0,17.0,18.0,151,167,0.3101186454296112,0.15208901464939117,16,0.40658220648765564,0.5646118372678757,0.48559702187776566
N_49,gap,8,176,76.66201,653.1548,gap_score_smooth,0.8099307417869568,0.6578417271375656,10.172794183503953,0.481009878218174,172.56910690072735,182.7419010842313,167,206,158.0,194.0,18.0,18.0,167,187,0.15208901464939117,0.43244415521621704,20,0.6578417271375656,0.37748658657073975,0.5176641568541527
N_49,gap,9,194,73.70145,707.682,gap_score_smooth,0.7920857667922974,0.3596416115760803,5.542459683759233,0.6122649610042572,190.8770895202448,196.41954920400403,187,206,176.0,215.0,18.0,21.0,187,206,0.43244415521621704,0.09023446589708328,19,0.3596416115760803,0.7018513008952141,0.5307464562356472
N_49,gap,10,215,67.63597,771.29706,gap_score_smooth,0.7642475366592407,0.6533126905560493,7.845938650108593,0.43759119138121605,210.8692794081007,218.7152180582093,206,239,194.0,232.0,21.0,17.0,206,226,0.09023446589708328,0.254234254360199,20,0.6740130707621574,0.5100132822990417,0.5920131765305996
N_49,gap,11,232,71.836845,822.795,gap_score_smooth,0.6038995981216431,0.3496653437614441,5.5034024398662496,0.429066926240921,229.43816455389583,234.94156699376208,226,239,215.0,,17.0,0.0,226,239,0.254234254360199,0.11093484610319138,13,0.3496653437614441,0.4929647520184517,0.4213150478899479
N_4,gap,1,42,113.15292,315.64853,gap_score_smooth,0.8381441831588745,0.30034345388412476,50.32340478966958,0.6879724562168121,6.050188230650332,56.373593020319916,0,62,,72.0,0.0,30.0,36,62,0.8031820058822632,0.5378007292747498,26,0.03496217727661133,0.30034345388412476,0.16765281558036804
N_4,gap,2,72,111.72355,405.3975,gap_score_smooth,0.7614139914512634,0.06613951921463013,3.807092900448893,0.7283442318439484,70.65225521284233,74.45934811329123,62,81,42.0,97.0,30.0,25.0,62,81,0.5378007292747498,0.6952744722366333,19,0.22361326217651367,0.06613951921463013,0.1448763906955719
N_4,gap,3,97,108.369225,480.1883,gap_score_smooth,0.9065242409706116,0.13004547357559204,22.967588090519683,0.8415015041828156,90.92845350135588,113.89604159187556,0,118,72.0,128.0,25.0,31.0,81,107,0.6952744722366333,0.8713494539260864,26,0.21124976873397827,0.035174787044525146,0.12321227788925171
N_4,gap,4,128,105.84488,572.9289,gap_score_smooth,0.9481436610221863,0.0640873908996582,4.141374299588648,0.9160999655723572,126.1059134985504,130.24728779813904,0,136,97.0,143.0,31.0,15.0,118,136,0.7764787673950195,0.8840562701225281,18,0.17166489362716675,0.0640873908996582,0.11787614226341248
N_4,gap,5,143,106.940285,617.80334,gap_score_smooth,0.9579562544822693,0.06159818172454834,4.699333223828432,0.9271571636199951,140.4241811932368,145.12351441706522,0,149,128.0,160.0,15.0,17.0,136,149,0.8840562701225281,0.896358072757721,13,0.07389998435974121,0.06159818172454834,0.06774908304214478
N_4,gap,6,160,103.25426,668.6611,gap_score_smooth,0.9819278120994568,0.8572091087698936,130.12366765943062,0.55332325771451,65.85359742198884,195.97726508141946,0,239,143.0,192.0,17.0,32.0,149,181,0.896358072757721,0.6780774593353271,32,0.08556973934173584,0.30385035276412964,0.19471004605293274
N_4,gap,7,192,100.329796,764.3933,gap_score_smooth,0.8534711599349976,0.1753937005996704,5.172971578430577,0.7657743096351624,188.57598145947583,193.7489530379064,181,200,160.0,213.0,32.0,21.0,181,200,0.6780774593353271,0.41923364996910095,19,0.1753937005996704,0.4342375099658966,0.3048156052827835
N_4,gap,8,213,101.34572,827.2176,gap_score_smooth,0.8952990174293518,0.47606536746025085,25.03039054673522,0.6572663336992264,207.10354503563266,232.13393558236788,200,239,192.0,,21.0,0.0,200,239,0.41923364996910095,0.10672412812709808,39,0.47606536746025085,0.7885748893022537,0.6323201283812523
N_50,gap,1,25,128.1045,222.53139,gap_score_smooth,0.7736059427261353,0.23577165603637695,15.38536768594258,0.6557201147079468,13.759469435525013,29.144837121467592,0,48,,40.0,0.0,15.0,0,33,0.14804933965206146,0.6052821278572083,33,0.6255566030740738,0.168323814868927,0.3969402089715004
N_50,gap,2,40,127.03818,272.0502,gap_score_smooth,0.6968858242034912,0.09160369634628296,4.029967713221424,0.6510839760303497,37.41236226009174,41.442329973313164,33,48,25.0,61.0,15.0,21.0,33,48,0.6052821278572083,0.5378342866897583,15,0.09160369634628296,0.1590515375137329,0.12532761693000793
N_50,gap,3,61,127.42034,341.37656,gap_score_smooth,0.8943482637405396,0.30795013904571533,39.7997515490664,0.7403731942176819,52.84142819108506,92.64117974015146,0,98,40.0,89.0,21.0,28.0,48,66,0.5378342866897583,0.8759869337081909,18,0.35651397705078125,0.018361330032348633,0.18743765354156494
N_50,gap,4,89,123.69494,433.8117,gap_score_smooth,0.8719705939292908,0.030570685863494873,4.714306305405756,0.8566852509975433,85.43691275167785,90.15121905708361,79,98,61.0,106.0,28.0,17.0,79,98,0.8413999080657959,0.5863981246948242,19,0.030570685863494873,0.28557246923446655,0.1580715775489807
N_50,gap,5,106,119.53833,489.93304,gap_score_smooth,0.7880302667617798,0.11097186803817749,4.127751902920295,0.732544332742691,103.79256607311758,107.92031797603788,98,114,89.0,120.0,17.0,14.0,98,114,0.5863981246948242,0.6770583987236023,16,0.20163214206695557,0.11097186803817749,0.15630200505256653
N_50,gap,6,120,117.443,536.15063,gap_score_smooth,0.8556172847747803,0.12185972929000854,4.12241928458684,0.794687420129776,117.61149331433582,121.73391259892266,98,124,106.0,141.0,14.0,21.0,114,124,0.6770583987236023,0.7337575554847717,10,0.17855888605117798,0.12185972929000854,0.15020930767059326
N_50,gap,7,141,115.420525,605.477,gap_score_smooth,0.9963508248329163,0.8483014851808548,123.73017443434262,0.5722000822424889,50.11600314695175,173.84617758129437,0,239,120.0,159.0,21.0,18.0,124,153,0.7337575554847717,0.8670257329940796,29,0.26259326934814453,0.12932509183883667,0.1959591805934906
N_50,gap,8,159,112.288246,664.8996,gap_score_smooth,0.9286773204803467,0.06165158748626709,8.470986901501277,0.8978515267372131,156.12839111057937,164.59937801208065,153,239,141.0,187.0,18.0,28.0,153,176,0.8670257329940796,0.5142622590065002,23,0.06165158748626709,0.41441506147384644,0.23803332448005676
N_50,gap,9,187,114.93878,757.3347,gap_score_smooth,0.8646167516708374,0.35035449266433716,8.077647339762876,0.6894395053386688,183.44093622212924,191.51858356189211,176,239,159.0,207.0,28.0,20.0,176,197,0.5142622590065002,0.4435740113258362,21,0.35035449266433716,0.4210427403450012,0.3856986165046692
N_50,gap,10,207,113.445946,823.3598,gap_score_smooth,0.8497204184532166,0.40614640712738037,7.178335268375605,0.6466472148895264,203.0108429960089,210.1891782643845,197,239,187.0,229.0,20.0,22.0,197,218,0.4435740113258362,0.16696515679359436,21,0.40614640712738037,0.6827552616596222,0.5444508343935013
N_50,gap,11,229,109.127625,895.9874,gap_score_smooth,0.7243644595146179,0.5573993027210236,11.624562645970201,0.44566480815410614,222.9019058165881,234.5264684625583,218,239,207.0,,22.0,0.0,218,239,0.16696515679359436,0.08606458455324173,21,0.5573993027210236,0.6382998749613762,0.5978495888411999
N_51,gap,1,28,89.91286,226.09206,gap_score_smooth,0.7872270941734314,0.18219077587127686,25.39048234306647,0.696131706237793,6.844560579235203,32.23504292230167,0,36,,71.0,0.0,43.0,20,36,0.734688401222229,0.6050363183021545,16,0.05253869295120239,0.18219077587127686,0.11736473441123962
N_51,gap,2,71,90.694695,364.4477,gap_score_smooth,0.9121259450912476,0.4375489056110382,39.168151106171344,0.6933514922857285,42.429796199563405,81.59794730573475,0,88,28.0,108.0,43.0,37.0,51,88,0.8146272897720337,0.47457703948020935,37,0.09749865531921387,0.4375489056110382,0.26752378046512604
N_51,gap,3,108,85.34598,483.4979,gap_score_smooth,0.8341214060783386,0.17411887645721436,5.70880658909887,0.7470619678497314,104.79373628148157,110.50254287058044,88,115,71.0,123.0,37.0,15.0,98,115,0.7080957889556885,0.6600025296211243,17,0.12602561712265015,0.17411887645721436,0.15007224678993225
N_51,gap,4,123,81.60739,531.76154,gap_score_smooth,0.8898826837539673,0.07545638084411621,3.5680228629289132,0.8521544933319092,121.78749251490316,125.35551537783208,88,131,108.0,138.0,15.0,15.0,115,131,0.6600025296211243,0.8144263029098511,16,0.22988015413284302,0.07545638084411621,0.15266826748847961
N_51,gap,5,138,77.248634,580.0251,gap_score_smooth,0.9703449606895447,0.8452025651931763,120.51096026069513,0.5477436780929565,91.46121073381661,211.97217099451174,0,239,123.0,170.0,15.0,32.0,131,146,0.8144263029098511,0.9352067708969116,15,0.1559186577796936,0.03513818979263306,0.09552842378616333
N_51,gap,6,170,74.310326,682.9874,gap_score_smooth,0.822333812713623,0.08119148015975952,4.34862848762873,0.7817380726337433,167.65539979157074,172.00402827919947,162,179,138.0,186.0,32.0,16.0,162,179,0.6271018385887146,0.7411423325538635,17,0.19523197412490845,0.08119148015975952,0.13821172714233398
N_51,gap,7,186,76.21219,734.4686,gap_score_smooth,0.8230699300765991,0.06752198934555054,9.425881601673922,0.7893089354038239,182.75438787515412,192.18026947682804,162,197,170.0,206.0,16.0,20.0,179,188,0.7411423325538635,0.8221171498298645,9,0.0819275975227356,0.0009527802467346191,0.04144018888473511
N_51,gap,8,206,77.7604,798.82007,gap_score_smooth,0.8536648750305176,0.22656303644180298,43.39418236577686,0.7403833568096161,166.78263455366525,210.1768169194421,162,239,186.0,230.0,20.0,24.0,197,220,0.7555479407310486,0.11591167747974396,23,0.098116934299469,0.7377531975507736,0.4179350659251213
N_51,gap,9,230,84.551575,876.0419,gap_score_smooth,0.6976653933525085,0.5817537158727646,11.1792998476852,0.40678853541612625,224.18887694085842,235.36817678854362,220,239,206.0,,24.0,0.0,220,239,0.11591167747974396,0.1132112443447113,19,0.5817537158727646,0.5844541490077972,0.5831039324402809
N_52,gap,1,10,121.85105,114.30544,gap_score_smooth,0.7762561440467834,0.13239693641662598,12.709839647141788,0.7100576758384705,6.28714887039424,18.99698851753603,0,23,,45.0,0.0,35.0,0,23,0.18239730596542358,0.6438592076301575,23,0.5938588380813599,0.13239693641662598,0.3631278872489929
N_52,gap,2,45,135.4709,230.87448,gap_score_smooth,0.8878864049911499,0.19760280847549438,33.50535396744847,0.7890850007534027,31.829811487721667,65.33516545517014,0,70,10.0,106.0,35.0,61.0,23,56,0.6438592076301575,0.8281158208847046,33,0.24402719736099243,0.05977058410644531,0.15189889073371887
N_52,gap,3,106,142.12912,434.03766,gap_score_smooth,0.9427453875541687,0.3816978931427002,38.963577385572165,0.7518964409828186,77.18800830634085,116.15158569191301,0,120,45.0,144.0,61.0,38.0,84,120,0.7545809149742126,0.5610474944114685,36,0.18816447257995605,0.3816978931427002,0.2849311828613281
N_52,gap,4,144,138.62566,560.5983,gap_score_smooth,0.9590950608253479,0.7766977548599243,75.83165452939721,0.5707461833953857,122.11510376516719,197.9467582945644,0,239,106.0,193.0,38.0,49.0,136,158,0.9166821241378784,0.8883301019668579,22,0.04241293668746948,0.07076495885848999,0.056588947772979736
N_52,gap,5,193,122.36726,723.795,gap_score_smooth,0.8523829579353333,0.2710774540901184,8.388442735024995,0.716844230890274,187.6440792980007,196.03252203302569,181,239,144.0,211.0,49.0,18.0,181,203,0.5813055038452148,0.5035198330879211,22,0.2710774540901184,0.3488631248474121,0.30997028946876526
N_52,gap,6,211,123.08307,783.74475,gap_score_smooth,0.8396865725517273,0.33616673946380615,6.938440471617554,0.6716032028198242,207.48533594506623,214.42377641668378,203,239,193.0,231.0,18.0,20.0,203,222,0.5035198330879211,0.10276171565055847,19,0.33616673946380615,0.7369248569011688,0.5365457981824875
N_52,gap,7,231,123.76583,850.35565,gap_score_smooth,0.6367781758308411,0.5340164601802826,7.121854372774919,0.36976994574069977,227.24668013492018,234.3685345076951,222,239,211.0,,20.0,0.0,222,239,0.10276171565055847,0.07374224811792374,17,0.5340164601802826,0.5630359277129173,0.5485261939466
N_53,gap,1,23,121.49052,212.1339,gap_score_smooth,0.7516923546791077,0.14264893531799316,10.553314758528263,0.6803678870201111,15.618201696817241,26.171516455345504,0,30,,47.0,0.0,24.0,12,30,0.6395919919013977,0.6090434193611145,18,0.11210036277770996,0.14264893531799316,0.12737464904785156
N_53,gap,2,47,127.00086,283.23013,gap_score_smooth,0.8438717722892761,0.09170025587081909,11.246327051487825,0.7980216443538666,40.17405423223839,51.420381283726215,0,54,23.0,62.0,24.0,15.0,30,54,0.6090434193611145,0.752171516418457,24,0.23482835292816162,0.09170025587081909,0.16326430439949036
N_53,gap,3,62,129.3712,327.66528,gap_score_smooth,0.861074686050415,0.3204471468925476,28.399610620765678,0.7008511126041412,37.83095734137017,66.23056796213585,0,73,47.0,79.0,15.0,17.0,54,73,0.752171516418457,0.5406275391578674,19,0.10890316963195801,0.3204471468925476,0.2146751582622528
N_53,gap,4,79,132.35887,378.02512,gap_score_smooth,0.6466411352157593,0.033576905727386475,2.7218635548029226,0.629852682352066,77.65320758348992,80.37507113829284,73,82,62.0,104.0,17.0,25.0,73,82,0.5406275391578674,0.6130642294883728,9,0.10601359605789185,0.033576905727386475,0.06979525089263916
N_53,gap,5,104,141.68135,452.08368,gap_score_smooth,0.740331768989563,0.17217129468917847,19.40411438533164,0.6542461216449738,87.31277869714435,106.71689308247599,73,112,79.0,119.0,25.0,15.0,100,112,0.6756953597068787,0.5681604743003845,12,0.06463640928268433,0.17217129468917847,0.1184038519859314
N_53,gap,6,119,141.89037,496.51883,gap_score_smooth,0.872455894947052,0.4163894057273865,20.796373665290062,0.6642611920833588,115.84074232294991,136.63711598823997,0,143,104.0,134.0,15.0,15.0,112,129,0.5681604743003845,0.6930083632469177,17,0.3042954206466675,0.17944753170013428,0.24187147617340088
N_53,gap,7,134,144.5449,540.954,gap_score_smooth,0.8515347242355347,0.15852636098861694,3.6479911657472712,0.7722715437412262,131.840417120219,135.48840828596627,129,143,119.0,151.0,15.0,17.0,129,143,0.6930083632469177,0.4560664892196655,14,0.15852636098861694,0.39546823501586914,0.27699729800224304
N_53,gap,8,151,150.0433,591.3138,gap_score_smooth,0.9252626299858093,0.8184459879994392,10.38840007298333,0.5160396359860897,146.1912062433363,156.57960631631963,0,239,134.0,169.0,17.0,18.0,143,162,0.4560664892196655,0.42004549503326416,19,0.4691961407661438,0.5052171349525452,0.4872066378593445
N_53,gap,9,169,151.87404,644.636,gap_score_smooth,0.7103171348571777,0.2902716398239136,5.2644038177143955,0.565181314945221,166.15620046243282,171.42060428014722,162,177,151.0,189.0,18.0,20.0,162,177,0.42004549503326416,0.20878031849861145,15,0.2902716398239136,0.5015368163585663,0.39590422809123993
N_53,gap,10,189,151.54366,703.8829,gap_score_smooth,0.8256539702415466,0.6168736517429352,8.073894113873422,0.517217144370079,184.64440101444467,192.7182951283181,177,239,169.0,210.0,20.0,21.0,177,198,0.20878031849861145,0.20890845358371735,21,0.6168736517429352,0.6167455166578293,0.6168095842003822
N_53,gap,11,210,151.67307,766.09204,gap_score_smooth,0.8201252818107605,0.6112168282270432,8.959606883621149,0.5145168676972389,205.51312757566888,214.47273445929002,198,239,189.0,230.0,21.0,20.0,198,221,0.20890845358371735,0.3189963400363922,23,0.6112168282270432,0.5011289417743683,0.5561728850007057
N_53,gap,12,230,148.9644,825.3389,gap_score_smooth,0.6960638761520386,0.37706753611564636,7.492332262371377,0.5075301080942154,226.3668060955382,233.8591383579096,221,239,210.0,,20.0,0.0,221,239,0.3189963400363922,0.09863230586051941,18,0.37706753611564636,0.5974315702915192,0.48724955320358276
N_54,gap,1,46,125.55993,268.70712,gap_score_smooth,0.9053708910942078,0.2693898677825928,36.85453217957582,0.7706759572029114,18.582419779414217,55.436951958990036,0,60,,71.0,0.0,25.0,31,60,0.7910953164100647,0.635981023311615,29,0.11427557468414307,0.2693898677825928,0.19183272123336792
N_54,gap,2,71,121.07253,353.33054,gap_score_smooth,0.8934484720230103,0.1064653992652893,22.669947627957697,0.8402157723903656,67.93766707542083,90.60761470337853,60,94,46.0,106.0,25.0,35.0,60,84,0.635981023311615,0.8501586318016052,24,0.25746744871139526,0.04328984022140503,0.15037864446640015
N_54,gap,3,106,117.512596,471.80334,gap_score_smooth,0.941965639591217,0.06709599494934082,7.203681446457182,0.9084176421165466,103.11163956384337,110.31532101030055,0,115,71.0,133.0,35.0,27.0,94,115,0.786983072757721,0.8748696446418762,21,0.1549825668334961,0.06709599494934082,0.11103928089141846
N_54,gap,4,133,114.230354,563.19666,gap_score_smooth,0.9921624660491943,0.856028750538826,158.60055592471147,0.5641480907797813,4.660004325916443,163.26056025062792,0,223,106.0,159.0,27.0,26.0,131,153,0.9911410212516785,0.7427003383636475,22,0.0010214447975158691,0.24946212768554688,0.12524178624153137
N_54,gap,5,159,111.494774,651.205,gap_score_smooth,0.8471106290817261,0.10441029071807861,3.845559209278605,0.7949054837226868,156.77176484633827,160.61732405561688,153,201,133.0,175.0,26.0,16.0,153,169,0.7427003383636475,0.4168938994407654,16,0.10441029071807861,0.4302167296409607,0.26731351017951965
N_54,gap,6,175,109.600296,705.364,gap_score_smooth,0.6687852144241333,0.2518913149833679,4.7028876389792345,0.5428395569324493,172.5130878040326,177.21597544301184,169,182,159.0,191.0,16.0,16.0,169,182,0.4168938994407654,0.3692556619644165,13,0.2518913149833679,0.2995295524597168,0.27571043372154236
N_54,gap,7,191,110.72528,759.523,gap_score_smooth,0.7870765328407288,0.41782087087631226,6.98901235713592,0.5781660974025726,187.78818296932104,194.77719532645696,182,201,175.0,211.0,16.0,20.0,182,201,0.3692556619644165,0.3192346692085266,19,0.41782087087631226,0.46784186363220215,0.4428313672542572
N_54,gap,8,211,109.93872,827.22174,gap_score_smooth,0.8538894057273865,0.5346547365188599,9.75545953004837,0.5865620374679565,205.76337801770495,215.51883754775332,201,223,191.0,232.0,20.0,21.0,201,223,0.3192346692085266,0.09058244526386261,22,0.5346547365188599,0.7633069604635239,0.6489808484911919
N_54,gap,9,232,112.08181,898.3054,gap_score_smooth,0.6603380441665649,0.5407481640577316,7.910931297911134,0.3899639621376991,227.7343360498162,235.64526734772733,223,239,211.0,,21.0,0.0,223,239,0.09058244526386261,0.11958988010883331,16,0.5697555989027023,0.5407481640577316,0.555251881480217
N_55,gap,1,9,125.95491,189.24268,gap_score_smooth,0.5419477820396423,0.22639337182044983,9.395642722991749,0.4287510961294174,5.220250480249875,14.615893203241622,0,20,,42.0,0.0,33.0,0,20,0.10538937151432037,0.3155544102191925,20,0.43655841052532196,0.22639337182044983,0.3314758911728859
N_55,gap,2,42,120.8163,292.79916,gap_score_smooth,0.7119289040565491,0.2009894847869873,16.470894726309673,0.6114341616630554,38.86912472111299,55.34001944742266,0,59,9.0,69.0,33.0,27.0,31,49,0.4470280408859253,0.6699204444885254,18,0.2649008631706238,0.04200845956802368,0.15345466136932373
N_55,gap,3,69,121.16157,377.5272,gap_score_smooth,0.6914627552032471,0.14731425046920776,15.521167491167617,0.6178056299686432,65.95585983458184,81.47702732574946,59,85,42.0,106.0,27.0,37.0,59,76,0.5109394192695618,0.6453371047973633,17,0.1805233359336853,0.04612565040588379,0.11332449316978455
N_55,gap,4,106,121.07727,493.636,gap_score_smooth,0.8980250358581543,0.4537905156612396,18.53816809434403,0.6711297780275345,91.44215664110413,109.98032473544816,0,115,69.0,124.0,37.0,18.0,99,115,0.883877158164978,0.4442345201969147,16,0.01414787769317627,0.4537905156612396,0.23396919667720795
N_55,gap,5,124,123.743515,550.12134,gap_score_smooth,0.9163442254066467,0.24011212587356567,4.5494463115903585,0.7962881624698639,122.1287057540022,126.67815206559256,0,131,106.0,145.0,18.0,21.0,115,131,0.4442345201969147,0.676232099533081,16,0.47210970520973206,0.24011212587356567,0.35611091554164886
N_55,gap,6,145,123.50471,616.02094,gap_score_smooth,0.9860140085220337,0.8806246370077133,93.63570956090038,0.545701690018177,119.61461930881174,213.25032886971212,0,239,124.0,172.0,21.0,27.0,131,161,0.676232099533081,0.6683363914489746,30,0.30978190898895264,0.3176776170730591,0.31372976303100586
N_55,gap,7,172,128.64944,700.74896,gap_score_smooth,0.7761982083320618,0.0848236083984375,5.218765847485656,0.733786404132843,169.6771203865127,174.89588623399837,161,178,145.0,198.0,27.0,26.0,166,178,0.6725034713745117,0.6913745999336243,12,0.10369473695755005,0.0848236083984375,0.09425917267799377
N_55,gap,8,198,124.717636,782.3389,gap_score_smooth,0.8623838424682617,0.1940474510192871,22.766320429466987,0.7653601169586182,187.37150170600776,210.13782213547475,161,239,172.0,230.0,26.0,32.0,178,220,0.6913745999336243,0.2793320119380951,42,0.17100924253463745,0.5830518305301666,0.37703053653240204
N_55,gap,9,230,120.35196,882.7573,gap_score_smooth,0.6774061918258667,0.3980741798877716,9.353627679094245,0.4783691018819809,225.14245400408853,234.49608168318278,220,239,198.0,,32.0,0.0,220,239,0.2793320119380951,0.1033327654004097,19,0.3980741798877716,0.574073426425457,0.4860738031566143
N_56,gap,1,27,122.69466,224.10042,gap_score_smooth,0.7487916350364685,0.128179669380188,23.236033255075455,0.6847018003463745,18.18247043158142,41.41850368665688,0,47,,58.0,0.0,31.0,16,32,0.6652319431304932,0.715490460395813,16,0.08355969190597534,0.03330117464065552,0.05843043327331543
N_56,gap,2,58,119.128525,324.1046,gap_score_smooth,0.8980460166931152,0.6310108006000519,130.79320571316418,0.5825406163930893,6.42284271897231,137.2160484321365,0,178,27.0,104.0,31.0,46.0,47,74,0.6206119656562805,0.7027280330657959,27,0.2774340510368347,0.19531798362731934,0.23637601733207703
N_56,gap,3,104,112.140114,472.4979,gap_score_smooth,0.8325265049934387,0.07137864828109741,3.589807450415776,0.79683718085289,102.38537736545604,105.97518481587181,84,109,58.0,119.0,46.0,15.0,95,109,0.7146273851394653,0.7611478567123413,14,0.11789911985397339,0.07137864828109741,0.0946388840675354
N_56,gap,4,119,112.10202,520.887,gap_score_smooth,0.8868836164474487,0.2727874517440796,20.920185475527347,0.7504898905754089,100.87463650110503,121.79482197663238,84,178,104.0,134.0,15.0,15.0,113,125,0.7623276114463806,0.6617017388343811,12,0.12455600500106812,0.22518187761306763,0.17486894130706787
N_56,gap,5,134,111.947334,569.2761,gap_score_smooth,0.875770628452301,0.21406888961791992,4.394365255218389,0.7687361836433411,131.12458802933784,135.51895328455623,125,143,119.0,151.0,15.0,17.0,125,143,0.6617017388343811,0.3833635747432709,18,0.21406888961791992,0.49240705370903015,0.35323797166347504
N_56,gap,6,151,110.20828,624.1171,gap_score_smooth,0.8856580853462219,0.502294510602951,8.776091158422076,0.6345108300447464,147.65777032722633,156.4338614856484,143,178,134.0,168.0,17.0,17.0,143,161,0.3833635747432709,0.6000069975852966,18,0.502294510602951,0.2856510877609253,0.39397279918193817
N_56,gap,7,168,108.8571,678.9581,gap_score_smooth,0.8642240762710571,0.2642170786857605,5.244276276666881,0.7321155369281769,165.54517929672645,170.78945557339333,161,178,151.0,188.0,17.0,20.0,161,178,0.6000069975852966,0.26703521609306335,17,0.2642170786857605,0.5971888601779938,0.43070296943187714
N_56,gap,8,188,108.566376,743.477,gap_score_smooth,0.8980794548988342,0.8067981004714966,28.82734173531989,0.49468040466308594,182.9280428928004,211.75538462812028,0,218,168.0,206.0,20.0,18.0,178,199,0.26703521609306335,0.7305205464363098,21,0.6310442388057709,0.16755890846252441,0.39930157363414764
N_56,gap,9,206,106.32715,801.54395,gap_score_smooth,0.8933624029159546,0.16284185647964478,6.27528348350296,0.8119414746761322,202.72962917166973,209.0049126551727,199,218,188.0,230.0,18.0,24.0,199,218,0.7305205464363098,0.05020111799240112,19,0.16284185647964478,0.8431612849235535,0.5030015707015991
N_56,gap,10,230,105.36942,878.96655,gap_score_smooth,0.7387691140174866,0.5848719030618668,10.77716836660099,0.4463331624865532,224.5549469233384,235.3321152899394,218,239,206.0,,24.0,0.0,218,239,0.05020111799240112,0.1538972109556198,21,0.6885679960250854,0.5848719030618668,0.6367199495434761
N_57,gap,1,11,145.607,170.30125,gap_score_smooth,0.6454755067825317,0.15448638796806335,7.544679111734539,0.5682323127985001,6.9126332608752135,14.457312372609753,0,17,,44.0,0.0,33.0,0,17,0.11733519285917282,0.4909891188144684,17,0.5281403139233589,0.15448638796806335,0.34131335094571114
N_57,gap,2,44,148.8165,276.20502,gap_score_smooth,0.9053001999855042,0.7879650071263313,197.71877206457341,0.5113176964223385,18.801719539438874,216.52049160401228,0,239,11.0,60.0,33.0,16.0,25,51,0.5160078406333923,0.8063731789588928,26,0.3892923593521118,0.09892702102661133,0.24410969018936157
N_57,gap,3,60,145.52327,327.5523,gap_score_smooth,0.86311274766922,0.05673956871032715,6.682199940137835,0.8347429633140564,56.14426840153804,62.82646834167588,51,85,44.0,107.0,16.0,47.0,51,85,0.8063731789588928,0.6891985535621643,34,0.05673956871032715,0.17391419410705566,0.1153268814086914
N_57,gap,4,107,137.7242,478.38495,gap_score_smooth,0.8911242485046387,0.20192569494247437,24.37504048500756,0.7901614010334015,93.48638991531267,117.86143040032023,85,123,60.0,132.0,47.0,25.0,101,123,0.812920331954956,0.6373223662376404,22,0.07820391654968262,0.2538018822669983,0.16600289940834045
N_57,gap,5,132,133.87245,558.61505,gap_score_smooth,0.7947856187820435,0.07247400283813477,3.6289634466904204,0.7585486173629761,130.47158243009738,134.1005458767878,123,139,107.0,146.0,25.0,14.0,123,139,0.6373223662376404,0.7223116159439087,16,0.15746325254440308,0.07247400283813477,0.11496862769126892
N_57,gap,6,146,132.86102,603.54395,gap_score_smooth,0.9001915454864502,0.2628691792488098,6.2791013850195725,0.7687569558620453,142.34609736422524,148.62519874924482,123,239,132.0,161.0,14.0,15.0,139,155,0.7223116159439087,0.6637592911720276,16,0.1778799295425415,0.2364322543144226,0.20715609192848206
N_57,gap,7,161,136.5664,651.682,gap_score_smooth,0.8597383499145508,0.1959790587425232,11.532779934492197,0.7617488205432892,158.57781949808037,170.11059943257257,155,182,146.0,176.0,15.0,15.0,155,167,0.6637592911720276,0.7645382881164551,12,0.1959790587425232,0.0952000617980957,0.14558956027030945
N_57,gap,8,176,143.52048,699.82007,gap_score_smooth,0.8059850335121155,0.04981029033660889,3.2584432759248045,0.781079888343811,174.21312769214677,177.47157096807157,172,182,161.0,193.0,15.0,17.0,172,182,0.7561747431755066,0.642386794090271,10,0.04981029033660889,0.16359823942184448,0.10670426487922668
N_57,gap,9,193,142.14871,754.3766,gap_score_smooth,0.876731812953949,0.23434501886367798,7.225647265283328,0.75955930352211,189.63754321905762,196.86319048434095,182,239,176.0,211.0,17.0,18.0,182,202,0.642386794090271,0.6337808966636658,20,0.23434501886367798,0.2429509162902832,0.2386479675769806
N_57,gap,10,211,143.34097,812.1423,gap_score_smooth,0.8471692204475403,0.2133883237838745,6.318445576922613,0.740475058555603,207.70849801467494,214.02694359159756,202,239,193.0,230.0,18.0,19.0,202,223,0.6337808966636658,0.3695434331893921,21,0.2133883237838745,0.4776257872581482,0.34550705552101135
N_57,gap,11,230,142.79172,873.1171,gap_score_smooth,0.7059041261672974,0.3363606929779053,5.967724235575361,0.5377237796783447,227.06315323325836,233.03087746883372,223,239,211.0,,19.0,0.0,223,239,0.3695434331893921,0.08191049098968506,16,0.3363606929779053,0.6239936351776123,0.4801771640777588
N_58,gap,1,14,90.43218,180.98744,gap_score_smooth,0.771324098110199,0.2138195037841797,11.89998098265902,0.6644143462181091,7.979399352421145,19.879380335080164,0,41,,63.0,0.0,49.0,0,21,0.09740828722715378,0.6562865376472473,21,0.6739158108830452,0.11503756046295166,0.39447668567299843
N_58,gap,2,63,100.19009,338.4435,gap_score_smooth,0.791066586971283,0.08415889739990234,17.324495758688137,0.7489871382713318,59.57022233997733,76.89471809866546,0,83,14.0,98.0,49.0,35.0,46,71,0.5638335943222046,0.7565068602561951,25,0.22723299264907837,0.03455972671508789,0.13089635968208313
N_58,gap,3,98,108.37898,450.91214,gap_score_smooth,0.811578631401062,0.3250402510166168,50.523229760115356,0.6490585058927536,51.24430389783383,101.76753365794919,0,134,63.0,112.0,35.0,14.0,83,104,0.7069076895713806,0.6107749342918396,21,0.1046709418296814,0.2008036971092224,0.1527373194694519
N_58,gap,4,112,108.074974,495.89957,gap_score_smooth,0.8054739236831665,0.1946989893913269,4.502673249516889,0.708124428987503,109.7492534887361,114.25192673825299,104,119,98.0,126.0,14.0,14.0,104,119,0.6107749342918396,0.5701925754547119,15,0.1946989893913269,0.2352813482284546,0.21499016880989075
N_58,gap,5,126,104.02017,540.887,gap_score_smooth,0.8102115392684937,0.24001896381378174,4.488922773462463,0.6902020573616028,124.13210903257945,128.6210318060419,119,134,112.0,142.0,14.0,16.0,119,134,0.5701925754547119,0.4865383803844452,15,0.24001896381378174,0.32367315888404846,0.2818460613489151
N_58,gap,6,142,96.42792,592.3013,gap_score_smooth,0.9253556132316589,0.813845083117485,61.12917759026132,0.5184330716729164,136.42324762062742,197.55242521088874,0,239,126.0,158.0,16.0,16.0,134,152,0.4865383803844452,0.6250731945037842,18,0.43881723284721375,0.30028241872787476,0.36954982578754425
N_58,gap,7,158,90.59248,643.71545,gap_score_smooth,0.88155597448349,0.2564827799797058,5.950229354768709,0.7533145844936371,155.51337716214317,161.46360651691188,152,239,142.0,175.0,16.0,17.0,152,168,0.6250731945037842,0.6280007362365723,16,0.2564827799797058,0.2535552382469177,0.25501900911331177
N_58,gap,8,175,83.868515,698.3431,gap_score_smooth,0.8264333605766296,0.18806666135787964,6.24002685396286,0.7324000298976898,172.13436588864133,178.3743927426042,168,182,158.0,193.0,17.0,18.0,168,182,0.6280007362365723,0.63836669921875,14,0.19843262434005737,0.18806666135787964,0.1932496428489685
N_58,gap,9,193,80.6854,756.1841,gap_score_smooth,0.8286246061325073,0.20062386989593506,6.171130203757855,0.7283126711845398,189.352517176354,195.52364738011187,168,239,175.0,213.0,18.0,20.0,182,203,0.63836669921875,0.24834400415420532,21,0.19025790691375732,0.580280601978302,0.38526925444602966
N_58,gap,10,213,80.69335,820.4519,gap_score_smooth,0.7878485918045044,0.5395045876502991,8.443603199745496,0.5180962979793549,208.79171828376016,217.23532148350566,203,239,193.0,232.0,20.0,19.0,203,224,0.24834400415420532,0.18030869960784912,21,0.5395045876502991,0.6075398921966553,0.5735222399234772
N_58,gap,11,232,82.79618,881.5063,gap_score_smooth,0.6329454183578491,0.45263671875,6.424871179342517,0.4066270589828491,228.8459249729816,235.27079615232412,224,239,213.0,,19.0,0.0,224,239,0.18030869960784912,0.11151053011417389,15,0.45263671875,0.5214348882436752,0.4870358034968376
N_59,gap,1,8,86.246635,166.3431,gap_score_smooth,0.6288837790489197,0.15387773513793945,4.904622010232228,0.55194491147995,5.505466552911808,10.410088563144036,0,15,,54.0,0.0,46.0,0,15,0.12251512706279755,0.4750060439109802,15,0.5063686519861221,0.15387773513793945,0.3301231935620308
N_59,gap,2,54,85.2839,317.8159,gap_score_smooth,0.870027482509613,0.38758978247642517,38.21607211166203,0.6762325912714005,31.279216095484728,69.49528820714676,0,76,8.0,82.0,46.0,28.0,48,65,0.837116539478302,0.7789353728294373,17,0.032910943031311035,0.09109210968017578,0.06200152635574341
N_59,gap,3,82,86.03016,410.01672,gap_score_smooth,0.6521134972572327,0.13061779737472534,3.8349928198117027,0.58680459856987,80.2123049005152,84.04729772032691,76,87,54.0,108.0,28.0,26.0,76,87,0.48243770003318787,0.5214956998825073,11,0.1696757972240448,0.13061779737472534,0.15014679729938507
N_59,gap,4,108,88.885185,495.6318,gap_score_smooth,0.8519240617752075,0.30214017629623413,17.28888141761105,0.7008539736270905,93.7038780795645,110.99275949717556,76,116,82.0,124.0,26.0,16.0,102,116,0.7995041012763977,0.5497838854789734,14,0.052419960498809814,0.30214017629623413,0.17728006839752197
N_59,gap,5,124,88.78519,548.318,gap_score_smooth,0.8861912488937378,0.14218491315841675,4.114073735457424,0.8150987923145294,122.56420072941786,126.67827446487529,0,131,108.0,140.0,16.0,16.0,116,131,0.5497838854789734,0.744006335735321,15,0.3364073634147644,0.14218491315841675,0.23929613828659058
N_59,gap,6,140,90.45394,601.0042,gap_score_smooth,0.9762730598449707,0.8537579327821732,104.02284761363471,0.5493940934538841,90.43657828637673,194.45942590001144,0,239,124.0,155.0,16.0,15.0,131,151,0.744006335735321,0.8044962882995605,20,0.23226672410964966,0.17177677154541016,0.2020217478275299
N_59,gap,7,155,92.38673,650.39746,gap_score_smooth,0.8397053480148315,0.035209059715270996,3.1533203370181866,0.822100818157196,153.2798886303114,156.4332089673296,151,239,140.0,172.0,15.0,17.0,151,164,0.8044962882995605,0.6562706828117371,13,0.035209059715270996,0.18343466520309448,0.10932186245918274
N_59,gap,8,172,94.97527,706.3766,gap_score_smooth,0.8118317723274231,0.15556108951568604,5.766866053067929,0.7340512275695801,168.62617150120164,174.39303755426957,164,180,155.0,190.0,17.0,18.0,164,180,0.6562706828117371,0.5619860887527466,16,0.15556108951568604,0.2498456835746765,0.20270338654518127
N_59,gap,9,190,95.206314,765.64856,gap_score_smooth,0.8160067796707153,0.25402069091796875,6.8397552656191465,0.688996434211731,186.35822665743842,193.19798192305757,180,239,172.0,212.0,18.0,22.0,180,201,0.5619860887527466,0.12200882285833359,21,0.25402069091796875,0.6939979568123817,0.47400932386517525
N_59,gap,10,212,99.66446,838.09204,gap_score_smooth,0.8127157092094421,0.6907068863511086,12.332619292289337,0.46736226603388786,206.45619049751645,218.78880978980578,201,239,190.0,231.0,22.0,19.0,201,224,0.12200882285833359,0.3735574185848236,23,0.6907068863511086,0.43915829062461853,0.5649325884878635
N_59,gap,11,231,101.3792,900.6569,gap_score_smooth,0.6789778470993042,0.3054204285144806,5.845987960799192,0.5262676328420639,228.18048517834413,234.02647313914332,224,239,212.0,,19.0,0.0,224,239,0.3735574185848236,0.1085323765873909,15,0.3054204285144806,0.5704454705119133,0.43793294951319695
N_5,gap,1,11,108.41685,103.37657,gap_score_smooth,0.7655726075172424,0.03613865375518799,6.0447580865305195,0.7475032806396484,8.814293607858326,14.859051694388846,0,20,,66.0,0.0,55.0,0,20,0.08611336350440979,0.7294339537620544,20,0.6794592440128326,0.03613865375518799,0.3577989488840103
N_5,gap,2,66,99.287415,255.25941,gap_score_smooth,0.9253401756286621,0.11193174123764038,11.691207101718142,0.8693743050098419,61.00207079813989,72.69327789985803,0,79,11.0,95.0,55.0,29.0,39,79,0.7570815682411194,0.8134084343910217,40,0.16825860738754272,0.11193174123764038,0.14009517431259155
N_5,gap,3,95,100.8871,335.3431,gap_score_smooth,0.9577116966247559,0.1008678674697876,16.43784487859193,0.9072777628898621,89.49263713179143,105.93048201038336,0,112,66.0,126.0,29.0,31.0,79,112,0.8134084343910217,0.8568438291549683,33,0.14430326223373413,0.1008678674697876,0.12258556485176086
N_5,gap,4,126,102.112206,420.9498,gap_score_smooth,0.9882462024688721,0.8735982477664948,164.44832470486566,0.5514470785856247,5.849638513909012,170.29796321877467,0,239,95.0,179.0,31.0,53.0,112,141,0.8568438291549683,0.9372932314872742,29,0.1314023733139038,0.0509529709815979,0.09117767214775085
N_5,gap,5,179,111.33588,567.30963,gap_score_smooth,0.7321125864982605,0.1136283278465271,4.170492586168393,0.675298422574997,176.76213477825013,180.93262736441852,173,184,126.0,206.0,53.0,27.0,173,184,0.5386908054351807,0.6184842586517334,11,0.19342178106307983,0.1136283278465271,0.15352505445480347
N_5,gap,6,206,114.637825,641.8703,gap_score_smooth,0.8791835904121399,0.34049278497695923,31.906264651907662,0.7089371979236603,193.014896041786,224.92116069369365,173,239,179.0,,27.0,0.0,189,239,0.6278188228607178,0.11464795470237732,50,0.2513647675514221,0.7645356357097626,0.5079502016305923
N_60,gap,1,28,121.970764,224.62343,gap_score_smooth,0.7991269826889038,0.15717309713363647,9.136849468827954,0.7205404341220856,23.257878954987248,32.3947284238152,0,36,,60.0,0.0,32.0,12,36,0.5175961852073669,0.6419538855552673,24,0.28153079748153687,0.15717309713363647,0.21935194730758667
N_60,gap,2,60,104.959366,327.0502,gap_score_smooth,0.9653061628341675,0.4154930114746094,23.948930606539847,0.7575596570968628,52.99350626545291,76.94243687199275,0,113,28.0,92.0,32.0,32.0,50,83,0.7306985855102539,0.5902323126792908,33,0.23460757732391357,0.3750738501548767,0.30484071373939514
N_60,gap,3,92,98.76423,429.477,gap_score_smooth,0.7724173665046692,0.18218505382537842,5.629623348070396,0.68132483959198,89.13579112470096,94.76541447277135,83,113,60.0,120.0,32.0,28.0,83,98,0.5902323126792908,0.6483514308929443,15,0.18218505382537842,0.12406593561172485,0.15312549471855164
N_60,gap,4,120,99.408646,519.1004,gap_score_smooth,0.8487991690635681,0.11995220184326172,3.514201315087206,0.7888230681419373,118.46719422929573,121.98139554438293,113,125,92.0,135.0,28.0,15.0,113,125,0.5498131513595581,0.7288469672203064,12,0.29898601770401,0.11995220184326172,0.20946910977363586
N_60,gap,5,135,101.48143,567.113,gap_score_smooth,0.9718368649482727,0.8668856099247932,131.78696222009532,0.5383940599858761,14.193889252399169,145.9808514724945,0,239,120.0,154.0,15.0,19.0,125,146,0.7288469672203064,0.5382373332977295,21,0.2429898977279663,0.4335995316505432,0.33829471468925476
N_60,gap,6,154,108.1875,627.9289,gap_score_smooth,0.88457190990448,0.3463345766067505,8.393352592338147,0.7114046216011047,150.13516907749644,158.5285216698346,146,239,135.0,171.0,19.0,17.0,146,161,0.5382373332977295,0.6768531799316406,15,0.3463345766067505,0.20771872997283936,0.2770266532897949
N_60,gap,7,171,108.49755,682.3431,gap_score_smooth,0.8806512951850891,0.2037981152534485,6.220277722071245,0.7787522375583649,167.87212834607294,174.0924060681442,161,179,154.0,190.0,17.0,19.0,161,179,0.6768531799316406,0.5918453335762024,18,0.2037981152534485,0.2888059616088867,0.2463020384311676
N_60,gap,8,190,105.59624,743.159,gap_score_smooth,0.8830661177635193,0.2912207841873169,9.376712218780881,0.7374557256698608,185.96606309719408,195.34277531597496,179,239,171.0,210.0,19.0,20.0,179,200,0.5918453335762024,0.6278086304664612,21,0.2912207841873169,0.2552574872970581,0.2732391357421875
N_60,gap,9,210,102.39027,807.1757,gap_score_smooth,0.8587817549705505,0.23097312450408936,7.3652883001104215,0.7432951927185059,206.08874100507413,213.45402930518455,200,239,190.0,230.0,20.0,20.0,200,222,0.6278086304664612,0.30365827679634094,22,0.23097312450408936,0.5551234781742096,0.3930483013391495
N_60,gap,10,230,99.43538,871.19244,gap_score_smooth,0.7057557106018066,0.4020974338054657,6.83809280374598,0.5047069936990738,226.4554457534853,233.29353855723127,222,239,210.0,,20.0,0.0,222,239,0.30365827679634094,0.07296637445688248,17,0.4020974338054657,0.6327893361449242,0.5174433849751949
N_61,gap,1,8,303.81723,161.00836,gap_score_smooth,0.7410854697227478,0.11169272661209106,5.2451301933164745,0.6852391064167023,6.1915381656572785,11.436668358973753,0,20,,29.0,0.0,21.0,0,20,0.15417301654815674,0.6293927431106567,20,0.5869124531745911,0.11169272661209106,0.34930258989334106
N_61,gap,2,29,290.73575,229.28033,gap_score_smooth,0.7355923056602478,0.06336647272109985,6.607988487521773,0.7039090692996979,25.495707214600998,32.10369570212277,20,35,8.0,59.0,21.0,30.0,20,35,0.6293927431106567,0.672225832939148,15,0.10619956254959106,0.06336647272109985,0.08478301763534546
N_61,gap,3,59,262.3247,326.8117,gap_score_smooth,0.9633651971817017,0.5327482521533966,37.62339271193797,0.6969910711050034,37.0920809450008,74.71547365693877,0,83,29.0,90.0,30.0,31.0,49,83,0.8224416971206665,0.43061694502830505,34,0.14092350006103516,0.5327482521533966,0.3368358761072159
N_61,gap,4,90,237.5053,427.59415,gap_score_smooth,0.7548527717590332,0.15500032901763916,4.049420621214281,0.6773526072502136,88.46410592153772,92.513526542752,83,96,59.0,107.0,31.0,17.0,83,96,0.43061694502830505,0.599852442741394,13,0.32423582673072815,0.15500032901763916,0.23961807787418365
N_61,gap,5,107,225.32161,482.86194,gap_score_smooth,0.922229528427124,0.1086851954460144,12.038073431230885,0.8678869307041168,103.58106834603315,115.61914177726403,83,119,90.0,132.0,17.0,25.0,96,119,0.599852442741394,0.8135443329811096,23,0.32237708568573,0.1086851954460144,0.2155311405658722
N_61,gap,6,132,201.59734,564.13806,gap_score_smooth,0.9964355826377869,0.8422625660896301,108.00862842971584,0.5753042995929718,87.20915493451496,195.2177833642308,0,239,107.0,159.0,25.0,27.0,119,139,0.8135443329811096,0.9588471055030823,20,0.18289124965667725,0.03758847713470459,0.11023986339569092
N_61,gap,7,159,181.5115,651.9163,gap_score_smooth,0.8696137070655823,0.10066825151443481,7.1393612759131315,0.8192795813083649,156.28436710787915,163.42372838379228,154,239,132.0,186.0,27.0,27.0,154,174,0.7689454555511475,0.720772922039032,20,0.10066825151443481,0.1488407850265503,0.12475451827049255
N_61,gap,8,186,165.44084,739.6946,gap_score_smooth,0.8536760210990906,0.1329030990600586,12.013688441858193,0.7872244715690613,180.77680967832393,192.79049812018212,174,239,159.0,211.0,27.0,25.0,174,201,0.720772922039032,0.20457971096038818,27,0.1329030990600586,0.6490963101387024,0.3909997045993805
N_61,gap,9,211,153.54778,820.9707,gap_score_smooth,0.8127338290214539,0.6081541180610657,10.866657989356753,0.508656769990921,206.56153185709655,217.4281898464533,201,239,186.0,230.0,25.0,19.0,201,222,0.20457971096038818,0.3736242949962616,21,0.6081541180610657,0.43910953402519226,0.523631826043129
N_61,gap,10,230,141.79672,882.7406,gap_score_smooth,0.6877868175506592,0.3141625225543976,6.519727002769088,0.5307055562734604,226.6911243387452,233.21085134151429,222,239,211.0,,19.0,0.0,222,239,0.3736242949962616,0.09194919466972351,17,0.3141625225543976,0.5958376228809357,0.4550000727176666
N_62,gap,1,9,141.39742,144.87866,gap_score_smooth,0.7735422253608704,0.20232218503952026,13.272208430213208,0.6723811328411102,5.443956547356842,18.71616497757005,0,23,,41.0,0.0,32.0,0,23,0.18791882693767548,0.5712200403213501,23,0.5856233984231949,0.20232218503952026,0.3939727917313576
N_62,gap,2,41,146.61998,254.66945,gap_score_smooth,0.7548753619194031,0.12146800756454468,13.875587281247373,0.6941413581371307,30.573970203275206,44.44955748452258,23,59,9.0,55.0,32.0,14.0,34,50,0.6984437704086304,0.6523142457008362,16,0.056431591510772705,0.1025611162185669,0.0794963538646698
N_62,gap,3,55,150.72388,302.70294,gap_score_smooth,0.7415096759796143,0.08919543027877808,3.8896518553054023,0.6969119608402252,52.551660707411756,56.44131256271716,50,59,41.0,70.0,14.0,15.0,50,59,0.6523142457008362,0.6334073543548584,9,0.08919543027877808,0.10810232162475586,0.09864887595176697
N_62,gap,4,70,149.14407,354.16736,gap_score_smooth,0.8905583620071411,0.030072689056396484,5.355684633788599,0.8755220174789429,68.74234783900745,74.09803247279605,0,78,55.0,91.0,15.0,21.0,59,78,0.6334073543548584,0.8604856729507446,19,0.2571510076522827,0.030072689056396484,0.1436118483543396
N_62,gap,5,91,154.8674,426.21756,gap_score_smooth,0.9080817103385925,0.3562624454498291,30.212058291533864,0.729950487613678,65.57990494798783,95.79196323952169,0,115,70.0,108.0,21.0,17.0,78,100,0.8604856729507446,0.6282519698143005,22,0.0475960373878479,0.279829740524292,0.16371288895606995
N_62,gap,6,108,154.96486,484.54395,gap_score_smooth,0.8920465111732483,0.26379454135894775,5.007474663052534,0.7601492404937744,105.18503527658272,110.19250993963526,100,115,91.0,138.0,17.0,30.0,100,115,0.6282519698143005,0.5518192648887634,15,0.26379454135894775,0.34022724628448486,0.3020108938217163
N_62,gap,7,138,155.08286,587.4728,gap_score_smooth,0.9950483441352844,0.807129517197609,42.67714299350561,0.59148358553648,118.25848336210748,160.9356263556131,0,239,108.0,156.0,30.0,18.0,128,150,0.9817253351211548,0.6778768301010132,22,0.013323009014129639,0.31717151403427124,0.16524726152420044
N_62,gap,8,156,154.8027,649.2301,gap_score_smooth,0.7948809266090393,0.11700409650802612,5.189728222987952,0.7363788783550262,152.9840237157702,158.17375193875816,150,164,138.0,173.0,18.0,17.0,150,164,0.6778768301010132,0.5610599517822266,14,0.11700409650802612,0.23382097482681274,0.17541253566741943
N_62,gap,9,173,155.71565,707.55646,gap_score_smooth,0.8883177638053894,0.32725781202316284,8.25694862845836,0.724688857793808,169.11636417440133,177.3733128028597,164,239,156.0,193.0,17.0,20.0,164,182,0.5610599517822266,0.5951411724090576,18,0.32725781202316284,0.2931765913963318,0.3102172017097473
N_62,gap,10,193,160.19469,776.1757,gap_score_smooth,0.8882823586463928,0.2931411862373352,8.600158486114424,0.7417117655277252,187.7021141867375,196.30227267285193,182,239,173.0,213.0,20.0,20.0,182,203,0.5951411724090576,0.1773368865251541,21,0.2931411862373352,0.7109454721212387,0.502043329179287
N_62,gap,11,213,165.75114,844.795,gap_score_smooth,0.8325298428535461,0.655192956328392,11.47404270585065,0.5049333646893501,208.647733173311,220.12177587916165,203,239,193.0,231.0,20.0,18.0,203,225,0.1773368865251541,0.4054853916168213,22,0.655192956328392,0.42704445123672485,0.5411187037825584
N_62,gap,12,231,174.0938,906.5523,gap_score_smooth,0.6488598585128784,0.24337446689605713,4.885655997957599,0.5271726250648499,228.78179519805573,233.66745119601333,225,239,213.0,,18.0,0.0,225,239,0.4054853916168213,0.08609697967767715,14,0.24337446689605713,0.5627628788352013,0.4030686728656292
N_63,gap,1,27,92.55827,214.841,gap_score_smooth,0.8056215643882751,0.38575121760368347,26.65481531061097,0.6127459555864334,5.6214336097419215,32.27624892035289,0,76,,55.0,0.0,28.0,19,36,0.7608090043067932,0.555530309677124,17,0.044812560081481934,0.2500912547111511,0.14745190739631653
N_63,gap,2,55,92.078606,302.82428,gap_score_smooth,0.6975553035736084,0.14202499389648438,4.715286322959287,0.6265428066253662,52.04042542312216,56.755711746081445,36,76,27.0,95.0,28.0,40.0,50,61,0.6037637591362,0.49156782031059265,11,0.09379154443740845,0.20598748326301575,0.1498895138502121
N_63,gap,3,95,92.62539,428.51465,gap_score_smooth,0.6825291514396667,0.22353273630142212,5.395728448129603,0.5707627832889557,92.01222412142218,97.40795256955178,76,103,55.0,109.0,40.0,14.0,86,103,0.4966897666454315,0.45899641513824463,17,0.18583938479423523,0.22353273630142212,0.20468606054782867
N_63,gap,4,109,95.24171,472.5063,gap_score_smooth,0.7142399549484253,0.28097230195999146,5.02077756208908,0.5737538039684296,106.60767667696616,111.62845423905524,76,117,95.0,124.0,14.0,15.0,103,117,0.45899641513824463,0.43326765298843384,14,0.25524353981018066,0.28097230195999146,0.26810792088508606
N_63,gap,5,124,97.8681,519.6402,gap_score_smooth,0.7905610799789429,0.2555825710296631,4.47268639636917,0.6627697944641113,122.19395459106906,126.66664098743823,76,131,109.0,139.0,15.0,15.0,117,131,0.43326765298843384,0.5349785089492798,14,0.35729342699050903,0.2555825710296631,0.30643799901008606
N_63,gap,6,139,96.20719,566.77405,gap_score_smooth,0.8674799203872681,0.49573618173599243,6.8052660284080275,0.6196118295192719,135.82096777563063,142.62623380403866,0,164,124.0,156.0,15.0,17.0,131,149,0.5349785089492798,0.44109565019607544,18,0.3325014114379883,0.4263842701911926,0.37944284081459045
N_63,gap,7,156,95.83199,620.19244,gap_score_smooth,0.8487573862075806,0.4076617360115051,5.945152876857122,0.644926518201828,152.95609241325673,158.90124529011385,149,164,139.0,174.0,17.0,18.0,149,164,0.44109565019607544,0.37174373865127563,15,0.4076617360115051,0.47701364755630493,0.44233769178390503
N_63,gap,8,174,94.92477,676.7531,gap_score_smooth,0.8541233539581299,0.43716371059417725,7.314343920773439,0.6355414986610413,170.88224292303926,178.1965868438127,164,184,156.0,193.0,18.0,19.0,164,184,0.37174373865127563,0.41695964336395264,20,0.48237961530685425,0.43716371059417725,0.45977166295051575
N_63,gap,9,193,93.53835,736.45605,gap_score_smooth,0.875583291053772,0.7629437744617462,10.106510098450428,0.49411140382289886,187.64936728638685,197.75587738483728,0,239,174.0,213.0,19.0,20.0,184,204,0.41695964336395264,0.12359724938869476,20,0.45862364768981934,0.7519860416650772,0.6053048446774483
N_63,gap,10,213,93.00081,799.3013,gap_score_smooth,0.751056969165802,0.6274597197771072,7.588742974333115,0.4373271092772484,209.3327570504723,216.92150002480543,204,239,193.0,231.0,20.0,18.0,204,222,0.12359724938869476,0.2581523358821869,18,0.6274597197771072,0.4929046332836151,0.5601821765303612
N_63,gap,11,231,90.46967,855.86194,gap_score_smooth,0.6873688697814941,0.42921653389930725,7.119687103162903,0.4727606028318405,227.71046214935512,234.83014925251803,222,239,213.0,,18.0,0.0,222,239,0.2581523358821869,0.11263951659202576,17,0.42921653389930725,0.5747293531894684,0.5019729435443878
N_64,gap,1,44,91.730934,290.46445,gap_score_smooth,0.8642753958702087,0.27070021629333496,33.85846759499968,0.7289252877235413,15.271221637468571,49.12968923246825,0,53,,74.0,0.0,30.0,37,53,0.841147243976593,0.5935751795768738,16,0.023128151893615723,0.27070021629333496,0.14691418409347534
N_64,gap,2,74,91.380585,391.00836,gap_score_smooth,0.7414856553077698,0.12172907590866089,5.217042058601848,0.6806211173534393,71.38168182840978,76.59872388701163,53,93,44.0,99.0,30.0,25.0,68,81,0.6015560030937195,0.6571383476257324,13,0.1399296522140503,0.08434730768203735,0.11213847994804382
N_64,gap,3,99,98.883514,474.79498,gap_score_smooth,0.7547537088394165,0.08797341585159302,3.744741260391592,0.71076700091362,97.06031638237526,100.80505764276685,53,106,74.0,124.0,25.0,25.0,93,106,0.6197565793991089,0.6667802929878235,13,0.13499712944030762,0.08797341585159302,0.11148527264595032
N_64,gap,4,124,101.53364,558.5816,gap_score_smooth,0.9262614846229553,0.10953480005264282,15.604299346958413,0.8714940845966339,111.73026264984377,127.33456199680218,0,132,99.0,141.0,25.0,17.0,118,132,0.8903118371963501,0.8167266845703125,14,0.035949647426605225,0.10953480005264282,0.07274222373962402
N_64,gap,5,141,103.204025,615.55646,gap_score_smooth,0.9897764921188354,0.8705717474222183,191.04821655826552,0.5544906184077263,5.102291727787496,196.15050828605303,0,239,124.0,157.0,17.0,16.0,132,152,0.8167266845703125,0.8282139301300049,20,0.17304980754852295,0.16156256198883057,0.16730618476867676
N_64,gap,6,157,107.08127,669.17993,gap_score_smooth,0.891890287399292,0.06367635726928711,3.9993079871874784,0.8600521087646484,155.1547660266575,159.154074013845,152,239,141.0,174.0,16.0,17.0,152,167,0.8282139301300049,0.7138655185699463,15,0.06367635726928711,0.1780247688293457,0.1208505630493164
N_64,gap,7,174,107.27231,726.1548,gap_score_smooth,0.8651889562606812,0.09253925085067749,5.3032625426303355,0.8189193308353424,171.64722074203684,176.95048328466717,167,180,157.0,191.0,17.0,17.0,167,180,0.7138655185699463,0.7726497054100037,13,0.15132343769073486,0.09253925085067749,0.12193134427070618
N_64,gap,8,191,108.75573,783.1297,gap_score_smooth,0.8801193237304688,0.16625380516052246,7.512580534041149,0.7969924211502075,186.1810810316667,193.69366156570786,167,239,174.0,210.0,17.0,19.0,180,201,0.7726497054100037,0.37008219957351685,21,0.10746961832046509,0.5100371241569519,0.3087533712387085
N_64,gap,9,210,109.9848,846.80756,gap_score_smooth,0.8396475315093994,0.46956533193588257,10.58084068472661,0.6048648655414581,206.35876853696578,216.9396092216924,201,239,191.0,231.0,19.0,21.0,201,223,0.37008219957351685,0.46991199254989624,22,0.46956533193588257,0.3697355389595032,0.41965043544769287
N_64,gap,10,231,115.38873,917.1883,gap_score_smooth,0.7099153995513916,0.24000340700149536,6.500191599008389,0.5899136960506439,227.13578958770736,233.63598118671575,223,239,210.0,,21.0,0.0,223,239,0.46991199254989624,0.11229003965854645,16,0.24000340700149536,0.5976253598928452,0.41881438344717026
N_65,gap,1,8,112.95344,160.57323,gap_score_smooth,0.5805937051773071,0.0526963472366333,4.089194188518255,0.5542455315589905,6.7262932170145495,10.815487405532805,0,13,,47.0,0.0,39.0,0,13,0.11031952500343323,0.5278973579406738,13,0.4702741801738739,0.0526963472366333,0.2614852637052536
N_65,gap,2,47,125.657555,285.24268,gap_score_smooth,0.8312535881996155,0.215124249458313,19.30445337711285,0.723691463470459,35.51876651289896,54.823219890011806,0,63,8.0,97.0,39.0,50.0,31,63,0.6389645338058472,0.6161293387413025,32,0.1922890543937683,0.215124249458313,0.20370665192604065
N_65,gap,3,97,121.02132,445.07532,gap_score_smooth,0.9158061146736145,0.25746017694473267,25.886386789392162,0.7870760262012482,78.77858100076719,104.66496779015935,0,121,47.0,117.0,50.0,20.0,75,112,0.7432050108909607,0.6747779846191406,37,0.1726011037826538,0.24102813005447388,0.20681461691856384
N_65,gap,4,117,120.60871,509.00836,gap_score_smooth,0.745971143245697,0.0711931586265564,3.821768043896114,0.7103745639324188,114.55578485347519,118.3775528973713,112,121,97.0,135.0,20.0,18.0,112,121,0.6747779846191406,0.6583459377288818,9,0.0711931586265564,0.08762520551681519,0.07940918207168579
N_65,gap,5,135,118.7585,566.5481,gap_score_smooth,0.9976129531860352,0.8872934281826019,182.56211910861774,0.5539662390947342,16.33173123766838,198.89385034628611,0,239,117.0,160.0,18.0,25.0,121,155,0.6583459377288818,0.8542649149894714,34,0.3392670154571533,0.14334803819656372,0.24130752682685852
N_65,gap,6,160,119.62106,646.4644,gap_score_smooth,0.8856328129768372,0.03136789798736572,4.053661912297372,0.8699488639831543,157.23212212088072,161.2857840331781,155,239,135.0,194.0,25.0,34.0,155,171,0.8542649149894714,0.6924291849136353,16,0.03136789798736572,0.1932036280632019,0.11228576302528381
N_65,gap,7,194,127.01705,755.15063,gap_score_smooth,0.8575387597084045,0.1651095747947693,21.51633228758348,0.7749839723110199,175.18334473972806,196.69967702731154,171,239,160.0,214.0,34.0,20.0,188,205,0.8369007110595703,0.260964035987854,17,0.02063804864883423,0.5965747237205505,0.3086063861846924
N_65,gap,8,214,131.25812,819.0837,gap_score_smooth,0.7713363766670227,0.5103723406791687,10.031475214568445,0.5161502063274384,210.32655377601802,220.35802899058646,205,239,194.0,232.0,20.0,18.0,205,225,0.260964035987854,0.4582442343235016,20,0.5103723406791687,0.3130921423435211,0.4117322415113449
N_65,gap,9,232,131.75137,876.6234,gap_score_smooth,0.633421778678894,0.17517754435539246,4.185617433049231,0.5458330065011978,229.43784204079034,233.62345947383957,225,239,214.0,,18.0,0.0,225,239,0.4582442343235016,0.09492667764425278,14,0.17517754435539246,0.5384951010346413,0.35683632269501686
N_66,gap,1,6,146.75241,104.41004,gap_score_smooth,0.5950683951377869,0.2948746681213379,8.099896733582831,0.4476310610771179,3.660924624112485,11.760821357695315,0,15,,27.0,0.0,21.0,0,15,0.1445010006427765,0.300193727016449,15,0.4505673944950104,0.2948746681213379,0.37272103130817413
N_66,gap,2,27,150.83148,175.84518,gap_score_smooth,0.6973761320114136,0.05001342296600342,3.102537034162367,0.6723694205284119,25.673965190312487,28.776502224474854,0,31,6.0,45.0,21.0,18.0,15,31,0.300193727016449,0.6473627090454102,16,0.3971824049949646,0.05001342296600342,0.223597913980484
N_66,gap,3,45,157.41212,237.07532,gap_score_smooth,0.9685583114624023,0.661125123500824,31.51925696885096,0.6379957497119904,24.864491060189287,56.38374802904025,0,64,27.0,94.0,18.0,49.0,31,64,0.6473627090454102,0.30743318796157837,33,0.3211956024169922,0.661125123500824,0.4911603629589081
N_66,gap,4,94,161.20673,403.75732,gap_score_smooth,0.9012154340744019,0.10578948259353638,21.22999167027065,0.8483206927776337,88.07764929105775,109.3076409613284,64,116,45.0,135.0,49.0,41.0,80,101,0.760418713092804,0.874677836894989,21,0.1407967209815979,0.026537597179412842,0.08366715908050537
N_66,gap,5,135,163.5909,543.22595,gap_score_smooth,0.9936915040016174,0.8491905033588409,127.96360109190165,0.569096252322197,69.99172284482044,197.9553239367221,0,221,94.0,160.0,41.0,25.0,116,154,0.7954259514808655,0.7198892831802368,38,0.19826555252075195,0.2738022208213806,0.23603388667106628
N_66,gap,6,160,167.31346,628.26776,gap_score_smooth,0.8121834397315979,0.09229415655136108,14.725577013623763,0.7660363614559174,157.24733827852498,171.97291529214874,154,221,135.0,193.0,25.0,33.0,154,163,0.7198892831802368,0.8068557977676392,9,0.09229415655136108,0.00532764196395874,0.04881089925765991
N_66,gap,7,193,164.53937,740.523,gap_score_smooth,0.8001493811607361,0.1748146414756775,6.623903679979861,0.7127420604228973,189.5786863019254,196.20258998190525,181,221,160.0,211.0,33.0,18.0,181,203,0.6253347396850586,0.4312582314014435,22,0.1748146414756775,0.3688911497592926,0.27185289561748505
N_66,gap,8,211,162.08087,801.7531,gap_score_smooth,0.7860246896743774,0.35476645827293396,6.155764302531452,0.6086414605379105,207.72965016519532,213.88541446772678,203,221,193.0,231.0,18.0,20.0,203,221,0.4312582314014435,0.03694674372673035,18,0.35476645827293396,0.7490779459476471,0.5519222021102905
N_66,gap,9,231,162.21877,869.7866,gap_score_smooth,0.6817853450775146,0.5560734421014786,8.565174001538196,0.40374862402677536,227.0827627088248,235.64793671036298,221,239,211.0,,20.0,0.0,221,239,0.03694674372673035,0.12571190297603607,18,0.6448386013507843,0.5560734421014786,0.6004560217261314
N_67,gap,1,21,168.10495,216.7866,gap_score_smooth,0.7824140787124634,0.23828107118606567,18.863159305723595,0.6632735431194305,6.455964174339807,25.319123480063404,0,31,,37.0,0.0,16.0,10,31,0.7078620791435242,0.5441330075263977,21,0.07455199956893921,0.23828107118606567,0.15641653537750244
N_67,gap,2,37,167.90697,271.48117,gap_score_smooth,0.6514959335327148,0.07098156213760376,3.4459049881366255,0.616005152463913,35.10037761105869,38.546282599195315,31,41,21.0,51.0,16.0,14.0,31,41,0.5441330075263977,0.5805143713951111,10,0.10736292600631714,0.07098156213760376,0.08917224407196045
N_67,gap,3,51,168.51888,319.3389,gap_score_smooth,0.8222931623458862,0.26704686880111694,15.07793057697814,0.6887697279453278,47.504898538827284,62.582829115805424,0,66,37.0,74.0,14.0,23.0,41,57,0.5805143713951111,0.7975874543190002,16,0.24177879095077515,0.024705708026885986,0.13324224948883057
N_67,gap,4,74,165.52057,397.96234,gap_score_smooth,0.7185067534446716,0.1535799503326416,4.435345557990345,0.6417167782783508,71.97307239674913,76.40841795473948,66,81,51.0,99.0,23.0,25.0,66,81,0.5552462935447693,0.56492680311203,15,0.16326045989990234,0.1535799503326416,0.15842020511627197
N_67,gap,5,99,165.0589,483.4226,gap_score_smooth,0.8295060992240906,0.2127055525779724,6.140046273319072,0.7231533229351044,95.58987062164721,101.72991689496628,0,105,74.0,114.0,25.0,15.0,91,105,0.670839250087738,0.6168005466461182,14,0.15866684913635254,0.2127055525779724,0.18568620085716248
N_67,gap,6,114,162.63206,534.6987,gap_score_smooth,0.8390953540802002,0.31428414583206177,6.021907856939251,0.6819532811641693,110.201942956906,116.22385081384525,0,120,99.0,128.0,15.0,14.0,105,120,0.6168005466461182,0.5248112082481384,15,0.22229480743408203,0.31428414583206177,0.2682894766330719
N_67,gap,7,128,158.3307,582.55646,gap_score_smooth,0.8940067887306213,0.30950409173965454,5.2450018999440715,0.7392547428607941,125.86424395084146,131.10924585078553,0,135,114.0,143.0,14.0,15.0,120,135,0.5248112082481384,0.5845026969909668,15,0.3691955804824829,0.30950409173965454,0.3393498361110687
N_67,gap,8,143,149.92079,633.83264,gap_score_smooth,0.9096212387084961,0.7738702297210693,143.47321252507007,0.5226861238479614,4.554107959764633,148.0273204848347,0,239,128.0,160.0,15.0,17.0,135,153,0.5845026969909668,0.3590690493583679,18,0.3251185417175293,0.5505521893501282,0.43783536553382874
N_67,gap,9,160,143.4237,691.9456,gap_score_smooth,0.8311287760734558,0.4720597267150879,7.003023433420452,0.5950989127159119,156.42685870644408,163.42988213986453,153,185,143.0,176.0,17.0,16.0,153,167,0.3590690493583679,0.49484190344810486,14,0.4720597267150879,0.33628687262535095,0.4041732996702194
N_67,gap,10,176,137.32489,746.6402,gap_score_smooth,0.8063939809799194,0.3115520775318146,5.7266461651693135,0.6506179422140121,172.46349293105962,178.19013909622893,167,185,160.0,196.0,16.0,20.0,167,185,0.49484190344810486,0.11144720762968063,18,0.3115520775318146,0.6949467733502388,0.5032494254410267
N_67,gap,11,196,135.01624,815.00836,gap_score_smooth,0.8676674962043762,0.7562202885746956,10.19338355255573,0.4895573519170284,190.87507639466872,201.06845994722445,185,239,176.0,213.0,20.0,17.0,185,206,0.11144720762968063,0.3787371814250946,21,0.7562202885746956,0.4889303147792816,0.6225753016769886
N_67,gap,12,213,136.47495,873.12134,gap_score_smooth,0.7570235729217529,0.3782863914966583,6.500872972252921,0.5678803771734238,210.18829328575362,216.68916625800654,206,239,196.0,231.0,17.0,18.0,206,222,0.3787371814250946,0.3409292697906494,16,0.3782863914966583,0.4160943031311035,0.3971903473138809
N_67,gap,13,231,128.46954,934.6527,gap_score_smooth,0.699805498123169,0.35887622833251953,7.017574988061227,0.5203673839569092,227.3361299170651,234.35370490512634,222,239,213.0,,18.0,0.0,222,239,0.3409292697906494,0.10776235163211823,17,0.35887622833251953,0.5920431464910507,0.4754596874117851
N_68,gap,1,16,115.48705,174.63599,gap_score_smooth,0.6097885370254517,0.09278970956802368,6.434277537953221,0.5633936822414398,12.493356541981022,18.927634079934244,0,23,,46.0,0.0,30.0,10,23,0.514490008354187,0.516998827457428,13,0.09529852867126465,0.09278970956802368,0.09404411911964417
N_68,gap,2,46,118.92154,280.82846,gap_score_smooth,0.9137728810310364,0.255176305770874,15.220097896239743,0.7861847281455994,41.4120528376965,56.63215073393624,0,72,16.0,78.0,30.0,32.0,34,59,0.5761876106262207,0.7606133818626404,25,0.3375852704048157,0.153159499168396,0.24537238478660583
N_68,gap,3,78,123.447716,394.10043,gap_score_smooth,0.792516827583313,0.07804268598556519,3.8021488637766936,0.7534954845905304,76.47569226819304,80.27784113196974,72,84,46.0,103.0,32.0,25.0,72,84,0.6585965752601624,0.7144741415977478,12,0.13392025232315063,0.07804268598556519,0.10598146915435791
N_68,gap,4,103,122.864624,482.59415,gap_score_smooth,0.8551580905914307,0.14714622497558594,5.048539840961951,0.7815849781036377,100.6252469184435,105.67378675940544,72,111,78.0,129.0,25.0,26.0,95,111,0.7060908079147339,0.7080118656158447,16,0.14906728267669678,0.14714622497558594,0.14810675382614136
N_68,gap,5,129,120.778336,574.6276,gap_score_smooth,0.9529104232788086,0.8378342315554619,187.25730751647538,0.5339933075010777,26.705329488505104,213.96263700498048,0,239,103.0,143.0,26.0,14.0,120,134,0.7592514157295227,0.8843473792076111,14,0.1936590075492859,0.06856304407119751,0.1311110258102417
N_68,gap,6,143,114.73813,624.1841,gap_score_smooth,0.945168137550354,0.06082075834274292,4.0280465865152735,0.9147577583789825,140.29934336317942,144.3273899496947,134,239,129.0,158.0,14.0,15.0,134,152,0.8843473792076111,0.6879012584686279,18,0.06082075834274292,0.2572668790817261,0.1590438187122345
N_68,gap,7,158,114.907936,677.28033,gap_score_smooth,0.8515926599502563,0.16369140148162842,5.127306726570026,0.7697469592094421,155.73037822948123,160.85768495605126,152,167,143.0,174.0,15.0,16.0,152,167,0.6879012584686279,0.6695988178253174,15,0.16369140148162842,0.18199384212493896,0.1728426218032837
N_68,gap,8,174,113.33559,733.9163,gap_score_smooth,0.8556598424911499,0.14770835638046265,5.7106971156675,0.7818056643009186,171.0054788438547,176.7161759595222,167,180,158.0,190.0,16.0,16.0,167,180,0.6695988178253174,0.7079514861106873,13,0.18606102466583252,0.14770835638046265,0.16688469052314758
N_68,gap,9,190,110.92143,790.5523,gap_score_smooth,0.8722754716873169,0.2026766538619995,6.875636129884668,0.7709371447563171,186.25985865157767,193.13549478146234,167,199,174.0,209.0,16.0,19.0,180,199,0.7079514861106873,0.552765965461731,19,0.16432398557662964,0.31950950622558594,0.2419167459011078
N_68,gap,10,209,109.5278,857.80756,gap_score_smooth,0.9136624336242676,0.3608964681625366,8.121120652964464,0.7332141995429993,204.13365835924768,212.25477901221214,199,239,190.0,228.0,19.0,19.0,199,219,0.552765965461731,0.31974560022354126,20,0.3608964681625366,0.5939168334007263,0.47740665078163147
N_68,gap,11,228,100.53898,925.06274,gap_score_smooth,0.7177236676216125,0.3979780673980713,10.175949381455098,0.5187346339225769,223.37535104687908,233.55130042833417,219,239,209.0,,19.0,0.0,219,239,0.31974560022354126,0.09472773969173431,20,0.3979780673980713,0.6229959279298782,0.5104869976639748
N_69,gap,1,10,91.991295,200.09206,gap_score_smooth,0.7115983963012695,0.14238744974136353,12.040785371439261,0.6404046714305878,6.1554326556873615,18.196218027126623,0,23,,43.0,0.0,33.0,0,23,0.11764761805534363,0.569210946559906,23,0.5939507782459259,0.14238744974136353,0.3681691139936447
N_69,gap,2,43,96.84134,305.99582,gap_score_smooth,0.8511136174201965,0.09154725074768066,11.209795530984117,0.8053399920463562,34.74359916536528,45.9533946963494,0,51,10.0,58.0,33.0,15.0,23,51,0.569210946559906,0.7595663666725159,28,0.2819026708602905,0.09154725074768066,0.1867249608039856
N_69,gap,3,58,100.53298,354.13388,gap_score_smooth,0.865219235420227,0.28944557905197144,43.66697485768725,0.7204964458942413,30.75000460540859,74.41697946309584,0,79,43.0,72.0,15.0,14.0,51,67,0.7595663666725159,0.7234946489334106,16,0.10565286874771118,0.1417245864868164,0.1236887276172638
N_69,gap,4,72,103.17753,399.06277,gap_score_smooth,0.8327270150184631,0.10923236608505249,3.5687994810514283,0.7781108319759369,69.96794394652213,73.53674342757355,67,79,58.0,87.0,14.0,15.0,67,79,0.7234946489334106,0.5757736563682556,12,0.10923236608505249,0.2569533586502075,0.18309286236763
N_69,gap,5,87,105.35138,447.20084,gap_score_smooth,0.8296468257904053,0.1272321343421936,3.929216786101037,0.7660307586193085,85.61119207707961,89.54040886318064,79,96,72.0,103.0,15.0,16.0,79,93,0.5757736563682556,0.7052986025810242,14,0.25387316942214966,0.1243482232093811,0.18911069631576538
N_69,gap,6,103,108.3905,498.54813,gap_score_smooth,0.8990969061851501,0.3055708408355713,7.033597603091565,0.7463114857673645,98.64614663128502,105.67974423437659,0,112,87.0,120.0,16.0,17.0,96,112,0.7024146914482117,0.5935260653495789,16,0.19668221473693848,0.3055708408355713,0.2511265277862549
N_69,gap,7,120,110.701836,553.1046,gap_score_smooth,0.9200419187545776,0.20947915315628052,4.9842896336266165,0.8153023421764374,117.20753799099485,122.19182762462147,0,128,103.0,136.0,17.0,16.0,112,128,0.5935260653495789,0.7105627655982971,16,0.3265158534049988,0.20947915315628052,0.26799750328063965
N_69,gap,8,136,113.06089,604.4519,gap_score_smooth,0.9626908302307129,0.8450432121753693,138.5350157429316,0.5401692241430283,4.89693771907362,143.4319534620052,0,239,120.0,155.0,16.0,19.0,128,146,0.7105627655982971,0.5288568139076233,18,0.25212806463241577,0.4338340163230896,0.3429810404777527
N_69,gap,9,155,113.54369,665.42676,gap_score_smooth,0.935265064239502,0.40640825033187866,11.707250371737757,0.7320609390735626,150.37418753675897,162.08143790849672,146,239,136.0,173.0,19.0,18.0,146,163,0.5288568139076233,0.7293384671211243,17,0.40640825033187866,0.20592659711837769,0.3061674237251282
N_69,gap,10,173,111.84847,723.19244,gap_score_smooth,0.9145103693008423,0.18517190217971802,7.555874501178863,0.8219244182109833,169.7271098707155,177.28298437189437,163,184,155.0,195.0,18.0,22.0,163,184,0.7293384671211243,0.5197851657867432,21,0.18517190217971802,0.3947252035140991,0.28994855284690857
N_69,gap,11,195,109.284706,793.795,gap_score_smooth,0.9146851301193237,0.39489996433258057,8.700980114585604,0.7172351479530334,190.12668450239556,198.82766461698117,184,239,173.0,214.0,22.0,19.0,184,204,0.5197851657867432,0.45463284850120544,20,0.39489996433258057,0.4600522816181183,0.4274761229753494
N_69,gap,12,214,104.26926,854.7699,gap_score_smooth,0.7464562654495239,0.2918234169483185,21.518537007499162,0.6005445569753647,210.32931831046955,231.8478553179687,204,239,195.0,229.0,19.0,15.0,204,223,0.45463284850120544,0.6342505216598511,19,0.2918234169483185,0.11220574378967285,0.20201458036899567
N_69,gap,13,229,91.9146,902.90796,gap_score_smooth,0.6781461238861084,0.043895602226257324,3.693754540451664,0.6561983227729797,227.0018593331711,230.69561387362276,223,239,214.0,,15.0,0.0,223,239,0.6342505216598511,0.0857568010687828,16,0.043895602226257324,0.5923893228173256,0.31814246252179146
N_6,gap,1,61,98.94403,340.2594,gap_score_smooth,0.9462924003601074,0.2471044659614563,20.635899719746064,0.8227401673793793,50.743923040825905,71.37982276057197,0,94,,83.0,0.0,22.0,46,75,0.7954033613204956,0.7722108364105225,29,0.15088903903961182,0.17408156394958496,0.1624853014945984
N_6,gap,2,83,91.91541,402.02512,gap_score_smooth,0.8590214252471924,0.08681058883666992,6.463403823503995,0.8156161308288574,78.61424118540795,85.07764500891194,75,94,61.0,101.0,22.0,18.0,75,94,0.7722108364105225,0.6991879343986511,19,0.08681058883666992,0.15983349084854126,0.12332203984260559
N_6,gap,3,101,90.814026,452.56067,gap_score_smooth,0.8649152517318726,0.05989229679107666,4.3067757168087155,0.8349691033363342,99.28981400321713,103.59658972002585,94,109,83.0,124.0,18.0,23.0,94,109,0.6991879343986511,0.8050229549407959,15,0.16572731733322144,0.05989229679107666,0.11280980706214905
N_6,gap,4,124,85.9052,517.1339,gap_score_smooth,0.9907787442207336,0.8688486069440842,170.82950246975994,0.5563544407486916,24.48393602396033,195.31343849372027,0,239,101.0,150.0,23.0,26.0,109,144,0.8050229549407959,0.7552114129066467,35,0.18575578927993774,0.23556733131408691,0.21066156029701233
N_6,gap,5,150,85.39436,590.1297,gap_score_smooth,0.8776273727416992,0.12241595983505249,4.674305543266996,0.816419392824173,147.51830422054317,152.19260976381017,144,239,124.0,170.0,26.0,20.0,144,162,0.7552114129066467,0.5565923452377319,18,0.12241595983505249,0.3210350275039673,0.2217254936695099
N_6,gap,6,170,82.925964,646.28033,gap_score_smooth,0.8399446606636047,0.10278040170669556,4.567959023339398,0.788554459810257,167.84916150499103,172.41712052833043,162,175,150.0,189.0,20.0,19.0,162,175,0.5565923452377319,0.7371642589569092,13,0.2833523154258728,0.10278040170669556,0.19306635856628418
N_6,gap,7,189,81.173874,699.6234,gap_score_smooth,0.8685601949691772,0.3119678497314453,26.421773247438466,0.7125762701034546,166.61252562661198,193.03429887405045,162,239,170.0,211.0,19.0,22.0,181,201,0.7528235912322998,0.49855297803878784,20,0.11573660373687744,0.3700072169303894,0.24287191033363342
N_6,gap,8,211,75.66883,761.3891,gap_score_smooth,0.8567280173301697,0.35817503929138184,8.95493419994014,0.6776404976844788,206.572260087653,215.52719428759315,201,239,189.0,231.0,22.0,20.0,201,225,0.49855297803878784,0.4131453037261963,24,0.35817503929138184,0.4435827136039734,0.4008788764476776
N_6,gap,9,231,71.78491,817.53973,gap_score_smooth,0.6247543096542358,0.21160900592803955,4.78088205161518,0.5189498066902161,228.20025202888115,232.98113408049633,225,239,211.0,,20.0,0.0,225,239,0.4131453037261963,0.08090406656265259,14,0.21160900592803955,0.5438502430915833,0.3777296245098114
N_70,gap,1,16,148.28534,144.01674,gap_score_smooth,0.6555107831954956,0.17536205053329468,13.570922788962372,0.5678297579288483,5.586048030389017,19.15697081935139,0,23,,45.0,0.0,29.0,12,23,0.6355605721473694,0.4801487326622009,11,0.01995021104812622,0.17536205053329468,0.09765613079071045
N_70,gap,2,45,149.34865,238.29707,gap_score_smooth,0.7438033223152161,0.1505873203277588,5.317836603630347,0.6685096621513367,42.45495073341014,47.77278733704049,0,55,16.0,59.0,29.0,14.0,37,51,0.6168986558914185,0.6045107245445251,14,0.1269046664237976,0.13929259777069092,0.13309863209724426
N_70,gap,3,59,150.83618,283.8117,gap_score_smooth,0.7201043367385864,0.116371750831604,4.005821721571969,0.6619184613227844,57.4175968845485,61.42341860612047,55,64,45.0,73.0,14.0,14.0,55,64,0.5932160019874573,0.6037325859069824,9,0.12688833475112915,0.116371750831604,0.12163004279136658
N_70,gap,4,73,151.96155,329.32635,gap_score_smooth,0.7634558081626892,0.15369170904159546,4.827768560860989,0.6866099536418915,70.42634409851777,75.25411265937876,0,81,59.0,102.0,14.0,29.0,64,81,0.6037325859069824,0.6097640991210938,17,0.1597232222557068,0.15369170904159546,0.15670746564865112
N_70,gap,5,102,145.82597,423.6067,gap_score_smooth,0.8956862688064575,0.07525724172592163,7.219450894663012,0.8580576479434967,97.39525853681548,104.61470943147849,0,108,73.0,118.0,29.0,16.0,81,108,0.6097640991210938,0.8204290270805359,27,0.28592216968536377,0.07525724172592163,0.1805897057056427
N_70,gap,6,118,140.5514,475.62344,gap_score_smooth,0.9203044176101685,0.1722038984298706,8.132358267887284,0.8342024683952332,112.85024435345397,120.98260262134126,0,125,102.0,141.0,16.0,23.0,108,125,0.8204290270805359,0.7481005191802979,17,0.09987539052963257,0.1722038984298706,0.1360396444797516
N_70,gap,7,141,138.07101,550.39746,gap_score_smooth,0.9961605072021484,0.8696500808000565,147.4815466036597,0.5613354668021202,28.3892905259106,175.8708371295703,0,201,118.0,171.0,23.0,30.0,125,159,0.7481005191802979,0.6472727656364441,34,0.24805998802185059,0.34888774156570435,0.29847386479377747
N_70,gap,8,171,130.3792,647.9289,gap_score_smooth,0.8896434307098389,0.24237066507339478,7.633626237301229,0.7684580981731415,166.44388984783282,174.07751608513405,159,201,141.0,191.0,30.0,20.0,159,182,0.6472727656364441,0.25541678071022034,23,0.24237066507339478,0.6342266499996185,0.43829865753650665
N_70,gap,9,191,128.17177,712.94977,gap_score_smooth,0.8386357426643372,0.5832189619541168,8.273201150893073,0.5470262616872787,187.04142560026872,195.3146267511618,182,201,171.0,212.0,20.0,21.0,182,201,0.25541678071022034,0.10153765976428986,19,0.5832189619541168,0.7370980829000473,0.6601585224270821
N_70,gap,10,212,126.16266,781.22174,gap_score_smooth,0.8112514019012451,0.7068221122026443,8.303418159682877,0.45784034579992294,207.52461848613143,215.8280366458143,201,222,191.0,231.0,21.0,19.0,201,222,0.10153765976428986,0.10442928969860077,21,0.7097137421369553,0.7068221122026443,0.7082679271697998
N_70,gap,11,231,127.93419,842.99164,gap_score_smooth,0.6670179963111877,0.548660010099411,8.123866687205634,0.39268799126148224,227.36862708324432,235.49249377044995,222,239,212.0,,19.0,0.0,222,239,0.10442928969860077,0.11835798621177673,17,0.562588706612587,0.548660010099411,0.555624358355999
N_71,gap,1,18,97.410736,197.59415,gap_score_smooth,0.7562400698661804,0.05011641979217529,12.856052461487497,0.7311818599700928,7.718781386531411,20.57483384801891,0,23,,41.0,0.0,23.0,14,23,0.7469375133514404,0.7061236500740051,9,0.00930255651473999,0.05011641979217529,0.02970948815345764
N_71,gap,2,41,99.02827,272.46445,gap_score_smooth,0.8965131640434265,0.24341052770614624,14.740390270528042,0.7748079001903534,30.269126141723365,45.00951641225141,0,49,18.0,61.0,23.0,20.0,23,49,0.7061236500740051,0.6531026363372803,26,0.1903895139694214,0.24341052770614624,0.2169000208377838
N_71,gap,3,61,99.314316,337.56903,gap_score_smooth,0.9131126999855042,0.6643230766057968,81.6033013048738,0.5809511616826057,5.294140831073869,86.89744213594767,0,97,41.0,109.0,20.0,48.0,49,66,0.6531026363372803,0.9058097004890442,17,0.2600100636482239,0.007302999496459961,0.13365653157234192
N_71,gap,4,109,112.91124,493.8201,gap_score_smooth,0.8070902228355408,0.11312377452850342,3.940451649358465,0.7505283355712891,107.70069998821842,111.64115163757688,97,117,61.0,137.0,48.0,28.0,97,117,0.015238236635923386,0.6939664483070374,20,0.7918519861996174,0.11312377452850342,0.4524878803640604
N_71,gap,5,137,120.59386,584.96655,gap_score_smooth,0.9877400994300842,0.6619878709316254,69.95911265790572,0.6567461639642715,106.55519760404123,176.51431026194695,97,239,109.0,155.0,28.0,18.0,127,148,0.9442800283432007,0.8391126990318298,21,0.043460071086883545,0.1486274003982544,0.09604373574256897
N_71,gap,6,155,121.92265,643.56067,gap_score_smooth,0.948602557182312,0.10948985815048218,6.286559457264104,0.8938576281070709,151.73184784147054,158.01840729873464,148,239,137.0,171.0,18.0,16.0,148,163,0.8391126990318298,0.8288260102272034,15,0.10948985815048218,0.11977654695510864,0.11463320255279541
N_71,gap,7,171,122.49206,695.64435,gap_score_smooth,0.8894289135932922,0.06060290336608887,3.8345015494082872,0.8591274619102478,168.76446282405175,172.59896437346003,163,178,155.0,191.0,16.0,20.0,163,178,0.8288260102272034,0.631729245185852,15,0.06060290336608887,0.2576996684074402,0.15915128588676453
N_71,gap,8,191,114.57977,760.74896,gap_score_smooth,0.9117671847343445,0.28003793954849243,8.962675784511106,0.7717482149600983,185.7097396525367,194.67241543704782,178,239,171.0,211.0,20.0,20.0,178,201,0.631729245185852,0.47702696919441223,23,0.28003793954849243,0.43474021553993225,0.35738907754421234
N_71,gap,9,211,115.83144,825.8536,gap_score_smooth,0.8877313733100891,0.4107044041156769,8.384341486448363,0.6823791712522507,206.71239895768574,215.0967404441341,201,239,191.0,231.0,20.0,20.0,201,222,0.47702696919441223,0.3427598476409912,21,0.4107044041156769,0.5449715256690979,0.4778379648923874
N_71,gap,10,231,115.25419,890.9581,gap_score_smooth,0.7916538715362549,0.44889402389526367,7.803151683781067,0.567206859588623,227.2534082327997,235.05655991658077,222,239,211.0,,20.0,0.0,222,239,0.3427598476409912,0.32575222849845886,17,0.44889402389526367,0.465901643037796,0.45739783346652985
N_7,gap,1,40,97.11847,235.57323,gap_score_smooth,0.8189989328384399,0.03910243511199951,14.20399888325587,0.7994477152824402,33.60719651302977,47.81119539628564,0,56,,69.0,0.0,29.0,17,56,0.7573798894882202,0.7798964977264404,39,0.06161904335021973,0.03910243511199951,0.05036073923110962
N_7,gap,2,69,102.07143,335.3138,gap_score_smooth,0.9562048316001892,0.21250730752944946,40.768917999887364,0.8499511778354645,62.02701725468333,102.7959352545707,0,107,40.0,99.0,29.0,30.0,56,88,0.7798964977264404,0.8793738484382629,32,0.17630833387374878,0.07683098316192627,0.12656965851783752
N_7,gap,3,99,106.06171,438.4937,gap_score_smooth,0.9458644390106201,0.06649059057235718,7.749038401610761,0.9126191437244415,93.47035786771937,101.21939626933013,88,107,69.0,144.0,30.0,45.0,88,107,0.8793738484382629,0.7436975240707397,19,0.06649059057235718,0.20216691493988037,0.13432875275611877
N_7,gap,4,144,106.9361,593.2636,gap_score_smooth,0.992487907409668,0.1380321979522705,33.168482208962686,0.9234718084335327,114.76384851937762,147.9323307283403,0,154,99.0,169.0,45.0,25.0,135,154,0.9646664261817932,0.8544557094573975,19,0.027821481227874756,0.1380321979522705,0.08292683959007263
N_7,gap,5,169,108.41766,679.2469,gap_score_smooth,0.9928529262542725,0.810901403427124,178.75439427373124,0.5874022245407104,4.544098253334616,183.29849252706586,0,239,144.0,197.0,25.0,28.0,154,187,0.8544557094573975,0.4315597116947174,33,0.138397216796875,0.561293214559555,0.349845215678215
N_7,gap,6,197,116.950806,775.5481,gap_score_smooth,0.8938711881637573,0.4623114764690399,7.206516226800119,0.6627154499292374,192.81344930064282,200.01996552744293,187,239,169.0,215.0,28.0,18.0,187,206,0.4315597116947174,0.24241243302822113,19,0.4623114764690399,0.6514587551355362,0.556885115802288
N_7,gap,7,215,124.90735,837.45605,gap_score_smooth,0.7934178113937378,0.5510053783655167,22.971830990967987,0.5179151222109795,211.03213968783132,234.0039706787993,206,239,197.0,230.0,18.0,15.0,206,223,0.24241243302822113,0.6002576351165771,17,0.5510053783655167,0.19316017627716064,0.37208277732133865
N_7,gap,8,230,127.93467,889.046,gap_score_smooth,0.7156184315681458,0.1153607964515686,4.876003472446655,0.6579380333423615,227.4856140678333,232.36161754027995,223,239,215.0,,15.0,0.0,223,239,0.6002576351165771,0.09254472702741623,16,0.1153607964515686,0.6230737045407295,0.36921725049614906
N_8,gap,1,16,114.21376,172.09624,gap_score_smooth,0.707575261592865,0.07167243957519531,10.966306194509722,0.6717390418052673,8.641491948389438,19.60779814289916,0,23,,72.0,0.0,56.0,12,23,0.6855302453041077,0.6359028220176697,11,0.022045016288757324,0.07167243957519531,0.04685872793197632
N_8,gap,2,72,118.76524,308.93304,gap_score_smooth,0.9276895523071289,0.04895949363708496,10.556800046129808,0.9032098054885864,65.85069711908797,76.40749716521778,0,81,16.0,96.0,56.0,24.0,49,81,0.7546789050102234,0.878730058670044,32,0.17301064729690552,0.04895949363708496,0.11098507046699524
N_8,gap,3,96,120.54972,367.5774,gap_score_smooth,0.9888415932655334,0.8999537527561188,177.08880822128256,0.5388647168874741,6.213664419308897,183.30247264059145,0,239,72.0,167.0,24.0,71.0,81,112,0.878730058670044,0.9354432225227356,31,0.1101115345954895,0.05339837074279785,0.08175495266914368
N_8,gap,4,167,122.93818,541.06696,gap_score_smooth,0.906083881855011,0.2799137234687805,11.127441741429237,0.7661270201206207,163.52410263698542,174.65154437841466,153,239,96.0,198.0,71.0,31.0,159,185,0.6282084584236145,0.5071398019790649,26,0.2778754234313965,0.39894407987594604,0.33840975165367126
N_8,gap,5,198,120.39366,616.8159,gap_score_smooth,0.7289648652076721,0.22182506322860718,5.124978720990725,0.6180523335933685,194.8879592345856,200.01293795557632,185,206,167.0,219.0,31.0,21.0,185,206,0.5071398019790649,0.4256291687488556,21,0.22182506322860718,0.30333569645881653,0.26258037984371185
N_8,gap,6,219,122.070045,668.1297,gap_score_smooth,0.8927290439605713,0.4670998752117157,17.020639629131665,0.6591791063547134,214.63407811614218,231.65471774527384,206,239,198.0,,21.0,0.0,206,239,0.4256291687488556,0.0765436589717865,33,0.4670998752117157,0.8161853849887848,0.6416426301002502
N_9,gap,1,65,122.724106,291.2092,gap_score_smooth,0.9674537181854248,0.24802809953689575,19.97243498435857,0.8434396684169769,55.989814095310805,75.96224907966938,0,84,,126.0,0.0,61.0,37,84,0.7638852000236511,0.719425618648529,47,0.20356851816177368,0.24802809953689575,0.22579830884933472
N_9,gap,2,126,125.823456,465.02094,gap_score_smooth,0.9946356415748596,0.8700671270489693,227.67252286874535,0.559602078050375,5.389601257470918,233.06212412621628,0,239,65.0,152.0,61.0,26.0,105,140,0.9200634360313416,0.9573036432266235,35,0.07457220554351807,0.037331998348236084,0.055952101945877075
N_9,gap,3,152,127.04738,539.1046,gap_score_smooth,0.9936631917953491,0.036359548568725586,8.757437192354757,0.9754834175109863,146.6527676140854,155.41020480644016,140,239,126.0,178.0,26.0,26.0,140,172,0.9573036432266235,0.7038828134536743,32,0.036359548568725586,0.2897803783416748,0.1630699634552002
N_9,gap,4,178,133.25792,613.1883,gap_score_smooth,0.81694096326828,0.11305814981460571,4.967966182952267,0.7604118883609772,175.2984632227875,180.26642940573976,172,185,152.0,206.0,26.0,28.0,172,185,0.7038828134536743,0.6106863021850586,13,0.11305814981460571,0.20625466108322144,0.15965640544891357
N_9,gap,5,206,140.76299,692.9707,gap_score_smooth,0.918822705745697,0.3081364035606384,24.303739457669565,0.7647545039653778,194.12986261467378,218.43360207234335,185,239,178.0,,28.0,0.0,185,239,0.6106863021850586,0.09626258909702301,54,0.3081364035606384,0.822560116648674,0.5653482601046562
S_100,gap,1,33,260.5766,307.3933,gap_score_smooth,0.7876671552658081,0.26611387729644775,53.1735558748353,0.6546102166175842,5.663231687498153,58.836787562333456,0,62,,56.0,0.0,23.0,24,49,0.7297358512878418,0.657977283000946,25,0.05793130397796631,0.12968987226486206,0.09381058812141418
S_100,gap,2,56,222.0516,385.72803,gap_score_smooth,0.7656354904174805,0.10765820741653442,5.813323234958034,0.7118063867092133,52.08893297630823,57.90225621126626,49,62,33.0,73.0,23.0,17.0,49,62,0.657977283000946,0.5215532779693604,13,0.10765820741653442,0.24408221244812012,0.17587020993232727
S_100,gap,3,73,229.6594,443.62762,gap_score_smooth,0.861386775970459,0.21353673934936523,6.83293546686599,0.7546184062957764,70.3052841796448,77.13821964651079,0,80,56.0,92.0,17.0,19.0,62,80,0.5215532779693604,0.6478500366210938,18,0.33983349800109863,0.21353673934936523,0.27668511867523193
S_100,gap,4,92,267.2941,508.3389,gap_score_smooth,0.9343185424804688,0.3240240812301636,24.841691043794768,0.772306501865387,84.8217689089291,109.66345995272387,0,113,73.0,120.0,19.0,28.0,80,98,0.6478500366210938,0.8155022859573364,18,0.286468505859375,0.11881625652313232,0.20264238119125366
S_100,gap,5,120,357.31,603.70294,gap_score_smooth,0.97845458984375,0.8184657096862793,126.15624360569296,0.5692217350006104,65.45704305549472,191.6132866611877,0,239,92.0,138.0,28.0,18.0,113,129,0.6102944612503052,0.7641374468803406,16,0.3681601285934448,0.21431714296340942,0.2912386357784271
S_100,gap,6,138,414.47253,665.00836,gap_score_smooth,0.946449339389801,0.18231189250946045,9.750456178396263,0.8552933931350708,133.00896109608286,142.75941727447912,129,239,120.0,157.0,18.0,19.0,129,149,0.7641374468803406,0.6120045185089111,20,0.18231189250946045,0.3344448208808899,0.25837835669517517
S_100,gap,7,157,440.18677,729.71967,gap_score_smooth,0.902579128742218,0.2905746102333069,12.47854968902493,0.7572918236255646,152.24565594650386,164.7242056355288,149,239,138.0,186.0,19.0,29.0,149,168,0.6120045185089111,0.5962114930152893,19,0.2905746102333069,0.3063676357269287,0.2984711229801178
S_100,gap,8,186,439.91916,828.48956,gap_score_smooth,0.8471348285675049,0.2509233355522156,12.601139619172756,0.7216731607913971,176.7779155639595,189.37905518313227,168,194,157.0,205.0,29.0,19.0,174,194,0.599800705909729,0.5224546194076538,20,0.24733412265777588,0.3246802091598511,0.2860071659088135
S_100,gap,9,205,424.33395,893.20087,gap_score_smooth,0.8785732388496399,0.3561186194419861,10.444451093796005,0.7005139291286469,199.66769761888858,210.1121487126846,194,239,186.0,228.0,19.0,23.0,194,217,0.5224546194076538,0.18017873167991638,23,0.3561186194419861,0.6983945071697235,0.5272565633058548
S_100,gap,10,228,407.10788,971.5356,gap_score_smooth,0.717147171497345,0.5369684398174286,12.35248967016338,0.4486629515886307,221.8355016219323,234.1879912920957,217,239,205.0,,23.0,0.0,217,239,0.18017873167991638,0.08483197540044785,22,0.5369684398174286,0.6323151960968971,0.5846418179571629
S_101,gap,1,47,123.59752,222.61925,gap_score_smooth,0.9649827480316162,0.32731717824935913,71.01234430502012,0.8013241589069366,8.093522258438282,79.1058665634584,0,84,,96.0,0.0,49.0,11,54,0.8045722246170044,0.8952326774597168,43,0.16041052341461182,0.06975007057189941,0.11508029699325562
S_101,gap,2,96,71.08139,380.69037,gap_score_smooth,0.9685330986976624,0.5137959420681,21.359165221563444,0.7116351276636124,89.01911280114533,110.37827802270877,0,114,47.0,123.0,49.0,27.0,84,103,0.6376655697822571,0.953561007976532,19,0.3308675289154053,0.014972090721130371,0.17291980981826782
S_101,gap,3,123,124.8995,467.7908,gap_score_smooth,0.9804328680038452,0.1015816330909729,5.862936407278838,0.9296420514583588,120.56712827715016,126.430064684429,0,130,96.0,142.0,27.0,19.0,114,130,0.4547371566295624,0.8788512349128723,16,0.5256957113742828,0.1015816330909729,0.31363867223262787
S_101,gap,4,142,176.51456,529.0837,gap_score_smooth,0.9947867393493652,0.7434917092323303,43.471212773303776,0.6230408847332001,117.03894616492333,160.5101589382271,0,239,123.0,172.0,19.0,30.0,130,152,0.8788512349128723,0.937255859375,22,0.11593550443649292,0.057530879974365234,0.08673319220542908
S_101,gap,5,172,225.36049,625.86194,gap_score_smooth,0.9262116551399231,0.36814892292022705,9.915851731018194,0.7421371936798096,166.6115332549279,176.5273849859461,163,239,142.0,194.0,30.0,22.0,163,185,0.558062732219696,0.35576140880584717,22,0.36814892292022705,0.5704502463340759,0.4692995846271515
S_101,gap,6,194,235.40334,696.83264,gap_score_smooth,0.9085673689842224,0.5528059601783752,11.3474723313538,0.6321643888950348,188.95811158409518,200.30558391544898,185,239,172.0,217.0,22.0,23.0,185,206,0.35576140880584717,0.20939196646213531,21,0.5528059601783752,0.6991754025220871,0.6259906813502312
S_101,gap,7,217,229.98642,771.0293,gap_score_smooth,0.8010745644569397,0.5916825979948044,10.271400116810696,0.5052332654595375,212.43568614776746,222.70708626457815,206,239,194.0,,23.0,0.0,206,227,0.20939196646213531,0.32160043716430664,21,0.5916825979948044,0.47947412729263306,0.5355783626437187
S_102,gap,1,14,191.36421,104.58996,gap_score_smooth,0.7239170074462891,0.04802131652832031,7.845618254769086,0.6999063491821289,10.941565250548123,18.78718350531721,0,22,,47.0,0.0,33.0,0,22,0.12551665306091309,0.6758956909179688,22,0.598400354385376,0.04802131652832031,0.32321083545684814
S_102,gap,2,47,141.5702,202.62343,gap_score_smooth,0.9055760502815247,0.0407567024230957,6.223022754079729,0.8851976990699768,44.08375432504547,50.3067770791252,0,54,14.0,63.0,33.0,16.0,38,54,0.7886316776275635,0.864819347858429,16,0.11694437265396118,0.0407567024230957,0.07885053753852844
S_102,gap,3,63,127.46284,250.15482,gap_score_smooth,0.9738039970397949,0.8482873439788818,174.20431234114716,0.549660325050354,5.807724607903176,180.01203694905033,0,239,47.0,104.0,16.0,41.0,54,72,0.864819347858429,0.7292261719703674,18,0.10898464918136597,0.2445778250694275,0.17678123712539673
S_102,gap,4,104,176.8021,371.95398,gap_score_smooth,0.827864944934845,0.16457176208496094,6.47485789149691,0.7455790638923645,100.61409311932634,107.08895101082325,84,111,63.0,119.0,41.0,15.0,98,111,0.7072170972824097,0.6047102212905884,13,0.1206478476524353,0.2231547236442566,0.17190128564834595
S_102,gap,5,119,204.52661,416.51465,gap_score_smooth,0.9316898584365845,0.23613959550857544,6.950343907639379,0.8136200606822968,116.10344425691197,123.05378816455135,111,128,104.0,136.0,15.0,17.0,111,128,0.6047102212905884,0.695550262928009,17,0.3269796371459961,0.23613959550857544,0.28155961632728577
S_102,gap,6,136,223.15164,467.01672,gap_score_smooth,0.9612123370170593,0.35650211572647095,9.298736563645775,0.7829612791538239,131.45034529657985,140.74908186022563,111,239,119.0,154.0,17.0,18.0,128,146,0.695550262928009,0.7359464168548584,18,0.2656620740890503,0.22526592016220093,0.2454639971256256
S_102,gap,7,154,229.65625,520.48956,gap_score_smooth,0.9432317018508911,0.20728528499603271,19.774365348996895,0.8395890593528748,150.6342219754337,170.40858732443058,146,239,136.0,195.0,18.0,41.0,146,184,0.7359464168548584,0.4445840120315552,38,0.20728528499603271,0.49864768981933594,0.3529664874076843
S_102,gap,8,195,202.10434,642.2887,gap_score_smooth,0.8776861429214478,0.4331021308898926,10.619795033067078,0.6611350774765015,189.83909217810103,200.4588872111681,184,239,154.0,215.0,41.0,20.0,184,206,0.4445840120315552,0.4501895010471344,22,0.4331021308898926,0.42749664187431335,0.43029938638210297
S_102,gap,9,215,183.41164,701.70294,gap_score_smooth,0.8293468952178955,0.3791573941707611,19.631999285706144,0.639768198132515,210.7572734480792,230.38927273378533,206,239,195.0,,20.0,0.0,206,239,0.4501895010471344,0.0794156938791275,33,0.3791573941707611,0.749931201338768,0.5645442977547646
S_103,gap,1,25,167.5687,180.96652,gap_score_smooth,0.7915418148040771,0.1261034607887268,12.067106261570537,0.7284900844097137,18.75957806973219,30.826684331302726,0,41,,47.0,0.0,22.0,16,31,0.7117161154747009,0.7272385954856873,15,0.07982569932937622,0.06430321931838989,0.07206445932388306
S_103,gap,2,47,169.97897,244.29707,gap_score_smooth,0.7243667244911194,0.03708088397979736,5.005058418056365,0.7058262825012207,44.28604259472052,49.291101012776885,41,51,25.0,67.0,22.0,20.0,41,51,0.6654383540153503,0.687285840511322,10,0.05892837047576904,0.03708088397979736,0.0480046272277832
S_103,gap,3,67,158.51147,301.8703,gap_score_smooth,0.8535370230674744,0.09601986408233643,9.829694864130786,0.8055270910263062,64.10912028640337,73.93881515053415,0,81,47.0,99.0,20.0,32.0,57,81,0.7170431017875671,0.7575171589851379,24,0.13649392127990723,0.09601986408233643,0.11625689268112183
S_103,gap,4,99,118.65148,393.98746,gap_score_smooth,0.9273858666419983,0.2055375576019287,48.39482732203085,0.8246170878410339,88.83586138341128,137.23068870544213,0,141,67.0,134.0,32.0,35.0,81,117,0.7575171589851379,0.8390036225318909,36,0.16986870765686035,0.08838224411010742,0.1291254758834839
S_103,gap,5,134,111.7769,494.7406,gap_score_smooth,0.9134411811828613,0.07443755865097046,15.903343474420325,0.8762224018573761,120.15328861089722,136.05663208531755,117,141,99.0,151.0,35.0,17.0,125,141,0.8771501779556274,0.7218483090400696,16,0.03629100322723389,0.19159287214279175,0.11394193768501282
S_103,gap,6,151,126.68021,543.6778,gap_score_smooth,0.9581420421600342,0.7393757253885269,195.8764398742332,0.5884541794657707,5.345601329021156,201.22204120325435,0,239,134.0,180.0,17.0,29.0,141,172,0.7218483090400696,0.6942447423934937,31,0.2362937331199646,0.2638972997665405,0.25009551644325256
S_103,gap,7,180,170.56133,627.159,gap_score_smooth,0.899498462677002,0.2052537202835083,7.039667327050836,0.7968716025352478,176.21432440436266,183.2539917314135,172,239,151.0,196.0,29.0,16.0,172,189,0.6942447423934937,0.6237013339996338,17,0.2052537202835083,0.27579712867736816,0.24052542448043823
S_103,gap,8,196,194.11644,673.2176,gap_score_smooth,0.8473849892616272,0.2236836552619934,6.185635685209888,0.7355431616306305,192.75668967139833,198.94232535660822,189,239,180.0,214.0,16.0,18.0,189,207,0.6237013339996338,0.47440022230148315,18,0.2236836552619934,0.37298476696014404,0.2983342111110687
S_103,gap,9,214,207.18173,725.03345,gap_score_smooth,0.798481822013855,0.3240815997123718,6.055929546225741,0.6364410221576691,211.31065986662978,217.36658941285552,207,239,196.0,231.0,18.0,17.0,207,226,0.47440022230148315,0.3734419047832489,19,0.3240815997123718,0.4250399172306061,0.37456075847148895
S_103,gap,10,231,205.3046,773.9707,gap_score_smooth,0.44790220260620117,0.07446029782295227,3.577798236278653,0.41067205369472504,228.96120415189435,232.539002388173,226,239,214.0,,17.0,0.0,226,239,0.3734419047832489,0.06377221643924713,13,0.07446029782295227,0.38412998616695404,0.22929514199495316
S_104,gap,1,25,201.92253,242.44351,gap_score_smooth,0.761535108089447,0.05914497375488281,13.310034755546438,0.7319626212120056,15.054429177483696,28.364463933030134,0,32,,47.0,0.0,22.0,14,32,0.7293722033500671,0.7023901343345642,18,0.03216290473937988,0.05914497375488281,0.04565393924713135
S_104,gap,2,47,204.2509,305.3138,gap_score_smooth,0.8291584849357605,0.10821807384490967,12.634854088270558,0.7750494480133057,41.16439969696402,53.799253785234576,0,57,25.0,69.0,22.0,22.0,32,57,0.7023901343345642,0.7209404110908508,25,0.1267683506011963,0.10821807384490967,0.11749321222305298
S_104,gap,3,69,206.39317,368.1841,gap_score_smooth,0.9070028066635132,0.20499169826507568,35.3309480194595,0.8045069575309753,63.29014241475532,98.62109043421482,0,104,47.0,95.0,22.0,26.0,57,79,0.7209404110908508,0.8330357074737549,22,0.18606239557266235,0.0739670991897583,0.13001474738121033
S_104,gap,4,95,218.32346,442.48535,gap_score_smooth,0.8943930268287659,0.07665342092514038,6.316989756340604,0.8560663163661957,91.0622029219359,97.37919267827651,86,104,69.0,125.0,26.0,30.0,86,104,0.8177396059036255,0.7020111083984375,18,0.07665342092514038,0.19238191843032837,0.13451766967773438
S_104,gap,5,125,238.20076,528.2176,gap_score_smooth,0.9978885054588318,0.8133282363414764,187.0854497663644,0.5912243872880936,5.587967115887758,192.67341688225216,0,239,95.0,209.0,30.0,84.0,104,146,0.7020111083984375,0.9730592370033264,42,0.2958773970603943,0.02482926845550537,0.16035333275794983
S_104,gap,6,209,218.51126,768.26776,gap_score_smooth,0.8985482454299927,0.48754292726516724,15.82258133876374,0.6547767817974091,202.95868155308932,218.78126289185306,198,239,125.0,226.0,84.0,17.0,198,222,0.41100531816482544,0.591513991355896,24,0.48754292726516724,0.3070342540740967,0.39728859066963196
S_104,gap,7,226,203.3593,816.84937,gap_score_smooth,0.6528832912445068,0.06136929988861084,3.289678286986515,0.6221986413002014,224.48966998548914,227.77934827247566,222,239,209.0,,17.0,0.0,222,239,0.591513991355896,0.07871311157941818,17,0.06136929988861084,0.5741701796650887,0.31776973977684975
S_105,gap,1,18,215.39456,135.29707,gap_score_smooth,0.559684693813324,0.05991649627685547,12.21875327079628,0.5297264456748962,8.937480668110114,21.156233938906393,0,23,,34.0,0.0,16.0,16,23,0.556101381778717,0.4997681975364685,7,0.0035833120346069336,0.05991649627685547,0.0317499041557312
S_105,gap,2,34,245.89723,177.33891,gap_score_smooth,0.8524399995803833,0.07823890447616577,10.821836398271813,0.8133205473423004,29.861093228070693,40.682929626342506,0,47,18.0,65.0,16.0,31.0,23,47,0.4997681975364685,0.7742010951042175,24,0.3526718020439148,0.07823890447616577,0.21545535326004028
S_105,gap,3,65,269.07822,258.79498,gap_score_smooth,0.9622301459312439,0.8515433445572853,144.68383754570175,0.5364584736526012,24.776481323774902,169.46031886947665,0,239,34.0,99.0,31.0,34.0,47,80,0.7742010951042175,0.608010470867157,33,0.18802905082702637,0.3542196750640869,0.27112436294555664
S_105,gap,4,99,279.98087,348.13388,gap_score_smooth,0.8360108137130737,0.22800034284591675,24.13436511270578,0.7220106422901154,90.20834405972455,114.34270917243033,80,119,65.0,129.0,34.0,30.0,80,108,0.608010470867157,0.8050098419189453,28,0.22800034284591675,0.031000971794128418,0.12950065732002258
S_105,gap,5,129,259.83585,426.96234,gap_score_smooth,0.9073932766914368,0.27423447370529175,6.995149586355666,0.7702760398387909,126.1513142503805,133.14646383673616,119,139,99.0,147.0,30.0,18.0,119,139,0.5709254741668701,0.633158802986145,20,0.33646780252456665,0.27423447370529175,0.3053511381149292
S_105,gap,6,147,244.77217,474.2594,gap_score_smooth,0.9404721856117249,0.36954671144485474,8.096924184989064,0.7556988298892975,143.4902441812127,151.58716836620175,119,239,129.0,164.0,18.0,17.0,139,158,0.633158802986145,0.6522063612937927,19,0.30731338262557983,0.28826582431793213,0.297789603471756
S_105,gap,7,164,224.2791,518.9289,gap_score_smooth,0.8112753629684448,0.1590690016746521,5.011236369126834,0.7317408621311188,161.56042381495666,166.5716601840835,158,174,147.0,184.0,17.0,20.0,158,174,0.6522063612937927,0.42469948530197144,16,0.1590690016746521,0.3865758776664734,0.27282243967056274
S_105,gap,8,184,203.27971,571.4812,gap_score_smooth,0.81955486536026,0.3948553800582886,7.4921788325516445,0.6221271753311157,179.9743994439591,187.46657827651075,174,239,164.0,204.0,20.0,20.0,174,195,0.42469948530197144,0.35176166892051697,21,0.3948553800582886,0.46779319643974304,0.4313242882490158
S_105,gap,9,204,186.28326,624.03345,gap_score_smooth,0.7908132672309875,0.4390515983104706,8.75602894042504,0.5712874680757523,199.72990381144066,208.4859327518657,195,239,184.0,222.0,20.0,18.0,195,216,0.35176166892051697,0.5028167366981506,21,0.4390515983104706,0.2879965305328369,0.36352406442165375
S_105,gap,10,222,178.26375,671.33057,gap_score_smooth,0.7011064887046814,0.19828975200653076,6.508461970091446,0.601961612701416,219.33878133212357,225.84724330221502,216,239,204.0,,18.0,0.0,216,239,0.5028167366981506,0.07685095816850662,23,0.19828975200653076,0.6242555305361748,0.41127264127135277
S_106,gap,1,24,173.95825,157.04602,gap_score_smooth,0.7105460166931152,0.17530035972595215,7.603433064668192,0.6228958368301392,20.180443656823225,27.783876721491417,0,51,,45.0,0.0,21.0,18,29,0.5914019346237183,0.6060587763786316,11,0.11914408206939697,0.10448724031448364,0.11181566119194031
S_106,gap,2,45,164.8497,208.7113,gap_score_smooth,0.6002457141876221,0.0400351881980896,4.462458108945739,0.5802281200885773,42.58376713878995,47.04622524773569,41,51,24.0,68.0,21.0,23.0,41,51,0.5602105259895325,0.5352456569671631,10,0.0400351881980896,0.06500005722045898,0.05251762270927429
S_106,gap,3,68,133.71349,265.29706,gap_score_smooth,0.7424752116203308,0.13096481561660767,16.226253809851585,0.676992803812027,63.94354220721077,80.16979601706235,0,84,45.0,100.0,23.0,32.0,51,73,0.5352456569671631,0.712617039680481,22,0.20722955465316772,0.029858171939849854,0.11854386329650879
S_106,gap,4,100,103.97318,344.02512,gap_score_smooth,0.7622225880622864,0.16938018798828125,12.082348165481761,0.6775324940681458,94.07101033885257,106.15335850433434,0,125,68.0,151.0,32.0,51.0,84,108,0.6115103960037231,0.6560044288635254,24,0.15071219205856323,0.10621815919876099,0.1284651756286621
S_106,gap,5,151,182.11327,469.4979,gap_score_smooth,0.9862624406814575,0.8523173779249191,144.48360133233538,0.560103751718998,57.292772305909615,201.776373638245,0,239,100.0,180.0,51.0,29.0,145,158,0.9285476803779602,0.9030770659446716,13,0.057714760303497314,0.08318537473678589,0.0704500675201416
S_106,gap,6,180,230.72827,540.8452,gap_score_smooth,0.8379493951797485,0.19393563270568848,4.924658346137335,0.7409815788269043,177.39234689465036,182.3170052407877,174,239,151.0,198.0,29.0,18.0,174,192,0.6440137624740601,0.5854591131210327,18,0.19393563270568848,0.2524902820587158,0.22321295738220215
S_106,gap,7,198,231.11705,585.1297,gap_score_smooth,0.7521595358848572,0.16670042276382446,4.418742468917799,0.668809324502945,195.5024437659449,199.9211862348627,192,239,180.0,216.0,18.0,18.0,192,205,0.5854591131210327,0.5018330812454224,13,0.16670042276382446,0.2503264546394348,0.20851343870162964
S_106,gap,8,216,229.65703,629.41425,gap_score_smooth,0.7347257733345032,0.2328926920890808,7.106482579857413,0.6182794272899628,213.3545001359065,220.46098271576392,205,239,198.0,231.0,18.0,15.0,205,227,0.5018330812454224,0.5121798515319824,22,0.2328926920890808,0.22254592180252075,0.22771930694580078
S_106,gap,9,231,205.58556,666.318,gap_score_smooth,0.5855032205581665,0.07332336902618408,3.21821345935669,0.5488415360450745,229.284932817324,232.5031462766807,227,239,216.0,,15.0,0.0,227,239,0.5121798515319824,0.1339450627565384,12,0.07332336902618408,0.4515581578016281,0.2624407634139061
S_108,gap,1,15,278.37003,227.16318,gap_score_smooth,0.781257152557373,0.22250008583068848,10.514845057783823,0.6700071096420288,10.28822390166805,20.803068959451874,0,26,,62.0,0.0,47.0,0,26,0.11246151477098465,0.5587570667266846,26,0.6687956377863884,0.22250008583068848,0.44564786180853844
S_108,gap,2,62,182.51399,349.87448,gap_score_smooth,0.8833450675010681,0.08489882946014404,21.71121087710811,0.8408956527709961,44.680639107133935,66.39184998424204,0,70,15.0,84.0,47.0,22.0,58,70,0.860706090927124,0.7984462380409241,12,0.022638976573944092,0.08489882946014404,0.05376890301704407
S_108,gap,3,84,133.10135,407.3138,gap_score_smooth,0.9101474285125732,0.29480618238449097,51.53829381649788,0.7627443373203278,38.16930313778331,89.70759695428119,0,127,62.0,100.0,22.0,16.0,70,94,0.7984462380409241,0.648354709148407,24,0.11170119047164917,0.26179271936416626,0.18674695491790771
S_108,gap,4,100,107.03179,449.08786,gap_score_smooth,0.8045384883880615,0.1411060094833374,6.436689124163152,0.7339854836463928,97.1995790473308,103.63626817149395,94,109,84.0,115.0,16.0,15.0,94,109,0.648354709148407,0.6634324789047241,15,0.15618377923965454,0.1411060094833374,0.14864489436149597
S_108,gap,5,115,97.043274,488.25104,gap_score_smooth,0.8133753538131714,0.1650206446647644,4.6448764214676,0.7308650314807892,112.32823589194201,116.97311231340962,94,127,100.0,134.0,15.0,19.0,109,120,0.6634324789047241,0.6224828362464905,11,0.14994287490844727,0.1908925175666809,0.1704176962375641
S_108,gap,6,134,98.48438,537.8577,gap_score_smooth,0.962882399559021,0.8504208847880363,208.9317442854833,0.5376719571650028,6.883161980687106,215.8149062661704,0,239,115.0,152.0,19.0,18.0,127,141,0.6153412461280823,0.6919304132461548,14,0.3475411534309387,0.2709519863128662,0.30924656987190247
S_108,gap,7,152,109.93475,584.8536,gap_score_smooth,0.9300014972686768,0.23807108402252197,6.854886630821369,0.8109659552574158,148.36407157775827,155.21895820857964,141,239,134.0,171.0,18.0,19.0,141,161,0.6919304132461548,0.6227681636810303,20,0.23807108402252197,0.3072333335876465,0.27265220880508423
S_108,gap,8,171,137.17178,634.46027,gap_score_smooth,0.8736326098442078,0.2508644461631775,9.10308041374384,0.748200386762619,165.96843034092834,175.07151075467218,161,180,152.0,189.0,19.0,18.0,161,180,0.6227681636810303,0.59455806016922,19,0.2508644461631775,0.2790745496749878,0.26496949791908264
S_108,gap,9,189,162.63318,681.45605,gap_score_smooth,0.8823761343955994,0.2878180742263794,8.463631505416714,0.7384670972824097,185.1082187379215,193.57185024333822,180,239,171.0,209.0,18.0,20.0,180,199,0.59455806016922,0.5838218331336975,19,0.2878180742263794,0.29855430126190186,0.2931861877441406
S_108,gap,10,209,191.43314,733.67365,gap_score_smooth,0.8696441054344177,0.2858222723007202,8.784117743158419,0.7267329692840576,203.90982355763506,212.69394130079348,199,239,189.0,230.0,20.0,21.0,199,223,0.5838218331336975,0.3198477029800415,24,0.2858222723007202,0.5497964024543762,0.4178093373775482
S_108,gap,11,230,202.9233,788.5021,gap_score_smooth,0.6547622680664062,0.33491456508636475,6.2134853476451894,0.4873049855232239,226.7181220836111,232.93160743125628,223,239,209.0,,21.0,0.0,223,239,0.3198477029800415,0.0747494325041771,16,0.33491456508636475,0.5800128355622292,0.45746370032429695
S_109,gap,1,11,177.79604,140.14644,gap_score_smooth,0.4937180280685425,0.03807646036148071,4.857818293316093,0.4746797978878021,8.884143554023735,13.741961847339828,0,16,,64.0,0.0,53.0,0,16,0.11556115001440048,0.45564156770706177,16,0.378156878054142,0.03807646036148071,0.20811666920781136
S_109,gap,2,64,162.63257,285.3975,gap_score_smooth,0.8343337774276733,0.3682202100753784,32.445522584928874,0.6502236723899841,43.69320670053609,76.13872928546496,0,91,11.0,86.0,53.0,22.0,37,81,0.5242856740951538,0.5728284120559692,44,0.31004810333251953,0.2615053653717041,0.2857767343521118
S_109,gap,3,86,129.00775,345.69037,gap_score_smooth,0.6205726265907288,0.04774421453475952,3.4589867289032696,0.596700519323349,83.57135627530364,87.03034300420691,81,91,64.0,101.0,22.0,15.0,81,91,0.5728284120559692,0.4661135673522949,10,0.04774421453475952,0.15445905923843384,0.10110163688659668
S_109,gap,4,101,121.66862,386.79916,gap_score_smooth,0.6829889416694641,0.08961248397827148,4.204201150490974,0.6381826996803284,99.47397319939208,103.67817434988305,91,110,86.0,116.0,15.0,15.0,91,110,0.4661135673522949,0.5933764576911926,19,0.2168753743171692,0.08961248397827148,0.15324392914772034
S_109,gap,5,116,125.447,427.90796,gap_score_smooth,0.702362060546875,0.21565154194831848,7.73836045045492,0.5945362895727158,110.956909269732,118.69526972018691,91,122,101.0,143.0,15.0,27.0,110,122,0.5933764576911926,0.4867105185985565,12,0.10898560285568237,0.21565154194831848,0.16231857240200043
S_109,gap,6,143,165.8195,501.90378,gap_score_smooth,0.8461698889732361,0.24718999862670898,7.958644478643379,0.7225748896598816,138.68623024018507,146.64487471882845,0,150,116.0,157.0,27.0,14.0,136,150,0.6682392358779907,0.5989798903465271,14,0.17793065309524536,0.24718999862670898,0.21256032586097717
S_109,gap,7,157,197.6279,540.272,gap_score_smooth,0.9149343967437744,0.7993732467293739,65.8988960392436,0.5152477733790874,125.05082591082032,190.94972195006392,0,239,143.0,172.0,14.0,15.0,150,164,0.5989798903465271,0.6441628932952881,14,0.3159545063972473,0.27077150344848633,0.2933630049228668
S_109,gap,8,172,235.53201,581.38074,gap_score_smooth,0.913716197013855,0.2695533037185669,7.017233182996591,0.7789395451545715,167.94062979142876,174.95786297442535,164,239,157.0,205.0,15.0,33.0,164,179,0.6441628932952881,0.5952828526496887,15,0.2695533037185669,0.31843334436416626,0.2939933240413666
S_109,gap,9,205,296.1804,671.82007,gap_score_smooth,0.8585293292999268,0.5687295198440552,8.61252833460739,0.5741645693778992,200.57315349611122,209.1856818307186,197,239,172.0,227.0,33.0,22.0,197,214,0.2897998094558716,0.26205477118492126,17,0.5687295198440552,0.5964745581150055,0.5826020389795303
S_109,gap,10,227,287.74338,732.113,gap_score_smooth,0.6852158308029175,0.4231610596179962,8.771196504104722,0.4736353009939194,222.78923278221924,231.56042928632397,214,239,205.0,,22.0,0.0,214,239,0.26205477118492126,0.056304931640625,25,0.4231610596179962,0.6289108991622925,0.5260359793901443
S_110,gap,1,9,392.2007,131.5523,gap_score_smooth,0.7749229073524475,0.5456167459487915,41.26598426987019,0.5021145343780518,3.624875232733899,44.89085950260409,0,57,,39.0,0.0,30.0,0,22,0.18215520679950714,0.6847516298294067,22,0.5927677005529404,0.09017127752304077,0.34146948903799057
S_110,gap,2,39,389.88287,243.39331,gap_score_smooth,0.7233821153640747,0.15302503108978271,5.969907817319445,0.6468695998191833,35.12978346142443,41.099691278743876,31,57,9.0,63.0,30.0,24.0,31,45,0.570357084274292,0.5016923546791077,14,0.15302503108978271,0.22168976068496704,0.18735739588737488
S_110,gap,3,63,440.8103,332.86612,gap_score_smooth,0.7694505453109741,0.5170929431915283,6.337211698147769,0.51090407371521,60.36999678345559,66.70720848160336,57,70,39.0,91.0,24.0,28.0,57,70,0.229306161403656,0.2523576021194458,13,0.5401443839073181,0.5170929431915283,0.5286186635494232
S_110,gap,4,91,494.81116,437.25104,gap_score_smooth,0.9169409871101379,0.6894890367984772,36.741701191519496,0.5721964687108994,73.6200039847057,110.3617051762252,0,115,63.0,107.0,28.0,16.0,86,100,0.8528316020965576,0.6111308336257935,14,0.06410938501358032,0.3058101534843445,0.1849597692489624
S_110,gap,5,107,505.35944,496.89957,gap_score_smooth,0.9082358479499817,0.29710501432418823,5.144289113366597,0.7596833407878876,103.86889902037927,109.01318813374587,100,115,91.0,125.0,16.0,18.0,100,115,0.6111308336257935,0.22745195031166077,15,0.29710501432418823,0.6807838976383209,0.4889444559812546
S_110,gap,6,125,495.177,564.0042,gap_score_smooth,0.9904270172119141,0.8082718104124069,11.916147209466445,0.5862911120057106,119.70235028482612,131.61849749429257,0,239,107.0,144.0,18.0,19.0,115,134,0.22745195031166077,0.39364153146743774,19,0.7629750669002533,0.5967854857444763,0.6798802763223648
S_110,gap,7,144,461.83566,634.8368,gap_score_smooth,0.9452705979347229,0.5516290664672852,9.786621099818575,0.6694560647010803,138.55846946693993,148.3450905667585,134,239,125.0,160.0,19.0,16.0,134,152,0.39364153146743774,0.17645728588104248,18,0.5516290664672852,0.7688133120536804,0.6602211892604828
S_110,gap,8,160,400.811,694.48535,gap_score_smooth,0.9326378703117371,0.7561805844306946,11.992352754629877,0.5545475780963898,155.53486307447267,167.52721582910254,152,239,144.0,180.0,16.0,20.0,152,171,0.17645728588104248,0.1815868318080902,19,0.7561805844306946,0.7510510385036469,0.7536158114671707
S_110,gap,9,180,360.63068,769.046,gap_score_smooth,0.8418017625808716,0.6602149307727814,14.421019309397877,0.5116942971944809,175.0873120914412,189.50833140083907,171,239,160.0,205.0,20.0,25.0,171,194,0.1815868318080902,0.15018408000469208,23,0.6602149307727814,0.6916176825761795,0.6759163066744804
S_110,gap,10,205,320.3857,862.2469,gap_score_smooth,0.83516925573349,0.6849851757287979,13.958071670393224,0.49267666786909103,197.7895968951029,211.74766856549613,194,239,180.0,227.0,25.0,22.0,194,217,0.15018408000469208,0.11381103098392487,23,0.6849851757287979,0.7213582247495651,0.7031717002391815
S_110,gap,11,227,310.6674,944.2636,gap_score_smooth,0.7273233532905579,0.613512322306633,12.449175392722537,0.42056719213724136,221.33785048038175,233.78702587310428,217,239,205.0,,22.0,0.0,217,239,0.11381103098392487,0.07956783473491669,22,0.613512322306633,0.6477555185556412,0.6306339204311371
S_111,gap,1,10,192.40866,161.05858,gap_score_smooth,0.6663364768028259,0.06640583276748657,3.853832989337766,0.6331335604190826,7.900559292346493,11.75439228168426,0,14,,30.0,0.0,20.0,0,14,0.08713731169700623,0.5999306440353394,14,0.5791991651058197,0.06640583276748657,0.32280249893665314
S_111,gap,2,30,179.81758,209.17574,gap_score_smooth,0.7179213166236877,0.17791670560836792,12.961999335692749,0.6289629638195038,24.24742765606157,37.20942699175432,0,49,10.0,60.0,20.0,30.0,22,49,0.6041347980499268,0.5400046110153198,27,0.11378651857376099,0.17791670560836792,0.14585161209106445
S_111,gap,3,60,138.77707,281.35147,gap_score_smooth,0.7385157942771912,0.1533653736114502,7.2139411328854735,0.6618331074714661,55.5248668675454,62.73880800043087,0,66,30.0,83.0,30.0,23.0,49,66,0.5400046110153198,0.585150420665741,17,0.19851118326187134,0.1533653736114502,0.17593827843666077
S_111,gap,4,83,129.18767,336.6862,gap_score_smooth,0.884488046169281,0.2315933108329773,8.78211922488093,0.7686913907527924,78.74547106426255,87.52759028914348,0,91,60.0,109.0,23.0,26.0,74,91,0.602297842502594,0.6528947353363037,17,0.282190203666687,0.2315933108329773,0.25689175724983215
S_111,gap,5,109,138.59627,399.2385,gap_score_smooth,0.9850783348083496,0.8979410231113434,139.12517157354011,0.5361078232526779,6.466620001921839,145.59179157546194,0,239,83.0,126.0,26.0,17.0,91,119,0.6528947353363037,0.8816007971763611,28,0.3321835994720459,0.10347753763198853,0.2178305685520172
S_111,gap,6,126,161.90128,440.13806,gap_score_smooth,0.9493683576583862,0.06776756048202515,4.8278770558128485,0.9154845774173737,123.42843684522,128.25631390103285,119,239,109.0,158.0,17.0,32.0,119,133,0.8816007971763611,0.8642968535423279,14,0.06776756048202515,0.08507150411605835,0.07641953229904175
S_111,gap,7,158,193.1078,517.12555,gap_score_smooth,0.8373578190803528,0.3885279893875122,10.493283274235807,0.6430938243865967,154.43081181584435,164.92409509008016,150,239,126.0,175.0,32.0,17.0,150,169,0.4488298296928406,0.6152459383010864,19,0.3885279893875122,0.22211188077926636,0.3053199350833893
S_111,gap,8,175,202.89862,558.0251,gap_score_smooth,0.796414852142334,0.18116891384124756,4.586347005955076,0.7058303952217102,172.73880761864476,177.32515462459983,169,202,158.0,193.0,17.0,18.0,169,182,0.6152459383010864,0.565011203289032,13,0.18116891384124756,0.231403648853302,0.20628628134727478
S_111,gap,9,193,206.13107,601.33057,gap_score_smooth,0.7518331408500671,0.18682193756103516,4.317058341800987,0.6584221720695496,190.94202737123754,195.25908571303853,182,202,175.0,213.0,18.0,20.0,187,202,0.5686824917793274,0.39678454399108887,15,0.18315064907073975,0.35504859685897827,0.269099622964859
S_111,gap,10,213,201.11488,649.4477,gap_score_smooth,0.8268588185310364,0.4300742745399475,6.155283798951331,0.6118216812610626,210.07223955619762,216.22752335514895,202,239,193.0,232.0,20.0,19.0,202,227,0.39678454399108887,0.28976473212242126,25,0.4300742745399475,0.5370940864086151,0.4835841804742813
S_111,gap,11,232,194.48592,695.159,gap_score_smooth,0.42247864603996277,0.1327139139175415,4.081106816611225,0.356121689081192,229.96009772348694,234.04120454009816,227,239,213.0,,19.0,0.0,227,239,0.28976473212242126,0.07203526794910431,12,0.1327139139175415,0.35044337809085846,0.24157864600419998
S_113,gap,1,15,232.42375,140.45607,gap_score_smooth,0.5820227265357971,0.05368679761886597,3.5534797239471203,0.5551793277263641,13.5530813435054,17.10656106745252,0,21,,46.0,0.0,31.0,0,21,0.07790710777044296,0.5283359289169312,21,0.5041156187653542,0.05368679761886597,0.27890120819211006
S_113,gap,2,46,238.1175,242.66527,gap_score_smooth,0.8638550043106079,0.49652835726737976,25.42978465505759,0.615590825676918,25.426900389967457,50.856685045025046,0,83,15.0,61.0,31.0,15.0,32,54,0.6572670936584473,0.5287547707557678,22,0.20658791065216064,0.3351002335548401,0.27084407210350037
S_113,gap,3,61,221.22797,292.12134,gap_score_smooth,0.7001441717147827,0.1713894009590149,4.625492643939566,0.6144494712352753,57.99745349867139,62.62294614261096,54,83,46.0,89.0,15.0,28.0,54,68,0.5287547707557678,0.38531285524368286,14,0.1713894009590149,0.31483131647109985,0.24311035871505737
S_113,gap,4,89,202.34238,384.43933,gap_score_smooth,0.6842666864395142,0.3083457052707672,4.892852655853986,0.5300938338041306,86.23162781275691,91.1244804686109,83,95,61.0,104.0,28.0,15.0,83,95,0.36732664704322815,0.37592098116874695,12,0.316940039396286,0.3083457052707672,0.3126428723335266
S_113,gap,5,104,208.33954,433.8954,gap_score_smooth,0.8168237209320068,0.4043790400028229,5.592167366755902,0.6146342009305954,101.18564703038655,106.77781439714245,83,111,89.0,120.0,15.0,16.0,95,111,0.37592098116874695,0.41244468092918396,16,0.4409027397632599,0.4043790400028229,0.4226408898830414
S_113,gap,6,120,224.53934,486.64853,gap_score_smooth,0.9043920040130615,0.5433107316493988,7.829627719032899,0.6327366381883621,116.10549520005013,123.93512291908303,0,129,104.0,137.0,16.0,17.0,111,129,0.41244468092918396,0.3610812723636627,18,0.49194732308387756,0.5433107316493988,0.5176290273666382
S_113,gap,7,137,246.15439,542.6987,gap_score_smooth,0.9630327224731445,0.8851256147027016,11.332098922300247,0.5204699151217937,131.70239865987685,143.0344975821771,0,203,120.0,156.0,17.0,19.0,129,147,0.3610812723636627,0.3975875973701477,18,0.6019514501094818,0.5654451251029968,0.5836982876062393
S_113,gap,8,156,260.57263,605.3431,gap_score_smooth,0.9109437465667725,0.5133561491966248,26.8928727817503,0.6542656719684601,151.17812566263675,178.07099844438704,147,203,137.0,193.0,19.0,37.0,147,159,0.3975875973701477,0.9027252197265625,12,0.5133561491966248,0.008218526840209961,0.26078733801841736
S_113,gap,9,193,231.97571,727.3347,gap_score_smooth,0.8313517570495605,0.5212091505527496,9.02492534811455,0.5707471817731857,188.84664591632978,197.87157126444433,185,203,156.0,213.0,37.0,20.0,185,203,0.3101426064968109,0.07205641269683838,18,0.5212091505527496,0.7592953443527222,0.6402522474527359
S_113,gap,10,213,200.88435,793.2761,gap_score_smooth,0.8264509439468384,0.7085706070065498,11.048431995821915,0.47216564044356346,207.97176015837556,219.02019215419747,203,239,193.0,231.0,20.0,18.0,203,224,0.07205641269683838,0.3102930784225464,21,0.75439453125,0.516157865524292,0.635276198387146
S_113,gap,11,231,188.2959,852.6234,gap_score_smooth,0.6922838091850281,0.3819907307624817,6.678815408902977,0.5012884438037872,227.83188295130097,234.51069836020395,224,239,213.0,,18.0,0.0,224,239,0.3102930784225464,0.11788033694028854,15,0.3819907307624817,0.5744034722447395,0.4781971015036106
S_114,gap,1,62,193.4908,244.40167,gap_score_smooth,0.9467823505401611,0.2735649347305298,32.23924716472851,0.8099998831748962,34.89333871026872,67.13258587499723,0,114,,92.0,0.0,30.0,50,72,0.9134199619293213,0.6939553618431091,22,0.033362388610839844,0.252826988697052,0.14309468865394592
S_114,gap,2,92,139.01064,329.75732,gap_score_smooth,0.9183919429779053,0.22443658113479614,7.968656682983408,0.8061736524105072,87.11667660956415,95.08533329254756,72,114,62.0,108.0,30.0,16.0,84,103,0.7681741714477539,0.71328204870224,19,0.15021777153015137,0.20510989427566528,0.17766383290290833
S_114,gap,3,108,140.73631,375.28033,gap_score_smooth,0.8483346104621887,0.13505256175994873,4.412012219249007,0.7808083295822144,106.0598080574017,110.4718202766507,103,114,92.0,125.0,16.0,17.0,103,114,0.71328204870224,0.6732174158096313,11,0.13505256175994873,0.17511719465255737,0.15508487820625305
S_114,gap,4,125,153.73181,423.64853,gap_score_smooth,0.9482586979866028,0.732869103550911,109.28686767714886,0.5818241462111473,21.014817677252193,130.30168535440106,0,239,108.0,143.0,17.0,18.0,114,134,0.6732174158096313,0.4474107325077057,20,0.27504128217697144,0.5008479654788971,0.38794462382793427
S_114,gap,5,143,176.37866,474.86194,gap_score_smooth,0.9245577454566956,0.47714701294898987,8.568250150078455,0.6859842389822006,138.8359781335563,147.40422828363475,134,153,125.0,163.0,18.0,20.0,134,153,0.4474107325077057,0.29830992221832275,19,0.47714701294898987,0.6262478232383728,0.5516974180936813
S_114,gap,6,163,205.09715,531.7657,gap_score_smooth,0.9317812919616699,0.4246705174446106,10.108584378198685,0.7194460332393646,158.0283540839129,168.13693846211157,153,173,143.0,183.0,20.0,20.0,153,173,0.29830992221832275,0.5071107745170593,20,0.6334713697433472,0.4246705174446106,0.5290709435939789
S_114,gap,7,183,234.97536,588.66943,gap_score_smooth,0.9367344379425049,0.6384245157241821,13.3983487273334,0.6175221800804138,176.08710781563127,189.48545654296467,153,239,163.0,204.0,20.0,21.0,173,194,0.5071107745170593,0.45973876118659973,21,0.42962366342544556,0.47699567675590515,0.45330967009067535
S_114,gap,8,204,255.61394,648.4184,gap_score_smooth,0.8853687644004822,0.42563000321388245,11.194164906508092,0.672553762793541,198.64538043913134,209.83954534563944,194,239,183.0,228.0,21.0,24.0,194,219,0.45973876118659973,0.3026125431060791,25,0.42563000321388245,0.5827562212944031,0.5041931122541428
S_114,gap,9,228,269.39374,716.70294,gap_score_smooth,0.7335065007209778,0.4308939576148987,11.6045995335964,0.5180595219135284,222.72093550630424,234.32553503990064,219,239,204.0,,24.0,0.0,219,239,0.3026125431060791,0.21538959443569183,20,0.4308939576148987,0.518116906285286,0.4745054319500923
S_115,gap,1,15,151.83203,237.46443,gap_score_smooth,0.43518927693367004,0.10285472869873047,5.275080513126069,0.3837619125843048,12.56219445092096,17.83727496404703,0,20,,37.0,0.0,22.0,10,20,0.3300430476665497,0.3323345482349396,10,0.10514622926712036,0.10285472869873047,0.10400047898292542
S_115,gap,2,37,146.51137,290.94562,gap_score_smooth,0.8799865245819092,0.24242699146270752,33.839883161665334,0.7587730288505554,33.25161421686342,67.09149737852876,0,72,15.0,63.0,22.0,26.0,20,48,0.3323345482349396,0.7945646643638611,28,0.5476519763469696,0.0854218602180481,0.31653691828250885
S_115,gap,3,63,118.49013,354.15063,gap_score_smooth,0.8563554883003235,0.0617908239364624,4.616624311399853,0.8254600763320923,60.62610136609813,65.24272567749799,48,72,37.0,122.0,26.0,59.0,58,72,0.8065276741981506,0.6375595331192017,14,0.04982781410217285,0.21879595518112183,0.13431188464164734
S_115,gap,4,122,83.643326,497.5774,gap_score_smooth,0.9007052183151245,0.25027644634246826,27.077786395333888,0.7755669951438904,99.28901509365843,126.36680148899232,0,131,63.0,150.0,59.0,28.0,115,131,0.8360264897346497,0.6504287719726562,16,0.06467872858047485,0.25027644634246826,0.15747758746147156
S_115,gap,5,150,126.197266,565.64435,gap_score_smooth,0.9667961001396179,0.8808428645133972,164.31800244549743,0.5263746678829193,24.1446182581398,188.4626207036372,0,239,122.0,180.0,28.0,30.0,146,161,0.9175675511360168,0.7646589875221252,15,0.049228549003601074,0.20213711261749268,0.12568283081054688
S_115,gap,6,180,175.429,638.57324,gap_score_smooth,0.7390310764312744,0.14787721633911133,5.519011860826453,0.6650924682617188,177.27204464437906,182.79105650520552,174,239,150.0,197.0,30.0,17.0,174,191,0.5911538600921631,0.496857613325119,17,0.14787721633911133,0.2421734631061554,0.19502533972263336
S_115,gap,7,197,190.9058,679.8996,gap_score_smooth,0.6755215525627136,0.1786639392375946,4.860818212791486,0.5861895829439163,194.0109231247653,198.87174133755678,191,239,180.0,215.0,17.0,18.0,191,203,0.496857613325119,0.4337192475795746,12,0.1786639392375946,0.24180230498313904,0.21023312211036682
S_115,gap,8,215,196.35538,723.6569,gap_score_smooth,0.5925422310829163,0.21263331174850464,6.529224466841271,0.48622557520866394,212.43142185196092,218.9606463188022,209,239,197.0,231.0,18.0,16.0,209,227,0.3799089193344116,0.4197145998477936,18,0.21263331174850464,0.17282763123512268,0.19273047149181366
S_115,gap,9,231,190.63625,762.5523,gap_score_smooth,0.5054579973220825,0.08574339747428894,3.5217010693410487,0.46258629858493805,229.47335700254692,232.99505807188797,227,239,215.0,,16.0,0.0,227,239,0.4197145998477936,0.0859532356262207,12,0.08574339747428894,0.4195047616958618,0.2526240795850754
S_118,gap,1,10,193.45213,197.15482,gap_score_smooth,0.736452043056488,0.16922062635421753,10.199816066787609,0.6518417298793793,6.745297798980587,16.945113865768196,0,36,,68.0,0.0,58.0,0,19,0.13615164160728455,0.6380079984664917,19,0.6003004014492035,0.09844404458999634,0.3493722230195999
S_118,gap,2,68,113.1213,354.6527,gap_score_smooth,0.930417537689209,0.4047659635543823,19.197568527080996,0.7280345559120178,55.27403744473427,74.47160597181526,0,107,10.0,83.0,58.0,15.0,64,77,0.9160906672477722,0.6461538076400757,13,0.014326870441436768,0.2842637300491333,0.14929530024528503
S_118,gap,3,83,99.79853,395.38495,gap_score_smooth,0.7082428336143494,0.06208902597427368,4.8131618603623565,0.6771983206272125,80.25652328694471,85.06968514730707,77,107,68.0,102.0,15.0,19.0,77,90,0.6461538076400757,0.5265659093856812,13,0.06208902597427368,0.1816769242286682,0.12188297510147095
S_118,gap,4,102,105.705956,446.97906,gap_score_smooth,0.6500197052955627,0.12345379590988159,5.26786547603497,0.588292807340622,98.9124158133158,104.18028128935077,90,107,83.0,123.0,19.0,21.0,97,107,0.5722686648368835,0.5256515741348267,10,0.0777510404586792,0.12436813116073608,0.10105958580970764
S_118,gap,5,123,146.5547,504.00418,gap_score_smooth,0.8615641593933105,0.22934174537658691,13.104879379612555,0.7468932867050171,113.5039373181689,126.60881669778145,107,130,102.0,138.0,21.0,15.0,118,130,0.7535401582717896,0.6322224140167236,12,0.108024001121521,0.22934174537658691,0.16868287324905396
S_118,gap,6,138,195.36987,544.7364,gap_score_smooth,0.9699253439903259,0.8337737023830414,56.63070336853474,0.5530384927988052,109.1142773311065,165.74498069964125,0,239,123.0,161.0,15.0,23.0,130,141,0.6322224140167236,0.9379598498344421,11,0.3377029299736023,0.03196549415588379,0.18483421206474304
S_118,gap,7,161,251.95818,607.19244,gap_score_smooth,0.8670405745506287,0.24050599336624146,5.6358971544063365,0.7467875778675079,157.65694077355113,163.29283792795746,154,173,138.0,181.0,23.0,20.0,154,173,0.6265345811843872,0.36610284447669983,19,0.24050599336624146,0.5009377300739288,0.37072186172008514
S_118,gap,8,181,263.36255,661.5021,gap_score_smooth,0.9295717477798462,0.5634689033031464,7.781230822779918,0.647837296128273,176.98518804569662,184.76641886847653,173,239,161.0,203.0,20.0,22.0,173,189,0.36610284447669983,0.33052632212638855,16,0.5634689033031464,0.5990454256534576,0.581257164478302
S_118,gap,9,203,247.75983,721.2427,gap_score_smooth,0.8772051334381104,0.5466788113117218,11.496801686089952,0.6038657277822495,196.5036587583782,208.00046044446816,189,239,181.0,221.0,22.0,18.0,189,213,0.33052632212638855,0.3323522210121155,24,0.5466788113117218,0.5448529124259949,0.5457658618688583
S_118,gap,10,221,211.30649,770.12134,gap_score_smooth,0.7570545077323914,0.4247022867202759,14.903291419225354,0.5447033643722534,216.6407670659608,231.54405848518616,213,239,203.0,,18.0,0.0,213,239,0.3323522210121155,0.0760495737195015,26,0.4247022867202759,0.6810049340128899,0.5528536103665829
S_119,gap,1,29,214.32323,156.33055,gap_score_smooth,0.8085740208625793,0.24636077880859375,23.701143499957094,0.6853936314582825,11.566026824148434,35.26717032410553,0,39,,48.0,0.0,19.0,19,39,0.7388207912445068,0.5622132420539856,20,0.06975322961807251,0.24636077880859375,0.15805700421333313
S_119,gap,2,48,196.4754,211.58159,gap_score_smooth,0.6884739398956299,0.04323124885559082,4.8300190670765915,0.6668583154678345,45.91855716937977,50.74857623645636,39,54,29.0,62.0,19.0,14.0,39,54,0.5622132420539856,0.6452426910400391,15,0.1262606978416443,0.04323124885559082,0.08474597334861755
S_119,gap,3,62,181.56941,252.2929,gap_score_smooth,0.8097084760665894,0.25386953353881836,18.19174985620318,0.6827737092971802,56.351047560647025,74.5427974168502,0,107,48.0,97.0,14.0,35.0,54,80,0.6452426910400391,0.6063711047172546,26,0.1644657850265503,0.20333737134933472,0.1839015781879425
S_119,gap,4,97,140.28574,354.07114,gap_score_smooth,0.7314572334289551,0.15072017908096313,4.49784492791008,0.6560971438884735,95.23198953589814,99.72983446380822,92,107,62.0,113.0,35.0,16.0,92,107,0.5807370543479919,0.555838942527771,15,0.15072017908096313,0.17561829090118408,0.1631692349910736
S_119,gap,5,113,137.87329,400.59833,gap_score_smooth,0.752929151058197,0.1499221920967102,4.183276664583374,0.6779680550098419,110.58437117371766,114.76764783830103,107,118,97.0,128.0,16.0,15.0,107,118,0.555838942527771,0.6030069589614868,11,0.19709020853042603,0.1499221920967102,0.17350620031356812
S_119,gap,6,128,142.60583,444.21756,gap_score_smooth,0.8842499852180481,0.2584514617919922,5.426422078312285,0.755024254322052,125.37511967946467,130.80154175777696,0,134,113.0,152.0,15.0,24.0,118,134,0.6030069589614868,0.6257985234260559,16,0.2812430262565613,0.2584514617919922,0.26984724402427673
S_119,gap,7,152,171.36063,514.00836,gap_score_smooth,0.9927598237991333,0.8685963004827499,78.6157006904137,0.5584616735577583,107.32350935558578,185.9392100459995,0,239,128.0,179.0,24.0,27.0,134,171,0.6257985234260559,0.5610044002532959,37,0.3669613003730774,0.4317554235458374,0.3993583619594574
S_119,gap,8,179,209.7998,592.523,gap_score_smooth,0.8523520231246948,0.2913476228713989,8.245497930431497,0.7066782116889954,174.66866123964775,182.91415917007924,171,239,152.0,197.0,27.0,18.0,171,190,0.5610044002532959,0.48732292652130127,19,0.2913476228713989,0.36502909660339355,0.32818835973739624
S_119,gap,9,197,232.25923,644.8661,gap_score_smooth,0.8150159120559692,0.32769298553466797,7.544821095252303,0.6511694192886353,193.44098404075933,200.98580513601163,190,239,179.0,216.0,18.0,19.0,190,210,0.48732292652130127,0.290720134973526,20,0.32769298553466797,0.5242957770824432,0.4259943813085556
S_119,gap,10,216,238.3664,700.1171,gap_score_smooth,0.633112907409668,0.34239277243614197,6.302269744711282,0.461916521191597,213.4984972501014,219.80076699481268,210,239,197.0,232.0,19.0,16.0,210,222,0.290720134973526,0.40458056330680847,12,0.34239277243614197,0.2285323441028595,0.28546255826950073
S_119,gap,11,232,236.82024,746.64435,gap_score_smooth,0.537455141544342,0.13287457823753357,3.879638167250789,0.47101785242557526,230.07418751150124,233.95382567875203,222,239,216.0,,16.0,0.0,227,239,0.41046756505966187,0.12416352331638336,12,0.12698757648468018,0.4132916182279587,0.2701395973563194
S_120,gap,1,32,222.74844,217.30544,gap_score_smooth,0.7561465501785278,0.2317185401916504,32.56964347020272,0.6402872800827026,13.967796466125332,46.537439936328056,0,79,,57.0,0.0,25.0,27,40,0.7340829372406006,0.654557466506958,13,0.022063612937927246,0.10158908367156982,0.061826348304748535
S_120,gap,2,57,208.6944,287.07532,gap_score_smooth,0.6169036626815796,0.05708670616149902,6.519726023414513,0.5883603096008301,53.272740913387715,59.79246693680223,50,63,32.0,73.0,25.0,16.0,50,63,0.5565768480300903,0.5598169565200806,13,0.06032681465148926,0.05708670616149902,0.05870676040649414
S_120,gap,3,73,195.11185,331.72803,gap_score_smooth,0.6581076383590698,0.10153079032897949,4.788369073163196,0.6073422431945801,70.40329717932403,75.19166625248722,50,79,57.0,93.0,16.0,20.0,68,79,0.5675327181816101,0.5244280099868774,11,0.09057492017745972,0.13367962837219238,0.11212727427482605
S_120,gap,4,93,163.60457,387.54395,gap_score_smooth,0.9314268231391907,0.40878450870513916,19.531014024529114,0.7270345687866211,84.30957750335423,103.84059152788335,0,127,73.0,120.0,20.0,27.0,79,104,0.5244280099868774,0.7263470888137817,25,0.40699881315231323,0.20507973432540894,0.3060392737388611
S_120,gap,5,120,137.78906,462.8954,gap_score_smooth,0.8170310258865356,0.0906839370727539,14.824782092916365,0.7716890573501587,106.8715173585063,121.69629945142266,104,127,93.0,146.0,27.0,26.0,116,127,0.7820937633514404,0.5226423144340515,11,0.034937262535095215,0.29438871145248413,0.16466298699378967
S_120,gap,6,146,155.89313,535.45605,gap_score_smooth,0.9882078766822815,0.8886818289756775,25.72687574604018,0.5438669621944427,128.34186179869,154.06873754473017,0,239,120.0,177.0,26.0,31.0,127,157,0.5226423144340515,0.446051687002182,30,0.46556556224823,0.5421561896800995,0.5038608759641647
S_120,gap,7,177,213.15063,621.9707,gap_score_smooth,0.8397662043571472,0.3937145173549652,8.85051000025237,0.6429089456796646,171.73983632743386,180.59034632768623,157,239,146.0,193.0,31.0,16.0,169,186,0.6001259684562683,0.42525285482406616,17,0.2396402359008789,0.41451334953308105,0.32707679271698
S_120,gap,8,193,235.42943,666.6234,gap_score_smooth,0.786838948726654,0.3615860939025879,6.279438184007319,0.6060459017753601,189.96704062628032,196.24647881028764,186,204,177.0,212.0,16.0,19.0,186,204,0.42525285482406616,0.2578917443752289,18,0.3615860939025879,0.5289472043514252,0.44526664912700653
S_120,gap,9,212,250.40128,719.64856,gap_score_smooth,0.7882062792778015,0.5303145349025726,7.699822342970975,0.5230490118265152,208.72839898579147,216.42822132876245,204,239,193.0,230.0,19.0,18.0,204,225,0.2578917443752289,0.37399253249168396,21,0.5303145349025726,0.41421374678611755,0.4722641408443451
S_120,gap,10,230,255.29794,769.8829,gap_score_smooth,0.590409517288208,0.21641698479652405,4.7036096728394625,0.482201024889946,227.85504360387247,232.55865327671194,225,239,212.0,,18.0,0.0,225,239,0.37399253249168396,0.06244394928216934,14,0.21641698479652405,0.5279655680060387,0.37219127640128136
S_121,gap,1,15,155.94699,104.60251,gap_score_smooth,0.6204373836517334,0.14862072467803955,7.1935047439771544,0.5461270213127136,11.572750547979073,18.766255291956227,0,34,,68.0,0.0,53.0,0,22,0.07003771513700485,0.4774220883846283,22,0.5503996685147285,0.1430152952671051,0.3467074818909168
S_121,gap,2,68,75.57112,244.53139,gap_score_smooth,0.9075399041175842,0.24833178520202637,14.068485087211435,0.783374011516571,63.09167117617461,77.16015626338604,0,114,15.0,105.0,53.0,37.0,54,81,0.6987829804420471,0.6806159019470215,27,0.2087569236755371,0.22692400217056274,0.21784046292304993
S_121,gap,3,105,90.32798,342.21756,gap_score_smooth,0.8970710635185242,0.21645516157150269,21.006419819646013,0.7888434827327728,88.54815569019614,109.55457550984215,81,114,68.0,122.0,37.0,17.0,97,114,0.857507050037384,0.6592081189155579,17,0.03956401348114014,0.2378629446029663,0.13871347904205322
S_121,gap,4,122,111.616554,387.10043,gap_score_smooth,0.8702785968780518,0.16914021968841553,6.544361948682351,0.785708487033844,118.88884347617167,125.43320542485402,114,129,105.0,138.0,17.0,16.0,114,129,0.6592081189155579,0.7011383771896362,15,0.2110704779624939,0.16914021968841553,0.1901053488254547
S_121,gap,5,138,146.25793,429.3431,gap_score_smooth,0.9610946178436279,0.06517261266708374,4.913821900393259,0.9285083115100861,135.75950726189754,140.6733291622908,0,143,122.0,152.0,16.0,14.0,129,143,0.7011383771896362,0.8959220051765442,14,0.2599562406539917,0.06517261266708374,0.16256442666053772
S_121,gap,6,152,174.38702,466.30545,gap_score_smooth,0.9933251738548279,0.8884793817996979,137.15484766341905,0.5490854829549789,39.33006511281525,176.4849127762343,0,239,138.0,166.0,14.0,14.0,143,160,0.8959220051765442,0.7880633473396301,17,0.09740316867828369,0.20526182651519775,0.15133249759674072
S_121,gap,7,166,202.99289,503.2678,gap_score_smooth,0.8894574642181396,0.10139411687850952,5.655463522307485,0.8387604057788849,163.08225412274737,168.73771764505486,160,239,152.0,187.0,14.0,21.0,160,179,0.7880633473396301,0.4829985201358795,19,0.10139411687850952,0.40645894408226013,0.2539265304803848
S_121,gap,8,187,228.15793,558.7113,gap_score_smooth,0.8881589770317078,0.40516045689582825,8.363903999941385,0.6855787485837936,182.52456088314332,190.8884648830847,179,239,166.0,209.0,21.0,22.0,179,201,0.4829985201358795,0.40312525629997253,22,0.40516045689582825,0.48503372073173523,0.44509708881378174
S_121,gap,9,209,239.92505,616.795,gap_score_smooth,0.8503830432891846,0.44725778698921204,10.272982641244482,0.6267541497945786,204.66291679524556,214.93589943649005,201,239,187.0,229.0,22.0,20.0,201,223,0.40312525629997253,0.5346638560295105,22,0.44725778698921204,0.3157191872596741,0.38148848712444305
S_121,gap,10,229,236.84795,669.5983,gap_score_smooth,0.6864862442016602,0.15182238817214966,5.469894961613875,0.6105750501155853,226.30349422792705,231.77338918954092,223,239,209.0,,20.0,0.0,223,239,0.5346638560295105,0.10484579205513,16,0.15182238817214966,0.5816404521465302,0.3667314201593399
S_122,gap,1,9,292.52225,99.43515,gap_score_smooth,0.6448696851730347,0.05501002073287964,3.436112186309437,0.6173646748065948,7.793742861493946,11.229855047803383,0,14,,31.0,0.0,22.0,0,14,0.08045963197946548,0.589859664440155,14,0.5644100531935692,0.05501002073287964,0.3097100369632244
S_122,gap,2,31,308.6161,164.0544,gap_score_smooth,0.8112279176712036,0.32979562878608704,53.25473072113621,0.6463301032781601,19.93744056042701,73.19217128156322,0,89,9.0,84.0,22.0,53.0,14,37,0.589859664440155,0.7668633460998535,23,0.22136825323104858,0.0443645715713501,0.13286641240119934
S_122,gap,3,84,384.3265,319.72803,gap_score_smooth,0.6220035552978516,0.1160004734992981,4.063390666788507,0.5640033185482025,82.33713471184213,86.40052537863063,80,89,31.0,100.0,53.0,16.0,80,89,0.5060030817985535,0.4814322888851166,9,0.1160004734992981,0.14057126641273499,0.12828586995601654
S_122,gap,4,100,384.77646,366.72385,gap_score_smooth,0.8103906512260437,0.10700458288192749,3.8174919458910495,0.75688835978508,98.76374822722421,102.58124017311526,89,105,84.0,115.0,16.0,15.0,89,105,0.4814322888851166,0.7033860683441162,16,0.3289583623409271,0.10700458288192749,0.2179814726114273
S_122,gap,5,115,368.37674,410.78244,gap_score_smooth,0.9068639874458313,0.04768460988998413,3.422548568360085,0.8830216825008392,113.5293086241347,116.95185719249478,0,119,100.0,131.0,15.0,16.0,105,119,0.7033860683441162,0.8591793775558472,14,0.2034779191017151,0.04768460988998413,0.1255812644958496
S_122,gap,6,131,345.00473,457.77823,gap_score_smooth,0.9909664392471313,0.8680654466152191,87.37107419784267,0.5569337159395218,95.23070219644187,182.60177639428454,0,239,115.0,159.0,16.0,28.0,119,137,0.8591793775558472,0.9494374990463257,18,0.13178706169128418,0.041528940200805664,0.08665800094604492
S_122,gap,7,159,287.2679,540.02094,gap_score_smooth,0.951313853263855,0.25166434049606323,8.790892344426823,0.8254816830158234,154.21858765458177,163.0094799990086,150,239,131.0,177.0,28.0,18.0,150,169,0.6996495127677917,0.570720374584198,19,0.25166434049606323,0.380593478679657,0.3161289095878601
S_122,gap,8,177,264.08997,592.89124,gap_score_smooth,0.8351357579231262,0.2644153833389282,7.7284741881201455,0.7029280662536621,173.08848591288952,180.81696010100967,169,239,159.0,200.0,18.0,23.0,169,191,0.570720374584198,0.31286612153053284,22,0.2644153833389282,0.5222696363925934,0.3933425098657608
S_122,gap,9,200,253.90685,660.4477,gap_score_smooth,0.8282351493835449,0.5153690278530121,9.631877547596673,0.5705506354570389,194.78722202699274,204.4190995745894,191,239,177.0,219.0,23.0,19.0,191,211,0.31286612153053284,0.3802132308483124,20,0.5153690278530121,0.44802191853523254,0.4816954731941223
S_122,gap,10,219,257.20395,716.25525,gap_score_smooth,0.6848189830780029,0.30460575222969055,16.61780323531505,0.5325161069631577,215.94201097604758,232.55981421136264,211,239,200.0,,19.0,0.0,211,223,0.3802132308483124,0.5818802118301392,12,0.30460575222969055,0.10293877124786377,0.20377226173877716
S_123,gap,1,19,243.506,266.07532,gap_score_smooth,0.7066202759742737,0.468366414308548,12.213996252321234,0.4724370688199997,12.42067559885879,24.634671851180023,0,32,,45.0,0.0,26.0,11,32,0.4604472517967224,0.2382538616657257,21,0.24617302417755127,0.468366414308548,0.3572697192430496
S_123,gap,2,45,230.35938,327.75732,gap_score_smooth,0.6759932041168213,0.08327919244766235,5.648479047870325,0.6343536078929901,42.761725262629696,48.41020431050002,32,52,19.0,74.0,26.0,29.0,32,52,0.2382538616657257,0.5927140116691589,20,0.4377393424510956,0.08327919244766235,0.26050926744937897
S_123,gap,3,74,190.85709,396.5565,gap_score_smooth,0.886275589466095,0.20649558305740356,15.1163423605704,0.7830277979373932,64.9087476701718,80.0250900307422,0,94,45.0,105.0,29.0,31.0,52,94,0.5927140116691589,0.6797800064086914,42,0.29356157779693604,0.20649558305740356,0.2500285804271698
S_123,gap,4,105,161.47688,470.10043,gap_score_smooth,0.9568971395492554,0.22177648544311523,11.618350605377785,0.8460088968276978,99.46728645387918,111.08563705925697,0,119,74.0,129.0,31.0,24.0,94,119,0.6797800064086914,0.7351206541061401,25,0.27711713314056396,0.22177648544311523,0.2494468092918396
S_123,gap,5,129,187.56729,527.03766,gap_score_smooth,0.9967624545097351,0.9130370616912842,111.12663223329007,0.540243923664093,41.0100537337908,152.13668596708087,0,239,105.0,167.0,24.0,38.0,119,146,0.7351206541061401,0.6010859608650208,27,0.26164180040359497,0.39567649364471436,0.32865914702415466
S_123,gap,6,167,225.34442,617.1883,gap_score_smooth,0.6914550065994263,0.21935230493545532,4.980262774964444,0.5817788541316986,164.55321669283705,169.5334794678015,160,180,129.0,187.0,38.0,20.0,160,180,0.47210270166397095,0.380342572927475,20,0.21935230493545532,0.3111124336719513,0.2652323693037033
S_123,gap,7,187,230.51373,664.636,gap_score_smooth,0.7517006397247314,0.37135806679725647,6.001180437327662,0.5660216063261032,183.4534967448458,189.45467718217347,180,199,167.0,209.0,20.0,22.0,180,199,0.380342572927475,0.26339566707611084,19,0.37135806679725647,0.4883049726486206,0.42983151972293854
S_123,gap,8,209,230.80008,716.8284,gap_score_smooth,0.813864529132843,0.5504688620567322,15.943820874169631,0.5386300981044769,204.77306564640057,220.7168865205702,199,239,187.0,229.0,22.0,20.0,199,223,0.26339566707611084,0.5248541831970215,24,0.5504688620567322,0.28901034593582153,0.41973960399627686
S_123,gap,9,229,225.34828,764.2761,gap_score_smooth,0.6943795084953308,0.16952532529830933,4.792068797068282,0.6096168458461761,226.27619615714568,231.06826495421396,223,239,209.0,,20.0,0.0,223,239,0.5248541831970215,0.08372539281845093,16,0.16952532529830933,0.6106541156768799,0.3900897204875946
S_124,gap,1,11,236.61813,188.7908,gap_score_smooth,0.5758293867111206,0.04277658462524414,4.924663510325818,0.5544410943984985,8.85205035914685,13.776713869472667,0,16,,33.0,0.0,22.0,0,16,0.12379547208547592,0.5330528020858765,16,0.4520339146256447,0.04277658462524414,0.2474052496254444
S_124,gap,2,33,211.26776,250.37239,gap_score_smooth,0.7693651914596558,0.07607382535934448,9.07237805919809,0.7313282787799835,28.748466205142005,37.820844264340096,0,41,11.0,50.0,22.0,17.0,21,41,0.577774167060852,0.6932913661003113,20,0.1915910243988037,0.07607382535934448,0.1338324248790741
S_124,gap,3,50,171.28815,297.95816,gap_score_smooth,0.8073239922523499,0.4460373520851135,33.551134891380386,0.5843053162097931,22.51150384671215,56.06263873809253,0,84,33.0,68.0,17.0,18.0,41,61,0.6932913661003113,0.47427117824554443,20,0.11403262615203857,0.3330528140068054,0.223542720079422
S_124,gap,4,68,144.55641,348.3431,gap_score_smooth,0.7651045918464661,0.29083341360092163,13.86620295346897,0.6196878850460052,64.63177082428182,78.49797377775079,61,84,50.0,94.0,18.0,26.0,61,84,0.47427117824554443,0.36128664016723633,23,0.29083341360092163,0.40381795167922974,0.3473256826400757
S_124,gap,5,94,144.91704,421.12134,gap_score_smooth,0.6443814635276794,0.14548668265342712,4.661580313759103,0.5716381222009659,91.92505501954703,96.58663533330613,84,100,68.0,108.0,26.0,14.0,84,100,0.36128664016723633,0.4988947808742523,16,0.2830948233604431,0.14548668265342712,0.21429075300693512
S_124,gap,6,108,160.8383,460.30963,gap_score_smooth,0.80734783411026,0.2145959734916687,5.142422554264883,0.7000498473644257,105.78202471914011,110.924447273405,0,114,94.0,123.0,14.0,15.0,100,114,0.4988947808742523,0.5927518606185913,14,0.3084530532360077,0.2145959734916687,0.2615245133638382
S_124,gap,7,123,180.1104,502.29706,gap_score_smooth,0.9278214573860168,0.40548276901245117,8.210989871295396,0.7250800728797913,119.0456061756398,127.2565960469352,0,132,108.0,139.0,15.0,16.0,114,132,0.5927518606185913,0.5223386883735657,18,0.33506959676742554,0.40548276901245117,0.37027618288993835
S_124,gap,8,139,206.00562,547.0837,gap_score_smooth,0.932738721370697,0.8089432492852211,14.056018086891953,0.5282670967280865,132.2810968570185,146.33711494391045,0,239,123.0,157.0,16.0,18.0,132,149,0.5223386883735657,0.4788140058517456,17,0.41040003299713135,0.4539247155189514,0.4321623742580414
S_124,gap,9,157,230.3278,597.4686,gap_score_smooth,0.900456964969635,0.4216429591178894,6.950216471491359,0.6896354854106903,153.14758130105415,160.0977977725455,149,239,139.0,177.0,18.0,20.0,149,168,0.4788140058517456,0.34608128666877747,19,0.4216429591178894,0.5543756783008575,0.4880093187093735
S_124,gap,10,177,246.15027,653.4519,gap_score_smooth,0.892123818397522,0.5460425317287445,8.193728403183684,0.6191025525331497,172.4891082506879,180.6828366538716,168,239,157.0,199.0,20.0,22.0,168,190,0.34608128666877747,0.39265698194503784,22,0.5460425317287445,0.49946683645248413,0.5227546840906143
S_124,gap,11,199,247.6212,715.03345,gap_score_smooth,0.886165976524353,0.4935089945793152,10.661190196241847,0.6394114792346954,193.6101366891318,204.27132688537364,190,239,177.0,216.0,22.0,17.0,190,212,0.39265698194503784,0.5356185436248779,22,0.4935089945793152,0.3505474328994751,0.42202821373939514
S_124,gap,12,216,238.59476,762.61926,gap_score_smooth,0.5712758302688599,0.035657286643981934,3.0334222120988272,0.5534471869468689,214.46735553402567,217.5007777461245,212,223,199.0,230.0,17.0,14.0,212,223,0.5356185436248779,0.45071691274642944,11,0.035657286643981934,0.12055891752243042,0.07810810208320618
S_124,gap,13,230,222.40378,801.80756,gap_score_smooth,0.6108962297439575,0.16017931699752808,5.066116207734524,0.5308065712451935,227.22663856390977,232.2927547716443,223,239,216.0,,14.0,0.0,223,239,0.45071691274642944,0.08625801652669907,16,0.16017931699752808,0.5246382132172585,0.34240876510739326
S_125,gap,1,26,201.13692,221.20502,gap_score_smooth,0.8084346055984497,0.07356524467468262,11.70097276288794,0.7716519832611084,24.05101271300823,35.75198547589617,0,49,,44.0,0.0,18.0,11,30,0.4218626916408539,0.7897840142250061,19,0.3865719139575958,0.018650591373443604,0.20261125266551971
S_125,gap,2,44,197.56345,264.96234,gap_score_smooth,0.7732182741165161,0.032750070095062256,5.007191233931906,0.756843239068985,41.35321159605711,46.36040282998901,39,49,26.0,58.0,18.0,14.0,39,49,0.7404682040214539,0.7348693609237671,10,0.032750070095062256,0.03834891319274902,0.03554949164390564
S_125,gap,3,58,207.18175,298.99582,gap_score_smooth,0.8873938918113708,0.35921424627304077,49.34889554887232,0.7077867686748505,22.420648353948874,71.7695439028212,0,76,44.0,98.0,14.0,40.0,49,76,0.7348693609237671,0.5281796455383301,27,0.15252453088760376,0.35921424627304077,0.25586938858032227
S_125,gap,4,98,270.5187,396.2343,gap_score_smooth,0.7360025644302368,0.09203201532363892,11.241175021609848,0.6899865567684174,91.49620916720465,102.7373841888145,76,105,58.0,133.0,40.0,35.0,88,105,0.6599124073982239,0.6439705491065979,17,0.07609015703201294,0.09203201532363892,0.08406108617782593
S_125,gap,5,133,268.1737,481.318,gap_score_smooth,0.8361202478408813,0.08446371555328369,11.772133885524752,0.7938883900642395,124.41850170261067,136.19063558813542,76,139,98.0,160.0,35.0,27.0,105,139,0.6439705491065979,0.7516565322875977,34,0.19214969873428345,0.08446371555328369,0.13830670714378357
S_125,gap,6,160,230.69763,546.954,gap_score_smooth,0.9024931192398071,0.8150642588734627,154.0816444988808,0.4949609898030758,13.877119880291172,167.95876437917195,0,239,133.0,178.0,27.0,18.0,153,171,0.803128719329834,0.4195903539657593,18,0.09936439990997314,0.48290276527404785,0.2911335825920105
S_125,gap,7,178,209.59276,590.7113,gap_score_smooth,0.7223620414733887,0.15717077255249023,7.127833216142591,0.6437766551971436,175.41492378589152,182.5427570020341,171,188,160.0,194.0,18.0,16.0,171,188,0.4195903539657593,0.5651912689208984,17,0.3027716875076294,0.15717077255249023,0.22997123003005981
S_125,gap,8,194,192.22278,629.6067,gap_score_smooth,0.8586854934692383,0.11773282289505005,3.8279522321469415,0.7998190820217133,192.59178681025998,196.41973904240692,171,200,178.0,210.0,16.0,16.0,188,200,0.5651912689208984,0.7409526705741882,12,0.29349422454833984,0.11773282289505005,0.20561352372169495
S_125,gap,9,210,185.97054,668.5021,gap_score_smooth,0.8652245998382568,0.44563424587249756,23.365843096085797,0.6424074769020081,190.41296351389073,213.77880660997653,171,239,194.0,230.0,16.0,20.0,200,223,0.7409526705741882,0.3408609628677368,23,0.1242719292640686,0.52436363697052,0.3243177831172943
S_125,gap,10,230,188.78116,717.12134,gap_score_smooth,0.6544934511184692,0.3136324882507324,5.5953518567700655,0.497677206993103,227.59195018273417,233.18730203950423,223,239,210.0,,20.0,0.0,223,239,0.3408609628677368,0.08742886036634445,16,0.3136324882507324,0.5670645907521248,0.4403485395014286
S_126,gap,1,10,341.28015,113.711296,gap_score_smooth,0.7814114093780518,0.4180867671966553,7.154244659892826,0.5723680257797241,6.934969310883225,14.08921397077605,0,19,,29.0,0.0,19.0,0,19,0.07266288995742798,0.3633246421813965,19,0.7087485194206238,0.4180867671966553,0.5634176433086395
S_126,gap,2,29,340.8556,172.06276,gap_score_smooth,0.7658765316009521,0.2734675705432892,5.629859556947139,0.6291427463293076,25.96591533818911,31.59577489513625,19,35,10.0,44.0,19.0,15.0,19,35,0.3633246421813965,0.49240896105766296,16,0.40255188941955566,0.2734675705432892,0.3380097299814224
S_126,gap,3,44,326.28308,218.1297,gap_score_smooth,0.7784337401390076,0.36525124311447144,7.6536481639500025,0.5958081185817719,39.474061299822736,47.12770946377274,19,51,29.0,59.0,15.0,15.0,35,51,0.49240896105766296,0.41318249702453613,16,0.2860247790813446,0.36525124311447144,0.325638011097908
S_126,gap,4,59,301.92957,264.19666,gap_score_smooth,0.8262454867362976,0.2919875979423523,6.347871159621526,0.6802516877651215,55.826889199148624,62.17476035877015,0,83,44.0,74.0,15.0,15.0,51,67,0.41318249702453613,0.5492504239082336,16,0.4130629897117615,0.27699506282806396,0.3450290262699127
S_126,gap,5,74,282.28607,310.2636,gap_score_smooth,0.80104660987854,0.2517961859703064,7.209103051221803,0.6751485168933868,70.2494194085417,77.4585224597635,67,83,59.0,90.0,15.0,16.0,67,83,0.5492504239082336,0.5342578887939453,16,0.2517961859703064,0.2667887210845947,0.25929245352745056
S_126,gap,6,90,268.54843,359.40167,gap_score_smooth,0.8853309154510498,0.28843778371810913,6.8262214668583425,0.7411120235919952,87.11324290294077,93.93946436979911,0,101,74.0,108.0,16.0,18.0,83,101,0.5342578887939453,0.5968931317329407,18,0.3510730266571045,0.28843778371810913,0.3197554051876068
S_126,gap,7,108,260.6223,414.682,gap_score_smooth,0.8889809846878052,0.255523681640625,5.833152867225564,0.7612191438674927,105.2446618901205,111.07781475734606,0,115,90.0,125.0,18.0,17.0,101,115,0.5968931317329407,0.6334573030471802,14,0.2920878529548645,0.255523681640625,0.27380576729774475
S_126,gap,8,125,267.47226,466.8912,gap_score_smooth,0.9658830165863037,0.7873400300741196,66.99689369512245,0.5722130015492439,84.56256937427958,151.55946306940203,0,239,108.0,145.0,17.0,20.0,115,135,0.6334573030471802,0.5767166614532471,20,0.33242571353912354,0.38916635513305664,0.3607960343360901
S_126,gap,9,145,278.50635,528.3138,gap_score_smooth,0.962325930595398,0.3856092691421509,8.987262847482015,0.7695212960243225,140.22157623605642,149.20883908353844,135,239,125.0,165.0,20.0,20.0,135,155,0.5767166614532471,0.46581318974494934,20,0.3856092691421509,0.4965127408504486,0.44106100499629974
S_126,gap,10,165,295.54044,589.7364,gap_score_smooth,0.8967493176460266,0.43093612790107727,11.097034989865051,0.681281253695488,160.33229115204298,171.42932614190804,155,239,145.0,187.0,20.0,22.0,155,177,0.46581318974494934,0.35312822461128235,22,0.43093612790107727,0.5436210930347443,0.48727861046791077
S_126,gap,11,187,314.51437,657.3013,gap_score_smooth,0.8552961349487305,0.22301429510116577,7.945076256637748,0.7437889873981476,183.38082095529984,191.3258972119376,177,199,165.0,206.0,22.0,19.0,177,199,0.35312822461128235,0.6322818398475647,22,0.5021679103374481,0.22301429510116577,0.36259110271930695
S_126,gap,12,206,321.2575,715.6527,gap_score_smooth,0.8765321373939514,0.5234039127826691,29.47568354006026,0.6148301810026169,181.75076637039425,211.2264499104545,177,239,187.0,229.0,19.0,23.0,199,218,0.6322818398475647,0.24221357703208923,19,0.24425029754638672,0.6343185603618622,0.43928442895412445
S_126,gap,13,229,335.36163,786.2887,gap_score_smooth,0.7329314947128296,0.49071791768074036,11.255817212347637,0.4875725358724594,223.18119090359528,234.43700811594292,218,239,206.0,,23.0,0.0,218,239,0.24221357703208923,0.17854298651218414,21,0.49071791768074036,0.5543885082006454,0.5225532129406929
S_127,gap,1,17,242.07654,190.58995,gap_score_smooth,0.6649808883666992,0.3362124264240265,6.5426784105378655,0.496874675154686,13.85330482967928,20.395983240217145,0,24,,44.0,0.0,27.0,11,24,0.431765615940094,0.32876846194267273,13,0.23321527242660522,0.3362124264240265,0.28471384942531586
S_127,gap,2,44,190.9211,291.5858,gap_score_smooth,0.7639894485473633,0.2367386817932129,6.092418555026242,0.6456201076507568,40.84076343302468,46.93318198805092,0,51,17.0,58.0,27.0,14.0,37,51,0.42825478315353394,0.5272507667541504,14,0.33573466539382935,0.2367386817932129,0.2862366735935211
S_127,gap,3,58,166.56807,343.95398,gap_score_smooth,0.8019276857376099,0.5011290013790131,10.31994471506826,0.5513631850481033,52.559387814879905,62.879332529948165,0,97,44.0,73.0,14.0,15.0,51,66,0.5272507667541504,0.4527423679828644,15,0.2746769189834595,0.3491853177547455,0.3119311183691025
S_127,gap,4,73,144.92447,400.06277,gap_score_smooth,0.7849222421646118,0.33217987418174744,6.381980671003319,0.6188323050737381,69.47606449991912,75.85804517092244,66,97,58.0,89.0,15.0,16.0,66,82,0.4527423679828644,0.34234392642974854,16,0.33217987418174744,0.4425783157348633,0.38737909495830536
S_127,gap,5,89,137.32263,459.91214,gap_score_smooth,0.779634952545166,0.4372910261154175,6.6460862823844025,0.5609894394874573,85.83282662098523,92.47891290336963,82,97,73.0,106.0,16.0,17.0,82,97,0.34234392642974854,0.3007986843585968,15,0.4372910261154175,0.4788362681865692,0.45806364715099335
S_127,gap,6,106,140.61542,523.5021,gap_score_smooth,0.8645716309547424,0.5405086874961853,7.932349068461747,0.5943172872066498,102.39135244751493,110.32370151597668,0,115,89.0,124.0,17.0,18.0,97,115,0.3007986843585968,0.32406294345855713,18,0.5637729465961456,0.5405086874961853,0.5521408170461655
S_127,gap,7,124,162.17502,590.83264,gap_score_smooth,0.9887210726737976,0.8434006869792938,28.55760150588378,0.5670207291841507,118.29776808669152,146.8553695925753,0,217,106.0,140.0,18.0,16.0,115,132,0.32406294345855713,0.6808704733848572,17,0.6646581292152405,0.30785059928894043,0.48625436425209045
S_127,gap,8,140,194.33055,650.682,gap_score_smooth,0.9520524144172668,0.27118194103240967,9.378195176512207,0.816461443901062,135.36930386785014,144.74749904436234,132,217,124.0,159.0,16.0,19.0,132,150,0.6808704733848572,0.2916320264339447,18,0.27118194103240967,0.6604203879833221,0.4658011645078659
S_127,gap,9,159,232.76569,721.7531,gap_score_smooth,0.8753324747085571,0.5837004482746124,11.975791277540822,0.5834822505712509,153.89630531380743,165.87209659134825,150,217,140.0,178.0,19.0,19.0,150,170,0.2916320264339447,0.2899170517921448,20,0.5837004482746124,0.5854154229164124,0.5845579355955124
S_127,gap,10,178,264.07587,792.8243,gap_score_smooth,0.8260172605514526,0.5361002087593079,12.447298451623055,0.5579671561717987,173.73529779721804,186.1825962488411,170,192,159.0,206.0,19.0,28.0,170,192,0.2899170517921448,0.18445976078510284,22,0.5361002087593079,0.6415574997663498,0.5888288542628288
S_127,gap,11,206,283.67105,897.56067,gap_score_smooth,0.8477641940116882,0.6633044332265854,14.780166324015198,0.5161119773983955,196.4199929039378,211.200159227953,192,217,178.0,228.0,28.0,22.0,192,217,0.18445976078510284,0.02642359584569931,25,0.6633044332265854,0.8213405981659889,0.7423225156962872
S_127,gap,12,228,274.88058,979.8536,gap_score_smooth,0.6768720149993896,0.5560540705919266,11.027981322102931,0.39884497970342636,222.46412375021382,233.49210507231675,217,239,206.0,,22.0,0.0,217,239,0.02642359584569931,0.12081794440746307,22,0.6504484191536903,0.5560540705919266,0.6032512448728085
S_128,gap,1,25,342.20303,147.74477,gap_score_smooth,0.6859039664268494,0.11981046199798584,6.834171476936749,0.6259987354278564,22.578339710424956,29.412511187361705,0,33,,52.0,0.0,27.0,18,33,0.5277665257453918,0.5660935044288635,15,0.15813744068145752,0.11981046199798584,0.13897395133972168
S_128,gap,2,52,302.21863,227.38911,gap_score_smooth,0.7593698501586914,0.18825775384902954,6.210931531042689,0.6652409732341766,49.25169656430126,55.46262809534395,0,60,25.0,66.0,27.0,14.0,46,60,0.5987482666969299,0.5711120963096619,14,0.16062158346176147,0.18825775384902954,0.1744396686553955
S_128,gap,3,66,281.4321,268.6862,gap_score_smooth,0.8445537090301514,0.3881332576274872,6.079858466226803,0.6504870802164078,63.009384626503326,69.08924309273013,0,76,52.0,84.0,14.0,18.0,60,76,0.5711120963096619,0.4564204514026642,16,0.2734416127204895,0.3881332576274872,0.33078743517398834
S_128,gap,4,84,277.4002,321.78244,gap_score_smooth,0.8703210353851318,0.08863848447799683,3.7550122825279573,0.8260017931461334,82.5384042304546,86.29341651298256,0,89,66.0,98.0,18.0,14.0,76,89,0.4564204514026642,0.781682550907135,13,0.41390058398246765,0.08863848447799683,0.25126953423023224
S_128,gap,5,98,288.60672,363.0795,gap_score_smooth,0.9248009920120239,0.32524269819259644,20.416559988469515,0.7621796429157257,81.6039874948183,102.02054748328781,0,106,84.0,114.0,14.0,16.0,89,106,0.781682550907135,0.5995582938194275,17,0.14311844110488892,0.32524269819259644,0.23418056964874268
S_128,gap,6,114,316.33713,410.27615,gap_score_smooth,0.890322744846344,0.28586816787719727,7.530146938292432,0.7473886609077454,110.42521503346639,117.95536197175882,106,122,98.0,130.0,16.0,16.0,106,122,0.5995582938194275,0.6044545769691467,16,0.2907644510269165,0.28586816787719727,0.2883163094520569
S_128,gap,7,130,354.07764,457.4728,gap_score_smooth,0.9733648300170898,0.2039615511894226,7.390979734642826,0.8713840544223785,126.54959080900983,133.94057054365265,0,139,114.0,147.0,16.0,17.0,122,139,0.6044545769691467,0.7694032788276672,17,0.3689102530479431,0.2039615511894226,0.28643590211868286
S_128,gap,8,147,391.1682,507.61923,gap_score_smooth,0.9870697855949402,0.8328908085823059,112.43130074336462,0.5706243813037872,79.47928208366729,191.9105828270319,0,239,130.0,166.0,17.0,19.0,139,158,0.7694032788276672,0.728469967842102,19,0.21766650676727295,0.25859981775283813,0.23813316226005554
S_128,gap,9,166,412.84885,563.6653,gap_score_smooth,0.9449797868728638,0.21650981903076172,8.815555272605877,0.8367248773574829,160.9392461080003,169.75480138060618,158,239,147.0,186.0,19.0,20.0,158,175,0.728469967842102,0.6535180807113647,17,0.21650981903076172,0.291461706161499,0.25398576259613037
S_128,gap,10,186,414.61435,622.6611,gap_score_smooth,0.9169489741325378,0.2642345428466797,7.5157938408243865,0.784831702709198,182.49472922532965,190.01052306615404,178,239,166.0,210.0,20.0,24.0,178,197,0.6527144312858582,0.18318873643875122,19,0.2642345428466797,0.7337602376937866,0.49899739027023315
S_128,gap,11,210,400.6143,693.45605,gap_score_smooth,0.8574917316436768,0.6743029952049255,13.946042235869271,0.520340234041214,203.95147665393205,217.89751888980132,197,239,186.0,230.0,24.0,20.0,197,223,0.18318873643875122,0.4137612283229828,26,0.6743029952049255,0.44373050332069397,0.5590167492628098
S_128,gap,12,230,383.9204,752.4519,gap_score_smooth,0.7185130715370178,0.30475184321403503,6.512853985007467,0.5661371499300003,226.8900328110204,233.40288679602787,223,239,210.0,,20.0,0.0,223,239,0.4137612283229828,0.15417897701263428,16,0.30475184321403503,0.5643340945243835,0.4345429688692093
S_129,gap,1,9,314.75613,78.91213,gap_score_smooth,0.5096974968910217,0.07600653171539307,4.725643082288894,0.4716942310333252,7.030574501145319,11.756217583434212,0,14,,28.0,0.0,19.0,0,14,0.15378141403198242,0.43369096517562866,14,0.3559160828590393,0.07600653171539307,0.2159613072872162
S_129,gap,2,28,295.74216,129.39331,gap_score_smooth,0.5332606434822083,0.1579526960849762,14.65245766792409,0.45428429543972015,16.213423332703968,30.865881000628058,0,35,9.0,48.0,19.0,20.0,23,35,0.49195337295532227,0.37530794739723206,12,0.041307270526885986,0.1579526960849762,0.09962998330593109
S_129,gap,3,48,260.02713,182.53139,gap_score_smooth,0.7988922595977783,0.18640488386154175,9.60591036386618,0.7056898176670074,42.205075828210234,51.81098619207641,0,55,28.0,67.0,20.0,19.0,35,55,0.37530794739723206,0.6124873757362366,20,0.42358431220054626,0.18640488386154175,0.304994598031044
S_129,gap,4,67,210.42418,233.01256,gap_score_smooth,0.970111608505249,0.42976540327072144,56.89839703074283,0.7552289068698883,58.87740558374732,115.77580261449015,0,121,48.0,104.0,19.0,37.0,55,82,0.6124873757362366,0.7886214852333069,27,0.35762423276901245,0.18149012327194214,0.2695571780204773
S_129,gap,5,104,193.87361,331.318,gap_score_smooth,0.8828617334365845,0.11401939392089844,16.48741073429578,0.8258520364761353,97.46516553763954,113.95257627193531,90,121,67.0,130.0,37.0,26.0,90,121,0.768842339515686,0.5403462052345276,31,0.11401939392089844,0.3425155282020569,0.22826746106147766
S_129,gap,6,130,247.46413,400.3975,gap_score_smooth,0.9773872494697571,0.8236058354377747,89.01744741569853,0.5655843317508698,122.2116569318027,211.22910434750122,0,239,104.0,163.0,26.0,33.0,121,143,0.5403462052345276,0.6193974018096924,22,0.4370410442352295,0.3579898476600647,0.3975154459476471
S_129,gap,7,163,340.4247,488.07532,gap_score_smooth,0.87904953956604,0.11223733425140381,4.4048332064628255,0.8229308724403381,161.11984265917525,165.52467586563807,157,174,130.0,182.0,33.0,19.0,157,168,0.6094926595687866,0.7872918844223022,11,0.2695568799972534,0.09175765514373779,0.1806572675704956
S_129,gap,8,182,354.71613,538.55646,gap_score_smooth,0.9691409468650818,0.35964828729629517,31.8278048189959,0.7893168032169342,176.1997600955969,208.0275649145928,157,239,163.0,203.0,19.0,21.0,174,194,0.7668122053146362,0.8453247547149658,20,0.20232874155044556,0.12381619215011597,0.16307246685028076
S_129,gap,9,203,351.48514,594.35144,gap_score_smooth,0.9245150089263916,0.07919025421142578,7.621531803439012,0.8849198818206787,198.52677564201818,206.1483074454572,194,239,182.0,226.0,21.0,23.0,194,218,0.8453247547149658,0.4462238848209381,24,0.07919025421142578,0.4782911241054535,0.27874068915843964
S_129,gap,10,226,337.4329,655.46027,gap_score_smooth,0.7308526039123535,0.2846287190914154,7.803823430248855,0.5885382443666458,222.20722054514115,230.01104397539,218,239,203.0,,23.0,0.0,218,239,0.4462238848209381,0.06693439185619354,21,0.2846287190914154,0.66391821205616,0.4742734655737877
S_130,gap,1,13,212.21458,91.87866,gap_score_smooth,0.5505450963973999,0.06610718369483948,4.333469794705451,0.5174915045499802,10.715588356563117,15.049058151268568,0,18,,44.0,0.0,31.0,0,18,0.03702855855226517,0.4844379127025604,18,0.5135165378451347,0.06610718369483948,0.2898118607699871
S_130,gap,2,44,290.26654,179.82008,gap_score_smooth,0.8975667953491211,0.0679137110710144,18.071835250367855,0.8636099398136139,34.35321825047557,52.425053500843426,0,57,13.0,68.0,31.0,24.0,40,48,0.8704227209091187,0.8663695454597473,8,0.02714407444000244,0.03119724988937378,0.02917066216468811
S_130,gap,3,68,336.28433,247.90376,gap_score_smooth,0.9222944974899292,0.052008867263793945,14.760108291300106,0.8962900638580322,63.87747832757683,78.63758661887694,0,84,44.0,91.0,24.0,23.0,57,84,0.8296530842781067,0.8702856302261353,27,0.09264141321182251,0.052008867263793945,0.07232514023780823
S_130,gap,4,91,331.91132,313.15063,gap_score_smooth,0.9268671870231628,0.46605348587036133,71.66335841891706,0.6938404440879822,25.27939129313956,96.94274971205662,0,115,68.0,108.0,23.0,17.0,84,101,0.8702856302261353,0.5726242065429688,17,0.05658155679702759,0.3542429804801941,0.20541226863861084
S_130,gap,5,108,307.3383,361.37656,gap_score_smooth,0.8210662603378296,0.24844205379486084,5.824467004404411,0.6968452334403992,104.76235621803525,110.58682322243966,101,115,91.0,124.0,17.0,16.0,101,115,0.5726242065429688,0.4608137011528015,14,0.24844205379486084,0.3602525591850281,0.30434730648994446
S_130,gap,6,124,277.26688,406.7657,gap_score_smooth,0.9393318295478821,0.7967641204595566,12.231854938976724,0.5409497693181038,117.80695889797256,130.0388138369493,0,239,108.0,142.0,16.0,18.0,115,134,0.4608137011528015,0.33814096450805664,19,0.47851812839508057,0.6011908650398254,0.539854496717453
S_130,gap,7,142,248.74184,457.82846,gap_score_smooth,0.8278778791427612,0.4897369146347046,8.077503497959526,0.5830094218254089,138.02518716586644,146.10269066382597,134,153,124.0,162.0,18.0,20.0,134,153,0.33814096450805664,0.292071670293808,19,0.4897369146347046,0.5358062088489532,0.5127715617418289
S_130,gap,8,162,238.02774,514.5649,gap_score_smooth,0.8588724732398987,0.4254433512687683,6.709223594139388,0.6461507976055145,158.44115523404227,165.15037882818166,153,174,142.0,182.0,20.0,20.0,153,174,0.292071670293808,0.43342912197113037,21,0.5668008029460907,0.4254433512687683,0.4961220771074295
S_130,gap,9,182,231.2508,571.3013,gap_score_smooth,0.8871880769729614,0.5951164066791534,9.259709720506834,0.5896298736333847,177.16203141396497,186.4217411344718,153,239,162.0,206.0,20.0,24.0,174,191,0.43342912197113037,0.3363795876502991,17,0.45375895500183105,0.5508084893226624,0.5022837221622467
S_130,gap,10,206,234.62679,639.38495,gap_score_smooth,0.8719069957733154,0.5355274081230164,11.328261647055712,0.6041432917118073,199.73666777365565,211.06492942071137,191,239,182.0,228.0,24.0,22.0,191,218,0.3363795876502991,0.39757785201072693,27,0.5355274081230164,0.4743291437625885,0.5049282759428024
S_130,gap,11,228,235.76086,701.795,gap_score_smooth,0.7501455545425415,0.3525677025318146,9.035710887032707,0.5738617032766342,223.46711624038025,232.50282712741296,218,239,206.0,,22.0,0.0,218,239,0.39757785201072693,0.1425677090883255,21,0.3525677025318146,0.607577845454216,0.4800727739930153
S_131,gap,1,32,277.56665,166.85774,gap_score_smooth,0.818683922290802,0.4594249427318573,20.361625294220694,0.5889714509248734,18.823727602653804,39.1853528968745,0,122,,66.0,0.0,34.0,0,42,0.08934323489665985,0.5465714335441589,42,0.7293406873941422,0.27211248874664307,0.5007265880703926
S_131,gap,2,66,248.27423,266.5816,gap_score_smooth,0.7760460376739502,0.22947460412979126,17.94130274881899,0.6613087356090546,59.29911293164786,77.24041568046685,42,122,32.0,101.0,34.0,35.0,55,72,0.5893344283103943,0.7338674068450928,17,0.1867116093635559,0.04217863082885742,0.11444512009620667
S_131,gap,3,101,243.84477,369.2385,gap_score_smooth,0.6555618643760681,0.09259861707687378,5.4745426081476865,0.6092625558376312,97.17619765942435,102.65074026757203,93,122,66.0,116.0,35.0,15.0,93,108,0.5629632472991943,0.38016337156295776,15,0.09259861707687378,0.27539849281311035,0.18399855494499207
S_131,gap,4,116,257.08173,413.2343,gap_score_smooth,0.5988534092903137,0.21869003772735596,5.153038607082735,0.48950839042663574,113.316699474731,118.46973808181373,108,122,101.0,131.0,15.0,15.0,108,122,0.38016337156295776,0.3592589795589447,14,0.21869003772735596,0.23959442973136902,0.2291422337293625
S_131,gap,5,131,277.1673,457.23013,gap_score_smooth,0.88483726978302,0.2591690421104431,4.863150607719945,0.7552527487277985,129.212027728211,134.07517833593096,0,141,116.0,148.0,15.0,17.0,122,141,0.3592589795589447,0.6256682276725769,19,0.5255782902240753,0.2591690421104431,0.3923736661672592
S_131,gap,6,148,284.84265,507.09204,gap_score_smooth,0.9366150498390198,0.8472718149423599,67.44733400717806,0.5129791423678398,126.92754722271022,194.37488122988827,0,217,131.0,167.0,17.0,19.0,141,159,0.6256682276725769,0.6365963220596313,18,0.31094682216644287,0.3000187277793884,0.30548277497291565
S_131,gap,7,167,281.03583,562.82007,gap_score_smooth,0.8755452632904053,0.23894894123077393,6.674571584806898,0.7560707926750183,163.33878883327665,170.01336041808355,159,178,148.0,187.0,19.0,20.0,159,178,0.6365963220596313,0.5288625955581665,19,0.23894894123077393,0.34668266773223877,0.29281580448150635
S_131,gap,8,187,263.8417,621.4812,gap_score_smooth,0.8821899890899658,0.3533273935317993,8.919315280641172,0.7055262923240662,182.08688519956115,191.00620048020232,178,217,167.0,205.0,20.0,18.0,178,197,0.5288625955581665,0.46734359860420227,19,0.3533273935317993,0.41484639048576355,0.38408689200878143
S_131,gap,9,205,243.6684,674.2761,gap_score_smooth,0.8531718850135803,0.38582828640937805,7.558015729775491,0.6602577418088913,201.2729669705353,208.83098270031078,197,217,187.0,228.0,18.0,23.0,197,217,0.46734359860420227,0.06418497115373611,20,0.38582828640937805,0.7889869138598442,0.5874076001346111
S_131,gap,10,228,222.46803,741.7364,gap_score_smooth,0.7255992889404297,0.651521272957325,11.189347449117037,0.3998386524617672,222.34260527504122,233.53195272415826,217,239,205.0,,23.0,0.0,217,239,0.06418497115373611,0.0740780159831047,22,0.6614143177866936,0.651521272957325,0.6564677953720093
S_132,gap,1,16,203.75272,179.52301,gap_score_smooth,0.6473957300186157,0.06374728679656982,12.254596030249798,0.6155220866203308,7.185580129505796,19.440176159755595,0,22,,37.0,0.0,21.0,11,22,0.6218985319137573,0.5836484432220459,11,0.0254971981048584,0.06374728679656982,0.04462224245071411
S_132,gap,2,37,209.12314,239.27197,gap_score_smooth,0.7742656469345093,0.379355251789093,21.46677931771282,0.5845880210399628,22.090338867461732,43.55711818517455,0,55,16.0,63.0,21.0,26.0,31,48,0.6737227439880371,0.433905690908432,17,0.10054290294647217,0.34035995602607727,0.22045142948627472
S_132,gap,3,63,203.82173,313.24686,gap_score_smooth,0.6001304984092712,0.057269275188446045,12.068348413848547,0.5714958608150482,59.88394198880713,71.95229040265568,55,75,37.0,82.0,26.0,19.0,55,68,0.39491039514541626,0.5824348330497742,13,0.20522010326385498,0.01769566535949707,0.11145788431167603
S_132,gap,4,82,201.97665,367.30545,gap_score_smooth,0.6962624788284302,0.032356858253479004,3.525503947175636,0.6800840497016907,80.66199695635609,84.18750090353173,55,88,63.0,135.0,19.0,53.0,75,88,0.5428612232208252,0.6639056205749512,13,0.15340125560760498,0.032356858253479004,0.09287905693054199
S_132,gap,5,135,223.81392,518.1004,gap_score_smooth,0.9021219611167908,0.16082197427749634,19.137690363265847,0.8217109739780426,120.24539952018972,139.38308988345557,0,146,82.0,158.0,53.0,23.0,111,146,0.7681951522827148,0.7412999868392944,35,0.13392680883407593,0.16082197427749634,0.14737439155578613
S_132,gap,6,158,230.43242,583.53973,gap_score_smooth,0.994562029838562,0.8690170347690582,122.4888652431129,0.5600535124540329,77.18798837134212,199.676853614455,0,239,135.0,177.0,23.0,19.0,146,170,0.7412999868392944,0.8668295741081238,24,0.2532620429992676,0.12773245573043823,0.1904972493648529
S_132,gap,7,177,222.02406,637.5983,gap_score_smooth,0.9141262173652649,0.04729664325714111,6.451546668966188,0.8904778957366943,173.1096635624522,179.56121023141839,170,239,158.0,193.0,19.0,16.0,170,185,0.8668295741081238,0.7781843543052673,15,0.04729664325714111,0.13594186305999756,0.09161925315856934
S_132,gap,8,193,191.11562,683.12134,gap_score_smooth,0.9015292525291443,0.12334489822387695,7.444537150412231,0.8398568034172058,188.1761317215711,195.62066887198333,185,239,177.0,211.0,16.0,18.0,185,203,0.7781843543052673,0.39783918857574463,18,0.12334489822387695,0.5036900639533997,0.3135174810886383
S_132,gap,9,211,154.60815,734.3347,gap_score_smooth,0.8053846955299377,0.4075455069541931,7.392535305840596,0.6016119420528412,206.89023783799377,214.28277314383436,203,239,193.0,228.0,18.0,17.0,203,219,0.39783918857574463,0.29122111201286316,16,0.4075455069541931,0.5141635835170746,0.46085454523563385
S_132,gap,10,228,118.489044,782.70294,gap_score_smooth,0.7157979011535645,0.4245767891407013,9.49323164746346,0.5035095065832138,222.96686043956083,232.4600920870243,219,239,211.0,,17.0,0.0,219,239,0.29122111201286316,0.08773419260978699,20,0.4245767891407013,0.6280637085437775,0.5263202488422394
S_133,gap,1,9,200.63399,169.159,gap_score_smooth,0.6149804592132568,0.1553877592086792,15.222749409721477,0.5372865796089172,6.764129505811035,21.98687891553251,0,26,,69.0,0.0,60.0,0,14,0.11678608506917953,0.5477889776229858,14,0.4981943741440773,0.067191481590271,0.28269292786717415
S_133,gap,2,69,164.32642,323.5523,gap_score_smooth,0.9247674942016602,0.4850877821445465,32.367645669191795,0.6822236031293869,47.213040736105135,79.58068640529693,0,109,9.0,96.0,60.0,27.0,60,82,0.8260371088981628,0.6622180342674255,22,0.09873038530349731,0.2625494599342346,0.18063992261886597
S_133,gap,3,96,144.0108,393.0293,gap_score_smooth,0.7469270825386047,0.12286931276321411,11.995668875239446,0.6854924261569977,92.0945443886515,104.09021326389094,89,109,69.0,122.0,27.0,26.0,89,109,0.6240577697753906,0.43967971205711365,20,0.12286931276321411,0.3072473704814911,0.2150583416223526
S_133,gap,4,122,145.82265,459.93304,gap_score_smooth,0.8690659999847412,0.1410176157951355,4.242476929410543,0.7985571920871735,120.2747630810242,124.51724001043475,109,132,96.0,139.0,26.0,17.0,109,129,0.43967971205711365,0.729028046131134,20,0.42938628792762756,0.14003795385360718,0.28471212089061737
S_133,gap,5,139,156.06558,503.67783,gap_score_smooth,0.9432876706123352,0.8265015855431557,45.2691108899286,0.5300368778407574,117.074923668881,162.3440345588096,0,239,122.0,156.0,17.0,17.0,132,152,0.7280483841896057,0.7406759262084961,20,0.2152392864227295,0.2026117444038391,0.2089255154132843
S_133,gap,6,156,167.10371,547.4226,gap_score_smooth,0.7914000749588013,0.050724148750305176,2.7408508178567956,0.7660380005836487,153.9486124279457,156.6894632458025,152,185,139.0,173.0,17.0,17.0,152,167,0.7406759262084961,0.5069496631622314,15,0.050724148750305176,0.2844504117965698,0.1675872802734375
S_133,gap,7,173,174.99316,591.16736,gap_score_smooth,0.7463951110839844,0.23944544792175293,4.914624093568676,0.6266723871231079,170.6776505494261,175.59227464299477,167,185,156.0,192.0,17.0,19.0,167,180,0.5069496631622314,0.4473119080066681,13,0.23944544792175293,0.2990832030773163,0.2692643254995346
S_133,gap,8,192,177.20741,640.0586,gap_score_smooth,0.7294416427612305,0.2204582691192627,4.772262597283429,0.6192125082015991,189.32793017070756,194.100192767991,185,198,173.0,210.0,19.0,18.0,185,198,0.4450262784957886,0.5089833736419678,13,0.2844153642654419,0.2204582691192627,0.2524368166923523
S_133,gap,9,210,175.07494,686.3766,gap_score_smooth,0.8059403896331787,0.36091411113739014,6.35452983558298,0.6254833340644836,206.160622217262,212.51515205284497,185,239,192.0,229.0,18.0,19.0,198,222,0.5089833736419678,0.3442559838294983,24,0.29695701599121094,0.4616844058036804,0.3793207108974457
S_133,gap,10,229,168.69624,735.26776,gap_score_smooth,0.6618881225585938,0.31763213872909546,5.941303835570096,0.503072053194046,226.20189386652785,232.14319770209795,222,239,210.0,,19.0,0.0,222,239,0.3442559838294983,0.06164461001753807,17,0.31763213872909546,0.6002435125410557,0.45893782563507557
S_134,gap,1,27,211.56844,144.66109,gap_score_smooth,0.5496788620948792,0.31358252465724945,18.334354593377235,0.3928875997662544,12.795368590817047,31.129723184194283,0,35,,43.0,0.0,16.0,20,35,0.4852312505245209,0.2360963374376297,15,0.06444761157035828,0.31358252465724945,0.18901506811380386
S_134,gap,2,43,191.13153,192.46025,gap_score_smooth,0.7113255262374878,0.3698500394821167,6.2567599273543095,0.5264005064964294,39.73620283957213,45.99296276692644,0,51,27.0,59.0,16.0,16.0,35,51,0.2360963374376297,0.3414754867553711,16,0.4752291887998581,0.3698500394821167,0.4225396141409874
S_134,gap,3,59,172.40935,240.25941,gap_score_smooth,0.7694783210754395,0.0635906457901001,3.4400808562600886,0.7376829981803894,57.586871418825915,61.026952275086,0,68,43.0,73.0,16.0,14.0,51,68,0.3414754867553711,0.7058876752853394,17,0.42800283432006836,0.0635906457901001,0.24579674005508423
S_134,gap,4,73,167.35071,282.08368,gap_score_smooth,0.805834174156189,0.11723959445953369,4.971253477703655,0.7472143769264221,70.24847925060227,75.21973272830593,0,82,59.0,88.0,14.0,15.0,68,82,0.7058876752853394,0.6885945796966553,14,0.09994649887084961,0.11723959445953369,0.10859304666519165
S_134,gap,5,88,165.89844,326.8954,gap_score_smooth,0.8477199673652649,0.10008406639099121,4.170770633222816,0.7976779341697693,86.52158208440085,90.69235271762366,0,94,73.0,104.0,15.0,16.0,82,94,0.6885945796966553,0.7476359009742737,12,0.15912538766860962,0.10008406639099121,0.12960472702980042
S_134,gap,6,104,163.87529,374.69455,gap_score_smooth,0.8935429453849792,0.15369963645935059,5.4215315754096025,0.816693127155304,101.78998754319457,107.21151911860417,0,113,88.0,122.0,16.0,18.0,99,113,0.7533597946166992,0.7398433089256287,14,0.14018315076828003,0.15369963645935059,0.1469413936138153
S_134,gap,7,122,171.42677,428.46863,gap_score_smooth,0.9709686636924744,0.8324122726917267,92.24318223885356,0.554762527346611,55.23501180904108,147.47819404789465,0,239,104.0,140.0,18.0,18.0,113,132,0.7398433089256287,0.6209092140197754,19,0.2311253547668457,0.350059449672699,0.29059240221977234
S_134,gap,8,140,184.74583,482.24268,gap_score_smooth,0.9465875029563904,0.325678288936615,6.507409147262564,0.7837483584880829,136.2945231980175,142.80193234528005,132,239,122.0,159.0,18.0,19.0,132,150,0.6209092140197754,0.5424541234970093,18,0.325678288936615,0.4041333794593811,0.36490583419799805
S_134,gap,9,159,197.45168,539.0042,gap_score_smooth,0.9412928223609924,0.39883869886398315,12.43235241079907,0.7418734729290009,154.79014221866498,167.22249462946405,150,239,140.0,181.0,19.0,22.0,150,174,0.5424541234970093,0.6654495596885681,24,0.39883869886398315,0.2758432626724243,0.33734098076820374
S_134,gap,10,181,209.96043,604.728,gap_score_smooth,0.8526010513305664,0.1871514916419983,5.682993273812343,0.7590253055095673,177.72872983568146,183.4117231094938,174,193,159.0,203.0,22.0,22.0,174,189,0.6654495596885681,0.43773210048675537,15,0.1871514916419983,0.41486895084381104,0.30101022124290466
S_134,gap,11,203,214.57689,670.4519,gap_score_smooth,0.9064564108848572,0.4856213331222534,10.799307658551868,0.6636457443237305,197.43179956661638,208.23110722516824,193,239,181.0,227.0,22.0,24.0,193,217,0.42083507776260376,0.2766820788383484,24,0.4856213331222534,0.6297743320465088,0.5576978325843811
S_134,gap,12,227,211.25183,742.15063,gap_score_smooth,0.7486962080001831,0.4720141291618347,11.508582664863582,0.5126891434192657,221.54569162266245,233.05427428752603,217,239,203.0,,24.0,0.0,217,239,0.2766820788383484,0.07024697959423065,22,0.4720141291618347,0.6784492284059525,0.5752316787838936
S_135,gap,1,11,238.09627,230.70293,gap_score_smooth,0.6380110383033752,0.16274362802505493,6.663239938832238,0.5566392242908478,8.327446105075545,14.990686043907782,0,29,,86.0,0.0,75.0,0,18,0.08729285001754761,0.5019409656524658,18,0.5507181882858276,0.13607007265090942,0.34339413046836853
S_135,gap,2,86,135.88647,392.3138,gap_score_smooth,0.7847651243209839,0.28017908334732056,25.821910472926177,0.6446755826473236,72.32636747380009,98.14827794672627,0,102,11.0,140.0,75.0,54.0,82,102,0.7692683935165405,0.5045860409736633,20,0.01549673080444336,0.28017908334732056,0.14783790707588196
S_135,gap,3,140,135.40346,508.67365,gap_score_smooth,0.9704084992408752,0.8831156492233276,45.387533019416196,0.5288506746292114,103.62258519727862,149.01011821669482,0,239,86.0,161.0,54.0,21.0,138,153,0.9634022116661072,0.36659976840019226,15,0.007006287574768066,0.603808730840683,0.3054075092077255
S_135,gap,4,161,168.01204,553.9247,gap_score_smooth,0.7685902118682861,0.40199044346809387,8.478448883063805,0.5675949901342392,157.05645054477102,165.53489942783483,153,171,140.0,181.0,21.0,20.0,153,171,0.36659976840019226,0.3600507378578186,18,0.40199044346809387,0.40853947401046753,0.4052649587392807
S_135,gap,5,181,193.05992,597.02094,gap_score_smooth,0.8295117616653442,0.4497484564781189,10.708421333564871,0.6046375334262848,176.15979544175758,186.86821677532245,171,194,161.0,203.0,20.0,22.0,171,194,0.3600507378578186,0.37976330518722534,23,0.46946102380752563,0.4497484564781189,0.45960474014282227
S_135,gap,6,203,213.72911,644.42676,gap_score_smooth,0.8789947032928467,0.5189439654350281,17.8479701930722,0.6195227205753326,198.51273217505673,216.36070236812893,171,239,181.0,226.0,22.0,23.0,194,210,0.37976330518722534,0.6474489569664001,16,0.49923139810562134,0.23154574632644653,0.36538857221603394
S_135,gap,7,226,222.19203,693.9874,gap_score_smooth,0.860669732093811,0.2745702266693115,7.486189896658431,0.7233846187591553,222.35704692930162,229.84323682596005,219,239,203.0,,23.0,0.0,219,239,0.5860995054244995,0.05493738502264023,20,0.2745702266693115,0.8057323470711708,0.5401512868702412
S_136,gap,1,10,312.6186,86.85774,gap_score_smooth,0.5762025713920593,0.17140993475914001,7.566625162713027,0.4904976040124893,6.536229400405123,14.10285456311815,0,21,,68.0,0.0,58.0,0,21,0.10949001461267471,0.4047926366329193,21,0.4667125567793846,0.17140993475914001,0.3190612457692623
S_136,gap,2,68,285.17496,236.83264,gap_score_smooth,0.8022152185440063,0.26046431064605713,21.893284677743452,0.6719830632209778,54.189181340977626,76.08246601872108,0,88,10.0,100.0,58.0,32.0,21,88,0.4047926366329193,0.5417509078979492,67,0.39742258191108704,0.26046431064605713,0.3289434462785721
S_136,gap,3,100,294.36295,319.5774,gap_score_smooth,0.7843079566955566,0.20957136154174805,5.808581153989778,0.6795222759246826,96.9438498020809,102.75243095607068,88,122,68.0,115.0,32.0,15.0,88,106,0.5417509078979492,0.6208411455154419,18,0.24255704879760742,0.16346681118011475,0.20301192998886108
S_136,gap,4,115,305.1993,358.364,gap_score_smooth,0.7561663389205933,0.13532519340515137,5.022487248072224,0.6885037422180176,112.31509188112959,117.33757912920181,106,122,100.0,132.0,15.0,17.0,106,122,0.6208411455154419,0.5747365951538086,16,0.13532519340515137,0.18142974376678467,0.15837746858596802
S_136,gap,5,132,320.1918,402.32217,gap_score_smooth,0.8978596925735474,0.3535708785057068,6.580020763122462,0.721074253320694,128.22227205021989,134.80229281334235,0,143,115.0,151.0,17.0,19.0,122,143,0.5747365951538086,0.5442888140678406,21,0.32312309741973877,0.3535708785057068,0.3383469879627228
S_136,gap,6,151,326.59668,451.45187,gap_score_smooth,0.9597465991973877,0.850256584584713,176.3882721715887,0.5346183069050312,41.22592021709327,217.61419238868197,0,239,132.0,171.0,19.0,20.0,143,165,0.5442888140678406,0.6383584141731262,22,0.4154577851295471,0.3213881850242615,0.3684229850769043
S_136,gap,7,171,326.03693,503.16736,gap_score_smooth,0.8197029232978821,0.18134450912475586,6.245072831797785,0.7290306687355042,168.0492625782871,174.2943354100849,165,180,151.0,191.0,20.0,20.0,165,180,0.6383584141731262,0.559712290763855,15,0.18134450912475586,0.2599906325340271,0.22066757082939148
S_136,gap,8,191,312.9726,554.8829,gap_score_smooth,0.9156273007392883,0.35591500997543335,9.994529784467176,0.7376697957515717,185.961403355721,195.95593314018816,180,239,171.0,209.0,20.0,18.0,180,201,0.559712290763855,0.5807303190231323,21,0.35591500997543335,0.334896981716156,0.3454059958457947
S_136,gap,9,209,286.96655,601.42676,gap_score_smooth,0.8637252449989319,0.28299492597579956,8.541172575502515,0.7222277820110321,205.05904550055368,213.6002180760562,201,239,191.0,226.0,18.0,17.0,201,219,0.5807303190231323,0.5134324431419373,18,0.28299492597579956,0.35029280185699463,0.3166438639163971
S_136,gap,10,226,258.56464,645.38495,gap_score_smooth,0.7501257061958313,0.23669326305389404,6.395448645603523,0.6317790746688843,222.5353582980693,228.93080694367282,219,239,209.0,,17.0,0.0,219,239,0.5134324431419373,0.06548542529344559,20,0.23669326305389404,0.6846402809023857,0.4606667719781399
S_137,gap,1,14,189.96414,160.50209,gap_score_smooth,0.7342503666877747,0.4414915442466736,25.811970903817375,0.5135045945644379,6.653689351992413,32.46566025580979,0,37,,29.0,0.0,15.0,0,22,0.10256398469209671,0.531116783618927,22,0.631686381995678,0.20313358306884766,0.4174099825322628
S_137,gap,2,29,179.9877,212.46861,gap_score_smooth,0.7296663522720337,0.1985495686531067,4.919796825219386,0.6303915679454803,26.210360484174736,31.13015730939412,22,37,14.0,45.0,15.0,16.0,22,37,0.531116783618927,0.2927588224411011,15,0.1985495686531067,0.4369075298309326,0.31772854924201965
S_137,gap,3,45,157.386,267.89957,gap_score_smooth,0.8591397404670715,0.4179844558238983,9.747712331294146,0.6501475125551224,41.64105551955407,51.38876785084822,0,69,29.0,60.0,16.0,15.0,37,53,0.2927588224411011,0.6282240152359009,16,0.5663809180259705,0.23091572523117065,0.39864832162857056
S_137,gap,4,60,135.31331,319.86612,gap_score_smooth,0.8179304003715515,0.18970638513565063,6.072734920565708,0.7230772078037262,56.890105312338385,62.96284023290409,53,69,45.0,78.0,15.0,18.0,53,69,0.6282240152359009,0.4411552846431732,16,0.18970638513565063,0.3767751157283783,0.28324075043201447
S_137,gap,5,78,124.45085,382.22595,gap_score_smooth,0.857200562953949,0.37890878319740295,7.42042433401096,0.6677461713552475,74.460920680371,81.88134501438196,69,85,60.0,97.0,18.0,19.0,69,85,0.4411552846431732,0.478291779756546,16,0.41604527831077576,0.37890878319740295,0.39747703075408936
S_137,gap,6,97,126.80211,448.0502,gap_score_smooth,0.9436842203140259,0.4482615888118744,9.857487536391403,0.7195534259080887,92.7398483691725,102.59733590556391,0,107,78.0,118.0,19.0,21.0,85,107,0.478291779756546,0.4954226315021515,22,0.46539244055747986,0.4482615888118744,0.4568270146846771
S_137,gap,7,118,150.11264,520.80334,gap_score_smooth,0.9696722626686096,0.44533103704452515,10.430427677389332,0.747006744146347,112.050818611485,122.48124628887433,0,126,97.0,137.0,21.0,19.0,107,126,0.4954226315021515,0.5243412256240845,19,0.47424963116645813,0.44533103704452515,0.45979033410549164
S_137,gap,8,137,176.88155,586.6276,gap_score_smooth,0.9997011423110962,0.8971371576189995,17.294363531732714,0.5511325635015965,127.7011707362765,144.9955342680092,0,218,118.0,160.0,19.0,23.0,126,148,0.5243412256240845,0.354461133480072,22,0.4753599166870117,0.6452400088310242,0.5602999627590179
S_137,gap,9,160,211.4464,666.30963,gap_score_smooth,0.9060441851615906,0.5515830516815186,11.819751697187627,0.6302526593208313,152.4750354364413,164.29478713362892,148,218,137.0,179.0,23.0,19.0,148,170,0.354461133480072,0.14623434841632843,22,0.5515830516815186,0.7598098367452621,0.6556964442133904
S_137,gap,10,179,233.18034,732.1339,gap_score_smooth,0.8674536943435669,0.6979435682296753,15.603790696632018,0.5184819102287292,174.06210987296765,189.66590056959967,170,195,160.0,205.0,19.0,26.0,170,195,0.14623434841632843,0.1695101261138916,25,0.7212193459272385,0.6979435682296753,0.7095814570784569
S_137,gap,11,205,254.35597,822.2092,gap_score_smooth,0.8688158988952637,0.7225815504789352,11.831217059214225,0.507525123655796,199.22386918820715,211.05508624742137,170,218,179.0,229.0,26.0,24.0,195,218,0.1695101261138916,0.052249837666749954,23,0.6993057727813721,0.8165660612285137,0.7579359170049429
S_137,gap,12,229,259.68518,905.35565,gap_score_smooth,0.704926609992981,0.5878985747694969,12.139733002510212,0.4109773226082325,223.3107917673353,235.45052476984552,218,239,205.0,,24.0,0.0,218,239,0.052249837666749954,0.11702803522348404,21,0.652676772326231,0.5878985747694969,0.620287673547864
S_138,gap,1,12,278.28735,160.70293,gap_score_smooth,0.7694826722145081,0.14567023515701294,6.12849163493134,0.6966475546360016,9.536373722509328,15.664865357440668,0,52,,30.0,0.0,18.0,0,17,0.07300211489200592,0.6777758598327637,17,0.6964805573225021,0.09170681238174438,0.39409368485212326
S_138,gap,2,30,278.81195,215.75732,gap_score_smooth,0.7552823424339294,0.08190613985061646,5.218632090048107,0.7143292725086212,27.72813133404529,32.9467634240934,25,52,12.0,61.0,18.0,31.0,25,36,0.673376202583313,0.6448325514793396,11,0.08190613985061646,0.11044979095458984,0.09617796540260315
S_138,gap,3,61,253.98158,310.5732,gap_score_smooth,0.7967082262039185,0.2513810992240906,14.744705109482545,0.6710176765918732,55.363794458427584,70.10849956791013,0,75,30.0,103.0,31.0,42.0,52,75,0.6238124370574951,0.5453271269798279,23,0.17289578914642334,0.2513810992240906,0.21213844418525696
S_138,gap,4,103,207.48846,439.03348,gap_score_smooth,0.7933653593063354,0.11874330043792725,12.988392079780525,0.7339937090873718,94.33359249556325,107.32198457534378,75,113,61.0,131.0,42.0,28.0,87,113,0.647222638130188,0.6746220588684082,26,0.14614272117614746,0.11874330043792725,0.13244301080703735
S_138,gap,5,131,199.206,524.67365,gap_score_smooth,0.8772577047348022,0.2514059543609619,17.639336100557983,0.7515547275543213,116.46135693364243,134.10069303420042,0,138,103.0,147.0,28.0,16.0,122,138,0.8018673658370972,0.6258517503738403,16,0.07539033889770508,0.2514059543609619,0.1633981466293335
S_138,gap,6,147,207.12923,573.6109,gap_score_smooth,0.8803871870040894,0.6739291399717331,159.17854808967058,0.5434226170182228,7.5495119974502884,166.72806008712087,0,239,131.0,162.0,16.0,15.0,138,154,0.6258517503738403,0.5601399540901184,16,0.254535436630249,0.32024723291397095,0.28739133477211
S_138,gap,7,162,226.6868,619.48956,gap_score_smooth,0.8186671733856201,0.2585272192955017,5.784085972329024,0.6894035637378693,159.15800642001363,164.94209239234266,154,239,147.0,179.0,15.0,17.0,154,171,0.5601399540901184,0.36172547936439514,17,0.2585272192955017,0.456941694021225,0.35773445665836334
S_138,gap,8,179,252.40657,671.48535,gap_score_smooth,0.7924703359603882,0.41267722845077515,7.601718651227344,0.5861317217350006,175.1099610221708,182.71167967339815,171,189,162.0,196.0,17.0,17.0,171,189,0.36172547936439514,0.37979310750961304,18,0.43074485659599304,0.41267722845077515,0.4217110425233841
S_138,gap,9,196,270.76785,723.4812,gap_score_smooth,0.8152004480361938,0.4534749686717987,7.650790610921291,0.5884629637002945,192.48819861259494,200.13898922351623,171,239,179.0,215.0,17.0,19.0,189,208,0.37979310750961304,0.4266861379146576,19,0.4354073405265808,0.38851431012153625,0.41196082532405853
S_138,gap,10,215,276.55078,781.5941,gap_score_smooth,0.7905808687210083,0.3638947308063507,7.428567400297169,0.608633503317833,211.79247506366724,219.2210424639644,208,239,196.0,232.0,19.0,17.0,208,226,0.4266861379146576,0.39868414402008057,18,0.3638947308063507,0.39189672470092773,0.3778957277536392
S_138,gap,11,232,268.3055,833.58997,gap_score_smooth,0.564761221408844,0.16607707738876343,4.390355736348852,0.4817226827144623,230.04645712653635,234.4368128628852,226,239,215.0,,17.0,0.0,226,239,0.39868414402008057,0.20645804703235626,13,0.16607707738876343,0.35830317437648773,0.2621901258826256
S_139,gap,1,10,261.0712,81.69456,gap_score_smooth,0.6184852123260498,0.08159196376800537,22.225056202815015,0.5776892304420471,7.585629731053689,29.810685933868704,0,37,,51.0,0.0,41.0,0,17,0.15658855438232422,0.582440197467804,17,0.4618966579437256,0.03604501485824585,0.24897083640098572
S_139,gap,2,51,237.15686,191.14226,gap_score_smooth,0.8619774580001831,0.1903722882270813,11.421108329985756,0.7667913138866425,43.89648263291087,55.317590962896624,0,60,10.0,70.0,41.0,19.0,37,60,0.5368932485580444,0.6716051697731018,23,0.32508420944213867,0.1903722882270813,0.25772824883461
S_139,gap,3,70,217.70842,241.86192,gap_score_smooth,0.889877438545227,0.2576449513435364,17.939719077475672,0.7610549628734589,65.8904039360692,83.83012301354488,0,119,51.0,93.0,19.0,23.0,60,86,0.6716051697731018,0.7350480556488037,26,0.21827226877212524,0.15482938289642334,0.1865508258342743
S_139,gap,4,93,183.14981,303.2594,gap_score_smooth,0.8097317814826965,0.037080585956573486,6.060496374927638,0.7911914885044098,90.51792405085769,96.57842042578532,86,102,70.0,108.0,23.0,15.0,86,102,0.7350480556488037,0.772651195526123,16,0.07468372583389282,0.037080585956573486,0.055882155895233154
S_139,gap,5,108,163.17543,343.30127,gap_score_smooth,0.8714265823364258,0.13637852668762207,5.0997489933885305,0.8032373189926147,105.06345535425527,110.1632043476438,86,119,93.0,125.0,15.0,17.0,102,119,0.772651195526123,0.6322324872016907,17,0.09877538681030273,0.2391940951347351,0.16898474097251892
S_139,gap,6,125,152.75882,388.682,gap_score_smooth,0.9028388857841492,0.4294065833091736,24.243996727386246,0.6881355941295624,121.287183070362,145.53117979774825,0,149,108.0,142.0,17.0,17.0,119,130,0.6322324872016907,0.7527717351913452,11,0.2706063985824585,0.15006715059280396,0.21033677458763123
S_139,gap,7,142,154.01399,434.06277,gap_score_smooth,0.886711835861206,0.13482266664505005,3.9115766832069028,0.819300502538681,140.13291664559236,144.04449332879926,137,149,125.0,161.0,17.0,19.0,137,149,0.751889169216156,0.4734323024749756,12,0.13482266664505005,0.41327953338623047,0.27405110001564026
S_139,gap,8,161,169.09491,484.78244,gap_score_smooth,0.9250465631484985,0.7684580087661743,46.54049638221133,0.5408175587654114,152.09721849338897,198.6377148756003,0,239,142.0,178.0,19.0,17.0,149,169,0.4734323024749756,0.5510575771331787,20,0.45161426067352295,0.3739889860153198,0.4128016233444214
S_139,gap,9,178,200.24498,530.1632,gap_score_smooth,0.8812384605407715,0.26265203952789307,7.127439680472946,0.749912440776825,174.31608385361352,181.44352353408647,169,185,161.0,193.0,17.0,15.0,169,185,0.5510575771331787,0.6185864210128784,16,0.3301808834075928,0.26265203952789307,0.2964164614677429
S_139,gap,10,193,236.26921,570.205,gap_score_smooth,0.9230101704597473,0.3719525933265686,8.069584824605442,0.737033873796463,188.2408370617441,196.31042188634953,169,239,178.0,210.0,15.0,17.0,185,201,0.6185864210128784,0.4535841941833496,16,0.3044237494468689,0.4694259762763977,0.3869248628616333
S_139,gap,11,210,272.45428,615.58575,gap_score_smooth,0.8701227307319641,0.4165385365486145,9.20913539165673,0.6618534624576569,205.27340260260522,214.48253799426195,201,239,193.0,229.0,17.0,19.0,201,222,0.4535841941833496,0.20058704912662506,21,0.4165385365486145,0.669535681605339,0.5430371090769768
S_139,gap,12,229,297.17133,666.3054,gap_score_smooth,0.6055577993392944,0.4049707502126694,6.793181524821534,0.40307242423295975,225.6140861136813,232.40726763850284,222,239,210.0,,19.0,0.0,222,239,0.20058704912662506,0.05368025228381157,17,0.4049707502126694,0.5518775470554829,0.4784241486340761
S_140,gap,1,30,243.38495,90.12553,gap_score_smooth,0.8414146304130554,0.13520365953445435,17.890132205746806,0.7738128006458282,26.33100505680901,44.221137262555814,11,62,,85.0,0.0,55.0,11,40,0.0008332481374964118,0.7880203723907471,29,0.840581382275559,0.05339425802230835,0.4469878201489337
S_140,gap,2,85,234.17538,255.35565,gap_score_smooth,0.9214767217636108,0.35722923278808594,22.74007495435181,0.7428621053695679,75.6470162093634,98.38709116371521,11,130,30.0,110.0,55.0,25.0,74,103,0.7308641672134399,0.6188106536865234,29,0.1906125545501709,0.3026660680770874,0.24663931131362915
S_140,gap,3,110,255.07318,330.46027,gap_score_smooth,0.8050559163093567,0.18624526262283325,5.9639243755965765,0.7119332849979401,107.0131193217087,112.97704369730528,103,130,85.0,138.0,25.0,28.0,103,117,0.6188106536865234,0.6022126078605652,14,0.18624526262283325,0.2028433084487915,0.19454428553581238
S_140,gap,4,138,298.7039,414.5774,gap_score_smooth,0.9429754614830017,0.15387296676635742,4.6949329448584365,0.866038978099823,136.0280438359864,140.72297678084485,11,145,110.0,155.0,28.0,17.0,130,145,0.5642474889755249,0.7891024947166443,15,0.3787279725074768,0.15387296676635742,0.2663004696369171
S_140,gap,5,155,314.40283,465.64853,gap_score_smooth,0.9791784882545471,0.6264027953147888,42.47539298672251,0.6659770905971527,133.23846787901846,175.71386086574097,11,199,138.0,171.0,17.0,16.0,145,166,0.7891024947166443,0.8322910070419312,21,0.19007599353790283,0.14688748121261597,0.1684817373752594
S_140,gap,6,171,316.22302,513.71545,gap_score_smooth,0.910179615020752,0.0778886079788208,3.597943238489819,0.8712353110313416,169.183259881016,172.78120311950582,166,199,155.0,189.0,16.0,18.0,166,180,0.8322910070419312,0.49417829513549805,14,0.0778886079788208,0.4160013198852539,0.24694496393203735
S_140,gap,7,189,305.35794,567.7908,gap_score_smooth,0.8580363988876343,0.36385810375213623,8.228648064257726,0.6761073470115662,185.3938487798422,193.6224968440999,180,199,171.0,208.0,18.0,19.0,180,199,0.49417829513549805,0.3527756929397583,19,0.36385810375213623,0.505260705947876,0.4345594048500061
S_140,gap,8,208,278.8879,624.8703,gap_score_smooth,0.9030851125717163,0.5117427706718445,10.774279505451176,0.6472137272357941,203.38801468102574,214.1622941864769,199,220,189.0,229.0,19.0,21.0,199,220,0.3527756929397583,0.3913423418998718,21,0.550309419631958,0.5117427706718445,0.5310260951519012
S_140,gap,9,229,253.47032,687.9581,gap_score_smooth,0.8455257415771484,0.4300154149532318,11.089473090721015,0.6305180341005325,224.06182272827795,235.15129581899896,220,239,208.0,,21.0,0.0,220,239,0.3913423418998718,0.4155103266239166,19,0.4541833996772766,0.4300154149532318,0.4420994073152542
S_141,gap,1,8,217.73558,218.28033,gap_score_smooth,0.6230848431587219,0.30375856161117554,14.9113192561345,0.47120556235313416,4.8577874234667515,19.76910667960125,0,25,,63.0,0.0,55.0,0,12,0.1871541142463684,0.551098108291626,12,0.4359307289123535,0.07198673486709595,0.25395873188972473
S_141,gap,2,63,279.73462,350.83264,gap_score_smooth,0.9379751086235046,0.3360897898674011,22.57638279686165,0.7699302136898041,46.01334265942444,68.58972545628609,0,78,8.0,112.0,55.0,49.0,57,78,0.8999509811401367,0.6018853187561035,21,0.03802412748336792,0.3360897898674011,0.18705695867538452
S_141,gap,3,112,263.41965,468.92468,gap_score_smooth,0.9928192496299744,0.805665135383606,95.42748050132435,0.5899866819381714,42.223734616518854,137.6512151178432,0,239,63.0,129.0,49.0,17.0,93,122,0.7581093311309814,0.683169960975647,29,0.23470991849899292,0.3096492886543274,0.27217960357666016
S_141,gap,4,129,224.75014,509.8954,gap_score_smooth,0.866490364074707,0.18332040309906006,6.793279287095004,0.774830162525177,125.59348601058659,132.3867652976816,122,138,112.0,147.0,17.0,18.0,122,138,0.683169960975647,0.5848865509033203,16,0.18332040309906006,0.2816038131713867,0.2324621081352234
S_141,gap,5,147,188.9596,553.2761,gap_score_smooth,0.9521545171737671,0.3672679662704468,21.55107116499181,0.7685205340385437,142.443936874914,163.9950080399058,138,239,129.0,184.0,18.0,37.0,138,158,0.5848865509033203,0.8401467204093933,20,0.3672679662704468,0.11200779676437378,0.23963788151741028
S_141,gap,6,184,166.68085,642.4477,gap_score_smooth,0.9415635466575623,0.32064056396484375,27.886188767559332,0.7812432646751404,179.3247854301863,207.21097419774563,169,239,147.0,202.0,37.0,18.0,169,190,0.6209229826927185,0.8668730854988098,21,0.32064056396484375,0.07469046115875244,0.1976655125617981
S_141,gap,7,202,178.7898,685.8284,gap_score_smooth,0.9225430488586426,0.055669963359832764,12.728952861622247,0.8947080671787262,192.3481421536712,205.07709501529345,190,239,184.0,227.0,18.0,25.0,197,215,0.9039220213890076,0.26208803057670593,18,0.01862102746963501,0.6604550182819366,0.3395380228757858
S_141,gap,8,227,199.54752,746.07947,gap_score_smooth,0.6439557671546936,0.38186773657798767,7.823636485440915,0.45302189886569977,222.19995471140948,230.0235911968504,215,239,202.0,,25.0,0.0,215,239,0.26208803057670593,0.05242553725838661,24,0.38186773657798767,0.591530229896307,0.48669898323714733
S_142,gap,1,20,156.05493,174.2385,gap_score_smooth,0.7160987257957458,0.22077617049217224,6.7228110068275875,0.6057106405496597,16.181950779854947,22.904761786682535,0,26,,45.0,0.0,25.0,13,26,0.5538204312324524,0.4953225553035736,13,0.16227829456329346,0.22077617049217224,0.19152723252773285
S_142,gap,2,45,114.49861,270.78662,gap_score_smooth,0.8362271189689636,0.45936211943626404,18.97742668521463,0.6065460592508316,41.14440619240396,60.121832877618594,0,92,20.0,71.0,25.0,26.0,39,51,0.5286834836006165,0.6208906173706055,12,0.30754363536834717,0.21533650159835815,0.26144006848335266
S_142,gap,3,71,81.462715,371.19666,gap_score_smooth,0.7742844820022583,0.39263883233070374,19.426879401132652,0.5779650658369064,68.57189603275725,87.9987754338899,65,92,45.0,98.0,26.0,27.0,65,76,0.38164564967155457,0.5924803018569946,11,0.39263883233070374,0.18180418014526367,0.2872215062379837
S_142,gap,4,98,103.21022,475.46863,gap_score_smooth,0.7693530321121216,0.2707584500312805,4.722351113508097,0.6339738070964813,95.91829697229778,100.64064808580588,92,103,71.0,123.0,27.0,25.0,92,103,0.3768649995326996,0.49859458208084106,11,0.392488032579422,0.2707584500312805,0.33162324130535126
S_142,gap,5,123,173.91687,572.0167,gap_score_smooth,0.9881800413131714,0.8548716753721237,43.3333447770287,0.5607442036271095,105.109406503182,148.4427512802107,0,198,98.0,142.0,25.0,19.0,117,133,0.8874289989471436,0.5873737931251526,16,0.10075104236602783,0.4008062481880188,0.2507786452770233
S_142,gap,6,142,215.6121,645.3933,gap_score_smooth,0.9290900230407715,0.3417162299156189,10.604214577456332,0.758231908082962,136.14804496654548,146.75225954400182,133,198,123.0,160.0,19.0,18.0,133,151,0.5873737931251526,0.3520760238170624,18,0.3417162299156189,0.5770139992237091,0.459365114569664
S_142,gap,7,160,249.47331,714.90796,gap_score_smooth,0.9219128489494324,0.56983682513237,12.770777419168155,0.6369944363832474,154.82002977877258,167.59080719794073,151,198,142.0,181.0,18.0,21.0,151,173,0.3520760238170624,0.17290908098220825,22,0.56983682513237,0.7490037679672241,0.6594202965497971
S_142,gap,8,181,264.46365,796.00836,gap_score_smooth,0.8061603903770447,0.6332513093948364,15.230077273009442,0.48953473567962646,177.1500044221116,192.38008169512105,173,198,160.0,208.0,21.0,27.0,173,186,0.17290908098220825,0.774783730506897,13,0.6332513093948364,0.031376659870147705,0.33231398463249207
S_142,gap,9,208,264.97397,900.28033,gap_score_smooth,0.8541268110275269,0.6026515066623688,14.669044168414871,0.5528010576963425,203.51426451091842,218.1833086793333,198,239,181.0,231.0,27.0,23.0,198,223,0.08576595783233643,0.3095702528953552,25,0.7683608531951904,0.5445565581321716,0.656458705663681
S_142,gap,10,231,241.53848,989.1046,gap_score_smooth,0.6796693801879883,0.37009912729263306,8.091707869250882,0.49461981654167175,227.1869957962166,235.27870366546748,223,239,208.0,,23.0,0.0,223,239,0.3095702528953552,0.2514753043651581,16,0.37009912729263306,0.4281940758228302,0.39914660155773163
S_143,gap,1,10,270.1642,66.17155,gap_score_smooth,0.6982437372207642,0.12893205881118774,5.121454769810967,0.6337777078151703,8.09674601694285,13.218200786753817,0,24,,92.0,0.0,82.0,0,24,0.10094963014125824,0.5693116784095764,24,0.5972941070795059,0.12893205881118774,0.36311308294534683
S_143,gap,2,92,165.17995,239.77824,gap_score_smooth,0.9921203851699829,0.8911707550287247,198.6683542739278,0.5465350076556206,6.891092762506695,205.5594470364345,0,239,10.0,126.0,82.0,34.0,49,101,0.7190463542938232,0.9216151833534241,52,0.27307403087615967,0.07050520181655884,0.17178961634635925
S_143,gap,3,126,122.00222,311.7615,gap_score_smooth,0.9816436767578125,0.06002849340438843,23.033349485466545,0.9516294300556183,106.35445604411808,129.38780552958463,101,239,92.0,158.0,34.0,32.0,118,144,0.9537947177886963,0.8546067476272583,26,0.02784895896911621,0.1270369291305542,0.0774429440498352
S_143,gap,4,158,130.33356,379.51047,gap_score_smooth,0.9384765625,0.0838698148727417,20.165704688777367,0.8965416550636292,147.2463264953777,167.41203118415507,144,239,126.0,183.0,32.0,25.0,144,173,0.8546067476272583,0.8705664277076721,29,0.0838698148727417,0.06791013479232788,0.07588997483253479
S_143,gap,5,183,180.98772,432.43933,gap_score_smooth,0.9196245670318604,0.04905813932418823,7.374338103604089,0.8950954973697662,178.7903285587429,186.164666662347,173,239,158.0,222.0,25.0,39.0,173,188,0.8705664277076721,0.8857589960098267,15,0.04905813932418823,0.03386557102203369,0.04146185517311096
S_143,gap,6,222,250.7814,515.00836,gap_score_smooth,0.7514225840568542,0.43612322211265564,15.207271202584622,0.5333609730005264,215.5167647305513,230.72403593313592,210,239,183.0,,39.0,0.0,210,239,0.3152993619441986,0.05705913156270981,29,0.43612322211265564,0.6943634524941444,0.5652433373034
S_144,gap,1,9,246.5231,112.35565,gap_score_smooth,0.756719708442688,0.30437570810317993,16.82381048490916,0.604531854391098,5.6321062911516995,22.45591677606086,0,27,,47.0,0.0,38.0,0,13,0.09516030550003052,0.6805320978164673,13,0.6615594029426575,0.0761876106262207,0.3688735067844391
S_144,gap,2,47,195.19373,232.0795,gap_score_smooth,0.776505172252655,0.20730525255203247,5.2928786079452195,0.6728525459766388,44.89292354711364,50.18580215505886,0,55,9.0,62.0,38.0,15.0,41,55,0.529991865158081,0.5691999197006226,14,0.24651330709457397,0.20730525255203247,0.22690927982330322
S_144,gap,3,62,184.81577,279.3389,gap_score_smooth,0.8221148252487183,0.36184602975845337,6.927641164136659,0.6411918103694916,58.017707408277246,64.9453485724139,0,82,47.0,76.0,15.0,14.0,55,71,0.5691999197006226,0.5400164127349854,16,0.2529149055480957,0.2820984125137329,0.2675066590309143
S_144,gap,4,76,178.93488,323.4477,gap_score_smooth,0.7360652685165405,0.19604885578155518,4.134324277930929,0.6380408406257629,73.88822248453272,78.02254676246365,71,82,62.0,92.0,14.0,16.0,71,82,0.5400164127349854,0.4602687954902649,11,0.19604885578155518,0.27579647302627563,0.2359226644039154
S_144,gap,5,92,180.276,373.85773,gap_score_smooth,0.8441124558448792,0.4869146943092346,6.794643210709566,0.6006551086902618,88.06169856947747,94.85634178018704,0,99,76.0,107.0,16.0,15.0,82,99,0.4602687954902649,0.35719776153564453,17,0.38384366035461426,0.4869146943092346,0.43537917733192444
S_144,gap,6,107,199.1234,421.11716,gap_score_smooth,0.8584771752357483,0.5975663959980011,8.613691472597623,0.5596939772367477,102.47561210166373,111.08930357426135,0,115,92.0,123.0,15.0,16.0,99,115,0.35719776153564453,0.2609107792377472,16,0.5012794137001038,0.5975663959980011,0.5494229048490524
S_144,gap,7,123,228.75471,471.5272,gap_score_smooth,0.947780191898346,0.7400286197662354,8.842349718043224,0.5777658820152283,118.46145112613728,127.3038008441805,0,131,107.0,141.0,16.0,18.0,115,131,0.2609107792377472,0.2077515721321106,16,0.6868694126605988,0.7400286197662354,0.713449016213417
S_144,gap,8,141,259.85397,528.23846,gap_score_smooth,0.9927734732627869,0.8556977063417435,11.87431273702748,0.5649246200919151,135.30555910749635,147.17987184452383,0,239,123.0,160.0,18.0,19.0,131,150,0.2077515721321106,0.284292995929718,19,0.7850219011306763,0.7084804773330688,0.7467511892318726
S_144,gap,9,160,294.73822,588.1004,gap_score_smooth,0.9548971056938171,0.6706041097640991,12.069394455037354,0.6195950508117676,154.1755448670047,166.24493932204206,150,239,141.0,179.0,19.0,19.0,150,170,0.284292995929718,0.3048541247844696,20,0.6706041097640991,0.6500429809093475,0.6603235453367233
S_144,gap,10,179,323.78964,647.96234,gap_score_smooth,0.8939638137817383,0.5891096889972687,17.431111515085234,0.5994089692831039,174.27765455405944,191.70876606914467,170,239,160.0,203.0,19.0,24.0,170,194,0.3048541247844696,0.5286076068878174,24,0.5891096889972687,0.3653562068939209,0.4772329479455948
S_144,gap,11,203,342.505,723.5774,gap_score_smooth,0.887789785861969,0.3591821789741516,10.411595260508648,0.7081986963748932,197.70931795237118,208.12091321287983,194,239,179.0,226.0,24.0,23.0,194,215,0.5286076068878174,0.3670779764652252,21,0.3591821789741516,0.5207118093967438,0.4399469941854477
S_144,gap,12,226,346.23,796.0419,gap_score_smooth,0.7576629519462585,0.3905849754810333,13.53457858945066,0.5623704642057419,220.44175213605652,233.97633072550718,215,239,203.0,,23.0,0.0,215,228,0.3670779764652252,0.7571855783462524,13,0.3905849754810333,0.0004773736000061035,0.19553117454051971
S_145,gap,1,8,261.12894,95.9205,gap_score_smooth,0.44464561343193054,0.036451637744903564,2.4727047253065546,0.42641979455947876,7.1262947205403755,9.59899944584693,0,11,,30.0,0.0,22.0,0,11,0.05114983767271042,0.408193975687027,11,0.3934957757592201,0.036451637744903564,0.21497370675206184
S_145,gap,2,30,253.2236,153.45189,gap_score_smooth,0.795616090297699,0.15766292810440063,8.367045890649486,0.7167846262454987,25.64186440980326,34.00891030045275,0,37,8.0,68.0,22.0,38.0,20,37,0.5725874900817871,0.6379531621932983,17,0.22302860021591187,0.15766292810440063,0.19034576416015625
S_145,gap,3,68,209.42499,252.82426,gap_score_smooth,0.9436438679695129,0.28349488973617554,19.71571275112145,0.8018964231014252,58.56526351092129,78.28097626204274,0,105,30.0,93.0,38.0,25.0,55,70,0.7538428902626038,0.9355182647705078,15,0.18980097770690918,0.008125603199005127,0.09896329045295715
S_145,gap,4,93,152.54318,318.20084,gap_score_smooth,0.7115079164505005,0.05110591650009155,4.801635376398124,0.6859549582004547,90.86516985252817,95.6668052289263,88,105,68.0,126.0,25.0,33.0,88,97,0.6604019999504089,0.6757643222808838,9,0.05110591650009155,0.0357435941696167,0.043424755334854126
S_145,gap,5,126,159.9299,404.4979,gap_score_smooth,0.9928461909294128,0.8132307529449463,177.20494627708766,0.5862308144569397,22.045170171738928,199.2501164488266,0,226,93.0,146.0,33.0,20.0,105,140,0.6601489782333374,0.9152880311012268,35,0.33269721269607544,0.07755815982818604,0.20512768626213074
S_145,gap,6,146,196.07999,456.79916,gap_score_smooth,0.9756454825401306,0.06035745143890381,5.891168320674723,0.9454667568206787,143.1030902458315,148.99425856650623,140,226,126.0,164.0,20.0,18.0,140,154,0.9152880311012268,0.8833937644958496,14,0.06035745143890381,0.092251718044281,0.07630458474159241
S_145,gap,7,164,226.37286,503.8703,gap_score_smooth,0.9296071529388428,0.046213388442993164,5.462313672724719,0.9065004587173462,160.61055946927132,166.07287314199604,154,226,146.0,195.0,18.0,31.0,154,171,0.8833937644958496,0.8054874539375305,17,0.046213388442993164,0.12411969900131226,0.08516654372215271
S_145,gap,8,195,272.16388,584.93726,gap_score_smooth,0.7953335046768188,0.19012540578842163,5.177622098365191,0.700270801782608,192.16021851668853,197.33784061505372,189,226,164.0,213.0,31.0,18.0,189,202,0.6052080988883972,0.5392867922782898,13,0.19012540578842163,0.25604671239852905,0.22308605909347534
S_145,gap,9,213,274.3652,632.00836,gap_score_smooth,0.7431953549385071,0.20743435621261597,4.8093191423445205,0.6394781768321991,210.78800385602187,215.5973229983664,207,226,195.0,233.0,18.0,20.0,207,226,0.5357609987258911,0.17961543798446655,19,0.20743435621261597,0.5635799169540405,0.38550713658332825
S_145,gap,10,233,266.84363,684.30963,gap_score_smooth,0.481514036655426,0.2949860244989395,5.8018567761034205,0.33402102440595627,230.14244487759655,235.94430165369997,226,239,213.0,,20.0,0.0,226,239,0.17961543798446655,0.1865280121564865,13,0.3018985986709595,0.2949860244989395,0.2984423115849495
S_146,gap,1,23,237.55968,143.66109,gap_score_smooth,0.6822943091392517,0.13252878189086914,6.164507009628579,0.6160299181938171,19.831203463965064,25.995710473593643,0,29,,45.0,0.0,22.0,16,29,0.4445866048336029,0.5497655272483826,13,0.2377077043056488,0.13252878189086914,0.18511824309825897
S_146,gap,2,45,228.70174,195.9456,gap_score_smooth,0.7337799668312073,0.06525212526321411,4.648146606741669,0.7011539041996002,42.498418361301944,47.14656496804361,0,57,23.0,66.0,22.0,21.0,38,51,0.5962574481964111,0.6743649244308472,13,0.13752251863479614,0.05941504240036011,0.09846878051757812
S_146,gap,3,66,199.15543,245.85356,gap_score_smooth,0.8733090162277222,0.15592533349990845,11.457245962089473,0.7953463494777679,62.043442167986285,73.50068813007576,0,106,45.0,97.0,21.0,31.0,57,80,0.6685278415679932,0.7441673874855042,23,0.204781174659729,0.12914162874221802,0.1669614017009735
S_146,gap,4,97,158.85266,319.5272,gap_score_smooth,0.8417962789535522,0.10561645030975342,8.46325758066834,0.7889880537986755,93.60574764779085,102.06900522845919,90,106,66.0,146.0,31.0,49.0,90,106,0.7361798286437988,0.7173836827278137,16,0.10561645030975342,0.12441259622573853,0.11501452326774597
S_146,gap,5,146,173.43353,435.97906,gap_score_smooth,0.9001771211624146,0.32418471574783325,33.63335052624724,0.7380847632884979,116.57702394952493,150.21037447577217,0,154,97.0,163.0,49.0,17.0,139,154,0.8317649364471436,0.5759924054145813,15,0.068412184715271,0.32418471574783325,0.19629845023155212
S_146,gap,6,163,198.27873,476.38077,gap_score_smooth,0.9644068479537964,0.8307627141475677,181.0676351318068,0.5490254908800125,18.592799896094725,199.66043502790154,0,239,146.0,192.0,17.0,29.0,154,170,0.5759924054145813,0.6728823781013489,16,0.3884144425392151,0.2915244698524475,0.3399694561958313
S_146,gap,7,192,250.21419,545.3013,gap_score_smooth,0.9131047129631042,0.28149980306625366,7.223041551077074,0.7723548114299774,188.1593576364955,195.3823991875726,184,239,163.0,210.0,29.0,18.0,184,202,0.6316049098968506,0.49367526173591614,18,0.28149980306625366,0.4194294512271881,0.3504646271467209
S_146,gap,8,210,270.47498,588.07947,gap_score_smooth,0.8778858184814453,0.3842105567455292,6.759558913238408,0.6857805401086807,206.7644175148192,213.5239764280576,202,239,192.0,229.0,18.0,19.0,202,224,0.49367526173591614,0.3705596923828125,22,0.3842105567455292,0.5073261260986328,0.445768341422081
S_146,gap,9,229,276.3011,633.2343,gap_score_smooth,0.5655651092529297,0.1950054168701172,4.870741519082202,0.4680624008178711,226.79098053380332,231.66172205288552,224,239,210.0,,19.0,0.0,224,239,0.3705596923828125,0.048565737903118134,15,0.1950054168701172,0.5169993713498116,0.35600239410996437
S_147,gap,1,42,245.47179,151.92468,gap_score_smooth,0.7198231220245361,0.10544860363006592,5.935672125646427,0.6670988202095032,39.22987665484138,45.1655487804878,0,48,,69.0,0.0,27.0,37,48,0.6096307039260864,0.6143745183944702,11,0.11019241809844971,0.10544860363006592,0.10782051086425781
S_147,gap,2,69,204.80025,217.4477,gap_score_smooth,0.868647038936615,0.3467584252357483,23.826649288099937,0.6952678263187408,57.51504236144839,81.34169164954832,0,86,42.0,113.0,27.0,44.0,48,86,0.6143745183944702,0.5218886137008667,38,0.2542725205421448,0.3467584252357483,0.30051547288894653
S_147,gap,3,113,196.17665,324.22595,gap_score_smooth,0.5784890651702881,0.037434518337249756,17.064176694970172,0.5597718060016632,98.21301494646045,115.27719164143062,86,118,69.0,127.0,44.0,14.0,110,118,0.5646915435791016,0.5410545468330383,8,0.013797521591186523,0.037434518337249756,0.02561601996421814
S_147,gap,4,127,213.46304,358.20084,gap_score_smooth,0.7594050765037537,0.13336658477783203,5.5875574090047735,0.6927217841148376,124.09502078744183,129.6825781964466,86,133,113.0,154.0,14.0,27.0,118,133,0.5410545468330383,0.6260384917259216,15,0.21835052967071533,0.13336658477783203,0.17585855722427368
S_147,gap,5,154,255.52023,423.72385,gap_score_smooth,0.8780409693717957,0.31221622228622437,10.349185313908436,0.7219328582286835,150.09358876080805,160.44277407471648,0,165,127.0,171.0,27.0,17.0,148,165,0.6745685935020447,0.5658247470855713,17,0.20347237586975098,0.31221622228622437,0.25784429907798767
S_147,gap,6,171,275.5855,464.97906,gap_score_smooth,0.7887667417526245,0.07911878824234009,3.288547936306969,0.7492073476314545,169.59123999885222,172.8797879351592,165,175,154.0,188.0,17.0,17.0,165,175,0.5658247470855713,0.7096479535102844,10,0.22294199466705322,0.07911878824234009,0.15103039145469666
S_147,gap,7,188,275.63794,506.2343,gap_score_smooth,0.8964885473251343,0.7080836594104767,91.54254247475467,0.5424467176198959,118.3112365913785,209.85377906613317,0,239,171.0,205.0,17.0,17.0,175,199,0.7096479535102844,0.659173846244812,24,0.18684059381484985,0.23731470108032227,0.21207764744758606
S_147,gap,8,205,262.72388,547.48956,gap_score_smooth,0.8478304147720337,0.18865656852722168,4.824227991138287,0.7535021305084229,202.60216749452917,207.42639548566746,199,239,188.0,229.0,17.0,24.0,199,216,0.659173846244812,0.19364981353282928,17,0.18865656852722168,0.6541806012392044,0.42141858488321304
S_147,gap,9,229,240.87697,605.73224,gap_score_smooth,0.8181760907173157,0.6245262771844864,11.614196750772948,0.5059129521250725,222.54790772457105,234.162104475344,216,239,205.0,,24.0,0.0,216,239,0.19364981353282928,0.1884048879146576,23,0.6245262771844864,0.6297712028026581,0.6271487399935722
S_148,gap,1,17,188.92587,146.96234,gap_score_smooth,0.6557813882827759,0.15116167068481445,8.5373558948187,0.5802005529403687,12.640761418885193,21.178117313703893,0,41,,59.0,0.0,42.0,0,23,0.0855228379368782,0.5493494272232056,23,0.5702585503458977,0.10643196105957031,0.338345255702734
S_148,gap,2,59,117.976746,253.1046,gap_score_smooth,0.823276937007904,0.3305821716785431,17.996017603472282,0.6579858511686325,48.96037433384237,66.95639193731465,0,81,17.0,95.0,42.0,36.0,41,81,0.5046197175979614,0.49269476532936096,40,0.3186572194099426,0.3305821716785431,0.32461969554424286
S_148,gap,3,95,92.38259,344.08368,gap_score_smooth,0.7303988933563232,0.16094344854354858,6.58744503008748,0.649927169084549,92.08025778440364,98.66770281449112,81,116,59.0,110.0,36.0,15.0,81,105,0.49269476532936096,0.6259090900421143,24,0.23770412802696228,0.10448980331420898,0.17109696567058563
S_148,gap,4,110,102.782455,381.99164,gap_score_smooth,0.694765567779541,0.06885647773742676,3.75567623775693,0.6603373289108276,108.0221084543367,111.77778469209363,105,116,95.0,127.0,15.0,17.0,105,116,0.6259090900421143,0.5694554448127747,11,0.06885647773742676,0.12531012296676636,0.09708330035209656
S_148,gap,5,127,114.4279,424.95398,gap_score_smooth,0.8963795900344849,0.1897953748703003,5.01594122937361,0.8014819025993347,124.8869456670955,129.9028868964691,0,138,110.0,146.0,17.0,19.0,116,138,0.5694554448127747,0.7065842151641846,22,0.3269241452217102,0.1897953748703003,0.25835976004600525
S_148,gap,6,146,121.33517,472.9707,gap_score_smooth,0.9744579792022705,0.8889351412653923,129.06586514511127,0.5299904085695744,84.1096408898891,213.17550603500038,0,239,127.0,166.0,19.0,20.0,138,160,0.7065842151641846,0.5897926092147827,22,0.26787376403808594,0.3846653699874878,0.32626956701278687
S_148,gap,7,166,123.63261,523.51465,gap_score_smooth,0.7928692102432251,0.13631069660186768,4.596801265497504,0.7247138619422913,164.24115948198272,168.83796074748022,160,173,146.0,186.0,20.0,20.0,160,173,0.5897926092147827,0.6565585136413574,13,0.20307660102844238,0.13631069660186768,0.16969364881515503
S_148,gap,8,186,118.750786,574.0586,gap_score_smooth,0.9026671648025513,0.31287455558776855,9.090579686226874,0.746229887008667,181.92962715078502,191.0202068370119,160,239,166.0,208.0,20.0,22.0,177,200,0.6575778722763062,0.602515697479248,23,0.24508929252624512,0.3001514673233032,0.27262037992477417
S_148,gap,9,208,110.28351,629.6569,gap_score_smooth,0.8355789184570312,0.2330632209777832,6.363519594112233,0.7190473079681396,204.2399672517946,210.60348684590684,200,239,186.0,229.0,22.0,21.0,200,221,0.602515697479248,0.40857869386672974,21,0.2330632209777832,0.4270002245903015,0.33003172278404236
S_148,gap,10,229,101.276924,682.728,gap_score_smooth,0.6896319389343262,0.28105324506759644,6.448939674675302,0.549105316400528,225.26447855836452,231.71341823303982,221,239,208.0,,21.0,0.0,221,239,0.40857869386672974,0.06837240606546402,18,0.28105324506759644,0.6212595328688622,0.4511563889682293
S_149,gap,1,28,235.27399,84.11716,gap_score_smooth,0.7270526885986328,0.11742937564849854,12.500315154704712,0.6683380007743835,25.599844426045617,38.10015958075033,11,43,,50.0,0.0,22.0,11,32,0.00036662002094089985,0.7084413766860962,21,0.7266860685776919,0.01861131191253662,0.37264869024511427
S_149,gap,2,50,218.20401,150.2092,gap_score_smooth,0.6794267296791077,0.0507771372795105,5.37019900922985,0.6540381610393524,47.505335957371756,52.875534966601606,43,57,28.0,77.0,22.0,27.0,43,57,0.6096233129501343,0.6286495923995972,14,0.06980341672897339,0.0507771372795105,0.06029027700424194
S_149,gap,3,77,217.40155,231.32217,gap_score_smooth,0.8255767226219177,0.15398550033569336,6.845595618947115,0.748583972454071,72.94200936022617,79.78760497917328,11,86,50.0,92.0,27.0,15.0,68,86,0.7163979411125183,0.6715912222862244,18,0.10917878150939941,0.15398550033569336,0.1315821409225464
S_149,gap,4,92,224.77538,276.38495,gap_score_smooth,0.787211000919342,0.08782792091369629,4.167427411337641,0.7432970404624939,89.55725989079038,93.72468730212802,86,96,77.0,106.0,15.0,14.0,86,96,0.6715912222862244,0.6993830800056458,10,0.11561977863311768,0.08782792091369629,0.10172384977340698
S_149,gap,5,106,240.64316,318.4435,gap_score_smooth,0.9477887153625488,0.4106270670890808,25.626286421788933,0.7424751818180084,99.39120248984533,125.01748891163426,11,130,92.0,121.0,14.0,15.0,96,112,0.6993830800056458,0.8056549429893494,16,0.24840563535690308,0.14213377237319946,0.19526970386505127
S_149,gap,6,121,256.74518,363.5063,gap_score_smooth,0.914716362953186,0.10906141996383667,5.5844624932651925,0.8601856529712677,117.40821654833142,122.99267904159662,112,130,106.0,138.0,15.0,17.0,112,130,0.8056549429893494,0.537161648273468,18,0.10906141996383667,0.377554714679718,0.24330806732177734
S_149,gap,7,138,279.73373,414.5774,gap_score_smooth,0.9559497833251953,0.3919394612312317,8.081601954656804,0.7599800527095795,134.29556273610166,142.37716469075846,11,148,121.0,156.0,17.0,18.0,130,148,0.537161648273468,0.5640103220939636,18,0.4187881350517273,0.3919394612312317,0.4053637981414795
S_149,gap,8,156,298.27222,468.6527,gap_score_smooth,0.9733819365501404,0.5838704705238342,31.091286044178048,0.6814467012882233,151.16747107653595,182.258757120714,11,208,138.0,175.0,18.0,19.0,148,168,0.5640103220939636,0.6944791674613953,20,0.40937161445617676,0.2789027690887451,0.34413719177246094
S_149,gap,9,175,302.89514,525.73224,gap_score_smooth,0.8966586589813232,0.20217949151992798,8.054453320781079,0.7955689132213593,171.41927891347817,179.47373223425924,168,183,156.0,195.0,19.0,20.0,168,183,0.6944791674613953,0.672496497631073,15,0.20217949151992798,0.22416216135025024,0.2131708264350891
S_149,gap,10,195,299.35764,585.8159,gap_score_smooth,0.9157121181488037,0.2432156205177307,7.689450272962063,0.7941043078899384,191.56111570388185,199.25056597684392,183,208,175.0,217.0,20.0,22.0,183,208,0.672496497631073,0.38951146602630615,25,0.2432156205177307,0.5262006521224976,0.38470813632011414
S_149,gap,11,217,291.74677,651.90796,gap_score_smooth,0.8752452731132507,0.48475396633148193,21.674992160385727,0.6328682899475098,213.0491855186281,234.72417767901382,208,239,195.0,232.0,22.0,15.0,208,228,0.38951146602630615,0.6730055212974548,20,0.4857338070869446,0.2022397518157959,0.34398677945137024
S_149,gap,12,232,287.11847,696.9707,gap_score_smooth,0.7196546792984009,0.046649158000946045,2.9909850560105156,0.6963301002979279,230.54024796635082,233.53123302236133,228,239,217.0,,15.0,0.0,228,239,0.6730055212974548,0.3904913067817688,11,0.046649158000946045,0.3291633725166321,0.18790626525878906
S_150,gap,1,41,206.03513,174.34727,gap_score_smooth,0.8024457693099976,0.2546510100364685,6.460394393102128,0.6751202642917633,37.16480459583169,43.62519898893382,15,47,,66.0,0.0,25.0,34,47,0.5887451767921448,0.547794759273529,13,0.21370059251785278,0.2546510100364685,0.23417580127716064
S_150,gap,2,66,185.22455,278.21756,gap_score_smooth,0.8838001489639282,0.18345338106155396,8.307737298328526,0.7920734584331512,60.78675273950309,69.09449003783162,15,72,41.0,80.0,25.0,14.0,60,72,0.7881834506988525,0.7003467679023743,12,0.09561669826507568,0.18345338106155396,0.13953503966331482
S_150,gap,3,80,192.90248,336.38495,gap_score_smooth,0.9229585528373718,0.41875505447387695,9.652047200942192,0.7135810256004333,73.6419740583808,83.29402125932299,15,87,66.0,107.0,14.0,27.0,72,87,0.7003467679023743,0.5042034983634949,15,0.22261178493499756,0.41875505447387695,0.32068341970443726
S_150,gap,4,107,242.8688,448.56485,gap_score_smooth,0.9514877796173096,0.3556307554244995,8.186738291703293,0.7736724019050598,103.09521167612833,111.28194996783162,15,127,80.0,134.0,27.0,27.0,100,114,0.6025113463401794,0.6311116814613342,14,0.3489764332771301,0.32037609815597534,0.33467626571655273
S_150,gap,5,134,321.14197,560.74475,gap_score_smooth,0.9865357875823975,0.6709687113761902,11.520015531332803,0.6510514318943024,128.32052828204442,139.84054381337722,15,198,107.0,150.0,27.0,16.0,127,141,0.5958570241928101,0.5917959213256836,14,0.3906787633895874,0.39473986625671387,0.39270931482315063
S_150,gap,6,150,363.2253,627.22174,gap_score_smooth,0.9782113432884216,0.38641542196273804,13.045858343555125,0.7850036323070526,144.6974514540319,157.74330979758702,141,198,134.0,166.0,16.0,16.0,141,158,0.5917959213256836,0.781328558921814,17,0.38641542196273804,0.19688278436660767,0.29164910316467285
S_150,gap,7,166,383.95007,693.6987,gap_score_smooth,0.9582234621047974,0.1768949031829834,9.65187332434698,0.8697760105133057,162.25447562611643,171.9063489504634,158,198,150.0,188.0,16.0,22.0,158,179,0.781328558921814,0.4582577645778656,21,0.1768949031829834,0.49996569752693176,0.3384303003549576
S_150,gap,8,188,392.96262,785.1046,gap_score_smooth,0.9100872278213501,0.4518294632434845,9.81306988374854,0.6841724961996078,183.15772412913057,192.9707940128791,179,198,166.0,209.0,22.0,21.0,179,198,0.4582577645778656,0.3155670762062073,19,0.4518294632434845,0.5945201516151428,0.5231748074293137
S_150,gap,9,209,381.4492,872.35565,gap_score_smooth,0.9310775399208069,0.47286635637283325,13.5840034819837,0.6946443617343903,203.30573123139337,216.88973471337707,198,239,188.0,231.0,21.0,22.0,198,221,0.3155670762062073,0.47930729389190674,23,0.6155104637145996,0.45177024602890015,0.5336403548717499
S_150,gap,10,231,354.20297,963.76154,gap_score_smooth,0.8354459404945374,0.3561386466026306,11.643149474224998,0.657376617193222,224.26776477357538,235.91091424780038,221,239,209.0,,22.0,0.0,221,239,0.47930729389190674,0.45821118354797363,18,0.3561386466026306,0.3772347569465637,0.36668670177459717
S_151,gap,1,51,172.22871,188.26778,gap_score_smooth,0.8520599603652954,0.14492732286453247,29.247825391316624,0.7795962989330292,28.829698962841036,58.07752435415766,16,72,,66.0,0.0,15.0,46,60,0.8280647993087769,0.7656806111335754,14,0.023995161056518555,0.08637934923171997,0.05518725514411926
S_151,gap,2,66,147.17316,234.52301,gap_score_smooth,0.823576807975769,0.057896196842193604,4.368736533056527,0.7946287095546722,63.426253439367635,67.79498997242416,60,72,51.0,82.0,15.0,16.0,60,72,0.7656806111335754,0.7071326375007629,12,0.057896196842193604,0.1164441704750061,0.08717018365859985
S_151,gap,3,82,134.34871,283.86194,gap_score_smooth,0.8978667259216309,0.28036314249038696,19.288636094960992,0.7576851546764374,76.55286370199644,95.84149979695744,16,129,66.0,107.0,16.0,25.0,72,99,0.7071326375007629,0.7012691497802734,27,0.19073408842086792,0.19659757614135742,0.19366583228111267
S_151,gap,4,107,145.09178,360.95398,gap_score_smooth,0.8706355094909668,0.16936635971069336,6.1829320115235475,0.7859523296356201,103.9319910379464,110.11492304946995,99,129,82.0,122.0,25.0,15.0,99,114,0.7012691497802734,0.631195068359375,15,0.16936635971069336,0.2394404411315918,0.20440340042114258
S_151,gap,5,122,169.95364,407.2092,gap_score_smooth,0.8554161190986633,0.22422105073928833,6.684248699787744,0.7433055937290192,118.36055078100813,125.04479948079587,114,129,107.0,137.0,15.0,15.0,114,129,0.631195068359375,0.6175035834312439,15,0.22422105073928833,0.23791253566741943,0.23106679320335388
S_151,gap,6,137,198.90424,453.46445,gap_score_smooth,0.9712602496147156,0.6730881333351135,63.79983860486027,0.6347161829471588,130.17679372978264,193.97663233464291,16,239,122.0,158.0,15.0,21.0,129,146,0.6175035834312439,0.8217934370040894,17,0.3537566661834717,0.14946681261062622,0.25161173939704895
S_151,gap,7,158,226.74068,518.22174,gap_score_smooth,0.9712542295455933,0.1494607925415039,21.062606092868037,0.8965238332748413,149.9215811409476,170.98418723381565,146,239,137.0,188.0,21.0,30.0,146,164,0.8217934370040894,0.9402462244033813,18,0.1494607925415039,0.031008005142211914,0.09023439884185791
S_151,gap,8,188,235.76575,610.73224,gap_score_smooth,0.9475870132446289,0.24566853046417236,7.2156357302836795,0.8247527480125427,183.83470311895772,191.0503388492414,176,239,158.0,205.0,30.0,17.0,176,196,0.7019184827804565,0.577103316783905,20,0.24566853046417236,0.3704836964607239,0.3080761134624481
S_151,gap,9,205,211.47916,663.1548,gap_score_smooth,0.9059573411941528,0.3288540244102478,8.541438868860922,0.7415303289890289,200.65999828376104,209.20143715262196,196,239,188.0,226.0,17.0,21.0,196,215,0.577103316783905,0.36856645345687866,19,0.3288540244102478,0.5373908877372742,0.433122456073761
S_151,gap,10,226,180.79857,727.9121,gap_score_smooth,0.8144495487213135,0.4458830952644348,13.967727680120248,0.5915080010890961,219.96400770858526,233.9317353887055,215,239,205.0,,21.0,0.0,215,239,0.36856645345687866,0.29817211627960205,24,0.4458830952644348,0.5162774324417114,0.4810802638530731
S_152,gap,1,12,194.05315,241.45607,gap_score_smooth,0.749782145023346,0.23487073183059692,18.77575731388117,0.6323467791080475,7.569304596748463,26.34506191062963,0,53,,44.0,0.0,32.0,0,15,0.15804648399353027,0.7482507824897766,15,0.5917356610298157,0.001531362533569336,0.2966335117816925
S_152,gap,2,44,178.68053,309.3389,gap_score_smooth,0.6179266571998596,0.04562675952911377,5.618381350491404,0.5951132774353027,40.90265271355561,46.521034064047015,35,53,12.0,94.0,32.0,50.0,35,53,0.5722998976707458,0.514911413192749,18,0.04562675952911377,0.1030152440071106,0.07432100176811218
S_152,gap,3,94,143.42206,415.40585,gap_score_smooth,0.9486881494522095,0.0663900375366211,10.279147520439395,0.9154931306838989,90.46760272585314,100.74675024629254,0,105,44.0,113.0,50.0,19.0,53,105,0.514911413192749,0.8822981119155884,52,0.43377673625946045,0.0663900375366211,0.25008338689804077
S_152,gap,4,113,164.11096,455.7113,gap_score_smooth,0.9907996654510498,0.8327531814575195,132.4387773217263,0.57442307472229,63.26993580066688,195.70871312239316,0,239,94.0,145.0,19.0,32.0,105,120,0.8822981119155884,0.9321615695953369,15,0.10850155353546143,0.05863809585571289,0.08356982469558716
S_152,gap,5,145,204.59586,523.5941,gap_score_smooth,0.9137348532676697,0.23844343423843384,35.501236788701846,0.7945131361484528,138.36546386306003,173.86670065176187,133,239,113.0,190.0,32.0,45.0,133,152,0.6752914190292358,0.8679356575012207,19,0.23844343423843384,0.045799195766448975,0.1421213150024414
S_152,gap,6,190,192.57657,619.0544,gap_score_smooth,0.6918764114379883,0.07689261436462402,8.558396098875022,0.6534301042556763,184.81930679104056,193.37770288991558,180,200,145.0,209.0,45.0,19.0,180,200,0.6149837970733643,0.47607702016830444,20,0.07689261436462402,0.21579939126968384,0.14634600281715393
S_152,gap,7,209,172.69962,659.3598,gap_score_smooth,0.807883083820343,0.3318060636520386,8.177292398684074,0.6419800519943237,204.61080876857395,212.78810116725802,200,239,190.0,227.0,19.0,18.0,200,220,0.47607702016830444,0.45780542492866516,20,0.3318060636520386,0.35007765889167786,0.3409418612718582
S_152,gap,8,227,153.19405,697.54395,gap_score_smooth,0.5841821432113647,0.12637671828269958,5.906564709776603,0.520993784070015,223.50579761273056,229.41236232250716,220,239,209.0,,18.0,0.0,220,239,0.45780542492866516,0.044706545770168304,19,0.12637671828269958,0.5394755974411964,0.332926157861948
S_153,gap,1,33,236.45457,256.4226,gap_score_smooth,0.8831798434257507,0.2787034511566162,24.18436734245094,0.7438281178474426,14.26047879115198,38.44484613360292,0,46,,70.0,0.0,37.0,19,46,0.7838706970214844,0.6044763922691345,27,0.09930914640426636,0.2787034511566162,0.18900629878044128
S_153,gap,2,70,218.58734,339.86612,gap_score_smooth,0.9920399188995361,0.8376841992139816,223.99477248169435,0.5731978192925453,7.029675535804759,231.0244480174991,0,239,33.0,112.0,37.0,42.0,46,79,0.6044763922691345,0.9510548114776611,33,0.3875635266304016,0.040985107421875,0.2142743170261383
S_153,gap,3,112,226.6957,434.5858,gap_score_smooth,0.9618453979492188,0.17359912395477295,17.523205610725114,0.8750458359718323,105.15958223114112,122.68278784186623,102,239,70.0,139.0,42.0,27.0,102,131,0.7882462739944458,0.7925190925598145,29,0.17359912395477295,0.1693263053894043,0.17146271467208862
S_153,gap,4,139,264.25137,495.477,gap_score_smooth,0.9482117295265198,0.15569263696670532,15.490415693344858,0.8703654110431671,135.26664198666455,150.7570576800094,131,202,112.0,167.0,27.0,28.0,131,145,0.7925190925598145,0.912617564201355,14,0.15569263696670532,0.035594165325164795,0.09564340114593506
S_153,gap,5,167,283.84637,558.6234,gap_score_smooth,0.8862209916114807,0.08015108108520508,4.323108501268507,0.8461454510688782,164.54818853812685,168.87129703939536,162,171,139.0,186.0,28.0,19.0,162,171,0.8016455769538879,0.8060699105262756,9,0.08457541465759277,0.08015108108520508,0.08236324787139893
S_153,gap,6,186,277.07254,601.4728,gap_score_smooth,0.927821159362793,0.12617558240890503,14.029028386649031,0.8647333681583405,182.5111171245891,196.54014551123814,162,202,167.0,211.0,19.0,25.0,180,190,0.8338233828544617,0.8889434337615967,10,0.0939977765083313,0.03887772560119629,0.0664377510547638
S_153,gap,7,211,227.8532,657.8536,gap_score_smooth,0.949272632598877,0.3218972086906433,9.681020660254518,0.7883240282535553,207.07041039114404,216.75143105139855,202,239,186.0,,25.0,0.0,202,218,0.6273754239082336,0.7685909867286682,16,0.3218972086906433,0.18068164587020874,0.251289427280426
S_154,gap,1,21,233.8018,242.35147,gap_score_smooth,0.7728850245475769,0.18803173303604126,44.657728233386884,0.6788691580295563,10.7466886090154,55.404416842402284,0,62,,51.0,0.0,30.0,18,28,0.7651492953300476,0.7054349184036255,10,0.007735729217529297,0.06745010614395142,0.037592917680740356
S_154,gap,2,51,209.64561,302.85355,gap_score_smooth,0.7649663090705872,0.05953139066696167,5.446646892719272,0.7352006137371063,48.01295375709772,53.45960064981699,28,62,21.0,86.0,30.0,35.0,45,62,0.7114861607551575,0.5848532915115356,17,0.05348014831542969,0.1801130175590515,0.1167965829372406
S_154,gap,3,86,146.8562,373.43933,gap_score_smooth,0.8964184522628784,0.05648070573806763,5.740260829471524,0.8681780993938446,82.46298678797352,88.20324761744504,0,90,51.0,122.0,35.0,36.0,73,90,0.7514804601669312,0.8399377465248108,17,0.14493799209594727,0.05648070573806763,0.10070934891700745
S_154,gap,4,122,166.45433,446.04184,gap_score_smooth,0.9854024648666382,0.8520835041999817,223.02525456152878,0.5593607127666473,8.958722691540311,231.9839772530691,0,239,86.0,155.0,36.0,33.0,116,136,0.9136786460876465,0.6989229917526245,20,0.0717238187789917,0.28647947311401367,0.17910164594650269
S_154,gap,5,155,235.20432,512.5941,gap_score_smooth,0.8868244290351868,0.08835375308990479,6.218438416978245,0.8426475524902344,152.01216736831526,158.2306057852935,146,162,122.0,172.0,33.0,17.0,146,162,0.6367232203483582,0.798470675945282,16,0.2501012086868286,0.08835375308990479,0.1692274808883667
S_154,gap,6,172,256.54077,546.87866,gap_score_smooth,0.8914198875427246,0.25469666719436646,38.74422797048197,0.7640715539455414,149.94298421875345,188.68721218923542,146,239,155.0,210.0,17.0,38.0,162,181,0.798470675945282,0.8471310138702393,19,0.09294921159744263,0.04428887367248535,0.06861904263496399
S_154,gap,7,210,256.96072,623.51465,gap_score_smooth,0.8349295258522034,0.2632097005844116,10.065283368356887,0.7033246755599976,206.3073508418562,216.37263421021308,194,239,172.0,229.0,38.0,19.0,202,225,0.5998948216438293,0.629374086856842,23,0.23503470420837402,0.20555543899536133,0.22029507160186768
S_154,gap,8,229,253.02922,661.83264,gap_score_smooth,0.6600795388221741,0.03070545196533203,2.729090853034876,0.6447268128395081,227.48617238226953,230.2152632353044,225,239,210.0,,19.0,0.0,225,239,0.629374086856842,0.1333189606666565,14,0.03070545196533203,0.5267605781555176,0.2787330150604248
S_155,gap,1,40,193.46194,265.3431,gap_score_smooth,0.8173851370811462,0.1409110426902771,10.414493564693004,0.7469296157360077,35.04252151071325,45.457015075406254,0,74,,96.0,0.0,56.0,33,50,0.7301895022392273,0.7004937529563904,17,0.08719563484191895,0.11689138412475586,0.1020435094833374
S_155,gap,2,96,216.71895,380.62344,gap_score_smooth,0.9879142045974731,0.8303088694810867,205.2333682832465,0.5727597698569298,7.73421548374478,212.96758376699128,0,239,40.0,142.0,56.0,46.0,74,104,0.6764740943908691,0.9613160490989685,30,0.311440110206604,0.02659815549850464,0.16901913285255432
S_155,gap,3,142,173.47867,475.318,gap_score_smooth,0.9805701971054077,0.2964022159576416,22.34881084587778,0.8323690891265869,134.64504087525344,156.99385172113122,129,239,96.0,181.0,46.0,39.0,129,168,0.6841679811477661,0.6079237461090088,39,0.2964022159576416,0.3726464509963989,0.33452433347702026
S_155,gap,4,181,124.38119,555.60254,gap_score_smooth,0.7282919883728027,0.04190349578857422,5.182467465667003,0.7073402404785156,178.25425948970332,183.43672695537032,168,186,142.0,203.0,39.0,22.0,168,186,0.6079237461090088,0.6863884925842285,18,0.12036824226379395,0.04190349578857422,0.08113586902618408
S_155,gap,5,203,132.35826,600.89124,gap_score_smooth,0.8697108030319214,0.2617870569229126,20.89661787315734,0.7388172745704651,188.0213273683982,208.91794524155554,168,239,181.0,224.0,22.0,21.0,196,216,0.8248110413551331,0.5117599964141846,20,0.04489976167678833,0.3579508066177368,0.20142528414726257
S_155,gap,6,224,156.16408,644.12134,gap_score_smooth,0.7146108150482178,0.2028508186340332,7.701058508335052,0.6131854057312012,220.39261955235557,228.09367806069062,216,239,203.0,,21.0,0.0,216,239,0.5117599964141846,0.03815356269478798,23,0.2028508186340332,0.6764572523534298,0.4396540354937315
S_156,gap,1,9,243.47089,157.3682,gap_score_smooth,0.6617302298545837,0.08705496788024902,5.879939934746309,0.6182027459144592,7.5463318880432535,13.426271822789563,0,25,,67.0,0.0,58.0,0,14,0.125906839966774,0.6152880787849426,14,0.5358233898878098,0.04644215106964111,0.29113277047872543
S_156,gap,2,67,250.13098,301.51883,gap_score_smooth,0.9621403813362122,0.1494315266609192,22.027621451204844,0.8874246180057526,60.88127621203511,82.90889766323996,0,114,9.0,88.0,58.0,21.0,25,74,0.5746752619743347,0.9322552680969238,49,0.38746511936187744,0.02988511323928833,0.20867511630058289
S_156,gap,3,88,289.8319,353.7113,gap_score_smooth,0.9230409264564514,0.03615403175354004,5.564485574810931,0.9049639105796814,85.15824643927847,90.7227320140894,83,114,67.0,152.0,21.0,64.0,83,92,0.8868868947029114,0.8987046480178833,9,0.03615403175354004,0.024336278438568115,0.030245155096054077
S_156,gap,4,152,270.1214,512.77405,gap_score_smooth,0.9899408221244812,0.8640339821577072,216.3558143634681,0.5579238310456276,6.544329757404745,222.90014412087285,0,239,88.0,183.0,64.0,31.0,140,171,0.9101932048797607,0.7768430113792419,31,0.07974761724472046,0.21309781074523926,0.14642271399497986
S_156,gap,5,183,230.89474,589.82007,gap_score_smooth,0.8978753685951233,0.12103235721588135,23.082727996696065,0.8373591899871826,174.64580901843004,197.7285370151261,171,239,152.0,217.0,31.0,34.0,171,191,0.7768430113792419,0.8505731821060181,20,0.12103235721588135,0.047302186489105225,0.08416727185249329
S_156,gap,6,217,216.41722,674.3222,gap_score_smooth,0.7909590601921082,0.20795321464538574,6.332143868335777,0.6869824528694153,214.09627279936558,220.42841666770136,210,239,183.0,,34.0,0.0,210,239,0.5830058455467224,0.04996347799897194,29,0.20795321464538574,0.7409955821931362,0.474474398419261
S_157,gap,1,18,289.23407,207.93306,gap_score_smooth,0.6841847896575928,0.0419735312461853,4.349128889360571,0.6631980240345001,16.031920041755818,20.38104893111639,0,22,,39.0,0.0,21.0,11,22,0.45335662364959717,0.6422112584114075,11,0.2308281660079956,0.0419735312461853,0.13640084862709045
S_157,gap,2,39,290.21085,266.1883,gap_score_smooth,0.8440614938735962,0.3649381399154663,23.934532454387043,0.661592423915863,23.65504641025036,47.5895788646374,0,53,18.0,69.0,21.0,30.0,33,41,0.7519951462745667,0.8434260487556458,8,0.09206634759902954,0.0006354451179504395,0.04635089635848999
S_157,gap,3,69,258.4633,349.41003,gap_score_smooth,0.7032173871994019,0.137004554271698,13.97371104511128,0.6347151100635529,59.33004804146737,73.30375908657865,53,77,39.0,120.0,30.0,51.0,64,77,0.6565919518470764,0.5662128329277039,13,0.04662543535232544,0.137004554271698,0.09181499481201172
S_157,gap,4,120,223.48259,490.88702,gap_score_smooth,0.896670401096344,0.2630006670951843,22.277098899385365,0.7651700675487518,113.31817634700398,135.59527524638935,0,139,69.0,146.0,51.0,26.0,108,126,0.740809440612793,0.8016875982284546,18,0.15586096048355103,0.0949828028678894,0.12542188167572021
S_157,gap,5,146,264.6931,563.0126,gap_score_smooth,0.9184867739677429,0.8333010077476501,110.36100221768945,0.5018362700939178,55.36223746446299,165.72323968215244,0,239,120.0,160.0,26.0,14.0,139,154,0.6336697340011597,0.6317211389541626,15,0.28481703996658325,0.2867656350135803,0.2857913374900818
S_157,gap,6,160,288.58334,601.84937,gap_score_smooth,0.8556853532791138,0.22396421432495117,4.84600194804591,0.7437032461166382,157.2062689671152,162.0522709151611,154,170,146.0,177.0,14.0,17.0,154,170,0.6317211389541626,0.4602312743663788,16,0.22396421432495117,0.395454078912735,0.3097091466188431
S_157,gap,7,177,299.99185,649.00836,gap_score_smooth,0.8286857604980469,0.30263304710388184,5.070712156820946,0.677369236946106,174.30046657151217,179.37117872833312,170,183,160.0,194.0,17.0,17.0,170,183,0.4602312743663788,0.526052713394165,13,0.3684544861316681,0.30263304710388184,0.33554376661777496
S_157,gap,8,194,294.50336,696.16736,gap_score_smooth,0.8066426515579224,0.19712990522384644,5.493595799616543,0.7080776989459991,191.73208975000736,197.2256855496239,183,202,177.0,210.0,17.0,16.0,188,202,0.553208589553833,0.6095127463340759,14,0.25343406200408936,0.19712990522384644,0.2252819836139679
S_157,gap,9,210,278.3481,740.5523,gap_score_smooth,0.8688592910766602,0.40862801671028137,10.013850030527976,0.6645452827215195,205.17754026727778,215.19139029780575,170,239,194.0,227.0,16.0,17.0,202,220,0.6095127463340759,0.48008081316947937,18,0.25934654474258423,0.3887784779071808,0.3240625113248825
S_157,gap,10,227,255.32841,787.7113,gap_score_smooth,0.7818164825439453,0.30173566937446594,6.7885426168222125,0.6309486478567123,223.57910853069035,230.36765114751256,220,239,210.0,,17.0,0.0,220,239,0.48008081316947937,0.08518576622009277,19,0.30173566937446594,0.6966307163238525,0.49918319284915924
S_158,gap,1,50,116.96176,289.16318,gap_score_smooth,0.8734517097473145,0.21093964576721191,10.968683882891092,0.7679818868637085,45.26690307559459,56.23558695848568,21,73,,107.0,0.0,57.0,38,57,0.5775286555290222,0.758399486541748,19,0.29592305421829224,0.1150522232055664,0.20548763871192932
S_158,gap,2,107,68.890045,402.2092,gap_score_smooth,0.997443437576294,0.7734579592943192,177.87925908670093,0.6107144579291344,40.870829307832125,218.75008839453307,21,239,50.0,132.0,57.0,25.0,98,119,0.9807372093200684,0.8480786085128784,21,0.016706228256225586,0.14936482906341553,0.08303552865982056
S_158,gap,3,132,85.29562,451.7908,gap_score_smooth,0.8925809860229492,0.0445023775100708,11.985331479951824,0.8703297972679138,122.29835129993658,134.2836827798884,119,138,107.0,160.0,25.0,28.0,128,138,0.8840351700782776,0.8158749938011169,10,0.00854581594467163,0.07670599222183228,0.04262590408325195
S_158,gap,4,160,145.64742,507.32217,gap_score_smooth,0.9861913323402405,0.17031633853912354,26.1674553841315,0.9010331630706787,144.7961718953086,170.9636272794401,138,239,132.0,186.0,28.0,26.0,154,178,0.9257251024246216,0.6631106734275818,24,0.060466229915618896,0.3230806589126587,0.1917734444141388
S_158,gap,5,186,219.63452,558.887,gap_score_smooth,0.8768835067749023,0.21377283334732056,7.908814858577728,0.7699970901012421,181.8899219927433,189.79873685132102,178,195,160.0,204.0,26.0,18.0,178,195,0.6631106734275818,0.6614819169044495,17,0.21377283334732056,0.21540158987045288,0.21458721160888672
S_158,gap,6,204,255.92532,594.58575,gap_score_smooth,0.9088139533996582,0.24733203649520874,14.527218538513836,0.7851479351520538,199.39986037596776,213.9270789144816,195,239,186.0,228.0,18.0,24.0,195,222,0.6614819169044495,0.5453712940216064,27,0.24733203649520874,0.36344265937805176,0.30538734793663025
S_158,gap,7,228,265.87277,642.1841,gap_score_smooth,0.661462664604187,0.11609137058258057,5.407941443503091,0.6034169793128967,224.8993692747967,230.3073107182998,222,239,204.0,,24.0,0.0,222,239,0.5453712940216064,0.2239854782819748,17,0.11609137058258057,0.4374771863222122,0.2767842784523964
S_160,gap,1,10,158.57605,165.8703,gap_score_smooth,0.7866858839988708,0.232468843460083,24.89336460171122,0.6704514622688293,6.173445989642021,31.066810591353242,0,37,,27.0,0.0,17.0,0,22,0.1809178590774536,0.7460822463035583,22,0.6057680249214172,0.0406036376953125,0.32318583130836487
S_160,gap,2,27,143.07442,214.94978,gap_score_smooth,0.7799477577209473,0.033865511417388916,4.004682743809202,0.7630150020122528,24.325214650202895,28.329897394012097,22,37,10.0,51.0,17.0,24.0,22,37,0.7460822463035583,0.5542170405387878,15,0.033865511417388916,0.22573071718215942,0.12979811429977417
S_160,gap,3,51,96.13892,284.2385,gap_score_smooth,0.8385030627250671,0.1919996738433838,12.22260489642175,0.7425032258033752,42.054809588999156,54.277414485420906,0,58,27.0,65.0,24.0,14.0,45,58,0.7750347256660461,0.6465033888816833,13,0.063468337059021,0.1919996738433838,0.1277340054512024
S_160,gap,4,65,72.388145,324.6569,gap_score_smooth,0.8677892684936523,0.19451528787612915,7.471637736412333,0.7705316245555878,62.28555155732688,69.75718929373922,0,75,51.0,93.0,14.0,28.0,58,75,0.6465033888816833,0.6732739806175232,17,0.221285879611969,0.19451528787612915,0.20790058374404907
S_160,gap,5,93,69.83186,405.4937,gap_score_smooth,0.9699826836585999,0.46571528911590576,20.873859781859124,0.737125039100647,77.68401499966545,98.55787478152457,0,128,65.0,110.0,28.0,17.0,83,102,0.8426815867424011,0.6297634243965149,19,0.12730109691619873,0.34021925926208496,0.23376017808914185
S_160,gap,6,110,88.53257,454.5732,gap_score_smooth,0.8466864824295044,0.2169230580329895,6.119785254170864,0.7382249534130096,106.32815108248951,112.44793633666038,102,128,93.0,137.0,17.0,27.0,102,117,0.6297634243965149,0.516689658164978,15,0.2169230580329895,0.32999682426452637,0.27345994114875793
S_160,gap,7,137,151.12375,532.523,gap_score_smooth,0.9340769052505493,0.384130597114563,7.304138204813427,0.7420116066932678,132.77974327013234,140.08388147494577,128,144,110.0,153.0,27.0,16.0,128,144,0.5042673945426941,0.5499463081359863,16,0.4298095107078552,0.384130597114563,0.4069700539112091
S_160,gap,8,153,185.81041,578.71545,gap_score_smooth,0.9644702076911926,0.27665966749191284,7.655046991019731,0.8261403739452362,149.35835717729998,157.0134041683197,128,161,137.0,171.0,16.0,18.0,144,161,0.5499463081359863,0.6878105401992798,17,0.4145238995552063,0.27665966749191284,0.34559178352355957
S_160,gap,9,171,219.64838,630.682,gap_score_smooth,0.9715116024017334,0.7905937433242798,52.939932718078296,0.5762147307395935,145.35550601444527,198.29543873252356,0,239,153.0,192.0,18.0,21.0,161,183,0.6878105401992798,0.650743305683136,22,0.2837010622024536,0.3207682967185974,0.3022346794605255
S_160,gap,10,192,236.21393,691.30963,gap_score_smooth,0.938588559627533,0.287845253944397,8.579923435555315,0.7946659326553345,187.52243101955702,196.10235445511233,183,239,171.0,214.0,21.0,22.0,183,206,0.650743305683136,0.4036952257156372,23,0.287845253944397,0.5348933339118958,0.41136929392814636
S_160,gap,11,214,243.30772,754.8243,gap_score_smooth,0.8376564383506775,0.4339612126350403,11.219340486489955,0.6206758320331573,210.19447087404285,221.4138113605328,206,239,192.0,,22.0,0.0,206,239,0.4036952257156372,0.07452388852834702,33,0.4339612126350403,0.7631325498223305,0.5985468812286854
S_161,gap,1,12,149.07335,207.83264,gap_score_smooth,0.6750304698944092,0.04094916582107544,3.0967719433201815,0.6545558869838715,10.819567260626155,13.916339203946336,0,16,,33.0,0.0,21.0,0,16,0.07537420094013214,0.6340813040733337,16,0.599656268954277,0.04094916582107544,0.32030271738767624
S_161,gap,2,33,130.89923,263.53973,gap_score_smooth,0.789040207862854,0.2214069962501526,16.442370450126436,0.6783367097377777,22.058543035373685,38.50091348550012,0,44,12.0,67.0,21.0,34.0,16,44,0.6340813040733337,0.5676332116127014,28,0.15495890378952026,0.2214069962501526,0.18818295001983643
S_161,gap,3,67,95.39519,353.7322,gap_score_smooth,0.9812803864479065,0.9059061855077744,145.6877105993723,0.5283272936940193,7.8013384533309225,153.48904905270322,0,239,33.0,96.0,34.0,29.0,44,84,0.5676332116127014,0.7751513719558716,40,0.4136471748352051,0.2061290144920349,0.30988809466362
S_161,gap,4,96,85.59098,430.6611,gap_score_smooth,0.912595808506012,0.13744443655014038,6.998762385266261,0.8438735902309418,92.06583066586936,99.06459305113562,84,118,67.0,129.0,29.0,33.0,84,107,0.7751513719558716,0.7734180092811584,23,0.13744443655014038,0.13917779922485352,0.13831111788749695
S_161,gap,5,129,106.36457,518.20087,gap_score_smooth,0.9149415493011475,0.2509768605232239,6.093804599696128,0.7894531190395355,125.91788705743086,132.011691657127,118,136,96.0,146.0,33.0,17.0,118,136,0.5714126229286194,0.6639646887779236,18,0.3435289263725281,0.2509768605232239,0.297252893447876
S_161,gap,6,146,126.012085,563.29706,gap_score_smooth,0.9379016757011414,0.366489052772522,9.318204731201746,0.7546571493148804,140.6648910447789,149.98309577598064,118,239,129.0,165.0,17.0,19.0,136,156,0.6639646887779236,0.4815129041671753,20,0.2739369869232178,0.45638877153396606,0.3651628792285919
S_161,gap,7,165,153.9937,613.6987,gap_score_smooth,0.8495886921882629,0.12231910228729248,6.243168166726093,0.7884291410446167,162.73573100192667,168.97889916865276,156,176,146.0,183.0,19.0,18.0,156,176,0.4815129041671753,0.7272695899009705,20,0.36807578802108765,0.12231910228729248,0.24519744515419006
S_161,gap,8,183,178.13684,661.4477,gap_score_smooth,0.8888823986053467,0.4073694944381714,47.104983736457996,0.685197651386261,161.11837135010452,208.22335508656252,156,239,165.0,204.0,18.0,21.0,176,197,0.7272695899009705,0.7248139381408691,21,0.16161280870437622,0.16406846046447754,0.16284063458442688
S_161,gap,9,204,184.70105,717.1548,gap_score_smooth,0.8321486711502075,0.10733473300933838,6.973336904876533,0.7784813046455383,199.7928384713431,206.76617537621962,197,239,183.0,227.0,21.0,23.0,197,218,0.7248139381408691,0.37879326939582825,21,0.10733473300933838,0.4533554017543793,0.2803450673818588
S_161,gap,10,227,173.95515,778.16736,gap_score_smooth,0.6872262954711914,0.30843302607536316,8.811145420795498,0.5330097824335098,222.37565496437804,231.18680038517354,218,239,204.0,,23.0,0.0,218,239,0.37879326939582825,0.06206410378217697,21,0.30843302607536316,0.6251621916890144,0.4667976088821888
S_162,gap,1,11,156.00876,143.12552,gap_score_smooth,0.6435540914535522,0.043172478675842285,5.376934579144329,0.6219678521156311,8.538668158064194,13.915602737208523,0,16,,49.0,0.0,38.0,0,16,0.12196893244981766,0.60038161277771,16,0.5215851590037346,0.043172478675842285,0.28237881883978844
S_162,gap,2,49,145.21716,254.1046,gap_score_smooth,0.7927817106246948,0.12292635440826416,22.423402510394588,0.7313185334205627,31.077356970185335,53.50075948057992,0,57,11.0,67.0,38.0,18.0,16,57,0.60038161277771,0.6698553562164307,41,0.19240009784698486,0.12292635440826416,0.1576632261276245
S_162,gap,3,67,121.24424,306.67365,gap_score_smooth,0.8504607081413269,0.12870019674301147,13.952251383445777,0.7861106097698212,63.69018575357381,77.64243713701958,0,91,49.0,127.0,18.0,60.0,57,81,0.6698553562164307,0.7722742557525635,24,0.18060535192489624,0.07818645238876343,0.12939590215682983
S_162,gap,4,127,75.80921,481.90378,gap_score_smooth,0.9850828051567078,0.8631138727068901,208.10581094589753,0.5535258688032627,6.7610981516106,214.86690909750814,0,239,67.0,152.0,60.0,25.0,114,142,0.8838808536529541,0.8545213341712952,28,0.10120195150375366,0.1305614709854126,0.11588171124458313
S_162,gap,5,152,122.97952,554.9163,gap_score_smooth,0.976954996585846,0.12243366241455078,14.965826347564871,0.9157381653785706,145.22583200341396,160.19165835097883,142,239,127.0,190.0,25.0,38.0,142,183,0.8545213341712952,0.6608560681343079,41,0.12243366241455078,0.3160989284515381,0.21926629543304443
S_162,gap,6,190,185.85362,665.8954,gap_score_smooth,0.8598423600196838,0.19898629188537598,6.767311734690395,0.7603492140769958,186.36900472328074,193.13631645797113,183,239,152.0,210.0,38.0,20.0,183,199,0.6608560681343079,0.5935617089271545,16,0.19898629188537598,0.2662806510925293,0.23263347148895264
S_162,gap,7,210,189.61673,724.3054,gap_score_smooth,0.8514419198036194,0.25788021087646484,6.892765058767793,0.722501814365387,206.02914441987224,212.92190947864003,199,239,190.0,228.0,20.0,18.0,199,222,0.5935617089271545,0.3782934546470642,23,0.25788021087646484,0.4731484651565552,0.36551433801651
S_162,gap,8,228,185.26263,776.87445,gap_score_smooth,0.5775268077850342,0.19923335313796997,4.549657363635561,0.4779101312160492,225.73941636429413,230.2890737279297,222,239,210.0,,18.0,0.0,222,239,0.3782934546470642,0.06497368216514587,17,0.19923335313796997,0.5125531256198883,0.35589323937892914
S_163,gap,1,10,220.37914,195.91214,gap_score_smooth,0.7540281414985657,0.10560739040374756,9.571031108150109,0.7012244462966919,6.899268480839729,16.47029958898984,0,21,,49.0,0.0,39.0,0,21,0.19912131130695343,0.6484207510948181,21,0.5549068301916122,0.10560739040374756,0.3302571102976799
S_163,gap,2,49,219.16348,308.66946,gap_score_smooth,0.8558694124221802,0.03683382272720337,10.003498128783626,0.8374525010585785,45.033019003867636,55.03651713265126,0,58,10.0,70.0,39.0,21.0,21,58,0.6484207510948181,0.8190355896949768,37,0.20744866132736206,0.03683382272720337,0.12214124202728271
S_163,gap,3,70,220.67029,369.38495,gap_score_smooth,0.9400037527084351,0.09151387214660645,13.80215906443641,0.8942468166351318,65.18378030945217,78.98593937388858,0,85,49.0,95.0,21.0,25.0,58,85,0.8190355896949768,0.8484898805618286,27,0.12096816301345825,0.09151387214660645,0.10624101758003235
S_163,gap,4,95,237.6579,441.66528,gap_score_smooth,0.9424404501914978,0.03483003377914429,8.461516381068591,0.9250254333019257,91.63639695067533,100.09791333174392,0,104,70.0,117.0,25.0,22.0,85,104,0.8484898805618286,0.9076104164123535,19,0.09395056962966919,0.03483003377914429,0.06439030170440674
S_163,gap,5,117,267.89417,505.27197,gap_score_smooth,0.9519875049591064,0.09274965524673462,31.302746147874856,0.9056126773357391,90.14800499021315,121.45075113808801,0,128,95.0,134.0,22.0,17.0,113,128,0.9418635964393616,0.8592378497123718,15,0.010123908519744873,0.09274965524673462,0.051436781883239746
S_163,gap,6,134,282.4274,554.4226,gap_score_smooth,0.9677858948707581,0.08662205934524536,5.032993675959943,0.9244748651981354,131.4278836714262,136.46087734738614,0,143,117.0,152.0,17.0,18.0,128,143,0.8592378497123718,0.8811638355255127,15,0.10854804515838623,0.08662205934524536,0.0975850522518158
S_163,gap,7,152,286.20477,606.4644,gap_score_smooth,0.9921538233757019,0.7930325120687485,186.06481192445506,0.5956375673413277,5.333150745041151,191.3979626694962,0,239,134.0,168.0,18.0,16.0,143,159,0.8811638355255127,0.8208927512168884,16,0.11098998785018921,0.17126107215881348,0.14112553000450134
S_163,gap,8,168,271.58685,652.7239,gap_score_smooth,0.8563109636306763,0.03541821241378784,7.6067827820898515,0.8386018574237823,161.90449129789587,169.51127407998572,159,176,152.0,186.0,16.0,18.0,159,176,0.8208927512168884,0.6288989782333374,17,0.03541821241378784,0.22741198539733887,0.13141509890556335
S_163,gap,9,186,241.59956,704.7657,gap_score_smooth,0.8715062737464905,0.24260729551315308,8.74076284802689,0.7502026259899139,180.98991758096824,189.73068042899513,176,196,168.0,206.0,18.0,20.0,176,196,0.6288989782333374,0.2883114814758301,20,0.24260729551315308,0.5831947922706604,0.41290104389190674
S_163,gap,10,206,205.971,762.58997,gap_score_smooth,0.8744634389877319,0.5861519575119019,13.878325723783718,0.581387460231781,199.93478228616394,213.81310800994765,196,239,186.0,225.0,20.0,19.0,196,217,0.2883114814758301,0.5098897814750671,21,0.5861519575119019,0.3645736575126648,0.4753628075122833
S_163,gap,11,225,186.81989,817.523,gap_score_smooth,0.7711875438690186,0.2612977623939514,8.318751194808613,0.6405386626720428,221.0757226395986,229.39447383440722,217,239,206.0,,19.0,0.0,217,239,0.5098897814750671,0.04685581475496292,22,0.2612977623939514,0.7243317291140556,0.4928147457540035
S_164,gap,1,12,166.74454,156.8159,gap_score_smooth,0.7408195734024048,0.13184475898742676,13.706993034245604,0.6748971939086914,6.7549924690775764,20.46198550332318,0,24,,64.0,0.0,52.0,0,24,0.1962532252073288,0.608974814414978,24,0.544566348195076,0.13184475898742676,0.3382055535912514
S_164,gap,2,64,144.27602,329.35147,gap_score_smooth,0.9484851956367493,0.7522319704294205,197.5288641270311,0.572369210422039,4.9246251703696835,202.4534892974008,0,239,12.0,101.0,52.0,37.0,54,83,0.90225750207901,0.7220421433448792,29,0.04622769355773926,0.22644305229187012,0.1363353729248047
S_164,gap,3,101,74.56521,452.11716,gap_score_smooth,0.9225103259086609,0.20046818256378174,17.33968730261907,0.82227623462677,86.72652495703112,104.06621225965019,83,122,64.0,116.0,37.0,15.0,97,110,0.9021190404891968,0.7212103009223938,13,0.02039128541946411,0.2013000249862671,0.1108456552028656
S_164,gap,4,116,69.072426,501.88702,gap_score_smooth,0.899372398853302,0.1781620979309082,4.819963259174514,0.8102913498878479,113.83077453570252,118.65073779487703,110,122,101.0,132.0,15.0,16.0,110,122,0.7212103009223938,0.6673175692558289,12,0.1781620979309082,0.23205482959747314,0.20510846376419067
S_164,gap,5,132,81.26204,554.9749,gap_score_smooth,0.9365545511245728,0.2692369818687439,5.548582711437916,0.8019360601902008,129.22391549772027,134.7724982091582,122,138,116.0,150.0,16.0,18.0,122,138,0.6673175692558289,0.6597352027893066,16,0.2692369818687439,0.2768193483352661,0.273028165102005
S_164,gap,6,150,114.819565,614.6987,gap_score_smooth,0.9481505155563354,0.2884153127670288,39.84607279172019,0.803942859172821,141.95292204356653,181.79899483528672,138,239,132.0,196.0,18.0,46.0,138,160,0.6597352027893066,0.9297367334365845,22,0.2884153127670288,0.018413782119750977,0.1534145474433899
S_164,gap,7,196,183.53447,767.32635,gap_score_smooth,0.8938912153244019,0.18563103675842285,9.00763195595178,0.8010756969451904,191.22394097817352,200.2315729341253,188,239,150.0,218.0,46.0,22.0,188,209,0.708260178565979,0.22196239233016968,21,0.18563103675842285,0.6719288229942322,0.4287799298763275
S_164,gap,8,218,181.51364,840.3222,gap_score_smooth,0.765230655670166,0.5432682633399963,9.058291471251664,0.49359652400016785,214.021920443567,223.08021191481868,209,239,196.0,,22.0,0.0,209,239,0.22196239233016968,0.057370565831661224,30,0.5432682633399963,0.7078600898385048,0.6255641765892506
S_165,gap,1,9,313.71878,140.98744,gap_score_smooth,0.6980024576187134,0.08509242534637451,5.931537205182078,0.6554562449455261,7.1196889781195765,13.051226183301655,0,25,,66.0,0.0,57.0,0,14,0.2167818546295166,0.6493569016456604,14,0.4812206029891968,0.04864555597305298,0.2649330794811249
S_165,gap,2,66,276.4346,292.90796,gap_score_smooth,0.8614063262939453,0.08829772472381592,23.065385774663362,0.8172574639320374,52.5816181300635,75.64700390472686,0,80,9.0,93.0,57.0,27.0,61,71,0.8290430307388306,0.8308864831924438,10,0.032363295555114746,0.030519843101501465,0.031441569328308105
S_165,gap,3,93,276.1709,364.8703,gap_score_smooth,0.9724977612495422,0.22262847423553467,12.627162866314478,0.8611835241317749,84.54612403464047,97.17328690095495,0,109,66.0,135.0,27.0,42.0,80,102,0.7731086015701294,0.763430118560791,22,0.19938915967941284,0.20906764268875122,0.20422840118408203
S_165,gap,4,135,322.9109,476.8117,gap_score_smooth,0.9355953335762024,0.03611469268798828,6.856756380828045,0.9175379872322083,132.70058774212706,139.5573441229551,109,144,93.0,150.0,42.0,15.0,130,144,0.8925609588623047,0.8994806408882141,14,0.043034374713897705,0.03611469268798828,0.03957453370094299
S_165,gap,5,150,337.417,516.7908,gap_score_smooth,0.9879465103149414,0.7711646556854248,212.0401418707249,0.602364182472229,6.191148878944104,218.231290749669,0,239,135.0,183.0,15.0,33.0,144,163,0.8994806408882141,0.7762629389762878,19,0.0884658694267273,0.21168357133865356,0.15007472038269043
S_165,gap,6,183,346.51996,604.74475,gap_score_smooth,0.9044070839881897,0.12814414501190186,11.66700014568275,0.8403350114822388,175.29618770165712,186.96318784733987,163,239,150.0,213.0,33.0,30.0,171,190,0.8126862049102783,0.8037225604057312,19,0.09172087907791138,0.1006845235824585,0.09620270133018494
S_165,gap,7,213,301.317,684.70294,gap_score_smooth,0.8194138407707214,0.14923369884490967,6.23951999366605,0.7447969913482666,209.5728971442052,215.81241713787125,206,239,183.0,231.0,30.0,18.0,206,226,0.6701801419258118,0.1940130740404129,20,0.14923369884490967,0.6254007667303085,0.3873172327876091
S_165,gap,8,231,279.54453,732.6778,gap_score_smooth,0.2400287538766861,0.04601567983627319,5.50995646664154,0.2170209139585495,228.17436066539545,233.684317132037,226,239,213.0,,18.0,0.0,226,239,0.1940130740404129,0.05124131590127945,13,0.04601567983627319,0.18878743797540665,0.11740155890583992
S_166,gap,1,38,190.23555,226.10042,gap_score_smooth,0.8181528449058533,0.33671462535858154,10.604737906946013,0.6497955322265625,32.79533279562773,43.40007070257374,24,47,,55.0,0.0,17.0,24,47,0.001724881585687399,0.48143821954727173,23,0.8164279633201659,0.33671462535858154,0.5765712943393737
S_166,gap,2,55,144.01425,286.98746,gap_score_smooth,0.8341777324676514,0.10968869924545288,11.978644641013105,0.7793333828449249,52.68072004025413,64.65936468126723,24,71,38.0,86.0,17.0,31.0,47,60,0.48143821954727173,0.7917527556419373,13,0.35273951292037964,0.04242497682571411,0.19758224487304688
S_166,gap,3,86,124.70257,398.01672,gap_score_smooth,0.9070413708686829,0.1597883701324463,12.097061520845358,0.8271471858024597,76.6932530492512,88.79031457009656,24,92,55.0,110.0,31.0,24.0,71,92,0.7244890332221985,0.7472530007362366,21,0.18255233764648438,0.1597883701324463,0.17117035388946533
S_166,gap,4,110,193.8077,483.97488,gap_score_smooth,0.9858884811401367,0.6866158545017242,94.20777692335378,0.6425805538892746,50.64280455766997,144.85058148102374,24,239,86.0,134.0,24.0,24.0,102,126,0.7512337565422058,0.7523954510688782,24,0.2346547245979309,0.23349303007125854,0.23407387733459473
S_166,gap,5,134,246.92552,569.93304,gap_score_smooth,0.9769388437271118,0.22454339265823364,8.037546144174058,0.864667147397995,130.34778425827264,138.3853304024467,126,239,110.0,152.0,24.0,18.0,126,146,0.7523954510688782,0.6387708187103271,20,0.22454339265823364,0.33816802501678467,0.28135570883750916
S_166,gap,6,152,260.09854,634.4017,gap_score_smooth,0.9501258730888367,0.3113550543785095,6.348064903130904,0.7944483458995819,148.68545540092157,155.03352030405247,146,239,134.0,172.0,18.0,20.0,146,160,0.6387708187103271,0.4884697496891022,14,0.3113550543785095,0.4616561233997345,0.386505588889122
S_166,gap,7,172,258.2181,706.03345,gap_score_smooth,0.9074811935424805,0.4190114438533783,10.207947545217309,0.6979754716157913,167.1368774025636,177.34482494778092,160,182,152.0,194.0,20.0,22.0,160,182,0.4884697496891022,0.4449934661388397,22,0.4190114438533783,0.46248772740364075,0.4407495856285095
S_166,gap,8,194,244.52187,784.8284,gap_score_smooth,0.908326268196106,0.46333280205726624,45.38318985850083,0.6766598671674728,188.2296623962644,233.61285225476522,182,239,172.0,210.0,22.0,16.0,182,202,0.4449934661388397,0.763944685459137,20,0.46333280205726624,0.144381582736969,0.3038571923971176
S_166,gap,9,210,228.24773,842.1339,gap_score_smooth,0.8694231510162354,0.10547846555709839,7.003597969893093,0.8166839182376862,207.14120059942218,214.14479856931527,202,239,194.0,228.0,16.0,18.0,202,218,0.763944685459137,0.789737343788147,16,0.10547846555709839,0.07968580722808838,0.09258213639259338
S_166,gap,10,228,219.41875,906.60254,gap_score_smooth,0.8375924229621887,0.04785507917404175,10.052964659031602,0.8136648833751678,221.03255292973682,231.08551758876843,218,239,210.0,,18.0,0.0,218,239,0.789737343788147,0.2992726266384125,21,0.04785507917404175,0.5383197963237762,0.293087437748909
S_167,gap,1,19,212.16046,219.2134,gap_score_smooth,0.7087448239326477,0.08177173137664795,5.689936735693006,0.6678589582443237,16.65491163118103,22.344848366874036,0,25,,49.0,0.0,30.0,13,25,0.6110633015632629,0.6269730925559998,12,0.09768152236938477,0.08177173137664795,0.08972662687301636
S_167,gap,2,49,194.35106,285.86612,gap_score_smooth,0.7661921381950378,0.08967584371566772,29.18765836431659,0.721354216337204,38.59831419186369,67.78597255618028,0,75,19.0,95.0,30.0,46.0,45,55,0.7586789131164551,0.7614917159080505,10,0.007513225078582764,0.004700422286987305,0.006106823682785034
S_167,gap,3,95,137.37376,388.06696,gap_score_smooth,0.992438018321991,0.8788280263543129,168.2679526875886,0.5530240051448345,7.42654608203348,175.69449876962207,0,239,49.0,121.0,46.0,26.0,85,103,0.8308026194572449,0.8855515122413635,18,0.1616353988647461,0.10688650608062744,0.13426095247268677
S_167,gap,4,121,140.94989,445.83264,gap_score_smooth,0.9447756409645081,0.08836287260055542,8.136004640133223,0.9005942046642303,116.94665744264357,125.08266208277679,114,239,95.0,140.0,26.0,19.0,114,133,0.8564127683639526,0.673008918762207,19,0.08836287260055542,0.271766722202301,0.18006479740142822
S_167,gap,5,140,156.19652,488.04602,gap_score_smooth,0.713999330997467,0.04099041223526001,8.948920474355674,0.693504124879837,135.97922888560868,144.92814935996435,133,150,121.0,158.0,19.0,18.0,133,150,0.673008918762207,0.6560453176498413,17,0.04099041223526001,0.05795401334762573,0.04947221279144287
S_167,gap,6,158,175.11029,528.03766,gap_score_smooth,0.8344503045082092,0.17840498685836792,18.136680422489178,0.7452478110790253,153.93514746246848,172.07182788495766,150,239,140.0,190.0,18.0,32.0,150,163,0.6560453176498413,0.7787879109382629,13,0.17840498685836792,0.05566239356994629,0.1170336902141571
S_167,gap,7,190,210.6132,599.1339,gap_score_smooth,0.7905299067497253,0.3499946594238281,7.37201371828337,0.6155325770378113,186.5914894655663,193.96350318384967,181,239,158.0,212.0,32.0,22.0,181,203,0.4405352473258972,0.35076960921287537,22,0.3499946594238281,0.43976029753685,0.39487747848033905
S_167,gap,8,212,220.38391,648.0126,gap_score_smooth,0.7110746502876282,0.3603050410747528,22.56552541717747,0.5309221297502518,208.24564185767727,230.81116727485474,203,239,190.0,229.0,22.0,17.0,203,225,0.35076960921287537,0.5661632418632507,22,0.3603050410747528,0.14491140842437744,0.2526082247495651
S_167,gap,9,229,226.14256,685.7824,gap_score_smooth,0.6080203056335449,0.04185706377029419,2.7135831710192235,0.5870917737483978,227.0249022631786,229.73848543419783,225,239,212.0,,17.0,0.0,225,239,0.5661632418632507,0.04486527666449547,14,0.04185706377029419,0.5631550289690495,0.3025060463696718
S_168,gap,1,12,229.96027,222.2134,gap_score_smooth,0.6607269048690796,0.05567222833633423,4.003723790386717,0.6328907907009125,9.754256349858093,13.75798014024481,0,16,,32.0,0.0,20.0,0,16,0.18409603834152222,0.6050546765327454,16,0.4766308665275574,0.05567222833633423,0.2661515474319458
S_168,gap,2,32,229.28174,267.56903,gap_score_smooth,0.8348222970962524,0.11543965339660645,7.939319364226886,0.7771024703979492,28.870439532689165,36.80975889691605,0,46,12.0,60.0,20.0,28.0,25,38,0.7098256349563599,0.7669804692268372,13,0.12499666213989258,0.06784182786941528,0.09641924500465393
S_168,gap,3,60,209.72089,331.06696,gap_score_smooth,0.7959120273590088,0.0618363618850708,8.69216704413089,0.7649938464164734,54.787566775805615,63.479733819936506,46,67,32.0,82.0,28.0,22.0,54,67,0.7639042139053345,0.734075665473938,13,0.032007813453674316,0.0618363618850708,0.04692208766937256
S_168,gap,4,82,171.40762,380.95816,gap_score_smooth,0.9490012526512146,0.14359229803085327,12.46576163859956,0.877205103635788,73.74063020703757,86.20639184563713,0,96,60.0,106.0,22.0,24.0,67,90,0.734075665473938,0.8220322728157043,23,0.2149255871772766,0.12696897983551025,0.17094728350639343
S_168,gap,5,106,149.20967,435.38495,gap_score_smooth,0.9639922976493835,0.7798962593078613,219.49308582856904,0.5740441679954529,8.275323390568609,227.76840921913765,0,239,82.0,133.0,24.0,27.0,96,112,0.8054089546203613,0.8992123007774353,16,0.15858334302902222,0.06477999687194824,0.11168166995048523
S_168,gap,6,133,165.11371,496.61505,gap_score_smooth,0.9558400511741638,0.08393990993499756,6.632775280053636,0.913870096206665,129.64835048301907,136.2811257630727,126,239,106.0,153.0,27.0,20.0,126,143,0.8719001412391663,0.8127999901771545,17,0.08393990993499756,0.14304006099700928,0.11348998546600342
S_168,gap,7,153,190.35924,541.9707,gap_score_smooth,0.9010096192359924,0.08820962905883789,16.344827486591527,0.8569048047065735,147.6023679384372,163.94719542502872,143,239,133.0,184.0,20.0,31.0,143,178,0.8127999901771545,0.6631188988685608,35,0.08820962905883789,0.23789072036743164,0.16305017471313477
S_168,gap,8,184,216.65799,612.272,gap_score_smooth,0.8190284371376038,0.15291130542755127,4.97813927043228,0.7425727844238281,181.17968739511798,186.15782666555026,178,196,153.0,203.0,31.0,19.0,178,190,0.6631188988685608,0.690320611000061,12,0.15590953826904297,0.12870782613754272,0.14230868220329285
S_168,gap,9,203,220.56163,655.3598,gap_score_smooth,0.8872696161270142,0.22415071725845337,5.739482676401394,0.7751942574977875,199.98604480522621,205.7255274816276,178,239,184.0,223.0,19.0,20.0,196,209,0.6661171317100525,0.722394585609436,13,0.22115248441696167,0.16487503051757812,0.1930137574672699
S_168,gap,10,223,211.36911,700.71545,gap_score_smooth,0.7608597278594971,0.060768187046051025,4.613151196249362,0.7304756343364716,220.14605259144017,224.75920378768953,217,239,203.0,,20.0,0.0,217,239,0.700091540813446,0.03871859610080719,22,0.060768187046051025,0.7221411317586899,0.39145465940237045
S_169,gap,1,23,134.17424,152.63599,gap_score_smooth,0.8090026378631592,0.2972296476364136,19.139300223436695,0.6603878140449524,17.33884982736438,36.47815005080108,0,55,,49.0,0.0,26.0,12,30,0.4433329105377197,0.7769159078598022,18,0.36566972732543945,0.032086730003356934,0.1988782286643982
S_169,gap,2,49,112.39422,232.48535,gap_score_smooth,0.7369893789291382,0.19726848602294922,5.904628832116678,0.6383551359176636,45.5848593241151,51.48948815623178,40,55,23.0,63.0,26.0,14.0,40,55,0.539720892906189,0.5117729902267456,15,0.19726848602294922,0.22521638870239258,0.2112424373626709
S_169,gap,3,63,93.04482,275.48117,gap_score_smooth,0.7882633209228516,0.12407195568084717,4.932466843081137,0.726227343082428,61.124565849757765,66.0570326928389,55,70,49.0,98.0,14.0,35.0,55,70,0.5117729902267456,0.6641913652420044,15,0.27649033069610596,0.12407195568084717,0.20028114318847656
S_169,gap,4,98,71.05685,382.9707,gap_score_smooth,0.8985620141029358,0.4883478283882141,56.14713216208442,0.6543880999088287,59.898851265292976,116.0459834273774,0,120,63.0,112.0,35.0,14.0,83,106,0.7030160427093506,0.7497981786727905,23,0.1955459713935852,0.14876383543014526,0.17215490341186523
S_169,gap,5,112,85.53167,425.96652,gap_score_smooth,0.8081977367401123,0.05839955806732178,5.226005645246985,0.7789979577064514,108.5462169814702,113.77222262671718,106,120,98.0,127.0,14.0,15.0,106,120,0.7497981786727905,0.4102141857147217,14,0.05839955806732178,0.3979835510253906,0.2281915545463562
S_169,gap,6,127,109.588806,472.03348,gap_score_smooth,0.8110982179641724,0.3176875114440918,5.652045731728364,0.6522544622421265,124.40194176285105,130.05398749457942,120,133,112.0,141.0,15.0,14.0,120,133,0.4102141857147217,0.49341070652008057,13,0.4008840322494507,0.3176875114440918,0.35928577184677124
S_169,gap,7,141,144.38828,515.0293,gap_score_smooth,0.96321702003479,0.7909829765558243,42.82029104375445,0.5677255317568779,135.05612855524438,177.87641959899884,0,218,127.0,155.0,14.0,14.0,133,150,0.49341070652008057,0.8877752423286438,17,0.4698063135147095,0.07544177770614624,0.27262404561042786
S_169,gap,8,155,172.83372,558.0251,gap_score_smooth,0.9427729249000549,0.05499768257141113,4.597315168147901,0.9152740836143494,152.89440295268682,157.49171812083472,150,218,141.0,173.0,14.0,18.0,150,167,0.8877752423286438,0.6493316888809204,17,0.05499768257141113,0.2934412360191345,0.17421945929527283
S_169,gap,9,173,195.97185,613.3054,gap_score_smooth,0.8876340985298157,0.23830240964889526,5.463007572659933,0.768482893705368,169.8375585350809,175.30056610774082,167,218,155.0,192.0,18.0,19.0,167,180,0.6493316888809204,0.5232494473457336,13,0.23830240964889526,0.36438465118408203,0.30134353041648865
S_169,gap,10,192,189.83234,671.6569,gap_score_smooth,0.8764736652374268,0.3532242178916931,8.707591996506551,0.6998615562915802,187.566318215101,196.27391021160756,180,218,173.0,208.0,19.0,16.0,180,200,0.5232494473457336,0.6142899394035339,20,0.3532242178916931,0.2621837258338928,0.30770397186279297
S_169,gap,11,208,171.61136,720.795,gap_score_smooth,0.873646080493927,0.25935614109039307,6.166152731437535,0.7439680099487305,204.42444171536522,210.59059444680275,200,218,192.0,226.0,16.0,18.0,200,218,0.6142899394035339,0.06499151885509491,18,0.25935614109039307,0.8086545616388321,0.5340053513646126
S_169,gap,12,226,148.38643,776.0753,gap_score_smooth,0.3596874177455902,0.287776380777359,14.057065443259148,0.2157992273569107,221.45926996071924,235.5163354039784,218,239,208.0,,18.0,0.0,218,231,0.06499151885509491,0.29478487372398376,13,0.2946958988904953,0.06490254402160645,0.17979922145605087
S_170,gap,1,63,160.5603,304.61087,gap_score_smooth,0.9233953952789307,0.27944034337997437,43.36828381745738,0.7836752235889435,26.156679054220817,69.5249628716782,0,83,,124.0,0.0,61.0,40,83,0.807196319103241,0.6439550518989563,43,0.1161990761756897,0.27944034337997437,0.19781970977783203
S_170,gap,2,124,122.839294,475.61505,gap_score_smooth,0.9940322041511536,0.8313965350389481,173.48753280205872,0.5783339366316795,6.748583265684875,180.2361160677436,0,239,63.0,158.0,61.0,34.0,108,139,0.8382411003112793,0.905295193195343,31,0.15579110383987427,0.08873701095581055,0.12226405739784241
S_170,gap,3,158,170.96196,570.9289,gap_score_smooth,0.8704643845558167,0.20584815740585327,8.413681876853929,0.76754030585289,154.5472553246938,162.96093720154772,150,239,124.0,172.0,34.0,14.0,150,165,0.6646162271499634,0.755923330783844,15,0.20584815740585327,0.11454105377197266,0.16019460558891296
S_170,gap,4,172,195.90836,610.1757,gap_score_smooth,0.8502312302589417,0.09430789947509766,5.287267178538173,0.8030772805213928,168.96911468576923,174.2563818643074,165,183,158.0,191.0,14.0,19.0,165,183,0.755923330783844,0.5278957486152649,18,0.09430789947509766,0.32233548164367676,0.2083216905593872
S_170,gap,5,191,216.67296,663.43933,gap_score_smooth,0.8505185842514038,0.1519675850868225,5.638333719192673,0.7745347917079926,188.35790564391905,193.99623936311173,183,204,172.0,209.0,19.0,18.0,183,196,0.5278957486152649,0.7442494630813599,13,0.3226228356361389,0.10626912117004395,0.21444597840309143
S_170,gap,6,209,222.79982,713.8996,gap_score_smooth,0.8586082458496094,0.3307124972343445,26.04632742833482,0.6932519972324371,187.15404919011232,213.20037661844714,183,239,191.0,228.0,18.0,19.0,204,217,0.6985509991645813,0.5429550409317017,13,0.16005724668502808,0.3156532049179077,0.2378552258014679
S_170,gap,7,228,210.08255,767.1632,gap_score_smooth,0.6730874180793762,0.13013237714767456,4.7687776932919235,0.6080212295055389,225.07394521475982,229.84272290805174,217,239,209.0,,19.0,0.0,222,239,0.5479043126106262,0.07203701138496399,17,0.12518310546875,0.6010504066944122,0.3631167560815811
S_171,gap,1,11,153.71507,158.27197,gap_score_smooth,0.5387154221534729,0.10005471110343933,4.455514834141923,0.48868806660175323,9.01855666081139,13.474071494953312,0,17,,43.0,0.0,32.0,0,17,0.06547454744577408,0.43866071105003357,17,0.4732408747076988,0.10005471110343933,0.2866477929055691
S_171,gap,2,43,130.2103,275.4268,gap_score_smooth,0.9338575005531311,0.5982889831066132,41.081196258862924,0.6347130089998245,32.775647783616385,73.85684404247931,0,101,11.0,69.0,32.0,26.0,28,51,0.44240444898605347,0.7407722473144531,23,0.49145305156707764,0.19308525323867798,0.3422691524028778
S_171,gap,3,69,90.41934,370.61505,gap_score_smooth,0.7961287498474121,0.11403971910476685,4.200450618066398,0.7391088902950287,67.07531329420405,71.27576391227045,64,101,43.0,95.0,26.0,26.0,64,76,0.6820890307426453,0.613027811050415,12,0.11403971910476685,0.18310093879699707,0.14857032895088196
S_171,gap,4,95,72.44794,465.80334,gap_score_smooth,0.785066545009613,0.172038733959198,4.243372340869357,0.699047178030014,91.9979251556854,96.24129749655475,76,101,69.0,123.0,26.0,28.0,87,101,0.6359386444091797,0.33556851744651794,14,0.14912790060043335,0.4494980275630951,0.2993129640817642
S_171,gap,5,123,95.332664,568.3138,gap_score_smooth,0.9293156862258911,0.3894100785255432,6.782327541170034,0.7346106469631195,119.80440415716733,126.58673169833736,101,130,95.0,138.0,28.0,15.0,116,130,0.5730044841766357,0.5399056077003479,14,0.35631120204925537,0.3894100785255432,0.3728606402873993
S_171,gap,6,138,121.897736,623.2301,gap_score_smooth,0.9624238610267639,0.8398039191961288,64.69066567192152,0.5425219014286995,130.0832079833486,194.7738736552701,0,239,123.0,152.0,15.0,14.0,130,146,0.5399056077003479,0.6968147158622742,16,0.422518253326416,0.26560914516448975,0.3440636992454529
S_171,gap,7,152,152.2162,674.48535,gap_score_smooth,0.8437669277191162,0.14695221185684204,6.477080569112275,0.7702908217906952,148.72263314072998,155.19971370984226,146,160,138.0,169.0,14.0,17.0,146,160,0.6968147158622742,0.6148908734321594,14,0.14695221185684204,0.2288760542869568,0.18791413307189941
S_171,gap,8,169,178.81836,736.7239,gap_score_smooth,0.9215189814567566,0.30662810802459717,28.618886063836385,0.768204927444458,164.17289298799844,192.79177905183482,160,239,152.0,190.0,17.0,21.0,160,180,0.6148908734321594,0.7884801030158997,20,0.30662810802459717,0.13303887844085693,0.21983349323272705
S_171,gap,9,190,197.79367,813.6067,gap_score_smooth,0.8699570894241333,0.08147698640823364,8.161520712156033,0.8292185962200165,183.76733309299541,191.92885380515145,180,200,169.0,209.0,21.0,19.0,180,200,0.7884801030158997,0.24448448419570923,20,0.08147698640823364,0.6254726052284241,0.35347479581832886
S_171,gap,10,209,205.08504,883.16736,gap_score_smooth,0.8880437016487122,0.6435592174530029,11.091381567697226,0.5662640929222107,204.42470627388187,215.5160878415791,200,239,190.0,230.0,19.0,21.0,200,221,0.24448448419570923,0.3048343360424042,21,0.6435592174530029,0.583209365606308,0.6133842915296555
S_171,gap,11,230,209.93694,960.05023,gap_score_smooth,0.7120192050933838,0.4071848690509796,9.231823786419284,0.508426770567894,225.43623538970095,234.66805917612024,221,239,209.0,,21.0,0.0,221,239,0.3048343360424042,0.12261994183063507,18,0.4071848690509796,0.5893992632627487,0.49829206615686417
S_172,gap,1,12,262.89703,253.69038,gap_score_smooth,0.8138442635536194,0.18467193841934204,12.374821229344187,0.7215082943439484,8.969766877124817,21.344588106469004,0,32,,63.0,0.0,51.0,0,23,0.06910860538482666,0.7153298854827881,23,0.7447356581687927,0.0985143780708313,0.421625018119812
S_172,gap,2,63,196.11858,396.87448,gap_score_smooth,0.925003170967102,0.24465394020080566,13.90914528951815,0.8026762008666992,52.67854546452135,66.5876907540395,0,75,12.0,92.0,51.0,29.0,38,75,0.6330826282501221,0.6803492307662964,37,0.29192054271698,0.24465394020080566,0.2682872414588928
S_172,gap,3,92,203.62444,478.29288,gap_score_smooth,0.847925066947937,0.13329827785491943,21.670009914480886,0.7812759280204773,85.52277949143134,107.19278940591222,75,110,63.0,120.0,29.0,28.0,82,97,0.7296554446220398,0.7813134789466858,15,0.11826962232589722,0.06661158800125122,0.09244060516357422
S_172,gap,4,120,248.07126,556.90375,gap_score_smooth,0.9397783875465393,0.09299969673156738,4.7613024044541135,0.8932785391807556,117.44790586863073,122.20920827308484,0,126,92.0,149.0,28.0,29.0,110,126,0.7146267890930176,0.8467786908149719,16,0.22515159845352173,0.09299969673156738,0.15907564759254456
S_172,gap,5,149,273.88565,638.3222,gap_score_smooth,0.9827947020530701,0.8050091415643692,167.16379647319653,0.5802901312708855,7.317660664048581,174.48145713724512,0,239,120.0,168.0,29.0,19.0,144,163,0.9310328960418701,0.7566117644309998,19,0.05176180601119995,0.2261829376220703,0.13897237181663513
S_172,gap,6,168,276.98462,691.6653,gap_score_smooth,0.846904993057251,0.09029322862625122,4.1700294414238215,0.8017583787441254,165.6671104050834,169.83713984650723,163,175,149.0,186.0,19.0,18.0,163,175,0.7566117644309998,0.5727371573448181,12,0.09029322862625122,0.27416783571243286,0.18223053216934204
S_172,gap,7,186,264.04706,742.20087,gap_score_smooth,0.8680073022842407,0.2952701449394226,8.093590924578223,0.7203722298145294,181.9668385159207,190.06042944049892,175,239,168.0,206.0,18.0,20.0,175,197,0.5727371573448181,0.4071776270866394,22,0.2952701449394226,0.4608296751976013,0.37804991006851196
S_172,gap,8,206,241.55911,798.35144,gap_score_smooth,0.8663364052772522,0.4591587781906128,9.883869451014903,0.6367570161819458,201.27556026168116,211.15942971269607,197,239,186.0,228.0,20.0,22.0,197,218,0.4071776270866394,0.27569466829299927,21,0.4591587781906128,0.5906417369842529,0.5249002575874329
S_172,gap,9,228,219.75557,860.1171,gap_score_smooth,0.7619984149932861,0.48630374670028687,11.369203705819132,0.5188465416431427,222.28843116208893,233.65763486790806,218,239,206.0,,22.0,0.0,218,239,0.27569466829299927,0.17778556048870087,21,0.48630374670028687,0.5842128545045853,0.5352583006024361
S_173,gap,1,35,170.7807,254.11298,gap_score_smooth,0.7004737257957458,0.053911447525024414,5.307432844614269,0.6735180020332336,32.724968603321386,38.032401447935655,0,47,,67.0,0.0,32.0,18,40,0.481566846370697,0.6533063054084778,22,0.21890687942504883,0.047167420387268066,0.13303714990615845
S_173,gap,2,67,191.64131,338.33054,gap_score_smooth,0.8956220149993896,0.20349252223968506,8.984577872477203,0.7938757538795471,62.11858921249599,71.1031670849732,0,85,35.0,98.0,32.0,31.0,47,73,0.6465622782707214,0.7799670696258545,26,0.2490597367286682,0.11565494537353516,0.18235734105110168
S_173,gap,3,98,149.17746,419.91632,gap_score_smooth,0.993893027305603,0.855290412902832,190.59817629414528,0.566247820854187,23.767597876166917,214.3657741703122,0,239,67.0,136.0,31.0,38.0,85,112,0.6921294927597046,0.9292004704475403,27,0.30176353454589844,0.06469255685806274,0.1832280457019806
S_173,gap,4,136,89.70589,519.9247,gap_score_smooth,0.9336405992507935,0.03833085298538208,3.4360730890197146,0.9144751727581024,134.33392154083006,137.76999462984978,127,141,98.0,150.0,38.0,14.0,127,141,0.5859940052032471,0.8953097462654114,14,0.3476465940475464,0.03833085298538208,0.19298872351646423
S_173,gap,5,150,82.48074,556.7699,gap_score_smooth,0.9433886408805847,0.35739463567733765,22.931964357184967,0.7646913230419159,131.66099809563772,154.5929624528227,127,239,136.0,171.0,14.0,21.0,141,164,0.8953097462654114,0.5866665244102478,23,0.04807889461517334,0.3567221164703369,0.20240050554275513
S_173,gap,6,171,81.33447,612.03766,gap_score_smooth,0.7624289989471436,0.09489339590072632,4.936053580551885,0.7149823009967804,168.5355961696747,173.4716497502266,164,176,150.0,191.0,21.0,20.0,164,176,0.5866665244102478,0.6675356030464172,12,0.17576247453689575,0.09489339590072632,0.13532793521881104
S_173,gap,7,191,97.63057,664.67365,gap_score_smooth,0.8963257074356079,0.3096591830253601,31.182168072361378,0.7414961159229279,180.76352004353686,211.94568811589824,164,239,171.0,,20.0,0.0,176,202,0.6675356030464172,0.8512910008430481,26,0.22879010438919067,0.045034706592559814,0.13691240549087524
S_174,gap,1,29,171.73251,191.2092,gap_score_smooth,0.7355380654335022,0.4090140461921692,39.02192184284473,0.5310310423374176,5.213245725405423,44.235167568250155,0,60,,53.0,0.0,24.0,24,35,0.5508812665939331,0.6006993055343628,11,0.1846567988395691,0.1348387598991394,0.15974777936935425
S_174,gap,2,53,113.24842,260.89957,gap_score_smooth,0.6149762868881226,0.20125755667686462,6.182500210101587,0.5143475085496902,50.1127229439395,56.29522315404109,47,60,29.0,67.0,24.0,14.0,47,60,0.41371873021125793,0.326524019241333,13,0.20125755667686462,0.28845226764678955,0.2448549121618271
S_174,gap,3,67,80.79243,301.5523,gap_score_smooth,0.6479745507240295,0.30364829301834106,11.172987356236654,0.496150404214859,63.55142605774275,74.7244134139794,60,87,53.0,82.0,14.0,15.0,60,71,0.326524019241333,0.5419191718101501,11,0.32145053148269653,0.1060553789138794,0.21375295519828796
S_174,gap,4,82,71.8474,345.1088,gap_score_smooth,0.4888734221458435,0.10660970211029053,3.7867073983891117,0.43556857109069824,79.91293591856082,83.69964331694993,78,87,67.0,96.0,15.0,14.0,78,87,0.382263720035553,0.3443262577056885,9,0.10660970211029053,0.14454716444015503,0.12557843327522278
S_174,gap,5,96,80.30181,385.7615,gap_score_smooth,0.5311640501022339,0.18481439352035522,6.093236330958931,0.4387568533420563,92.58631880385157,98.6795551348105,87,103,82.0,114.0,14.0,18.0,87,103,0.3443262577056885,0.34634965658187866,16,0.1868377923965454,0.18481439352035522,0.18582609295845032
S_174,gap,6,114,111.94173,438.0293,gap_score_smooth,0.906255304813385,0.5227126479148865,12.682268886969595,0.6448989808559418,107.46406723033267,120.14633611730227,0,125,96.0,134.0,18.0,20.0,103,125,0.34634965658187866,0.38354265689849854,22,0.5599056482315063,0.5227126479148865,0.5413091480731964
S_174,gap,7,134,157.78035,496.1046,gap_score_smooth,0.9127373695373535,0.3130900263786316,7.84863534189995,0.7561923563480377,130.71219764544128,138.56083298734123,0,142,114.0,151.0,20.0,17.0,125,142,0.38354265689849854,0.5996473431587219,17,0.529194712638855,0.3130900263786316,0.4211423695087433
S_174,gap,8,151,197.30595,545.4686,gap_score_smooth,0.9724816083908081,0.851624421775341,27.59281963169937,0.5466693975031376,128.3660074315398,155.95882706323917,0,239,134.0,172.0,17.0,21.0,142,160,0.5996473431587219,0.23803189396858215,18,0.3728342652320862,0.734449714422226,0.5536419898271561
S_174,gap,9,172,248.58112,606.4477,gap_score_smooth,0.9097382426261902,0.671706348657608,15.08381681162166,0.5738850682973862,164.86177716078427,179.94559397240593,160,239,151.0,197.0,21.0,25.0,160,184,0.23803189396858215,0.2510366141796112,24,0.671706348657608,0.658701628446579,0.6652039885520935
S_174,gap,10,197,286.33426,679.0419,gap_score_smooth,0.8409735560417175,0.5899369418621063,17.450924679456847,0.5460050851106644,187.99976974583822,205.45069442529507,184,239,172.0,223.0,25.0,26.0,184,210,0.2510366141796112,0.08999545872211456,26,0.5899369418621063,0.750978097319603,0.6704575195908546
S_174,gap,11,223,301.92993,754.53973,gap_score_smooth,0.6882377862930298,0.5982423275709152,16.897971892780816,0.3891166225075722,214.7006460465893,231.59861793937011,210,239,197.0,,26.0,0.0,210,239,0.08999545872211456,0.06821341812610626,29,0.5982423275709152,0.6200243681669235,0.6091333478689194
S_175,gap,1,11,283.12173,118.799164,gap_score_smooth,0.7195127606391907,0.14941078424453735,10.450249242532324,0.644807368516922,7.305293015718531,17.755542258250856,0,31,,71.0,0.0,60.0,0,21,0.12567251920700073,0.6109434962272644,21,0.5938402414321899,0.10856926441192627,0.3512047529220581
S_175,gap,2,71,241.88495,270.43097,gap_score_smooth,0.9626607298851013,0.26981693506240845,16.07223923353464,0.8277522623538971,62.846793356119484,78.91903258965412,0,101,11.0,94.0,60.0,23.0,54,90,0.7394353151321411,0.7343192100524902,36,0.2232254147529602,0.22834151983261108,0.22578346729278564
S_175,gap,3,94,222.99995,328.5565,gap_score_smooth,0.7683960199356079,0.034076809883117676,4.2547993611072314,0.7513576149940491,92.22433544931562,96.47913481042285,90,101,71.0,112.0,23.0,18.0,90,101,0.7343192100524902,0.6928437948226929,11,0.034076809883117676,0.07555222511291504,0.05481451749801636
S_175,gap,4,112,218.2258,374.04602,gap_score_smooth,0.7695489525794983,0.0616532564163208,13.99616304001242,0.7387223243713379,105.22256019114134,119.21872323115376,101,123,94.0,156.0,18.0,44.0,101,123,0.6928437948226929,0.7078956961631775,22,0.07670515775680542,0.0616532564163208,0.06917920708656311
S_175,gap,5,156,269.99814,485.24268,gap_score_smooth,0.9691571593284607,0.84348464012146,192.8787145711193,0.5474148392677307,5.941057130704774,198.81977170182407,0,239,112.0,190.0,44.0,34.0,151,167,0.9464775323867798,0.5635263919830322,16,0.022679626941680908,0.40563076734542847,0.2141551971435547
S_175,gap,6,190,314.9221,571.16736,gap_score_smooth,0.8843480944633484,0.32082170248031616,22.913109059366974,0.7239372432231903,171.64690613143264,194.56001519079962,167,239,156.0,212.0,34.0,22.0,184,203,0.7859803438186646,0.5382527709007263,19,0.09836775064468384,0.34609532356262207,0.22223153710365295
S_175,gap,7,212,319.18665,626.7657,gap_score_smooth,0.8447083234786987,0.3064555525779724,7.062780104179666,0.6914805471897125,208.58542553199956,215.64820563617923,203,239,190.0,229.0,22.0,17.0,203,225,0.5382527709007263,0.5568876266479492,22,0.3064555525779724,0.2878206968307495,0.29713812470436096
S_175,gap,8,229,315.4343,669.728,gap_score_smooth,0.6127426624298096,0.05585503578186035,2.9804885397834937,0.5848151445388794,227.51325998546642,230.4937485252499,225,239,212.0,,17.0,0.0,225,239,0.5568876266479492,0.07069241255521774,14,0.05585503578186035,0.5420502498745918,0.2989526428282261
S_176,gap,1,11,195.91634,185.89122,gap_score_smooth,0.7735764384269714,0.19938331842422485,15.802851247142945,0.673884779214859,5.336941034774364,21.13979228191731,0,27,,48.0,0.0,37.0,0,14,0.18733350932598114,0.7701192498207092,14,0.5862429291009903,0.003457188606262207,0.29485005885362625
S_176,gap,2,48,176.99387,316.70712,gap_score_smooth,0.9079991579055786,0.6000996530056,53.51560488579577,0.6079493314027786,30.048503733463676,83.56410861925944,0,130,11.0,79.0,37.0,31.0,27,61,0.5741931200027466,0.6663076281547546,34,0.33380603790283203,0.24169152975082397,0.287748783826828
S_176,gap,3,79,174.319,426.30963,gap_score_smooth,0.802008867263794,0.1357012391090393,15.287957018756927,0.7341582477092743,66.24772956818762,81.53568658694455,61,87,48.0,107.0,31.0,28.0,75,87,0.7528166174888611,0.5419089794158936,12,0.04919224977493286,0.2600998878479004,0.15464606881141663
S_176,gap,4,107,200.1931,525.3054,gap_score_smooth,0.8446250557899475,0.30271607637405396,5.844833579309196,0.6932670176029205,103.46554057791356,109.31037415722275,87,115,79.0,122.0,28.0,15.0,100,115,0.6055042743682861,0.3914834260940552,15,0.23912078142166138,0.45314162969589233,0.34613120555877686
S_176,gap,5,122,219.4434,578.3389,gap_score_smooth,0.8781609535217285,0.48667752742767334,6.0128084878988375,0.6348221898078918,118.56818565032562,124.58099413822445,115,130,107.0,138.0,15.0,16.0,115,130,0.3914834260940552,0.30789950489997864,15,0.48667752742767334,0.5702614486217499,0.5284694880247116
S_176,gap,6,138,237.14842,634.90796,gap_score_smooth,0.9753659963607788,0.7880324870347977,63.62914674529944,0.58134975284338,133.68103418158168,197.31018092688112,0,217,122.0,154.0,16.0,16.0,130,149,0.30789950489997864,0.824924111366272,19,0.6674664914608002,0.15044188499450684,0.4089541882276535
S_176,gap,7,154,250.6624,691.477,gap_score_smooth,0.9119524955749512,0.0870283842086792,4.700768136627289,0.8684383034706116,151.3855821093038,156.0863502459311,149,217,138.0,173.0,16.0,19.0,149,161,0.824924111366272,0.5910570621490479,12,0.0870283842086792,0.3208954334259033,0.20396190881729126
S_176,gap,8,173,250.18178,758.6527,gap_score_smooth,0.8465108871459961,0.25545382499694824,25.715716514630685,0.718783974647522,169.09290252110637,194.80861903573705,161,199,154.0,192.0,19.0,19.0,166,184,0.6271060109138489,0.7639926671981812,18,0.21940487623214722,0.08251821994781494,0.15096154808998108
S_176,gap,9,192,230.1763,825.8284,gap_score_smooth,0.8139328360557556,0.04994016885757446,4.947150209602256,0.7889627516269684,188.31292354325964,193.2600737528619,184,199,173.0,208.0,19.0,16.0,184,199,0.7639926671981812,0.539726197719574,15,0.04994016885757446,0.27420663833618164,0.16207340359687805
S_176,gap,10,208,196.57948,882.39746,gap_score_smooth,0.8505492210388184,0.3108230233192444,8.276993837335624,0.6951377093791962,203.17277418274296,211.44976802007858,199,217,192.0,228.0,16.0,20.0,199,217,0.539726197719574,0.06793265789747238,18,0.3108230233192444,0.782616563141346,0.5467197932302952
S_176,gap,11,228,149.38196,953.10876,gap_score_smooth,0.7298867106437683,0.6004128605127335,13.582342190196186,0.4296802803874016,221.3584653272228,234.940807517419,217,239,208.0,,20.0,0.0,217,239,0.06793265789747238,0.12947385013103485,22,0.6619540527462959,0.6004128605127335,0.6311834566295147
S_178,gap,1,28,206.4566,222.56903,gap_score_smooth,0.7498853802680969,0.1490539312362671,24.8509510368471,0.6753584146499634,9.960390548967554,34.81134158581465,0,53,,76.0,0.0,48.0,24,36,0.7282924056053162,0.6701541543006897,12,0.02159297466278076,0.07973122596740723,0.050662100315093994
S_178,gap,2,76,296.89053,326.40167,gap_score_smooth,0.8613221049308777,0.05463147163391113,6.895238559643246,0.8340063691139221,71.78608295289143,78.68132151253468,0,89,28.0,94.0,48.0,18.0,53,81,0.6008314490318298,0.8195208311080933,28,0.26049065589904785,0.041801273822784424,0.15114596486091614
S_178,gap,3,94,319.7186,365.3389,gap_score_smooth,0.8749294877052307,0.28608185052871704,31.01583746685654,0.7318885624408722,66.89639860558503,97.91223607244157,0,108,76.0,115.0,18.0,21.0,89,108,0.8066906332969666,0.5888476371765137,19,0.06823885440826416,0.28608185052871704,0.1771603524684906
S_178,gap,4,115,325.97574,410.7657,gap_score_smooth,0.9328926801681519,0.3221901059150696,6.248391482727527,0.7717976272106171,112.41306635358,118.66145783630753,0,123,94.0,137.0,21.0,22.0,108,123,0.5888476371765137,0.6107025742530823,15,0.3440450429916382,0.3221901059150696,0.3331175744533539
S_178,gap,5,137,311.92136,458.35565,gap_score_smooth,0.8631281852722168,0.15002965927124023,5.601570482703551,0.7881133556365967,134.0382241599161,139.63979464261965,123,144,115.0,157.0,22.0,20.0,123,144,0.6107025742530823,0.7130985260009766,21,0.2524256110191345,0.15002965927124023,0.20122763514518738
S_178,gap,6,157,284.71243,501.61923,gap_score_smooth,0.9882968664169312,0.9040949046611786,183.4874855543359,0.5362494140863419,7.472150324247851,190.95963587858375,0,239,137.0,185.0,20.0,28.0,144,177,0.7130985260009766,0.5485484600067139,33,0.2751983404159546,0.4397484064102173,0.35747337341308594
S_178,gap,7,185,243.21489,562.1883,gap_score_smooth,0.7804111242294312,0.23186266422271729,7.404212380733782,0.6644797921180725,180.90718938918187,188.31140176991565,177,198,157.0,208.0,28.0,23.0,177,198,0.5485484600067139,0.30748501420021057,21,0.23186266422271729,0.4729261100292206,0.35239438712596893
S_178,gap,8,208,224.91434,611.9414,gap_score_smooth,0.8139925003051758,0.5065074861049652,9.896356332208285,0.5607387572526932,203.4387963792485,213.33515271145677,198,239,185.0,229.0,23.0,21.0,198,215,0.30748501420021057,0.5345771908760071,17,0.5065074861049652,0.2794153094291687,0.39296139776706696
S_178,gap,9,229,215.55972,657.3682,gap_score_smooth,0.6098513007164001,0.19057932496070862,4.8283684957605715,0.5145616382360458,226.58164601004626,231.41001450580683,223,239,208.0,,21.0,0.0,223,239,0.41927197575569153,0.053232770413160324,16,0.19057932496070862,0.5566185303032398,0.3735989276319742
S_179,gap,1,23,170.1808,247.62343,gap_score_smooth,0.757295548915863,0.09151047468185425,6.118615354711913,0.7115403115749359,19.52232205449362,25.640937409205534,0,29,,71.0,0.0,48.0,18,29,0.6960435509681702,0.6657850742340088,11,0.06125199794769287,0.09151047468185425,0.07638123631477356
S_179,gap,2,71,170.17201,363.70712,gap_score_smooth,0.9802079796791077,0.877897672355175,151.78807952096597,0.5412591435015202,6.745579261857293,158.53365878282327,0,239,23.0,96.0,48.0,25.0,52,82,0.8104121685028076,0.7640258073806763,30,0.16979581117630005,0.2161821722984314,0.19298899173736572
S_179,gap,3,96,175.81036,424.16736,gap_score_smooth,0.9590549468994141,0.1980847716331482,10.996381981469753,0.86001256108284,89.55750086033977,100.55388284180952,85,239,71.0,120.0,25.0,24.0,85,110,0.7609701752662659,0.7668156623840332,25,0.1980847716331482,0.19223928451538086,0.19516202807426453
S_179,gap,4,120,177.04776,482.2092,gap_score_smooth,0.9131531119346619,0.14633744955062866,12.525624964995743,0.8399843871593475,114.9857193766494,127.51134434164514,110,165,96.0,141.0,24.0,21.0,110,122,0.7668156623840332,0.911431074142456,12,0.14633744955062866,0.0017220377922058105,0.07402974367141724
S_179,gap,5,141,150.71373,532.9958,gap_score_smooth,0.9130381941795349,0.16905546188354492,8.686943956591875,0.8285104632377625,137.12489850664048,145.81184246323235,132,165,120.0,188.0,21.0,47.0,132,147,0.74398273229599,0.8200456500053406,15,0.16905546188354492,0.09299254417419434,0.13102400302886963
S_179,gap,6,188,128.58807,646.6611,gap_score_smooth,0.9048947691917419,0.055588603019714355,3.8122287829029062,0.8771004676818848,186.53619458366052,190.34842336656342,165,193,141.0,213.0,47.0,25.0,175,193,0.7014505863189697,0.8493061661720276,18,0.20344418287277222,0.055588603019714355,0.1295163929462433
S_179,gap,7,213,168.88914,707.12134,gap_score_smooth,0.9272200465202332,0.5397942364215851,49.513545581347785,0.6573229283094406,169.90602956119534,219.41957514254312,165,239,188.0,230.0,25.0,17.0,208,226,0.8768418431282043,0.4564666748046875,18,0.05037820339202881,0.47075337171554565,0.26056578755378723
S_179,gap,8,230,189.27077,748.2343,gap_score_smooth,0.5347124934196472,0.07824581861495972,3.638128103935344,0.49558958411216736,228.33284899943152,231.97097710336686,226,239,213.0,,17.0,0.0,226,239,0.4564666748046875,0.06083746254444122,13,0.07824581861495972,0.473875030875206,0.27606042474508286
S_180,gap,1,47,166.59898,283.2092,gap_score_smooth,0.9470528960227966,0.353481650352478,65.75424516866579,0.7703120708465576,7.528345126683406,73.2825902953492,0,99,,79.0,0.0,32.0,15,60,0.7801257371902466,0.8439954519271851,45,0.16692715883255005,0.10305744409561157,0.1349923014640808
S_180,gap,2,79,122.4774,386.841,gap_score_smooth,0.7864348292350769,0.03344929218292236,3.058251853405551,0.7697101831436157,77.52846669851094,80.58671855191649,75,99,47.0,109.0,32.0,30.0,75,86,0.7529855370521545,0.6458797454833984,11,0.03344929218292236,0.14055508375167847,0.08700218796730042
S_180,gap,3,109,83.231865,483.99582,gap_score_smooth,0.967658281326294,0.14494943618774414,14.778726844412361,0.8951835632324219,105.06502846036373,119.8437553047761,0,139,79.0,132.0,30.0,23.0,99,122,0.5935712456703186,0.8530428409576416,23,0.37408703565597534,0.11461544036865234,0.24435123801231384
S_180,gap,4,132,79.38727,558.4812,gap_score_smooth,0.9341574907302856,0.08111464977264404,6.580312115167487,0.8936001658439636,128.16003512660214,134.74034724176963,122,139,109.0,149.0,23.0,17.0,122,139,0.8530428409576416,0.8227088451385498,17,0.08111464977264404,0.11144864559173584,0.09628164768218994
S_180,gap,5,149,108.40837,613.5356,gap_score_smooth,0.9961586594581604,0.7718512564897537,93.82559321259482,0.6102330312132835,100.47072460204559,194.29631781464042,0,239,132.0,174.0,17.0,25.0,139,166,0.8227088451385498,0.8994796872138977,27,0.1734498143196106,0.0966789722442627,0.13506439328193665
S_180,gap,6,174,166.24231,694.4979,gap_score_smooth,0.9523634314537048,0.05288374423980713,7.204487219004022,0.9259215593338013,169.5693344320558,176.77382165105982,166,239,149.0,189.0,25.0,15.0,166,182,0.8994796872138977,0.7571464776992798,16,0.05288374423980713,0.19521695375442505,0.12405034899711609
S_180,gap,7,189,195.86855,743.0753,gap_score_smooth,0.8813422322273254,0.12419575452804565,7.395923845382185,0.8192443549633026,184.6169846385157,192.0129084838979,182,239,174.0,211.0,15.0,22.0,182,200,0.7571464776992798,0.30782145261764526,18,0.12419575452804565,0.5735207796096802,0.3488582670688629
S_180,gap,8,211,196.35156,814.3222,gap_score_smooth,0.874602735042572,0.5667812824249268,12.786824088876728,0.5912120938301086,205.89970163996944,218.68652572884616,200,239,189.0,,22.0,0.0,200,239,0.30782145261764526,0.05619440972805023,39,0.5667812824249268,0.8184083253145218,0.6925948038697243
S_181,gap,1,18,208.94223,239.10878,gap_score_smooth,0.8328826427459717,0.24991518259048462,22.63606033497593,0.7079250514507294,8.870404399921897,31.506464734897826,0,87,,67.0,0.0,49.0,0,41,0.15758734941482544,0.6612594723701477,41,0.6752952933311462,0.17162317037582397,0.4234592318534851
S_181,gap,2,67,127.93537,342.84937,gap_score_smooth,0.8222193717956543,0.1609598994255066,14.911444636510637,0.741739422082901,60.05537018648175,74.96681482299239,41,87,18.0,104.0,49.0,37.0,55,87,0.6925979852676392,0.5829674601554871,32,0.12962138652801514,0.23925191164016724,0.1844366490840912
S_181,gap,3,104,81.41044,421.1841,gap_score_smooth,0.8178483247756958,0.0702136754989624,8.261358626771113,0.7827414870262146,100.02394791727579,108.2853065440469,87,111,67.0,122.0,37.0,18.0,87,111,0.5829674601554871,0.7476346492767334,24,0.23488086462020874,0.0702136754989624,0.15254727005958557
S_181,gap,4,122,83.64055,459.29288,gap_score_smooth,0.9062891602516174,0.047011375427246094,12.981561345851148,0.8827834725379944,116.18491053842895,129.1664718842801,0,132,104.0,149.0,18.0,27.0,111,132,0.7476346492767334,0.8592777848243713,21,0.15865451097488403,0.047011375427246094,0.10283294320106506
S_181,gap,5,149,119.19083,516.45605,gap_score_smooth,0.9695966243743896,0.8120092749595642,215.1342329346451,0.5635919868946075,6.774677841315857,221.90891077596095,0,239,122.0,167.0,27.0,18.0,145,160,0.9352818727493286,0.7562554478645325,15,0.034314751625061035,0.21334117650985718,0.1238279640674591
S_181,gap,6,167,150.93242,554.5649,gap_score_smooth,0.8064181804656982,0.05016273260116577,7.922107261710039,0.7813368141651154,162.55585918998486,170.4779664516949,160,176,149.0,183.0,18.0,16.0,160,176,0.7562554478645325,0.6686328649520874,16,0.05016273260116577,0.13778531551361084,0.0939740240573883
S_181,gap,7,183,179.82564,588.43933,gap_score_smooth,0.804296612739563,0.1135130524635315,6.897591176735148,0.7475400865077972,179.38681899444504,186.28441017118018,176,190,167.0,197.0,16.0,14.0,176,190,0.6686328649520874,0.6907835602760315,14,0.13566374778747559,0.1135130524635315,0.12458840012550354
S_181,gap,8,197,204.22684,618.07947,gap_score_smooth,0.8135897517204285,0.14495688676834106,9.300298934837656,0.7411113083362579,192.48993186802932,201.79023080286697,176,206,183.0,213.0,14.0,16.0,190,206,0.6907835602760315,0.6228994131088257,16,0.12280619144439697,0.19069033861160278,0.15674826502799988
S_181,gap,9,213,230.2357,651.954,gap_score_smooth,0.8230274319648743,0.20012801885604858,6.118223520032558,0.72296342253685,209.78617410888313,215.9043976289157,206,239,197.0,,16.0,0.0,206,231,0.6228994131088257,0.17515631020069122,25,0.20012801885604858,0.647871121764183,0.4239995703101158
S_182,gap,1,20,151.68861,168.24268,gap_score_smooth,0.5689758658409119,0.14756590127944946,6.380956502928445,0.49519291520118713,16.802598043538243,23.183554546466688,0,26,,67.0,0.0,47.0,14,26,0.42324718832969666,0.4214099645614624,12,0.1457286775112152,0.14756590127944946,0.14664728939533234
S_182,gap,2,67,154.18959,305.11298,gap_score_smooth,0.9449536204338074,0.42001789808273315,46.82513882046485,0.7349446713924408,47.43394224514743,94.25908106561228,0,101,20.0,89.0,47.0,22.0,57,75,0.8862882256507874,0.8369369506835938,18,0.05866539478302002,0.10801666975021362,0.08334103226661682
S_182,gap,3,89,158.6676,369.1799,gap_score_smooth,0.9263086318969727,0.0893716812133789,8.482665227478975,0.8816227912902832,83.36329748505901,91.84596271253798,75,101,67.0,126.0,22.0,37.0,75,101,0.8369369506835938,0.5249357223510742,26,0.0893716812133789,0.40137290954589844,0.24537229537963867
S_182,gap,4,126,212.05649,476.92886,gap_score_smooth,0.9255422949790955,0.20517879724502563,11.141053392754102,0.8229528963565826,118.4516769672566,129.5927303600107,101,136,89.0,142.0,37.0,16.0,113,136,0.7684262990951538,0.7203634977340698,23,0.15711599588394165,0.20517879724502563,0.18114739656448364
S_182,gap,5,142,222.94595,523.523,gap_score_smooth,0.8551040887832642,0.09098225831985474,3.9946026827333583,0.8096129596233368,139.78379505791526,143.77839774064861,136,152,126.0,158.0,16.0,16.0,136,146,0.7203634977340698,0.7776632905006409,10,0.13474059104919434,0.07744079828262329,0.10609069466590881
S_182,gap,6,158,222.99684,570.1171,gap_score_smooth,0.9529930353164673,0.8022220432758331,99.08819394517809,0.5518820136785507,102.88592340496504,201.97411735014313,0,239,142.0,181.0,16.0,23.0,152,176,0.7641218304634094,0.7014193534851074,24,0.18887120485305786,0.25157368183135986,0.22022244334220886
S_182,gap,7,181,192.45757,637.09625,gap_score_smooth,0.7668471932411194,0.06542783975601196,4.919463850313235,0.7341332733631134,178.62812240649788,183.54758625681112,176,188,158.0,197.0,23.0,16.0,176,188,0.7014193534851074,0.6074052453041077,12,0.06542783975601196,0.15944194793701172,0.11243489384651184
S_182,gap,8,197,164.31902,683.69037,gap_score_smooth,0.8189098834991455,0.21150463819503784,6.684332161361425,0.7131575644016266,193.08697317616296,199.77130533752438,188,205,181.0,214.0,16.0,17.0,188,205,0.6074052453041077,0.40288978815078735,17,0.21150463819503784,0.41602009534835815,0.313762366771698
S_182,gap,9,214,136.12209,733.19666,gap_score_smooth,0.86508709192276,0.46219730377197266,9.365038722222124,0.6339884400367737,209.413290618121,218.77832934034313,205,239,197.0,,17.0,0.0,205,227,0.40288978815078735,0.2228943407535553,22,0.46219730377197266,0.6421927511692047,0.5521950274705887
S_183,gap,1,39,240.17519,236.46861,gap_score_smooth,0.7682735919952393,0.14603948593139648,26.492225109191693,0.695253849029541,20.383746485648174,46.87597159483987,0,71,,65.0,0.0,26.0,26,52,0.7090713381767273,0.6407244205474854,26,0.05920225381851196,0.1275491714477539,0.09337571263313293
S_183,gap,2,65,237.4316,289.4477,gap_score_smooth,0.6995364427566528,0.05881202220916748,7.266261248187263,0.6701304316520691,60.03966648060285,67.30592772879011,52,71,39.0,99.0,26.0,34.0,52,71,0.6407244205474854,0.6222341060638428,19,0.05881202220916748,0.07730233669281006,0.06805717945098877
S_183,gap,3,99,193.7547,358.72803,gap_score_smooth,0.9734373092651367,0.8635875806212425,163.8747399128918,0.5416435189545155,7.701044395583832,171.57578430847565,0,239,65.0,123.0,34.0,24.0,71,103,0.6222341060638428,0.9438724517822266,32,0.35120320320129395,0.029564857482910156,0.19038403034210205
S_183,gap,4,123,147.25844,407.6318,gap_score_smooth,0.9514983296394348,0.04014831781387329,4.633333000331618,0.9314241707324982,120.77455732292917,125.40789032326079,118,155,99.0,138.0,24.0,15.0,118,129,0.9113500118255615,0.8787304162979126,11,0.04014831781387329,0.07276791334152222,0.056458115577697754
S_183,gap,5,138,129.52818,438.19666,gap_score_smooth,0.950597882270813,0.07186746597290039,4.694134530579106,0.9146641492843628,135.6192363025145,140.31337083309361,129,155,123.0,163.0,15.0,25.0,129,145,0.8787304162979126,0.7778461575508118,16,0.07186746597290039,0.17275172472000122,0.1223095953464508
S_183,gap,6,163,128.78494,489.13806,gap_score_smooth,0.9650675058364868,0.24768757820129395,8.386967921288885,0.8412237167358398,158.83736168385647,167.22432960514536,155,239,138.0,181.0,25.0,18.0,155,173,0.7173799276351929,0.5019829273223877,18,0.24768757820129395,0.4630845785140991,0.35538607835769653
S_183,gap,7,181,167.54477,525.8159,gap_score_smooth,0.7133686542510986,0.0755690336227417,6.727705859783526,0.6755841374397278,178.45117375231052,185.17887961209405,173,188,163.0,197.0,18.0,16.0,173,188,0.5019829273223877,0.6377996206283569,15,0.21138572692871094,0.0755690336227417,0.14347738027572632
S_183,gap,8,197,208.26527,558.4184,gap_score_smooth,0.9331077933311462,0.43112486600875854,11.261055546367942,0.717545360326767,191.88710339284202,203.14815893920996,173,239,181.0,227.0,16.0,30.0,188,204,0.6377996206283569,0.7050853967666626,16,0.2953081727027893,0.22802239656448364,0.2616652846336365
S_183,gap,9,227,284.50174,619.5481,gap_score_smooth,0.5677106380462646,0.3050938844680786,7.4255384647227345,0.41516369581222534,223.56208086588666,230.9876193306094,219,239,197.0,,30.0,0.0,219,239,0.26261675357818604,0.046574968844652176,20,0.3050938844680786,0.5211356692016125,0.41311477683484554
S_184,gap,1,19,317.11975,253.40585,gap_score_smooth,0.7911261320114136,0.1746889352798462,19.09288634050477,0.7037816643714905,13.72412332971591,32.81700967022068,0,43,,80.0,0.0,61.0,0,43,0.08826451748609543,0.6164371967315674,43,0.7028616145253181,0.1746889352798462,0.43877527490258217
S_184,gap,2,80,269.46542,392.7615,gap_score_smooth,0.826026201248169,0.03381514549255371,6.711897288648174,0.8091186285018921,75.91709029595329,82.62898758460146,0,85,19.0,96.0,61.0,16.0,74,85,0.8030384182929993,0.7922110557556152,11,0.022987782955169678,0.03381514549255371,0.028401464223861694
S_184,gap,3,96,252.04666,429.3138,gap_score_smooth,0.937643826007843,0.18230503797531128,14.096076812189239,0.8464913070201874,89.70118216944428,103.79725898163352,0,123,80.0,158.0,16.0,62.0,85,107,0.7922110557556152,0.7761733531951904,22,0.14543277025222778,0.1614704728126526,0.15345162153244019
S_184,gap,4,158,296.32336,570.954,gap_score_smooth,0.9884470701217651,0.9001825526356697,201.6293997988416,0.5383557938039303,8.393057024940783,210.0224568237824,0,239,96.0,206.0,62.0,48.0,153,166,0.9316483736038208,0.8910114169120789,13,0.056798696517944336,0.09743565320968628,0.07711717486381531
S_184,gap,5,206,346.3344,680.6109,gap_score_smooth,0.7467198371887207,0.06259655952453613,3.3174000966723725,0.7154215574264526,203.78422750215438,207.10162759882675,202,239,158.0,225.0,48.0,19.0,202,214,0.6841232776641846,0.41200822591781616,12,0.06259655952453613,0.33471161127090454,0.19865408539772034
S_184,gap,6,225,328.24814,724.0167,gap_score_smooth,0.7345064282417297,0.3224982023239136,7.933963050399996,0.573257327079773,221.63639852673276,229.57036157713276,214,239,206.0,,19.0,0.0,214,239,0.41200822591781616,0.05425770580768585,25,0.3224982023239136,0.6802487224340439,0.5013734623789787
S_185,gap,1,16,242.06737,221.74059,gap_score_smooth,0.7464725375175476,0.17483317852020264,28.71985553427901,0.6590559482574463,8.938512024897161,37.65836755917617,0,41,,35.0,0.0,19.0,0,21,0.18366213142871857,0.6959818601608276,21,0.562810406088829,0.05049067735671997,0.3066505417227745
S_185,gap,2,35,248.663,261.80753,gap_score_smooth,0.7195769548416138,0.051393985748291016,3.56594936710475,0.6938799619674683,33.11236857301992,36.67831794012467,31,41,16.0,59.0,19.0,24.0,31,41,0.6681829690933228,0.571639358997345,10,0.051393985748291016,0.1479375958442688,0.09966579079627991
S_185,gap,3,59,243.45667,312.4184,gap_score_smooth,0.7280782461166382,0.12349605560302734,8.377179640163604,0.6663302183151245,55.04485121461811,63.42203085478172,41,70,35.0,83.0,24.0,24.0,52,70,0.6085069179534912,0.6045821905136108,18,0.11957132816314697,0.12349605560302734,0.12153369188308716
S_185,gap,4,83,195.28825,363.0293,gap_score_smooth,0.9025107622146606,0.04737371206283569,4.424895592132415,0.8788239061832428,81.28364724976853,85.70854284190095,0,97,59.0,105.0,24.0,22.0,70,87,0.6045821905136108,0.8726004362106323,17,0.2979285717010498,0.02991032600402832,0.16391944885253906
S_185,gap,5,105,161.43896,409.4226,gap_score_smooth,0.9284367561340332,0.4830079972743988,46.886524853732055,0.6869327574968338,76.00725503772887,122.89377989146092,0,129,83.0,143.0,22.0,38.0,97,111,0.855137050151825,0.8157994747161865,14,0.07329970598220825,0.11263728141784668,0.09296849370002747
S_185,gap,6,143,202.65845,489.5565,gap_score_smooth,0.8929654955863953,0.18293362855911255,16.188397781935663,0.801498681306839,138.19575958369404,154.3841573656297,129,160,105.0,167.0,38.0,24.0,129,160,0.4454287588596344,0.7100318670272827,31,0.44753673672676086,0.18293362855911255,0.3152351826429367
S_185,gap,7,167,243.7302,540.16736,gap_score_smooth,0.9251841902732849,0.18114835023880005,7.690065494084735,0.8346100151538849,163.9498488756112,171.63991436969593,129,180,143.0,188.0,24.0,21.0,160,180,0.7100318670272827,0.7440358400344849,20,0.2151523232460022,0.18114835023880005,0.19815033674240112
S_185,gap,8,188,258.75174,584.4519,gap_score_smooth,0.9349650740623474,0.3350145220756531,8.758460290228186,0.7674578130245209,182.51381276739022,191.2722730576184,0,203,167.0,212.0,21.0,24.0,180,203,0.7440358400344849,0.5999505519866943,23,0.19092923402786255,0.3350145220756531,0.2629718780517578
S_185,gap,9,212,264.09985,635.06274,gap_score_smooth,0.952877938747406,0.7692158073186874,87.21811368063243,0.5682700350880623,132.27107551450734,219.48918919513977,0,239,188.0,,24.0,0.0,203,239,0.5999505519866943,0.039791230112314224,36,0.35292738676071167,0.9130867086350918,0.6330070476979017
S_186,gap,1,19,196.17346,252.40585,gap_score_smooth,0.7200150489807129,0.20125561952590942,23.867204932810854,0.6193872392177582,14.423760159591613,38.290965092402466,0,46,,109.0,0.0,90.0,0,24,0.12224328517913818,0.6607812643051147,24,0.5977717638015747,0.059233784675598145,0.3285027742385864
S_186,gap,2,109,119.54152,458.01254,gap_score_smooth,0.9475456476211548,0.1096692681312561,10.922447703959605,0.8927110135555267,102.78074064790603,113.70318835186563,0,118,19.0,149.0,90.0,40.0,97,118,0.8389326333999634,0.8378763794898987,21,0.1086130142211914,0.1096692681312561,0.10914114117622375
S_186,gap,3,149,171.29857,549.3933,gap_score_smooth,0.980258584022522,0.8580152988433838,144.14412715522002,0.5512509346008301,49.403944291085715,193.54807144630573,0,239,109.0,178.0,40.0,29.0,143,156,0.904168963432312,0.8790470361709595,13,0.07608962059020996,0.1012115478515625,0.08865058422088623
S_186,gap,4,178,225.42441,615.64435,gap_score_smooth,0.8613486289978027,0.24781769514083862,18.879824651805933,0.7374397814273834,171.86630854753378,190.7461331993397,167,239,149.0,211.0,29.0,33.0,167,185,0.6135309338569641,0.8106572031974792,18,0.24781769514083862,0.050691425800323486,0.14925456047058105
S_186,gap,5,211,235.82759,691.03345,gap_score_smooth,0.843609094619751,0.35283875465393066,6.904189285448126,0.6671897172927856,207.8876986311033,214.79188791655142,196,239,178.0,,33.0,0.0,203,230,0.49534451961517334,0.1837843656539917,27,0.34826457500457764,0.6598247289657593,0.5040446519851685
S_187,gap,1,17,210.49763,97.159,gap_score_smooth,0.7491704225540161,0.1764926314353943,23.45275528242147,0.660924106836319,8.425099527821498,31.87785481024297,0,55,,42.0,0.0,25.0,0,26,0.09789638966321945,0.66875159740448,26,0.6512740328907967,0.08041882514953613,0.3658464290201664
S_187,gap,2,42,189.29506,166.51047,gap_score_smooth,0.6832958459854126,0.03426992893218994,6.824718765491767,0.6661608815193176,37.91044936804255,44.735168133534316,34,55,17.0,72.0,25.0,30.0,34,55,0.6490259170532227,0.5726777911186218,21,0.03426992893218994,0.11061805486679077,0.07244399189949036
S_187,gap,3,72,174.40257,249.73222,gap_score_smooth,0.7821705341339111,0.06555050611495972,6.727447112661835,0.7493952810764313,68.50132510852181,75.22877222118365,0,82,42.0,87.0,30.0,15.0,55,82,0.5726777911186218,0.7166200280189514,27,0.2094927430152893,0.06555050611495972,0.1375216245651245
S_187,gap,4,87,175.5478,291.3431,gap_score_smooth,0.7507659196853638,0.03291428089141846,3.467297082265034,0.7343087792396545,84.80284250389842,88.27013958616345,82,90,72.0,101.0,15.0,14.0,82,90,0.7166200280189514,0.7178516387939453,8,0.034145891666412354,0.03291428089141846,0.033530086278915405
S_187,gap,5,101,186.08739,330.1799,gap_score_smooth,0.8926733732223511,0.17329466342926025,10.534601196725774,0.806026041507721,95.1921763028793,105.72677749960508,0,120,87.0,131.0,14.0,30.0,90,107,0.7178516387939453,0.7999323010444641,17,0.17482173442840576,0.09274107217788696,0.13378140330314636
S_187,gap,6,131,220.63904,413.40167,gap_score_smooth,0.9678051471710205,0.8699087575078011,181.74805014381258,0.53285076841712,5.825651639426823,187.5737017832394,0,239,101.0,146.0,30.0,15.0,120,141,0.7193787097930908,0.9000224471092224,21,0.2484264373779297,0.0677827000617981,0.1581045687198639
S_187,gap,7,146,236.845,455.01254,gap_score_smooth,0.9338167309761047,0.033794283866882324,3.4256783911356194,0.9169195890426636,143.47192946131432,146.89760785244994,141,239,131.0,165.0,15.0,19.0,141,158,0.9000224471092224,0.6094841361045837,17,0.033794283866882324,0.324332594871521,0.17906343936920166
S_187,gap,8,165,248.44342,507.71967,gap_score_smooth,0.8472155928611755,0.2377314567565918,6.340980320060254,0.7283498644828796,161.56164957767572,167.90262989773598,158,239,146.0,184.0,19.0,19.0,158,177,0.6094841361045837,0.5491855144500732,19,0.2377314567565918,0.2980300784111023,0.26788076758384705
S_187,gap,9,184,251.50388,560.42676,gap_score_smooth,0.8016853332519531,0.2524998188018799,5.156541629515289,0.6754354238510132,181.1338058116055,186.2903474411208,177,195,165.0,206.0,19.0,22.0,177,195,0.5491855144500732,0.15212206542491913,18,0.2524998188018799,0.649563267827034,0.45103154331445694
S_187,gap,10,206,250.35202,621.45605,gap_score_smooth,0.818382203578949,0.6662601381540298,32.19514473569893,0.48525213450193405,201.4616587091394,233.65680344483835,195,239,184.0,228.0,22.0,22.0,195,214,0.15212206542491913,0.5327817797660828,19,0.6662601381540298,0.2856004238128662,0.47593028098344803
S_187,gap,11,228,244.62315,682.48535,gap_score_smooth,0.6840990781784058,0.17500734329223633,8.969748037726362,0.5965954065322876,223.26694242740723,232.2366904651336,220,239,206.0,,22.0,0.0,220,239,0.5090917348861694,0.09408795088529587,19,0.17500734329223633,0.5900111272931099,0.3825092352926731
S_188,gap,1,16,209.02356,144.61089,gap_score_smooth,0.7295576333999634,0.03357982635498047,4.984933577714568,0.7127677202224731,12.974367046268387,17.959300623982955,0,21,,36.0,0.0,20.0,0,21,0.1036941185593605,0.6959778070449829,21,0.6258635148406029,0.03357982635498047,0.32972167059779167
S_188,gap,2,36,208.75812,187.87448,gap_score_smooth,0.7648932337760925,0.20657211542129517,32.58101914761084,0.661607176065445,9.020622199361442,41.60164134697228,0,71,16.0,62.0,20.0,26.0,21,46,0.6959778070449829,0.587171733379364,25,0.06891542673110962,0.17772150039672852,0.12331846356391907
S_188,gap,3,62,192.02618,244.11716,gap_score_smooth,0.6910484433174133,0.10387670993804932,11.209159776550464,0.6391100883483887,55.410029345583126,66.61918912213359,46,71,36.0,82.0,26.0,20.0,46,71,0.587171733379364,0.5583211183547974,25,0.10387670993804932,0.13272732496261597,0.11830201745033264
S_188,gap,4,82,153.45787,287.38077,gap_score_smooth,0.8560044765472412,0.17766940593719482,13.544403390331425,0.7671697735786438,78.49744816531586,92.04185155564728,0,98,62.0,108.0,20.0,26.0,71,98,0.5583211183547974,0.6783350706100464,27,0.29768335819244385,0.17766940593719482,0.23767638206481934
S_188,gap,5,108,142.81886,343.62344,gap_score_smooth,0.9359111189842224,0.1564430594444275,9.960500107087142,0.8576895892620087,102.24660734233011,112.20710744941725,0,116,82.0,141.0,26.0,33.0,98,116,0.6783350706100464,0.7794680595397949,18,0.257576048374176,0.1564430594444275,0.20700955390930176
S_188,gap,6,141,183.89178,415.00836,gap_score_smooth,0.9914298057556152,0.8877356871962547,201.0517761911055,0.5475619621574879,7.007878849717613,208.0596550408231,0,239,108.0,184.0,33.0,43.0,132,146,0.8606447577476501,0.9747975468635559,14,0.1307850480079651,0.016632258892059326,0.07370865345001221
S_188,gap,7,184,235.76817,508.02512,gap_score_smooth,0.8302965760231018,0.10146433115005493,4.371332901782836,0.7795644104480743,181.91924545441347,186.2905783561963,179,239,141.0,204.0,43.0,20.0,179,190,0.7288322448730469,0.6994462013244629,11,0.10146433115005493,0.13085037469863892,0.11615735292434692
S_188,gap,8,204,237.0445,551.2887,gap_score_smooth,0.7782577872276306,0.10192608833312988,3.4767973388613598,0.7272947430610657,202.15824370604776,205.63504104490912,200,239,184.0,226.0,20.0,22.0,200,212,0.6763316988945007,0.42338988184928894,12,0.10192608833312988,0.3548679053783417,0.22839699685573578
S_188,gap,9,226,228.99309,598.87866,gap_score_smooth,0.7329571843147278,0.30956730246543884,6.554914088034479,0.5781735330820084,222.97145495875543,229.5263690467899,212,239,204.0,,22.0,0.0,219,239,0.45409539341926575,0.049703437834978104,20,0.27886179089546204,0.6832537464797497,0.48105776868760586
S_189,gap,1,24,187.44775,302.4184,gap_score_smooth,0.7513301372528076,0.36275336146354675,30.684451073433166,0.5699534565210342,8.78363383013861,39.46808490357178,0,52,,69.0,0.0,45.0,18,28,0.6790845394134521,0.7180964350700378,10,0.07224559783935547,0.033233702182769775,0.05273965001106262
S_189,gap,2,69,150.39441,400.70294,gap_score_smooth,0.7321251630783081,0.16099846363067627,7.57765358155082,0.65162593126297,65.5920358891408,73.16968947069162,52,84,24.0,115.0,45.0,46.0,52,75,0.38857677578926086,0.628096342086792,23,0.34354838728904724,0.10402882099151611,0.22378860414028168
S_189,gap,3,115,89.75357,501.17154,gap_score_smooth,0.9167344570159912,0.31797128915786743,15.967469967845545,0.7577488124370575,107.17434166940926,123.1418116372548,0,143,69.0,131.0,46.0,16.0,100,126,0.6343511343002319,0.7187196016311646,26,0.2823833227157593,0.19801485538482666,0.24019908905029297
S_189,gap,4,131,95.66005,536.1171,gap_score_smooth,0.779951810836792,0.06123220920562744,4.446575373392051,0.7493357062339783,128.2668726653395,132.71344803873154,126,143,115.0,165.0,16.0,34.0,126,143,0.7187196016311646,0.5987631678581238,17,0.06123220920562744,0.1811886429786682,0.12121042609214783
S_189,gap,5,165,144.3285,610.3766,gap_score_smooth,0.9532878994941711,0.8591680154204369,146.83923313375686,0.5237038917839527,58.709925768761934,205.5491589025188,0,239,131.0,194.0,34.0,29.0,157,172,0.6439085602760315,0.7156363725662231,15,0.30937933921813965,0.237651526927948,0.2735154330730438
S_189,gap,6,194,203.65373,673.71545,gap_score_smooth,0.8943560719490051,0.3586617112159729,8.963355178731831,0.7150252163410187,190.13367438097325,199.09702955970508,186,239,165.0,215.0,29.0,21.0,186,207,0.5356943607330322,0.5024465918540955,21,0.3586617112159729,0.39190948009490967,0.3752855956554413
S_189,gap,7,215,216.83846,719.5816,gap_score_smooth,0.8298377990722656,0.32739120721817017,6.499503357540505,0.6661421954631805,211.40775024138463,217.90725359892514,207,239,194.0,,21.0,0.0,207,239,0.5024465918540955,0.034296490252017975,32,0.32739120721817017,0.7955413088202477,0.5614662580192089
S_190,gap,1,18,204.81801,351.3138,gap_score_smooth,0.49059000611305237,0.12232130765914917,6.966774990651505,0.4294293522834778,14.526269146726893,21.493044137378398,0,24,,32.0,0.0,14.0,12,24,0.36162689328193665,0.3682686984539032,12,0.12896311283111572,0.12232130765914917,0.12564221024513245
S_190,gap,2,32,204.00438,381.8912,gap_score_smooth,0.6319018006324768,0.06177312135696411,4.811176965453985,0.6010152399539948,29.488246260884058,34.29942322633804,0,36,18.0,76.0,14.0,44.0,24,36,0.3682686984539032,0.5701286792755127,12,0.2636331021785736,0.06177312135696411,0.16270311176776886
S_190,gap,3,76,162.87392,477.99164,gap_score_smooth,0.8925528526306152,0.07478189468383789,9.3971031748612,0.8551619052886963,71.6898535498918,81.086956724753,0,85,32.0,90.0,44.0,14.0,58,85,0.7487855553627014,0.8177709579467773,27,0.14376729726791382,0.07478189468383789,0.10927459597587585
S_190,gap,4,90,125.58087,508.56903,gap_score_smooth,0.911794900894165,0.15523195266723633,18.741351726860117,0.8341789245605469,86.33762737989895,105.07897910675906,0,110,76.0,146.0,14.0,56.0,85,94,0.8177709579467773,0.8814381957054138,9,0.0940239429473877,0.03035670518875122,0.06219032406806946
S_190,gap,5,146,97.3968,630.87866,gap_score_smooth,0.9783677458763123,0.9056339338421822,171.46501555503895,0.5255507789552212,27.726044618800902,199.19106017383984,0,239,90.0,161.0,56.0,15.0,141,154,0.937728762626648,0.8208182454109192,13,0.04063898324966431,0.15754950046539307,0.09909424185752869
S_190,gap,6,161,121.28448,663.6402,gap_score_smooth,0.9562444090843201,0.13542616367340088,6.698758744136029,0.8885313272476196,157.62874468582478,164.3275034299608,154,239,146.0,191.0,15.0,30.0,154,172,0.8208182454109192,0.7162236571311951,18,0.13542616367340088,0.240020751953125,0.18772345781326294
S_190,gap,7,191,177.13643,729.1632,gap_score_smooth,0.9119999408721924,0.19577628374099731,17.738169772409663,0.8141117990016937,176.87080468242166,194.60897445483133,172,239,161.0,210.0,30.0,19.0,186,202,0.8353234529495239,0.4374769330024719,16,0.07667648792266846,0.47452300786972046,0.27559974789619446
S_190,gap,8,210,216.15115,770.6611,gap_score_smooth,0.7461522817611694,0.3086753487586975,9.114072491388384,0.5918146073818207,206.01541309507414,215.12948558646252,202,239,191.0,228.0,19.0,18.0,202,221,0.4374769330024719,0.41623345017433167,19,0.3086753487586975,0.32991883158683777,0.31929709017276764
S_190,gap,9,228,236.18832,809.9749,gap_score_smooth,0.6635134816169739,0.2472800314426422,5.746067151362695,0.5398734658956528,224.90569302738794,230.65176017875064,221,239,210.0,,18.0,0.0,221,239,0.41623345017433167,0.0727338120341301,18,0.2472800314426422,0.5907796695828438,0.419029850512743
S_191,gap,1,8,314.8217,100.96653,gap_score_smooth,0.679631769657135,0.11133933067321777,4.461829036324689,0.6239621043205261,5.784441276308092,10.246270312632781,0,21,,42.0,0.0,34.0,0,12,0.2515542209148407,0.595000147819519,12,0.4280775487422943,0.08463162183761597,0.25635458528995514
S_191,gap,2,42,309.57922,202.82426,gap_score_smooth,0.9208543300628662,0.29477816820144653,46.87074646077926,0.7734652459621429,33.468150592854286,80.33889705363354,0,85,8.0,71.0,34.0,29.0,21,50,0.5682924389839172,0.7874850630760193,29,0.352561891078949,0.13336926698684692,0.24296557903289795
S_191,gap,3,71,277.64856,289.70294,gap_score_smooth,0.9137869477272034,0.12630188465118408,13.389182344093612,0.8506360054016113,65.11042282892427,78.49960517301788,50,85,42.0,104.0,29.0,33.0,61,85,0.8187531232833862,0.6260761618614197,24,0.09503382444381714,0.2877107858657837,0.19137230515480042
S_191,gap,4,104,224.66559,388.56485,gap_score_smooth,0.8768889904022217,0.13548225164413452,15.843210657760409,0.8091478645801544,90.94998447280872,106.79319513056913,85,115,71.0,121.0,33.0,17.0,99,109,0.8320767879486084,0.7876328229904175,10,0.04481220245361328,0.0892561674118042,0.06703418493270874
S_191,gap,5,121,220.13696,439.4937,gap_score_smooth,0.9470840692520142,0.05335354804992676,3.45550093455347,0.9204072952270508,119.60017273794737,123.05567367250084,0,126,104.0,135.0,17.0,14.0,115,126,0.7414067387580872,0.8937305212020874,11,0.205677330493927,0.05335354804992676,0.12951543927192688
S_191,gap,6,135,224.91647,481.43515,gap_score_smooth,0.9492316246032715,0.2844250798225403,21.90829716635237,0.8070190846920013,117.22249837311783,139.1307955394702,0,143,121.0,152.0,14.0,17.0,126,143,0.8937305212020874,0.6648065447807312,17,0.05550110340118408,0.2844250798225403,0.16996309161186218
S_191,gap,7,152,242.16382,532.364,gap_score_smooth,0.9521000981330872,0.7005458772182465,149.65317399462754,0.6018271595239639,23.750450547026233,173.40362454165378,0,239,135.0,168.0,17.0,16.0,143,160,0.6648065447807312,0.6276301145553589,17,0.28729355335235596,0.32446998357772827,0.3058817684650421
S_191,gap,8,168,266.4278,580.29706,gap_score_smooth,0.9132709503173828,0.2856408357620239,6.9740154237809975,0.7704505324363708,164.08311015229577,171.05712557607677,160,176,152.0,185.0,16.0,17.0,160,176,0.6276301145553589,0.5252872109413147,16,0.2856408357620239,0.3879837393760681,0.336812287569046
S_191,gap,9,185,299.7693,631.22595,gap_score_smooth,0.9391399025917053,0.4138526916503906,9.166707260770409,0.73221355676651,180.11369834819078,189.2804056089612,176,239,168.0,203.0,17.0,18.0,176,194,0.5252872109413147,0.46317338943481445,18,0.4138526916503906,0.47596651315689087,0.44490960240364075
S_191,gap,10,203,332.8678,685.15063,gap_score_smooth,0.9040693044662476,0.4408959150314331,10.536987287543667,0.683621346950531,197.93634616864867,208.47333345619234,194,239,185.0,221.0,18.0,18.0,194,214,0.46317338943481445,0.4177628755569458,20,0.4408959150314331,0.48630642890930176,0.46360117197036743
S_191,gap,11,221,355.0841,739.0753,gap_score_smooth,0.6711283326148987,0.2533654570579529,5.460527031238229,0.5444456040859222,218.0110914724706,223.47161850370884,214,239,203.0,,18.0,0.0,214,239,0.4177628755569458,0.02320782281458378,25,0.2533654570579529,0.6479205098003149,0.4506429834291339
S_192,gap,1,9,151.71709,111.246864,gap_score_smooth,0.7383101582527161,0.11428099870681763,5.971463629301213,0.6811696588993073,6.410728671929735,12.382192301230948,0,15,,46.0,0.0,37.0,0,15,0.3111158013343811,0.6240291595458984,15,0.42719435691833496,0.11428099870681763,0.2707376778125763
S_192,gap,2,46,123.15097,219.15063,gap_score_smooth,0.8468409776687622,0.13042449951171875,32.98238649452714,0.7816287279129028,37.781509353564495,70.76389584809164,0,88,9.0,110.0,37.0,64.0,32,55,0.6454936861991882,0.8182726502418518,23,0.20134729146957397,0.0285683274269104,0.11495780944824219
S_192,gap,3,110,108.999214,405.79498,gap_score_smooth,0.8617737293243408,0.08567070960998535,5.568152634209454,0.8189383745193481,106.98123682594479,112.54938946015425,0,116,46.0,125.0,64.0,15.0,105,116,0.8097122311592102,0.7761030197143555,11,0.052061498165130615,0.08567070960998535,0.06886610388755798
S_192,gap,4,125,115.57748,449.53973,gap_score_smooth,0.9002406597137451,0.2330603003501892,9.701754144360635,0.7837105095386505,118.44396976929197,128.1457239136526,0,150,110.0,140.0,15.0,15.0,116,132,0.7761030197143555,0.712505578994751,16,0.12413763999938965,0.18773508071899414,0.1559363603591919
S_192,gap,5,140,123.66424,493.28452,gap_score_smooth,0.8817908763885498,0.16928529739379883,5.2189909410958535,0.7971482276916504,137.4715621224005,142.69055306349637,132,150,125.0,158.0,15.0,18.0,132,150,0.712505578994751,0.6671803593635559,18,0.16928529739379883,0.2146105170249939,0.19194790720939636
S_192,gap,6,158,131.5052,545.77826,gap_score_smooth,0.9575289487838745,0.6464131474494934,153.57855168836974,0.6343223750591278,26.22691664767115,179.8054683360409,0,239,140.0,195.0,18.0,37.0,150,172,0.6671803593635559,0.9078337550163269,22,0.2903485894203186,0.04969519376754761,0.1700218915939331
S_192,gap,7,195,137.65251,653.682,gap_score_smooth,0.9048460125923157,0.18094402551651,5.232512550297599,0.8143739998340607,192.6205122303281,197.8530247806257,184,204,158.0,213.0,37.0,18.0,184,204,0.5071506500244141,0.7239019870758057,20,0.3976953625679016,0.18094402551651,0.2893196940422058
S_192,gap,8,213,135.49965,706.1757,gap_score_smooth,0.9182627201080322,0.41111207008361816,26.06907018164395,0.7127066850662231,191.39014644550463,217.45921662714858,184,239,195.0,,18.0,0.0,204,239,0.7239019870758057,0.03617354854941368,35,0.19436073303222656,0.8820891715586185,0.5382249522954226
S_193,gap,1,9,196.31975,186.82008,gap_score_smooth,0.7545182108879089,0.25489088892936707,14.244314804767058,0.6270727664232254,6.37062328563546,20.614938090402518,0,39,,31.0,0.0,22.0,0,16,0.14480829238891602,0.6287752985954285,16,0.6097099184989929,0.12574291229248047,0.3677264153957367
S_193,gap,2,31,186.26761,242.60251,gap_score_smooth,0.5936775207519531,0.05777907371520996,6.181553954320215,0.5647879838943481,27.924915470834108,34.10646942515432,26,39,9.0,64.0,22.0,33.0,26,39,0.5358984470367432,0.49962732195854187,13,0.05777907371520996,0.09405019879341125,0.07591463625431061
S_193,gap,3,64,148.0924,326.27615,gap_score_smooth,0.979476273059845,0.834667980670929,146.12086167071283,0.5621422827243805,46.574733182886376,192.6955948535992,0,239,31.0,112.0,33.0,48.0,39,70,0.49962732195854187,0.9069215655326843,31,0.4798489511013031,0.07255470752716064,0.2762018293142319
S_193,gap,4,112,131.27838,447.98328,gap_score_smooth,0.906135082244873,0.05907541513442993,8.01230157685454,0.8765973746776581,106.86541857126355,114.87772014811809,102,239,64.0,129.0,48.0,17.0,102,121,0.8470596671104431,0.7827548980712891,19,0.05907541513442993,0.12338018417358398,0.09122779965400696
S_193,gap,5,129,147.9619,491.08786,gap_score_smooth,0.8995686769485474,0.1168137788772583,6.696817907977717,0.8411617875099182,125.56232165320755,132.25913956118526,121,239,112.0,158.0,17.0,29.0,121,136,0.7827548980712891,0.7596614956855774,15,0.1168137788772583,0.13990718126296997,0.12836048007011414
S_193,gap,6,158,194.31166,564.61926,gap_score_smooth,0.8897981643676758,0.2123490571975708,10.070113922014684,0.7836236357688904,153.4753426107565,163.5454565327712,149,239,129.0,189.0,29.0,31.0,149,167,0.677449107170105,0.6834406852722168,18,0.2123490571975708,0.20635747909545898,0.2093532681465149
S_193,gap,7,189,204.9114,643.22174,gap_score_smooth,0.8608981370925903,0.2761591672897339,5.36463756455467,0.7228185534477234,185.59229003549507,190.95692760004974,176,195,158.0,208.0,31.0,19.0,176,195,0.5847389698028564,0.46230804920196533,19,0.2761591672897339,0.398590087890625,0.33737462759017944
S_193,gap,8,208,194.50241,691.39746,gap_score_smooth,0.8854362368583679,0.4231281876564026,6.7413013022228085,0.6738721430301666,204.0909990448778,210.8323003471006,195,239,189.0,228.0,19.0,20.0,195,220,0.46230804920196533,0.21730083227157593,25,0.4231281876564026,0.668135404586792,0.5456317961215973
S_193,gap,9,228,179.2568,742.10876,gap_score_smooth,0.6485061049461365,0.43120527267456055,7.726648691379069,0.4329034686088562,224.56769854011046,232.29434723148952,220,239,208.0,,20.0,0.0,220,239,0.21730083227157593,0.07944204658269882,19,0.43120527267456055,0.5690640583634377,0.5001346655189991
S_194,gap,1,34,118.67441,199.62761,gap_score_smooth,0.7953680157661438,0.1759195327758789,29.653139628220014,0.7074082493782043,20.740325520804138,50.39346514902415,0,54,,69.0,0.0,35.0,15,41,0.5510525703430176,0.7641125917434692,26,0.24431544542312622,0.03125542402267456,0.1377854347229004
S_194,gap,2,69,106.86452,290.86194,gap_score_smooth,0.9096826314926147,0.04954254627227783,4.503457501233896,0.8849113583564758,66.93645281266745,71.43991031390135,0,74,34.0,94.0,35.0,25.0,54,74,0.6194484829902649,0.8601400852203369,20,0.29023414850234985,0.04954254627227783,0.16988834738731384
S_194,gap,3,94,103.33614,356.0293,gap_score_smooth,0.9943722486495972,0.7900860458612442,143.87777520785647,0.5993292257189751,17.797493459570607,161.67526866742708,0,239,69.0,123.0,25.0,29.0,80,110,0.891988217830658,0.859809398651123,30,0.10238403081893921,0.13456284999847412,0.11847344040870667
S_194,gap,4,123,113.285194,431.62344,gap_score_smooth,0.9643117189407349,0.10450232028961182,23.344411919982363,0.912060558795929,114.69200143699415,138.0364133569765,110,239,94.0,153.0,29.0,30.0,110,126,0.859809398651123,0.9613856077194214,16,0.10450232028961182,0.0029261112213134766,0.053714215755462646
S_194,gap,5,153,135.33492,509.82428,gap_score_smooth,0.8663109540939331,0.049764037132263184,2.686680824880227,0.8414289355278015,151.44660690207314,154.13328772695337,149,239,123.0,171.0,30.0,18.0,149,166,0.8165469169616699,0.4907084107398987,17,0.049764037132263184,0.3756025433540344,0.2126832902431488
S_194,gap,6,171,140.975,556.74475,gap_score_smooth,0.7354632019996643,0.24475479125976562,4.7611407292989725,0.6130858063697815,168.65086447029847,173.41200519959744,166,177,153.0,190.0,18.0,19.0,166,177,0.4907084107398987,0.44943803548812866,11,0.24475479125976562,0.28602516651153564,0.26538997888565063
S_194,gap,7,190,137.84628,606.272,gap_score_smooth,0.8639727234840393,0.41453468799591064,6.315530563217067,0.656705379486084,186.62910120841312,192.94463177163018,177,239,171.0,210.0,19.0,20.0,177,198,0.44943803548812866,0.35461848974227905,21,0.41453468799591064,0.5093542337417603,0.46194446086883545
S_194,gap,8,210,124.68242,658.4059,gap_score_smooth,0.8329401016235352,0.4783216118812561,7.8906443479746144,0.5937792956829071,205.6969263083036,213.58757065627822,198,239,190.0,229.0,20.0,19.0,198,220,0.35461848974227905,0.19266903400421143,22,0.4783216118812561,0.6402710676193237,0.5592963397502899
S_194,gap,9,229,108.66864,707.93304,gap_score_smooth,0.5331899523735046,0.3405209183692932,7.7792233823410015,0.36292949318885803,225.339312465244,233.118535847585,220,239,210.0,,19.0,0.0,220,239,0.19266903400421143,0.06877756863832474,19,0.3405209183692932,0.4644123837351799,0.40246665105223656
S_195,gap,1,12,245.61592,207.21758,gap_score_smooth,0.7637770175933838,0.13702374696731567,14.789240544441475,0.695265144109726,8.758148696416095,23.54738924085757,0,28,,66.0,0.0,54.0,0,28,0.10865890979766846,0.6267532706260681,28,0.6551181077957153,0.13702374696731567,0.3960709273815155
S_195,gap,2,66,198.5357,334.19666,gap_score_smooth,0.8559746742248535,0.13986563682556152,11.112974806215625,0.7860418558120728,59.60108485669304,70.71405966290867,0,75,12.0,97.0,54.0,31.0,56,75,0.7585948705673218,0.716109037399292,19,0.09737980365753174,0.13986563682556152,0.11862272024154663
S_195,gap,3,97,139.61707,407.09204,gap_score_smooth,0.9887896776199341,0.8801307678222656,104.09822754269541,0.5487242937088013,6.570366138303432,110.66859368099884,0,239,66.0,125.0,31.0,28.0,75,112,0.716109037399292,0.5332076549530029,37,0.2726806402206421,0.45558202266693115,0.3641313314437866
S_195,gap,4,125,148.62718,472.93304,gap_score_smooth,0.8801916837692261,0.34698402881622314,26.746649200296744,0.7066996693611145,121.43371447144209,148.18036367173883,112,163,97.0,157.0,28.0,32.0,112,128,0.5332076549530029,0.8576299548149109,16,0.34698402881622314,0.022561728954315186,0.18477287888526917
S_195,gap,5,157,230.08714,548.17993,gap_score_smooth,0.7954722046852112,0.16398924589157104,4.79475651508929,0.7134775817394257,154.13739686352437,158.93215337861366,151,163,125.0,174.0,32.0,17.0,151,163,0.6314829587936401,0.4969675838947296,12,0.16398924589157104,0.29850462079048157,0.2312469333410263
S_195,gap,6,174,273.92877,588.1548,gap_score_smooth,0.9407411813735962,0.4437735974788666,22.015155289186055,0.7188543826341629,168.22646732505763,190.24162261424368,163,239,157.0,209.0,17.0,35.0,163,194,0.4969675838947296,0.5907609462738037,31,0.4437735974788666,0.3499802350997925,0.39687691628932953
S_195,gap,7,209,288.4749,670.45605,gap_score_smooth,0.8710834383964539,0.28032249212265015,6.602260639550707,0.7309221923351288,205.4455200842187,212.04778072376942,194,239,174.0,231.0,35.0,22.0,201,224,0.598514974117279,0.1763986051082611,23,0.2725684642791748,0.6946848332881927,0.4836266487836838
S_195,gap,8,231,275.25717,722.1883,gap_score_smooth,0.36422717571258545,0.18782857060432434,5.776639716622697,0.2703128904104233,227.9479548429984,233.7245945596211,224,239,209.0,,22.0,0.0,224,239,0.1763986051082611,0.06041162088513374,15,0.18782857060432434,0.3038155548274517,0.24582206271588802
S_196,gap,1,10,168.57092,131.7071,gap_score_smooth,0.7650958299636841,0.22079181671142578,10.83306920442443,0.6546999216079712,6.48636043591283,17.31942964033726,0,31,,45.0,0.0,35.0,0,21,0.13589465618133545,0.5914993286132812,21,0.6292011737823486,0.17359650135040283,0.40139883756637573
S_196,gap,2,45,160.82199,235.682,gap_score_smooth,0.799557626247406,0.22374755144119263,11.147793545808995,0.6876838505268097,40.906639838305395,52.05443338411439,0,67,10.0,61.0,35.0,16.0,31,56,0.5443040132522583,0.5819867849349976,25,0.2552536129951477,0.21757084131240845,0.23641222715377808
S_196,gap,3,61,125.206635,283.21338,gap_score_smooth,0.744282066822052,0.16229528188705444,5.555210409128172,0.6631344258785248,58.558374194722155,64.11358460385033,56,67,45.0,75.0,16.0,14.0,56,67,0.5819867849349976,0.5758100748062134,11,0.16229528188705444,0.16847199201583862,0.16538363695144653
S_196,gap,4,75,86.691,324.80334,gap_score_smooth,0.8453738689422607,0.31627798080444336,24.602085741358266,0.6872348785400391,69.92041235228525,94.52249809364352,0,104,61.0,92.0,14.0,17.0,67,86,0.5758100748062134,0.6919627785682678,19,0.26956379413604736,0.15341109037399292,0.21148744225502014
S_196,gap,5,92,70.2399,375.30545,gap_score_smooth,0.7528226375579834,0.060859858989715576,3.634406136596354,0.7223927080631256,90.21549670929694,93.8499028458933,86,104,75.0,108.0,17.0,16.0,86,98,0.6919627785682678,0.5397010445594788,12,0.060859858989715576,0.21312159299850464,0.1369907259941101
S_196,gap,6,108,68.07017,422.83682,gap_score_smooth,0.6816264390945435,0.09132403135299683,3.477815728860975,0.635964423418045,106.85816319319525,110.33597892205623,104,112,92.0,124.0,16.0,16.0,104,112,0.5290958881378174,0.5903024077415466,8,0.15253055095672607,0.09132403135299683,0.12192729115486145
S_196,gap,7,124,82.33447,470.3682,gap_score_smooth,0.945501983165741,0.17308396100997925,6.33671782339745,0.8589600026607513,121.44574506053954,127.78246288393699,0,133,108.0,146.0,16.0,22.0,112,133,0.5903024077415466,0.7724180221557617,21,0.35519957542419434,0.17308396100997925,0.2641417682170868
S_196,gap,8,146,118.64265,535.7239,gap_score_smooth,0.9799262285232544,0.844031572341919,48.07277131716421,0.5579104423522949,105.30458890646986,153.37736022363407,0,239,124.0,166.0,22.0,20.0,133,157,0.7724180221557617,0.35717830061912537,24,0.20750820636749268,0.622747927904129,0.41512806713581085
S_196,gap,9,166,153.32005,595.13806,gap_score_smooth,0.891499936580658,0.5343216359615326,28.885850241957513,0.6243391185998917,161.29032374365346,190.17617398561097,157,239,146.0,185.0,20.0,19.0,157,177,0.35717830061912537,0.6438188552856445,20,0.5343216359615326,0.24768108129501343,0.391001358628273
S_196,gap,10,185,165.6975,651.5816,gap_score_smooth,0.8554831743240356,0.2116643190383911,7.883640265239109,0.7496510148048401,180.91224796870299,188.7958882339421,177,199,166.0,207.0,19.0,22.0,177,199,0.6438188552856445,0.34258660674095154,22,0.2116643190383911,0.5128965675830841,0.3622804433107376
S_196,gap,11,207,167.39424,716.93726,gap_score_smooth,0.8695160150527954,0.5269294083118439,10.04718964728383,0.6060513108968735,203.08198788047082,213.12917752775465,199,239,185.0,229.0,22.0,22.0,199,220,0.34258660674095154,0.4233666658401489,21,0.5269294083118439,0.4461493492126465,0.4865393787622452
S_196,gap,12,229,162.35248,782.2929,gap_score_smooth,0.7085703015327454,0.28520363569259644,6.888540059105139,0.5659684836864471,224.99197673922626,231.8805167983314,220,239,207.0,,22.0,0.0,220,239,0.4233666658401489,0.06202411651611328,19,0.28520363569259644,0.6465461850166321,0.46587491035461426
S_197,gap,1,17,279.544,136.0795,gap_score_smooth,0.7517138719558716,0.30278876423835754,16.11503692801724,0.6003194898366928,9.169554079660829,25.284591007678067,0,49,,41.0,0.0,24.0,0,28,0.10955172777175903,0.5863062143325806,28,0.6421621441841125,0.16540765762329102,0.4037849009037018
S_197,gap,2,41,294.731,181.3682,gap_score_smooth,0.6610291600227356,0.07860594987869263,5.161156336254919,0.6217261850833893,38.13110580724167,43.292262143496586,34,49,17.0,68.0,24.0,27.0,34,49,0.582423210144043,0.44892510771751404,15,0.07860594987869263,0.21210405230522156,0.1453550010919571
S_197,gap,3,68,339.69748,232.318,gap_score_smooth,0.8836439251899719,0.04504185914993286,6.009086861003027,0.8611229956150055,65.34134558533701,71.35043244634004,0,74,41.0,83.0,27.0,15.0,49,74,0.44892510771751404,0.8386020660400391,25,0.4347188174724579,0.04504185914993286,0.23988033831119537
S_197,gap,4,83,357.2995,260.62344,gap_score_smooth,0.8886767625808716,0.05026233196258545,8.071493982457369,0.8635455965995789,77.85302705735343,85.9245210398108,0,89,68.0,107.0,15.0,24.0,74,89,0.8386020660400391,0.8384144306182861,15,0.05007469654083252,0.05026233196258545,0.050168514251708984
S_197,gap,5,107,367.22424,305.91214,gap_score_smooth,0.9949474930763245,0.8853957653045654,118.10484710382408,0.5522496104240417,53.05154674085188,171.15639384467596,0,239,83.0,142.0,24.0,35.0,97,122,0.8459687829017639,0.5960636734962463,25,0.14897871017456055,0.3988838195800781,0.27393126487731934
S_197,gap,6,142,335.09802,371.95816,gap_score_smooth,0.9142730832099915,0.3182094097137451,22.573277474080186,0.7551683783531189,132.49507185261118,155.06834932669136,122,175,107.0,163.0,35.0,21.0,122,146,0.5960636734962463,0.8754097819328308,24,0.3182094097137451,0.038863301277160645,0.17853635549545288
S_197,gap,7,163,289.96594,411.5858,gap_score_smooth,0.6969341039657593,0.048178255558013916,3.8407887101428173,0.6728449761867523,161.27004990978594,165.11083861992876,159,175,142.0,187.0,21.0,24.0,159,175,0.6487558484077454,0.5136880278587341,16,0.048178255558013916,0.18324607610702515,0.11571216583251953
S_197,gap,8,187,261.70538,456.87448,gap_score_smooth,0.9135182499885559,0.1480206847190857,11.148019375703427,0.8395079076290131,183.48484381558234,194.63286319128576,175,201,163.0,209.0,24.0,22.0,175,201,0.5136880278587341,0.7654975652694702,26,0.3998302221298218,0.1480206847190857,0.27392545342445374
S_197,gap,9,209,251.76337,498.38913,gap_score_smooth,0.9441523551940918,0.43046432733535767,32.86771774274354,0.728920191526413,181.16899630418428,214.0367140469278,175,239,187.0,,22.0,0.0,201,239,0.7654975652694702,0.05546973645687103,38,0.17865478992462158,0.8886826187372208,0.5336687043309212
S_198,gap,1,11,289.4763,219.75314,gap_score_smooth,0.7370374798774719,0.12832653522491455,7.097039821990398,0.6728742122650146,8.379543413280983,15.47658323527138,0,20,,35.0,0.0,24.0,0,20,0.10810630768537521,0.6087109446525574,20,0.6289311721920967,0.12832653522491455,0.37862885370850563
S_198,gap,2,35,275.6422,280.30545,gap_score_smooth,0.703618586063385,0.08663034439086914,7.812697095561504,0.6603034138679504,30.777603177139746,38.59030027270125,20,42,11.0,69.0,24.0,34.0,27,42,0.6183152198791504,0.6169882416725159,15,0.08530336618423462,0.08663034439086914,0.08596685528755188
S_198,gap,3,69,236.04466,366.08786,gap_score_smooth,0.9821855425834656,0.8740792348980904,159.31736571124407,0.5451459251344204,6.495562381796025,165.81292809304009,0,239,35.0,111.0,34.0,42.0,51,89,0.6302251219749451,0.7206581830978394,38,0.3519604206085205,0.2615273594856262,0.30674389004707336
S_198,gap,4,111,251.38705,472.05438,gap_score_smooth,0.9717535376548767,0.25109535455703735,17.00751654937376,0.846205860376358,98.51685961667869,115.52437616605245,89,239,69.0,127.0,42.0,16.0,106,119,0.9506154656410217,0.7547239065170288,13,0.02113807201385498,0.2170296311378479,0.11908385157585144
S_198,gap,5,127,265.73605,512.4226,gap_score_smooth,0.835405707359314,0.08068180084228516,7.476412507452693,0.7950648069381714,122.27824502713187,129.75465753458457,119,135,111.0,144.0,16.0,17.0,119,135,0.7547239065170288,0.6552847623825073,16,0.08068180084228516,0.18012094497680664,0.1304013729095459
S_198,gap,6,144,283.93268,555.3138,gap_score_smooth,0.8625892400741577,0.2073044776916504,8.509156996685675,0.7589370012283325,140.3852532164348,148.89441021312047,135,170,127.0,158.0,17.0,14.0,135,153,0.6552847623825073,0.6684705018997192,18,0.2073044776916504,0.19411873817443848,0.20071160793304443
S_198,gap,7,158,298.72958,590.636,gap_score_smooth,0.8096931576728821,0.14122265577316284,4.610811846942454,0.7390818297863007,155.84041251083733,160.45122435777978,153,170,144.0,184.0,14.0,26.0,153,170,0.6684705018997192,0.5052186250686646,17,0.14122265577316284,0.30447453260421753,0.22284859418869019
S_198,gap,8,184,313.71548,656.2343,gap_score_smooth,0.8833832144737244,0.3781645894050598,32.98368392772693,0.6943009197711945,174.83345110598242,207.81713503370935,170,239,158.0,228.0,26.0,44.0,170,200,0.5052186250686646,0.8148587346076965,30,0.3781645894050598,0.06852447986602783,0.22334453463554382
S_198,gap,9,228,301.58496,767.2469,gap_score_smooth,0.6745373606681824,0.5522273853421211,8.98081993733021,0.3984236679971218,223.9134160436381,232.89423598096832,219,239,184.0,,44.0,0.0,219,239,0.12230997532606125,0.06285657733678818,20,0.5522273853421211,0.6116807833313942,0.5819540843367577
S_199,gap,1,24,153.39139,155.2385,gap_score_smooth,0.7597111463546753,0.27170100808143616,19.661384701669014,0.6238606423139572,8.613025767705889,28.274410469374903,0,32,,51.0,0.0,27.0,0,32,0.12689924240112305,0.48801013827323914,32,0.6328119039535522,0.27170100808143616,0.4522564560174942
S_199,gap,2,51,99.467865,246.6318,gap_score_smooth,0.7305983304977417,0.2367781698703766,5.828431516700391,0.6122092455625534,48.29729050893979,54.12572202564018,32,58,24.0,65.0,27.0,14.0,45,58,0.5031071305274963,0.4938201606273651,13,0.22749119997024536,0.2367781698703766,0.23213468492031097
S_199,gap,3,65,79.605095,294.02094,gap_score_smooth,0.8390436768531799,0.3098546862602234,7.4914636589597094,0.6841163337230682,61.79645331052661,69.28791696948632,0,86,51.0,79.0,14.0,14.0,58,73,0.4938201606273651,0.6363851428031921,15,0.3452235162258148,0.2026585340499878,0.2739410251379013
S_199,gap,4,79,70.12078,341.41003,gap_score_smooth,0.8119439482688904,0.17555880546569824,4.79688543165949,0.7241645455360413,76.54774033666637,81.34462576832586,73,86,65.0,95.0,14.0,16.0,73,86,0.6363851428031921,0.5291889905929565,13,0.17555880546569824,0.28275495767593384,0.22915688157081604
S_199,gap,5,95,78.66137,395.56903,gap_score_smooth,0.8549025654792786,0.362135112285614,6.606519067674498,0.6738350093364716,91.91426712534059,98.52078619301508,0,102,79.0,111.0,16.0,16.0,86,102,0.5291889905929565,0.49276745319366455,16,0.325713574886322,0.362135112285614,0.343924343585968
S_199,gap,6,111,99.349,449.72803,gap_score_smooth,0.8874034285545349,0.41740500926971436,9.132402163401139,0.6787009239196777,106.41848264969494,115.55088481309608,0,119,95.0,128.0,16.0,17.0,102,119,0.49276745319366455,0.46999841928482056,17,0.39463597536087036,0.41740500926971436,0.40602049231529236
S_199,gap,7,128,135.98398,507.27197,gap_score_smooth,0.9773424863815308,0.8504432439804077,66.35468490845477,0.5521208643913269,121.18014846741573,187.5348333758705,0,239,111.0,151.0,17.0,23.0,119,136,0.46999841928482056,0.836746871471405,17,0.5073440670967102,0.14059561491012573,0.32396984100341797
S_199,gap,8,151,199.42342,585.12555,gap_score_smooth,0.9664701819419861,0.12972331047058105,21.61596380411447,0.9016085267066956,138.85144134282066,160.46740514693514,136,239,128.0,179.0,23.0,28.0,144,171,0.9401963949203491,0.5975916981697083,27,0.026273787021636963,0.36887848377227783,0.1975761353969574
S_199,gap,9,179,254.54626,679.90375,gap_score_smooth,0.8767059445381165,0.2791142463684082,10.843242398441419,0.7371488213539124,174.58169432272345,185.42493672116487,171,239,151.0,204.0,28.0,25.0,171,193,0.5975916981697083,0.3020491898059845,22,0.2791142463684082,0.574656754732132,0.4268855005502701
S_199,gap,10,204,273.12018,764.5272,gap_score_smooth,0.8297520279884338,0.5277028381824493,12.872617666536513,0.5659006088972092,197.3353281745149,210.2079458410514,193,239,179.0,226.0,25.0,22.0,193,218,0.3020491898059845,0.3521387279033661,25,0.5277028381824493,0.47761330008506775,0.5026580691337585
S_199,gap,11,226,274.33163,838.9958,gap_score_smooth,0.701796293258667,0.3496575653553009,12.642642565953452,0.5269675105810165,221.16693952878913,233.80958209474258,218,239,204.0,,22.0,0.0,218,239,0.3521387279033661,0.09194976091384888,21,0.3496575653553009,0.6098465323448181,0.4797520488500595
S_200,gap,1,11,245.75066,165.62761,gap_score_smooth,0.8238456845283508,0.2682468295097351,17.33647441406042,0.6897222697734833,7.157187165815046,24.493661579875464,0,34,,46.0,0.0,35.0,0,34,0.20864185690879822,0.5555988550186157,34,0.6152038276195526,0.2682468295097351,0.44172532856464386
S_200,gap,2,46,230.73412,256.71548,gap_score_smooth,0.8381868004798889,0.17034506797790527,9.8611498563601,0.7530142664909363,40.481920139695056,50.343069996055156,0,54,11.0,69.0,35.0,23.0,34,54,0.5555988550186157,0.6678417325019836,20,0.2825879454612732,0.17034506797790527,0.22646650671958923
S_200,gap,3,69,215.40184,316.5732,gap_score_smooth,0.9433983564376831,0.7347564995288849,112.10490644162002,0.5760201066732407,36.29908974228227,148.40399618390228,0,239,46.0,97.0,23.0,28.0,54,86,0.6678417325019836,0.7297183871269226,32,0.27555662393569946,0.2136799693107605,0.24461829662322998
S_200,gap,4,97,208.37224,389.4435,gap_score_smooth,0.8401445150375366,0.04306524991989136,6.7969772267730235,0.8186118900775909,92.85959886278096,99.65657608955398,86,104,69.0,128.0,28.0,31.0,86,104,0.7297183871269226,0.7970792651176453,18,0.11042612791061401,0.04306524991989136,0.07674568891525269
S_200,gap,5,128,224.76472,470.12134,gap_score_smooth,0.8862454891204834,0.1565271019935608,9.715923988517844,0.807981938123703,120.47708395963066,130.1930079481485,86,152,97.0,143.0,31.0,15.0,119,135,0.8046561479568481,0.591408908367157,16,0.08158934116363525,0.2948365807533264,0.18821296095848083
S_200,gap,6,143,243.45923,509.159,gap_score_smooth,0.7894871830940247,0.19807827472686768,7.02150849846285,0.6904480457305908,139.3052159835184,146.32672448198124,135,152,128.0,160.0,15.0,17.0,135,152,0.591408908367157,0.473313570022583,17,0.19807827472686768,0.31617361307144165,0.25712594389915466
S_200,gap,7,160,266.46997,553.4017,gap_score_smooth,0.9175229072570801,0.3735625147819519,7.005983377948382,0.7307416498661041,156.64978324270456,163.65576662065294,152,170,143.0,178.0,17.0,18.0,152,170,0.473313570022583,0.5439603924751282,18,0.44420933723449707,0.3735625147819519,0.4088859260082245
S_200,gap,8,178,282.89362,600.2469,gap_score_smooth,0.8613336086273193,0.24702590703964233,5.780222268571066,0.7378206551074982,175.1158485375864,180.89607080615747,170,190,160.0,198.0,18.0,20.0,170,190,0.5439603924751282,0.614307701587677,20,0.31737321615219116,0.24702590703964233,0.28219956159591675
S_200,gap,9,198,288.5891,652.29706,gap_score_smooth,0.9305751919746399,0.4572616219520569,8.693096692112817,0.7019443809986115,193.0255081083245,201.7186048004373,152,239,178.0,218.0,20.0,20.0,190,207,0.614307701587677,0.5085462927818298,17,0.3162674903869629,0.42202889919281006,0.3691481947898865
S_200,gap,10,218,282.80304,704.3473,gap_score_smooth,0.8206692337989807,0.3121229410171509,7.594013652548682,0.6646077632904053,214.9691774173997,222.56319106994837,207,239,198.0,,20.0,0.0,211,239,0.5108702182769775,0.03578744828701019,28,0.3097990155220032,0.7848817855119705,0.5473404005169868
S_201,gap,1,11,294.25934,109.02929,gap_score_smooth,0.7381162047386169,0.1898484230041504,12.199098439579,0.6431919932365417,6.747105064184066,18.946203503763066,0,28,,40.0,0.0,29.0,0,28,0.1806071400642395,0.5482677817344666,28,0.5575090646743774,0.1898484230041504,0.3736787438392639
S_201,gap,2,40,265.70743,182.92468,gap_score_smooth,0.7440236806869507,0.23878133296966553,12.267562569183276,0.6246330142021179,32.093851861277784,44.36141443046106,0,48,11.0,59.0,29.0,19.0,28,48,0.5482677817344666,0.5052423477172852,20,0.19575589895248413,0.23878133296966553,0.21726861596107483
S_201,gap,3,59,211.01064,231.33891,gap_score_smooth,0.8738681674003601,0.42415183782577515,19.973997394875603,0.6617922484874725,51.22371897943015,71.19771637430576,0,77,40.0,96.0,19.0,37.0,48,64,0.5052423477172852,0.7525748610496521,16,0.36862581968307495,0.12129330635070801,0.24495956301689148
S_201,gap,4,96,156.87346,325.61923,gap_score_smooth,0.8092328310012817,0.14496654272079468,6.318804336976015,0.7367495596408844,92.29095277858822,98.60975711556424,77,116,59.0,110.0,37.0,14.0,91,101,0.7247532606124878,0.6860288977622986,10,0.08447957038879395,0.12320393323898315,0.10384175181388855
S_201,gap,5,110,166.16463,361.29288,gap_score_smooth,0.79267817735672,0.10664927959442139,8.748771282390067,0.7393535375595093,104.30396093723758,113.05273221962764,101,116,96.0,126.0,14.0,16.0,101,116,0.6860288977622986,0.6642662882804871,15,0.10664927959442139,0.1284118890762329,0.11753058433532715
S_201,gap,6,126,199.58427,402.06277,gap_score_smooth,0.9809231162071228,0.8003159761428833,61.00390852366807,0.5807651281356812,81.43416816083219,142.43807668450026,0,239,110.0,152.0,16.0,26.0,116,130,0.6642662882804871,0.9515117406845093,14,0.31665682792663574,0.029411375522613525,0.17303410172462463
S_201,gap,7,152,258.3761,468.3138,gap_score_smooth,0.8793465495109558,0.3599003553390503,8.294574224045022,0.6993963718414307,148.27923691317213,156.57381113721715,144,239,126.0,171.0,26.0,19.0,144,163,0.5194461941719055,0.49059927463531494,19,0.3599003553390503,0.38874727487564087,0.3743238151073456
S_201,gap,8,171,279.87637,516.728,gap_score_smooth,0.8478325605392456,0.35723328590393066,9.068574157812208,0.6692159175872803,166.93136179927643,175.99993595708864,163,239,152.0,191.0,19.0,20.0,163,184,0.49059927463531494,0.608303427696228,21,0.35723328590393066,0.23952913284301758,0.2983812093734741
S_201,gap,9,191,286.2484,567.69037,gap_score_smooth,0.8137117624282837,0.20540833473205566,5.227785066668389,0.7110075950622559,187.88419326233807,193.11197832900646,184,199,171.0,212.0,20.0,21.0,184,199,0.608303427696228,0.3958703279495239,15,0.20540833473205566,0.41784143447875977,0.3116248846054077
S_201,gap,10,212,280.3953,621.20087,gap_score_smooth,0.8315521478652954,0.4356818199157715,7.208893377034798,0.6137112379074097,208.06270706760378,215.27160044463858,199,239,191.0,232.0,21.0,20.0,199,222,0.3958703279495239,0.18911246955394745,23,0.4356818199157715,0.642439678311348,0.5390607491135597
S_201,gap,11,232,268.79947,672.1632,gap_score_smooth,0.26950106024742126,0.08038859069347382,7.269168352641003,0.22930676490068436,227.13355329339518,234.40272164603618,222,239,212.0,,20.0,0.0,222,239,0.18911246955394745,0.06345632672309875,17,0.08038859069347382,0.2060447335243225,0.14321666210889816
S_202,gap,1,10,156.28177,118.87447,gap_score_smooth,0.6073652505874634,0.08300125598907471,6.968875844622965,0.565864622592926,7.252159357638596,14.221035202261561,0,17,,33.0,0.0,23.0,0,17,0.19219276309013367,0.5243639945983887,17,0.4151724874973297,0.08300125598907471,0.2490868717432022
S_202,gap,2,33,148.8432,187.58577,gap_score_smooth,0.7126138806343079,0.19530326128005981,9.960867964923587,0.614962249994278,28.21761536932332,38.178483334246906,0,42,10.0,62.0,23.0,29.0,25,42,0.5683251619338989,0.517310619354248,17,0.14428871870040894,0.19530326128005981,0.16979598999023438
S_202,gap,3,62,121.10381,274.22177,gap_score_smooth,0.7926394939422607,0.09625893831253052,6.801686934804799,0.7445100247859955,58.24551784778317,65.04720478258797,0,69,33.0,99.0,29.0,37.0,55,69,0.689687192440033,0.6963805556297302,14,0.10295230150222778,0.09625893831253052,0.09960561990737915
S_202,gap,4,99,77.13221,384.75732,gap_score_smooth,0.8283326029777527,0.09923088550567627,4.340220818943905,0.7787171602249146,96.42358431510229,100.7638051340462,0,104,62.0,113.0,37.0,14.0,92,104,0.7145399451255798,0.7291017174720764,12,0.11379265785217285,0.09923088550567627,0.10651177167892456
S_202,gap,5,113,82.59004,426.5816,gap_score_smooth,0.8604565262794495,0.0577085018157959,3.5309119824781305,0.8316022753715515,111.56023110310096,115.09114308557909,0,117,99.0,127.0,14.0,14.0,104,117,0.7291017174720764,0.8027480244636536,13,0.13135480880737305,0.0577085018157959,0.09453165531158447
S_202,gap,6,127,96.146996,468.40585,gap_score_smooth,0.9560658931732178,0.7638731300830841,117.15810523552882,0.5741293281316757,46.25361508136733,163.41172031689615,0,239,113.0,141.0,14.0,14.0,117,134,0.8027480244636536,0.7801521420478821,17,0.1533178687095642,0.1759137511253357,0.16461580991744995
S_202,gap,7,141,118.678986,510.23013,gap_score_smooth,0.8731175661087036,0.09296542406082153,4.848841750642492,0.8266348540782928,137.6200396117591,142.4688813624016,134,148,127.0,157.0,14.0,16.0,134,148,0.7801521420478821,0.5865185260772705,14,0.09296542406082153,0.2865990400314331,0.18978223204612732
S_202,gap,8,157,145.8434,558.0293,gap_score_smooth,0.8872997760772705,0.30078125,7.496452216023016,0.7369091510772705,152.92368241072296,160.42013462674598,148,239,141.0,173.0,16.0,16.0,148,167,0.5865185260772705,0.4487254321575165,19,0.30078125,0.43857434391975403,0.369677796959877
S_202,gap,9,173,165.15446,605.8284,gap_score_smooth,0.7911376953125,0.3424122631549835,5.84468980694416,0.6199315637350082,170.17567891065582,176.02036871759998,167,184,157.0,192.0,16.0,19.0,167,184,0.4487254321575165,0.34626615047454834,17,0.3424122631549835,0.44487154483795166,0.3936419039964676
S_202,gap,10,192,165.82756,662.58997,gap_score_smooth,0.845283567905426,0.4990174174308777,6.891663753572203,0.5957748591899872,188.6360431087425,195.52770686231472,184,239,173.0,212.0,19.0,20.0,184,201,0.34626615047454834,0.23401674628257751,17,0.4990174174308777,0.6112668216228485,0.5551421195268631
S_202,gap,11,212,151.5597,722.3389,gap_score_smooth,0.8238252401351929,0.5898084938526154,9.754256343047473,0.5289209932088852,207.40614842561104,217.1604047686585,201,239,192.0,,20.0,0.0,201,224,0.23401674628257751,0.2700147330760956,23,0.5898084938526154,0.5538105070590973,0.5718095004558563
S_203,gap,1,10,202.93382,300.08368,gap_score_smooth,0.6313061714172363,0.07185453176498413,14.448885374933205,0.5953789055347443,8.298103154679353,22.74698852961256,0,32,,85.0,0.0,75.0,0,14,0.14477047324180603,0.6164921522140503,14,0.4865356981754303,0.014814019203186035,0.25067485868930817
S_203,gap,2,85,166.24585,450.7113,gap_score_smooth,0.9293497800827026,0.17527168989181519,12.802830954397606,0.841713935136795,76.96356070623007,89.76639166062768,0,98,10.0,117.0,75.0,32.0,60,98,0.6744118332862854,0.7540780901908875,38,0.25493794679641724,0.17527168989181519,0.2151048183441162
S_203,gap,3,117,185.71255,514.97906,gap_score_smooth,0.9812420010566711,0.8364715278148651,146.91383807376644,0.5630062371492386,33.30534501073318,180.21918308449963,0,239,85.0,158.0,32.0,41.0,98,137,0.7540780901908875,0.5921955704689026,39,0.2271639108657837,0.38904643058776855,0.3081051707267761
S_203,gap,4,158,229.44801,597.3222,gap_score_smooth,0.7560412287712097,0.16384565830230713,29.36950924534011,0.6741183996200562,142.3477495119876,171.7172587573277,137,239,117.0,197.0,41.0,39.0,152,162,0.6755499839782715,0.7112256288528442,10,0.08049124479293823,0.04481559991836548,0.06265342235565186
S_203,gap,5,197,235.9971,675.64856,gap_score_smooth,0.7262656688690186,0.1694406270980835,5.498254793933995,0.6415453553199768,194.77057678561866,200.26883157955265,182,211,158.0,218.0,39.0,21.0,191,211,0.5357510447502136,0.5568250417709351,20,0.19051462411880493,0.1694406270980835,0.1799776256084442
S_203,gap,6,218,228.25209,717.8243,gap_score_smooth,0.7314682006835938,0.1983746886253357,9.125375287632863,0.6322808563709259,214.67024809997324,223.7956233876061,182,239,197.0,,21.0,0.0,211,239,0.5568250417709351,0.031592726707458496,28,0.1746431589126587,0.6998754739761353,0.437259316444397
S_204,gap,1,28,142.32149,198.17992,gap_score_smooth,0.7124601602554321,0.17522192001342773,16.931421292842835,0.6248492002487183,14.796207293819188,31.727628586662025,0,45,,61.0,0.0,33.0,23,35,0.6458704471588135,0.5459157824516296,12,0.06658971309661865,0.1665443778038025,0.11656704545021057
S_204,gap,2,61,125.87042,296.21338,gap_score_smooth,0.8912439942359924,0.37583422660827637,23.28425187869231,0.7033268809318542,55.78422240170918,79.06847428040149,0,95,28.0,89.0,33.0,28.0,45,86,0.5372382402420044,0.6064181327819824,41,0.35400575399398804,0.28482586145401,0.319415807723999
S_204,gap,3,89,99.28576,379.3933,gap_score_smooth,0.6444070339202881,0.037988901138305664,2.6817477900721514,0.6254125833511353,87.7786663510046,90.46041414107675,86,95,61.0,114.0,28.0,25.0,86,95,0.6064181327819824,0.5154097676277161,9,0.037988901138305664,0.12899726629257202,0.08349308371543884
S_204,gap,4,114,98.749374,453.6611,gap_score_smooth,0.7035272121429443,0.16317838430404663,12.010165245262556,0.621938019990921,105.022311217771,117.03247646303356,95,121,89.0,129.0,25.0,15.0,99,121,0.5200104713439941,0.5403488278388977,22,0.1835167407989502,0.16317838430404663,0.1733475625514984
S_204,gap,5,129,111.43168,498.22177,gap_score_smooth,0.8288744688034058,0.09524732828140259,3.7607493648644947,0.7812508046627045,127.77256574305429,131.53331510791878,95,134,114.0,145.0,15.0,16.0,121,134,0.5403488278388977,0.7336271405220032,13,0.28852564096450806,0.09524732828140259,0.19188648462295532
S_204,gap,6,145,129.93924,545.7531,gap_score_smooth,0.9828357696533203,0.8687345311045647,89.16431939959217,0.548468504101038,122.86261537321649,212.02693477280866,0,239,129.0,176.0,16.0,31.0,134,150,0.7336271405220032,0.9438765048980713,16,0.24920862913131714,0.03895926475524902,0.14408394694328308
S_204,gap,7,176,149.51595,637.8452,gap_score_smooth,0.8699073195457458,0.059641361236572266,3.3156813591367893,0.8400866389274597,174.53865932751722,177.854340686654,169,180,145.0,191.0,31.0,15.0,169,180,0.6467822790145874,0.8102659583091736,11,0.22312504053115845,0.059641361236572266,0.14138320088386536
S_204,gap,8,191,145.30887,682.4059,gap_score_smooth,0.8722652792930603,0.2254830002784729,21.505819116994985,0.7595237791538239,172.95661568044935,194.46243479744433,169,239,176.0,208.0,15.0,17.0,187,201,0.8226962685585022,0.5717613697052002,14,0.049569010734558105,0.3005039095878601,0.1750364601612091
S_204,gap,9,208,135.51254,732.90796,gap_score_smooth,0.8117475509643555,0.23998618125915527,5.126603070859289,0.6917544603347778,205.6023127293632,210.7289158002225,201,239,191.0,229.0,17.0,21.0,201,218,0.5717613697052002,0.11348316073417664,17,0.23998618125915527,0.6982643902301788,0.46912528574466705
S_204,gap,10,229,118.95372,795.2929,gap_score_smooth,0.682472288608551,0.5689891278743744,8.33527635755496,0.39797772467136383,224.74917499899922,233.08445135655418,218,239,208.0,,21.0,0.0,218,239,0.11348316073417664,0.06623700261116028,21,0.5689891278743744,0.6162352859973907,0.5926122069358826
S_205,gap,1,16,189.75113,255.62343,gap_score_smooth,0.7717440724372864,0.35356879234313965,26.235027981567676,0.5949596762657166,6.678903782754667,32.91393176432234,0,47,,42.0,0.0,26.0,0,38,0.11676039546728134,0.4341525733470917,38,0.654983676970005,0.3375914990901947,0.49628758803009987
S_205,gap,2,42,186.67052,316.7615,gap_score_smooth,0.4742024838924408,0.04004991054534912,4.5295774494866095,0.45417752861976624,39.72348572754699,44.2530631770336,38,47,16.0,56.0,26.0,14.0,38,47,0.4341525733470917,0.41817528009414673,9,0.04004991054534912,0.05602720379829407,0.048038557171821594
S_205,gap,3,56,182.54854,349.682,gap_score_smooth,0.6792255640029907,0.24022340774536133,10.246034949505095,0.5591138601303101,50.907818864730466,61.15385381423556,47,71,42.0,94.0,14.0,38.0,47,71,0.41817528009414673,0.4390021562576294,24,0.261050283908844,0.24022340774536133,0.25063684582710266
S_205,gap,4,94,169.74713,439.03766,gap_score_smooth,0.9217965602874756,0.08193773031234741,7.925050672826615,0.8808276951313019,88.66740520208617,96.59245587491279,0,99,56.0,122.0,38.0,28.0,71,99,0.4390021562576294,0.8398588299751282,28,0.4827944040298462,0.08193773031234741,0.2823660671710968
S_205,gap,5,122,186.77435,504.87866,gap_score_smooth,0.982511043548584,0.8657506480813026,140.50725921432195,0.5496357195079327,74.84902981498804,215.35628902930998,0,239,94.0,153.0,28.0,31.0,106,127,0.8403077125549316,0.9244163632392883,21,0.14220333099365234,0.058094680309295654,0.100149005651474
S_205,gap,6,153,217.51646,577.77405,gap_score_smooth,0.8891797065734863,0.14084714651107788,13.205478921116594,0.8187561333179474,148.47848767037456,161.68396659149116,142,172,122.0,189.0,31.0,36.0,142,164,0.7483325600624084,0.7974435091018677,22,0.14084714651107788,0.09173619747161865,0.11629167199134827
S_205,gap,7,189,194.9499,662.42676,gap_score_smooth,0.9749805331230164,0.2271362543106079,28.537285985576716,0.8614124059677124,180.54753124544035,209.08481723101707,172,239,153.0,229.0,36.0,40.0,172,204,0.7478442788124084,0.8729694485664368,32,0.2271362543106079,0.10201108455657959,0.16457366943359375
S_205,gap,8,229,141.29784,756.48535,gap_score_smooth,0.652313232421875,0.35928580164909363,6.528202760897273,0.4726703315973282,225.41343978022348,231.94164254112076,221,239,189.0,,40.0,0.0,221,239,0.29302743077278137,0.060141339898109436,18,0.35928580164909363,0.5921718925237656,0.4757288470864296
S_206,gap,1,8,177.84448,135.43097,gap_score_smooth,0.7043224573135376,0.21241694688796997,14.234592068813807,0.5981139838695526,5.64439729288832,19.87898936170213,0,26,,36.0,0.0,28.0,0,26,0.19340895116329193,0.4919055104255676,26,0.5109135061502457,0.21241694688796997,0.3616652265191078
S_206,gap,2,36,185.09784,217.43933,gap_score_smooth,0.6226019859313965,0.05291390419006348,3.5871930770804212,0.5961450338363647,34.08127590327748,37.6684689803579,26,40,8.0,50.0,28.0,14.0,26,40,0.4919055104255676,0.569688081741333,14,0.13069647550582886,0.05291390419006348,0.09180518984794617
S_206,gap,3,50,180.92119,258.4435,gap_score_smooth,0.8123355507850647,0.2162734866142273,5.6355125762730225,0.704198807477951,46.86134203206708,52.4968546083401,0,57,36.0,65.0,14.0,15.0,40,57,0.569688081741333,0.5960620641708374,17,0.2426474690437317,0.2162734866142273,0.2294604778289795
S_206,gap,4,65,168.81711,302.37656,gap_score_smooth,0.8889362812042236,0.3429113030433655,14.511380832124757,0.7174806296825409,61.36702233375617,75.87840316588093,0,81,50.0,99.0,15.0,34.0,57,81,0.5960620641708374,0.5460249781608582,24,0.29287421703338623,0.3429113030433655,0.31789276003837585
S_206,gap,5,99,106.903404,401.95816,gap_score_smooth,0.8615373969078064,0.27535325288772583,9.57692449373863,0.7238607704639435,93.549925555412,103.12685004915063,81,110,65.0,128.0,34.0,29.0,92,110,0.7048437595367432,0.5861841440200806,18,0.15669363737106323,0.27535325288772583,0.21602344512939453
S_206,gap,6,128,110.07766,486.8954,gap_score_smooth,0.9225186109542847,0.2977008819580078,8.244400688571318,0.7736681699752808,122.55606244043173,130.80046312900305,0,134,99.0,142.0,29.0,14.0,118,134,0.6841323375701904,0.6248177289962769,16,0.23838627338409424,0.2977008819580078,0.268043577671051
S_206,gap,7,142,136.00839,527.8996,gap_score_smooth,0.9321774840354919,0.34565669298171997,7.787280867186439,0.759349137544632,137.61939738235205,145.4066782495385,0,163,128.0,156.0,14.0,14.0,134,149,0.6248177289962769,0.5981016159057617,15,0.3073597550392151,0.3340758681297302,0.32071781158447266
S_206,gap,8,156,166.09608,568.90375,gap_score_smooth,0.9265445470809937,0.32844293117523193,6.522886423643627,0.7623230814933777,152.5052293273521,159.02811575099574,149,163,142.0,171.0,14.0,15.0,149,163,0.5981016159057617,0.586520791053772,14,0.32844293117523193,0.3400237560272217,0.3342333436012268
S_206,gap,9,171,196.58096,612.8368,gap_score_smooth,0.9507139325141907,0.7573049813508987,94.25906573925089,0.5720614418387413,83.25457147812337,177.51363721737425,0,239,156.0,189.0,15.0,18.0,163,181,0.586520791053772,0.39455023407936096,18,0.3641931414604187,0.5561636984348297,0.4601784199476242
S_206,gap,10,189,217.21614,665.55646,gap_score_smooth,0.8991597294807434,0.5046094954013824,7.334906187790182,0.6468549817800522,185.59875177126878,192.93365795905896,181,239,171.0,211.0,18.0,22.0,181,203,0.39455023407936096,0.23357954621315002,22,0.5046094954013824,0.6655801832675934,0.5850948393344879
S_206,gap,11,211,219.94505,729.99164,gap_score_smooth,0.820016622543335,0.5864370763301849,7.13211597562713,0.5267980843782425,207.267455926899,214.39957190252613,203,239,189.0,228.0,22.0,17.0,203,221,0.23357954621315002,0.22516706585884094,18,0.5864370763301849,0.594849556684494,0.5906433165073395
S_206,gap,12,228,210.72406,779.7824,gap_score_smooth,0.4631298780441284,0.23796281218528748,7.039444404284126,0.3441484719514847,224.95295678741076,231.99240119169488,221,239,211.0,,17.0,0.0,221,239,0.22516706585884094,0.06288939714431763,18,0.23796281218528748,0.4002404808998108,0.31910164654254913
S_21,gap,1,23,156.60957,191.318,gap_score_smooth,0.8181467056274414,0.17858123779296875,27.970566849000313,0.728856086730957,8.116841502829395,36.08740835182971,0,41,,55.0,0.0,32.0,19,27,0.7873995304107666,0.7995531558990479,8,0.030747175216674805,0.018593549728393555,0.02467036247253418
S_21,gap,2,55,159.99637,272.45605,gap_score_smooth,0.8160364627838135,0.14389199018478394,11.963381721772848,0.7440904676914215,51.154806914879515,63.11818863665236,41,68,23.0,79.0,32.0,24.0,41,68,0.6395654678344727,0.6721444725990295,27,0.17647099494934082,0.14389199018478394,0.16018149256706238
S_21,gap,3,79,128.07579,333.30963,gap_score_smooth,0.9374598860740662,0.0708932876586914,5.642236066230893,0.9020132422447205,76.11429206258516,81.75652812881606,0,85,55.0,98.0,24.0,19.0,68,85,0.6721444725990295,0.8665665984153748,17,0.2653154134750366,0.0708932876586914,0.168104350566864
S_21,gap,4,98,115.474464,381.48535,gap_score_smooth,0.9708583950996399,0.24736666679382324,33.61245549732216,0.8471750617027283,74.65797876468305,108.27043426200521,0,114,79.0,123.0,19.0,25.0,92,114,0.8712891936302185,0.7234917283058167,22,0.09956920146942139,0.24736666679382324,0.17346793413162231
S_21,gap,5,123,122.570366,444.87448,gap_score_smooth,0.9121569395065308,0.0407065749168396,5.563729365203869,0.891803652048111,120.95215389925895,126.51588326446281,114,129,98.0,149.0,25.0,26.0,114,129,0.7234917283058167,0.8714503645896912,15,0.1886652112007141,0.0407065749168396,0.11468589305877686
S_21,gap,6,149,141.46169,510.79916,gap_score_smooth,0.9873055815696716,0.8583614677190781,179.0062374629735,0.5581248477101326,6.173122952086189,185.1793604150597,0,239,123.0,179.0,26.0,30.0,139,167,0.959847629070282,0.5741685032844543,28,0.02745795249938965,0.4131370782852173,0.22029751539230347
S_21,gap,7,179,143.27953,586.8661,gap_score_smooth,0.8748284578323364,0.3006599545478821,6.867584929867377,0.7244984805583954,175.6590465897726,182.52663151963998,167,191,149.0,200.0,30.0,21.0,167,191,0.5741685032844543,0.5221437811851501,24,0.3006599545478821,0.3526846766471863,0.3266723155975342
S_21,gap,8,200,143.1783,640.113,gap_score_smooth,0.899570107460022,0.3774263262748718,7.668608933303858,0.7108569443225861,196.55907910702868,204.22768804033254,191,239,179.0,222.0,21.0,22.0,191,215,0.5221437811851501,0.5221513509750366,24,0.3774263262748718,0.37741875648498535,0.3774225413799286
S_21,gap,9,222,142.96185,695.8954,gap_score_smooth,0.6397237181663513,0.1175723671913147,13.641847330340198,0.580937534570694,218.62359220872827,232.26543953906847,215,239,200.0,,22.0,0.0,215,239,0.5221513509750366,0.12894411385059357,24,0.1175723671913147,0.5107796043157578,0.3141759857535362
S_22,gap,1,46,145.52084,274.5565,gap_score_smooth,0.8933032155036926,0.05726945400238037,16.527645521848868,0.8646684885025024,37.99305187642762,54.52069739827649,0,58,,72.0,0.0,26.0,26,58,0.7899367809295654,0.8360337615013123,32,0.1033664345741272,0.05726945400238037,0.08031794428825378
S_22,gap,2,72,152.09421,364.7406,gap_score_smooth,0.9253849983215332,0.11043936014175415,15.713331259605368,0.8701653182506561,64.49328090718915,80.20661216679451,0,84,46.0,104.0,26.0,32.0,58,84,0.8360337615013123,0.814945638179779,26,0.08935123682022095,0.11043936014175415,0.09989529848098755
S_22,gap,3,104,152.25298,475.7364,gap_score_smooth,0.9421644806861877,0.1009942889213562,15.999871035819439,0.8916673362255096,91.29820685814887,107.29807789396831,0,113,72.0,136.0,32.0,32.0,100,113,0.9395327568054199,0.8411701917648315,13,0.0026317238807678223,0.1009942889213562,0.05181300640106201
S_22,gap,4,136,140.6025,586.73224,gap_score_smooth,0.9945553541183472,0.7532498389482498,179.0428408320286,0.6179304346442223,4.7523011041688035,183.79514193619738,0,239,104.0,169.0,32.0,33.0,133,154,0.9936766624450684,0.8605984449386597,21,0.0008786916732788086,0.1339569091796875,0.06741780042648315
S_22,gap,5,169,128.8253,701.19666,gap_score_smooth,0.9200259447097778,0.059427499771118164,16.53472297268297,0.8903121948242188,157.3800345033508,173.91475747603377,154,239,136.0,197.0,33.0,28.0,163,187,0.8985201716423035,0.5525973439216614,24,0.021505773067474365,0.36742860078811646,0.1944671869277954
S_22,gap,6,197,143.23744,798.318,gap_score_smooth,0.8788759708404541,0.3262786269187927,7.969499212307966,0.7157366573810577,192.6817855734363,200.65128478574425,187,239,169.0,214.0,28.0,17.0,187,207,0.5525973439216614,0.5165541768074036,20,0.3262786269187927,0.36232179403305054,0.34430021047592163
S_22,gap,7,214,155.16165,857.28455,gap_score_smooth,0.8204423189163208,0.30388814210891724,20.886496352034357,0.6684982478618622,210.59835822400044,231.4848545760348,207,239,197.0,,17.0,0.0,207,239,0.5165541768074036,0.07262177765369415,32,0.30388814210891724,0.7478205412626266,0.5258543416857719
S_23,gap,1,89,330.35992,331.95816,gap_score_smooth,0.9748652577400208,0.0713585615158081,9.981162104795132,0.9391859769821167,84.45405929430608,94.43522139910121,21,101,,114.0,0.0,25.0,76,101,0.8618776798248291,0.9035066962242126,25,0.11298757791519165,0.0713585615158081,0.09217306971549988
S_23,gap,2,114,320.3087,408.6318,gap_score_smooth,0.9863923788070679,0.06803750991821289,12.87626230101047,0.9523736238479614,109.32249499769124,122.19875729870171,21,126,89.0,139.0,25.0,25.0,101,126,0.9035066962242126,0.918354868888855,25,0.08288568258285522,0.06803750991821289,0.07546159625053406
S_23,gap,3,139,271.79132,485.30545,gap_score_smooth,0.9958736896514893,0.6468855738639832,196.0074433195198,0.6724309027194977,36.02129038522667,232.0287337047465,21,239,114.0,162.0,25.0,23.0,126,152,0.918354868888855,0.8675535917282104,26,0.07751882076263428,0.1283200979232788,0.10291945934295654
S_23,gap,4,162,238.5035,555.8452,gap_score_smooth,0.9759119749069214,0.10835838317871094,13.984758619760015,0.9217327833175659,155.4436900222203,169.4284486419803,152,239,139.0,192.0,23.0,30.0,152,181,0.8675535917282104,0.7995683550834656,29,0.10835838317871094,0.1763436198234558,0.14235100150108337
S_23,gap,5,192,253.54036,647.8536,gap_score_smooth,0.9168819189071655,0.11731356382369995,11.14901936001445,0.8582251369953156,185.35340289098107,196.50242225099552,181,239,162.0,211.0,30.0,19.0,181,201,0.7995683550834656,0.7868382930755615,20,0.11731356382369995,0.130043625831604,0.12367859482765198
S_23,gap,6,211,283.86734,706.12555,gap_score_smooth,0.9002012014389038,0.11336290836334229,14.539016780350806,0.8435197472572327,205.2722578965637,219.8112746769145,201,239,192.0,,19.0,0.0,201,239,0.7868382930755615,0.3489881157875061,38,0.11336290836334229,0.5512130856513977,0.33228799700737
S_24,gap,1,53,193.17223,205.02928,gap_score_smooth,0.8509916067123413,0.03904426097869873,7.086359248755166,0.8314694762229919,48.98254748818822,56.06890673694338,0,59,,70.0,0.0,17.0,19,59,0.7437757849693298,0.8119473457336426,40,0.10721582174301147,0.03904426097869873,0.0731300413608551
S_24,gap,2,70,211.30965,251.54811,gap_score_smooth,0.9180960655212402,0.09525865316390991,10.863179164799867,0.8704667389392853,62.99340242583698,73.85658159063685,0,77,53.0,91.0,17.0,21.0,59,77,0.8119473457336426,0.8228374123573303,18,0.10614871978759766,0.09525865316390991,0.10070368647575378
S_24,gap,3,91,255.27032,309.01254,gap_score_smooth,0.9544082283973694,0.28526628017425537,50.95551181140435,0.8117750883102417,44.31714939449746,95.27266120590181,0,100,70.0,119.0,21.0,28.0,77,100,0.8228374123573303,0.669141948223114,23,0.13157081604003906,0.28526628017425537,0.20841854810714722
S_24,gap,4,119,298.3446,385.6318,gap_score_smooth,0.9011608958244324,0.0740962028503418,3.794292616685709,0.8641127943992615,117.6990313499879,121.49332396667361,100,124,91.0,136.0,28.0,17.0,114,124,0.7525643706321716,0.8270646929740906,10,0.14859652519226074,0.0740962028503418,0.11134636402130127
S_24,gap,5,136,304.29202,432.15063,gap_score_smooth,0.9685031771659851,0.03728652000427246,3.6790341846408694,0.9498599171638489,134.7523527992278,138.43138698386866,0,141,119.0,154.0,17.0,18.0,124,141,0.8270646929740906,0.9312166571617126,17,0.14143848419189453,0.03728652000427246,0.0893625020980835
S_24,gap,6,154,296.9157,481.40585,gap_score_smooth,0.9947188496589661,0.8460174202919006,170.60440055026461,0.5717101395130157,5.427976828861354,176.03237737912596,0,239,136.0,188.0,18.0,34.0,141,179,0.9312166571617126,0.47229260206222534,38,0.06350219249725342,0.5224262475967407,0.29296422004699707
S_24,gap,7,188,256.70483,574.44354,gap_score_smooth,0.9255983829498291,0.45330578088760376,9.262316100102453,0.6989454925060272,183.91481412920314,193.1771302293056,179,239,154.0,214.0,34.0,26.0,179,199,0.47229260206222534,0.30942851305007935,20,0.45330578088760376,0.6161698698997498,0.5347378253936768
S_24,gap,8,214,222.57849,645.58997,gap_score_smooth,0.8980534672737122,0.5886249542236328,26.639028563915133,0.6037409901618958,203.74645784978992,230.38548641370505,199,239,188.0,,26.0,0.0,199,239,0.30942851305007935,0.07264917343854904,40,0.5886249542236328,0.8254042938351631,0.707014624029398
S_25,gap,1,30,254.132,314.29288,gap_score_smooth,0.7712928056716919,0.06266683340072632,15.193386873887384,0.7399593889713287,22.924747768289592,38.118134642176976,0,53,,110.0,0.0,80.0,20,46,0.7319677472114563,0.7237638831138611,26,0.039325058460235596,0.04752892255783081,0.0434269905090332
S_25,gap,2,110,279.15204,501.7406,gap_score_smooth,0.9527180194854736,0.1425018310546875,42.37051723214023,0.8814671039581299,71.55362212252703,113.92413935466726,0,119,30.0,144.0,80.0,34.0,104,119,0.9166483879089355,0.8102161884307861,15,0.036069631576538086,0.1425018310546875,0.08928573131561279
S_25,gap,3,144,306.6243,581.4059,gap_score_smooth,0.9941626787185669,0.8784211501479149,223.8118248841614,0.5549521036446095,6.982122365215203,230.7939472493766,0,239,110.0,188.0,34.0,44.0,137,161,0.9388084411621094,0.8867442607879639,24,0.05535423755645752,0.10741841793060303,0.08138632774353027
S_25,gap,4,188,273.99207,684.5021,gap_score_smooth,0.9498738050460815,0.08098524808883667,14.374764073466054,0.9093811810016632,182.82778014379838,197.20254421726443,172,239,144.0,215.0,44.0,27.0,172,192,0.8688885569572449,0.9301642179489136,20,0.08098524808883667,0.01970958709716797,0.05034741759300232
S_25,gap,5,215,218.50214,747.7657,gap_score_smooth,0.8660615682601929,0.2866937518119812,17.86839501411731,0.7227146923542023,209.74230056485914,227.61069557897645,205,239,188.0,,27.0,0.0,205,239,0.5793678164482117,0.062351129949092865,34,0.2866937518119812,0.8037104383111,0.5452020950615406
S_26,gap,1,50,126.810715,250.2134,gap_score_smooth,0.87198805809021,0.04493916034698486,7.867818624872967,0.8495184779167175,45.33116143119362,53.19898005606659,0,56,,68.0,0.0,18.0,19,56,0.7084336280822754,0.8270488977432251,37,0.16355443000793457,0.04493916034698486,0.10424679517745972
S_26,gap,2,68,110.405594,301.0502,gap_score_smooth,0.9526790976524353,0.09148675203323364,12.337680199944927,0.9069357216358185,60.65532270800432,72.99300290794925,0,84,50.0,124.0,18.0,56.0,56,84,0.8270488977432251,0.8611923456192017,28,0.1256301999092102,0.09148675203323364,0.10855847597122192
S_26,gap,3,124,115.38533,459.2092,gap_score_smooth,0.9915719032287598,0.8562228232622147,225.37489334125135,0.5634604915976524,5.5904996151849025,230.96539295643626,0,239,68.0,152.0,56.0,28.0,108,139,0.9241651892662048,0.9502490162849426,31,0.06740671396255493,0.04132288694381714,0.054364800453186035
S_26,gap,4,152,167.26869,538.2887,gap_score_smooth,0.9803143739700317,0.03006535768508911,9.670704506583434,0.9652816951274872,145.82311603993094,155.49382054651437,139,239,124.0,195.0,28.0,43.0,139,183,0.9502490162849426,0.7152891755104065,44,0.03006535768508911,0.26502519845962524,0.14754527807235718
S_26,gap,5,195,160.66197,659.73224,gap_score_smooth,0.8753541111946106,0.1600649356842041,7.437211569983646,0.7953216433525085,191.1960870443399,198.63329861432354,183,239,152.0,214.0,43.0,19.0,183,206,0.7152891755104065,0.6579188108444214,23,0.1600649356842041,0.2174353003501892,0.18875011801719666
S_26,gap,6,214,137.63173,713.3933,gap_score_smooth,0.8423132300376892,0.18439441919326782,9.681845188719535,0.7501160204410553,210.4777604199978,220.15960560871733,206,239,195.0,,19.0,0.0,206,225,0.6579188108444214,0.7126178741455078,19,0.18439441919326782,0.1296953558921814,0.1570448875427246
S_27,gap,1,12,270.96298,245.95816,gap_score_smooth,0.746462345123291,0.03031337261199951,7.527645306930831,0.7313056588172913,10.23813895647021,17.76578426340104,0,28,,80.0,0.0,68.0,0,28,0.10791656374931335,0.7161489725112915,28,0.6385457813739777,0.03031337261199951,0.3344295769929886
S_27,gap,2,80,226.48102,393.05438,gap_score_smooth,0.8582180738449097,0.10053402185440063,10.73507018810649,0.8079510629177094,73.37280813794362,84.10787832605011,0,88,12.0,116.0,68.0,36.0,68,88,0.7832828164100647,0.757684051990509,20,0.07493525743484497,0.10053402185440063,0.0877346396446228
S_27,gap,3,116,202.49629,470.92886,gap_score_smooth,0.9807435870170593,0.07992380857467651,35.88873657730217,0.9407816827297211,94.60626958166263,130.4950061589648,0,135,80.0,144.0,36.0,28.0,105,135,0.9538184404373169,0.9008197784423828,30,0.02692514657974243,0.07992380857467651,0.05342447757720947
S_27,gap,4,144,263.01074,531.4979,gap_score_smooth,0.983314573764801,0.8753980100154877,180.4675200433487,0.5456155687570572,6.694228638549372,187.16174868189808,0,239,116.0,203.0,28.0,59.0,135,165,0.9008197784423828,0.8804854154586792,30,0.08249479532241821,0.10282915830612183,0.09266197681427002
S_27,gap,5,203,304.9518,659.12555,gap_score_smooth,0.8182680606842041,0.27975982427597046,7.019562860473997,0.6783881485462189,199.6334636548103,206.6530265152843,188,239,144.0,225.0,59.0,22.0,197,217,0.605532705783844,0.5554681420326233,20,0.2127353549003601,0.2627999186515808,0.23776763677597046
S_27,gap,6,225,287.86157,706.71545,gap_score_smooth,0.7608104348182678,0.20534229278564453,8.070941309272825,0.6581392884254456,221.18220338428048,229.2531446935533,217,239,203.0,,22.0,0.0,217,239,0.5554681420326233,0.04769429191946983,22,0.20534229278564453,0.713116142898798,0.45922921784222126
S_28,gap,1,89,123.74056,375.56485,gap_score_smooth,0.9876672625541687,0.2680027484893799,19.750257048606557,0.8536658883094788,77.04100834368897,96.79126539229553,20,156,,108.0,0.0,19.0,77,103,0.8535419702529907,0.803159773349762,26,0.13412529230117798,0.18450748920440674,0.15931639075279236
S_28,gap,2,108,113.15519,434.3933,gap_score_smooth,0.8486114740371704,0.034902751445770264,3.46240815376747,0.8311600983142853,105.87611241052062,109.33852056428809,103,111,89.0,134.0,19.0,26.0,103,111,0.803159773349762,0.8137087225914001,8,0.04545170068740845,0.034902751445770264,0.040177226066589355
S_28,gap,3,134,132.07195,514.8954,gap_score_smooth,0.9499990940093994,0.14683932065963745,9.801438249329863,0.8765794336795807,127.63727947445824,137.4387177237881,103,156,108.0,149.0,26.0,15.0,126,142,0.8638560175895691,0.7602081298828125,16,0.08614307641983032,0.18979096412658691,0.13796702027320862
S_28,gap,4,149,153.66061,561.3389,gap_score_smooth,0.9238165616989136,0.16360843181610107,5.8624890345876395,0.842012345790863,146.1977247277184,152.06021376230603,142,156,134.0,165.0,15.0,16.0,142,156,0.7602081298828125,0.7196645140647888,14,0.16360843181610107,0.20415204763412476,0.18388023972511292
S_28,gap,5,165,186.08284,610.87866,gap_score_smooth,0.970016598701477,0.20188945531845093,8.199722551432501,0.8690718710422516,161.16006722525816,169.35978977669066,156,174,149.0,188.0,16.0,23.0,156,174,0.7196645140647888,0.7681271433830261,18,0.25035208463668823,0.20188945531845093,0.22612076997756958
S_28,gap,6,188,227.24754,682.09204,gap_score_smooth,0.9921984672546387,0.7652565687894821,195.53107603153697,0.6095701828598976,34.163706178064416,229.69478220960139,20,239,165.0,224.0,23.0,36.0,174,206,0.7681271433830261,0.9184595346450806,32,0.22407132387161255,0.0737389326095581,0.14890512824058533
S_28,gap,7,224,214.29294,793.55646,gap_score_smooth,0.7900927066802979,0.06746065616607666,4.616936661187168,0.7563623785972595,221.66044033762302,226.27737699881018,218,239,188.0,,36.0,0.0,218,239,0.7226320505142212,0.22694189846515656,21,0.06746065616607666,0.5631508082151413,0.315305732190609
S_29,gap,1,16,227.39893,252.35565,gap_score_smooth,0.6594266295433044,0.00940084457397461,3.3680939016428706,0.6547262072563171,14.69104733519213,18.059141236835,0,20,,35.0,0.0,19.0,12,20,0.6329292058944702,0.6500257849693298,8,0.02649742364883423,0.00940084457397461,0.01794913411140442
S_29,gap,2,35,216.45177,296.71548,gap_score_smooth,0.7575986385345459,0.03746241331100464,13.189229488060466,0.7388674318790436,27.56726125703231,40.756490745092776,0,45,16.0,75.0,19.0,40.0,20,45,0.6500257849693298,0.7201362252235413,25,0.10757285356521606,0.03746241331100464,0.07251763343811035
S_29,gap,3,75,177.01448,390.1046,gap_score_smooth,0.914099395275116,0.008114337921142578,5.250747399149176,0.9100422263145447,72.03834649276456,77.28909389191374,0,80,35.0,120.0,40.0,45.0,51,80,0.7237758040428162,0.9059850573539734,29,0.1903235912322998,0.008114337921142578,0.09921896457672119
S_29,gap,4,120,218.52365,495.16736,gap_score_smooth,0.9964141249656677,0.8624395877122879,223.12578306399556,0.5651943311095238,6.947604166972786,230.07338723096834,0,239,75.0,192.0,45.0,72.0,80,175,0.9059850573539734,0.857043445110321,95,0.09042906761169434,0.13937067985534668,0.11489987373352051
S_29,gap,5,192,254.75504,663.26776,gap_score_smooth,0.919879138469696,0.062835693359375,19.671539789801216,0.8884612917900085,183.415603946102,203.08714373590323,175,239,120.0,227.0,72.0,35.0,175,221,0.857043445110321,0.6172350645065308,46,0.062835693359375,0.3026440739631653,0.18273988366127014
S_29,gap,6,227,235.3578,744.9833,gap_score_smooth,0.7371883392333984,0.11995327472686768,4.293761567650478,0.6772117018699646,224.299897625639,228.59365919328948,221,239,192.0,,35.0,0.0,221,239,0.6172350645065308,0.039859969168901443,18,0.11995327472686768,0.697328370064497,0.40864082239568233
S_30,gap,1,9,236.64534,118.43096,gap_score_smooth,0.7284730672836304,0.2007659673690796,27.014971621529888,0.6280900835990906,5.731177995531679,32.74614961706157,0,48,,44.0,0.0,35.0,0,14,0.1334550827741623,0.69659024477005,14,0.5950179845094681,0.03188282251358032,0.3134504035115242
S_30,gap,2,44,169.00684,228.99582,gap_score_smooth,0.5850188732147217,0.04518437385559082,3.0828747320941545,0.5624266862869263,42.557782658656855,45.64065739075101,41,48,9.0,66.0,35.0,22.0,41,48,0.5398344993591309,0.5277070999145508,7,0.04518437385559082,0.0573117733001709,0.05124807357788086
S_30,gap,3,66,80.25355,298.4937,gap_score_smooth,0.8465631604194641,0.04715961217880249,8.820643799949977,0.8229833543300629,63.0106197464152,71.83126354636518,0,82,44.0,121.0,22.0,55.0,59,73,0.7835907936096191,0.8213802576065063,14,0.06297236680984497,0.025182902812957764,0.04407763481140137
S_30,gap,4,121,97.00675,472.2385,gap_score_smooth,0.9881960153579712,0.8547409325838089,161.51444779911094,0.5608255490660667,49.128118338531536,210.64256613764246,0,239,66.0,152.0,55.0,31.0,90,139,0.8071703910827637,0.8981979489326477,49,0.18102562427520752,0.08999806642532349,0.1355118453502655
S_30,gap,5,152,164.82646,570.16736,gap_score_smooth,0.9786444306373596,0.08044648170471191,11.774693095193356,0.9384211897850037,145.62741424258712,157.40210733778048,139,239,121.0,205.0,31.0,53.0,139,163,0.8981979489326477,0.8971430063247681,24,0.08044648170471191,0.08150142431259155,0.08097395300865173
S_30,gap,6,205,262.02505,737.5941,gap_score_smooth,0.8343201875686646,0.06645607948303223,10.13448001510136,0.8010921478271484,197.08131742252047,207.21579743762183,194,239,152.0,226.0,53.0,21.0,194,218,0.7678641080856323,0.31918248534202576,24,0.06645607948303223,0.5151377022266388,0.2907968908548355
S_30,gap,7,226,273.2646,803.93304,gap_score_smooth,0.6758267879486084,0.35664430260658264,12.695311215166612,0.4975046366453171,221.22056983459123,233.91588104975784,218,239,205.0,,21.0,0.0,218,239,0.31918248534202576,0.0902254655957222,21,0.35664430260658264,0.5856013223528862,0.4711228124797344
S_31,gap,1,92,195.47192,290.1799,gap_score_smooth,0.9302968382835388,0.054809629917144775,9.23606894133961,0.9028920233249664,87.21637317706089,96.4524421184005,0,99,,133.0,0.0,41.0,86,99,0.9010311365127563,0.875487208366394,13,0.02926570177078247,0.054809629917144775,0.04203766584396362
S_31,gap,2,133,207.36275,386.07532,gap_score_smooth,0.9913604855537415,0.9272579103708267,203.8643070272391,0.5277315303683281,8.558195228090055,212.42250225532916,0,239,92.0,189.0,41.0,56.0,122,139,0.9627553224563599,0.9726504683494568,17,0.028605163097381592,0.018710017204284668,0.02365759015083313
S_31,gap,3,189,298.67993,517.0544,gap_score_smooth,0.7837458848953247,0.17603623867034912,5.415967746231104,0.6957277655601501,186.57777023541686,191.99373798164797,176,239,133.0,208.0,56.0,19.0,184,199,0.657122015953064,0.554527997970581,15,0.12662386894226074,0.22921788692474365,0.1779208779335022
S_31,gap,4,208,282.61844,561.4937,gap_score_smooth,0.7506099939346313,0.1960819959640503,5.419235552348454,0.6525689959526062,205.04247560380958,210.46171115615803,199,239,189.0,228.0,19.0,20.0,199,219,0.554527997970581,0.3796933889389038,20,0.1960819959640503,0.37091660499572754,0.2834993004798889
S_31,gap,5,228,266.05893,608.272,gap_score_smooth,0.645062267780304,0.26536887884140015,6.436841139959,0.5123778283596039,224.70076079241554,231.13760193237454,219,239,208.0,,20.0,0.0,219,239,0.3796933889389038,0.06410257518291473,20,0.26536887884140015,0.5809596925973892,0.4231642857193947
S_32,gap,1,58,210.43594,344.37238,gap_score_smooth,0.927753746509552,0.283403217792511,39.8163179695554,0.7860521376132965,34.319557488005486,74.13587545756089,0,82,,100.0,0.0,42.0,16,68,0.6847125291824341,0.8490968942642212,52,0.24304121732711792,0.07865685224533081,0.16084903478622437
S_32,gap,2,100,169.96568,455.43515,gap_score_smooth,0.9543832540512085,0.24319469928741455,37.109657384777876,0.8327859044075012,87.27312981539777,124.38278720017564,0,154,58.0,119.0,42.0,19.0,82,113,0.644350528717041,0.882569432258606,31,0.3100327253341675,0.07181382179260254,0.190923273563385
S_32,gap,3,119,205.24875,505.67783,gap_score_smooth,0.9390809535980225,0.056511521339416504,5.22542470122508,0.9108251929283142,116.32426073340493,121.54968543463,113,127,100.0,146.0,19.0,27.0,113,127,0.882569432258606,0.7938641309738159,14,0.056511521339416504,0.14521682262420654,0.10086417198181152
S_32,gap,4,146,295.35806,577.0753,gap_score_smooth,0.9439136981964111,0.15004956722259521,18.079618820235595,0.8688889145851135,131.11005933341252,149.18967815364812,127,154,119.0,179.0,27.0,33.0,127,154,0.7938641309738159,0.711188554763794,27,0.15004956722259521,0.2327251434326172,0.1913873553276062
S_32,gap,5,179,347.6493,664.3389,gap_score_smooth,0.9878979325294495,0.8412833213806152,203.04257273463762,0.5672562718391418,5.821132934345589,208.86370566898321,0,239,146.0,224.0,33.0,45.0,168,214,0.9381619095802307,0.29024404287338257,46,0.04973602294921875,0.6976538896560669,0.3736949563026428
S_32,gap,6,224,287.56964,783.3347,gap_score_smooth,0.7470934987068176,0.45684945583343506,13.597291087635199,0.5186687707901001,217.99043390686393,231.58772499449913,214,239,179.0,,45.0,0.0,214,239,0.29024404287338257,0.07286331802606583,25,0.45684945583343506,0.6742301806807518,0.5655398182570934
S_33,gap,1,10,184.52635,106.41004,gap_score_smooth,0.7528660893440247,0.1771206259727478,10.727864769409727,0.6643057763576508,6.607811211256568,17.335675980666295,0,21,,65.0,0.0,55.0,0,21,0.11585690826177597,0.5757454633712769,21,0.6370091810822487,0.1771206259727478,0.40706490352749825
S_33,gap,2,65,213.67189,262.66528,gap_score_smooth,0.9793450832366943,0.8634881749749184,194.39513645908994,0.5476009957492352,5.29955393499936,199.6946903940893,0,239,10.0,130.0,55.0,65.0,39,73,0.6893212199211121,0.8131425976753235,34,0.2900238633155823,0.16620248556137085,0.22811317443847656
S_33,gap,3,130,226.83463,447.33054,gap_score_smooth,0.9738792181015015,0.30181288719177246,45.77975036673652,0.8229727745056152,92.98669695717666,138.76644732391318,85,239,65.0,150.0,65.0,20.0,123,141,0.9281443357467651,0.8009416460990906,18,0.04573488235473633,0.1729375720024109,0.10933622717857361
S_33,gap,4,150,203.78143,504.15063,gap_score_smooth,0.9685273766517639,0.16758573055267334,8.922539898377948,0.8847345113754272,146.06759329454238,154.99013319292033,141,239,130.0,164.0,20.0,14.0,141,157,0.8009416460990906,0.8741737604141235,16,0.16758573055267334,0.09435361623764038,0.13096967339515686
S_33,gap,5,164,183.5369,543.9247,gap_score_smooth,0.9170750975608826,0.04290133714675903,11.952269451189352,0.895624428987503,159.65159597700816,171.6038654281975,157,239,150.0,195.0,14.0,31.0,157,190,0.8741737604141235,0.6889850497245789,33,0.04290133714675903,0.2280900478363037,0.13549569249153137
S_33,gap,6,195,146.1811,631.9958,gap_score_smooth,0.809520423412323,0.12053537368774414,4.4359710231699125,0.7492527365684509,192.55659255755793,196.99256358072785,190,207,164.0,216.0,31.0,21.0,190,207,0.6889850497245789,0.4312558174133301,17,0.12053537368774414,0.3782646059989929,0.24939998984336853
S_33,gap,7,216,144.04353,691.6569,gap_score_smooth,0.8439149856567383,0.4126591682434082,20.731592842445195,0.6375854015350342,211.4331881465867,232.1647809890319,207,239,195.0,,21.0,0.0,207,239,0.4312558174133301,0.10435864329338074,32,0.4126591682434082,0.7395563423633575,0.5761077553033829
S_34,gap,1,38,171.55382,303.64017,gap_score_smooth,0.7869712710380554,0.14115768671035767,9.566159880127671,0.7163924276828766,32.50647474727011,42.07263462739778,0,48,,60.0,0.0,22.0,0,48,0.02553371712565422,0.6458135843276978,48,0.7614375539124012,0.14115768671035767,0.45129762031137943
S_34,gap,2,60,118.537476,343.95816,gap_score_smooth,0.7835323810577393,0.07746237516403198,7.241339888289765,0.7448011934757233,55.76444033857735,63.00578022686712,48,66,38.0,95.0,22.0,35.0,48,66,0.6458135843276978,0.7060700058937073,18,0.1377187967300415,0.07746237516403198,0.10759058594703674
S_34,gap,3,95,102.82958,408.10043,gap_score_smooth,0.9266968965530396,0.058317363262176514,20.489705611153,0.8975382149219513,77.6161920067773,98.1058976179303,0,101,60.0,120.0,35.0,25.0,91,101,0.9117985367774963,0.868379533290863,10,0.014898359775543213,0.058317363262176514,0.03660786151885986
S_34,gap,4,120,140.9256,453.91632,gap_score_smooth,0.9473856687545776,0.09740608930587769,6.732307235732534,0.8986826241016388,116.7686221345822,123.50092937031474,0,127,95.0,148.0,25.0,28.0,114,127,0.8765873908996582,0.8499795794487,13,0.07079827785491943,0.09740608930587769,0.08410218358039856
S_34,gap,5,148,190.15962,505.23013,gap_score_smooth,0.9935864210128784,0.8364576697349548,208.27091114204768,0.575357586145401,22.71979614650606,230.99070728855375,0,239,120.0,188.0,28.0,40.0,141,154,0.9241716861724854,0.9682822227478027,13,0.06941473484039307,0.025304198265075684,0.047359466552734375
S_34,gap,6,188,202.1713,578.5356,gap_score_smooth,0.8736938834190369,0.08330756425857544,4.6974400490461505,0.8320401012897491,185.7812723138673,190.47871236291346,183,194,148.0,214.0,40.0,26.0,183,194,0.7903863191604614,0.7727485299110413,11,0.08330756425857544,0.1009453535079956,0.09212645888328552
S_34,gap,7,214,189.80542,626.1841,gap_score_smooth,0.9711772799491882,0.19842875003814697,18.575427918204554,0.8719629049301147,207.61267792098127,226.18810583918582,194,239,188.0,,26.0,0.0,205,239,0.8376041650772095,0.15712875127792358,34,0.13357311487197876,0.8140485286712646,0.4738108217716217
S_35,gap,1,62,147.30849,328.86612,gap_score_smooth,0.9684550166130066,0.15935343503952026,19.642057660736363,0.8887782990932465,55.29590372934762,74.93796139008398,0,83,,102.0,0.0,40.0,53,83,0.8749216198921204,0.8091015815734863,30,0.09353339672088623,0.15935343503952026,0.12644341588020325
S_35,gap,2,102,120.082565,464.2636,gap_score_smooth,0.9086291790008545,0.06949949264526367,4.491669691674971,0.8738794326782227,100.18782926816684,104.67949895984181,83,107,62.0,127.0,40.0,25.0,93,107,0.8308634757995605,0.8391296863555908,14,0.07776570320129395,0.06949949264526367,0.07363259792327881
S_35,gap,3,127,161.95546,548.887,gap_score_smooth,0.9873476624488831,0.7707551568746567,201.7599367625608,0.6019700840115547,10.79382818391232,212.55376494647314,0,239,102.0,141.0,25.0,14.0,120,134,0.9213370084762573,0.8631293773651123,14,0.06601065397262573,0.12421828508377075,0.09511446952819824
S_35,gap,4,141,198.46931,596.2761,gap_score_smooth,0.9770806431770325,0.11395126581192017,7.585589978188807,0.9201050102710724,137.34933299652366,144.93492297471246,134,239,127.0,162.0,14.0,21.0,134,149,0.8631293773651123,0.837868332862854,15,0.11395126581192017,0.13921231031417847,0.12658178806304932
S_35,gap,5,162,235.80135,667.3598,gap_score_smooth,0.9540809392929077,0.11621260643005371,20.880100093954354,0.8959746360778809,154.2812806091022,175.16138070305655,149,239,141.0,202.0,21.0,40.0,149,180,0.837868332862854,0.8486025929450989,31,0.11621260643005371,0.10547834634780884,0.11084547638893127
S_35,gap,6,202,221.76955,802.7573,gap_score_smooth,0.8982496857643127,0.04964709281921387,8.94069132627672,0.8734261393547058,199.02878898017457,207.9694803064513,180,239,162.0,227.0,40.0,25.0,198,217,0.8665148019790649,0.20912335813045502,19,0.0317348837852478,0.6891263276338577,0.36043060570955276
S_35,gap,7,227,177.6784,887.38074,gap_score_smooth,0.7613207697868347,0.5521974116563797,11.526322674073981,0.48522206395864487,221.44190899069258,232.96823166476656,217,239,202.0,,25.0,0.0,217,239,0.20912335813045502,0.08959726244211197,22,0.5521974116563797,0.6717235073447227,0.6119604595005512
S_36,gap,1,12,277.60556,312.6067,gap_score_smooth,0.7491320371627808,0.3172065019607544,24.58458946330535,0.5905287861824036,7.251549627429578,31.836139090734928,0,45,,94.0,0.0,82.0,0,21,0.10258087515830994,0.7380309104919434,21,0.6465511620044708,0.011101126670837402,0.3288261443376541
S_36,gap,2,94,202.84789,487.5858,gap_score_smooth,0.9840394854545593,0.8814586102962494,85.69828183935186,0.5433101803064346,49.32734546229481,135.02562730164667,0,239,12.0,114.0,82.0,20.0,88,104,0.919699490070343,0.8995863199234009,16,0.06433999538421631,0.08445316553115845,0.07439658045768738
S_36,gap,3,114,205.76045,530.2636,gap_score_smooth,0.9785203337669373,0.07893401384353638,12.722142650558922,0.9390533268451691,108.16584089342969,120.88798354398861,104,138,94.0,128.0,20.0,14.0,104,123,0.8995863199234009,0.9161561727523804,19,0.07893401384353638,0.062364161014556885,0.07064908742904663
S_36,gap,4,128,225.25987,560.13806,gap_score_smooth,0.9599720239639282,0.04381585121154785,3.8232738948769907,0.9380640983581543,125.6169945105215,129.44026840539848,123,138,114.0,147.0,14.0,19.0,123,138,0.9161561727523804,0.45483195781707764,15,0.04381585121154785,0.5051400661468506,0.2744779586791992
S_36,gap,5,147,286.55652,600.682,gap_score_smooth,0.9829910397529602,0.5281590819358826,32.28484800515608,0.7189114987850189,141.94578805666836,174.23063606182444,138,239,128.0,193.0,19.0,46.0,138,152,0.45483195781707764,0.9584130048751831,14,0.5281590819358826,0.0245780348777771,0.27636855840682983
S_36,gap,6,193,335.12042,698.841,gap_score_smooth,0.8188323974609375,0.2320038080215454,4.982284356851295,0.7028304934501648,190.21449090829807,195.19677526514937,187,239,147.0,212.0,46.0,19.0,187,199,0.5868285894393921,0.5246759057044983,12,0.2320038080215454,0.2941564917564392,0.2630801498889923
S_36,gap,7,212,320.95166,739.38495,gap_score_smooth,0.6994478702545166,0.1747719645500183,6.7891153115768645,0.6120618879795074,208.45842779719652,215.24754310877339,199,239,193.0,229.0,19.0,17.0,199,224,0.5246759057044983,0.4675496816635132,25,0.1747719645500183,0.23189818859100342,0.20333507657051086
S_36,gap,8,229,299.9005,775.6611,gap_score_smooth,0.5548620820045471,0.08731240034103394,3.8619114553122245,0.5112058818340302,227.11378447496412,230.97569593027634,224,239,212.0,,17.0,0.0,224,239,0.4675496816635132,0.05329558253288269,15,0.08731240034103394,0.5015664994716644,0.2944394499063492
S_37,gap,1,9,209.46896,131.12134,gap_score_smooth,0.7156594395637512,0.08620506525039673,7.885181201388866,0.6725569069385529,6.149169568217614,14.03435076960648,0,18,,63.0,0.0,54.0,0,18,0.18584726750850677,0.6294543743133545,18,0.5298121720552444,0.08620506525039673,0.3080086186528206
S_37,gap,2,63,170.88374,323.84937,gap_score_smooth,0.9263004660606384,0.33320730924606323,75.71562407341595,0.7596968114376068,35.59881299796653,111.31443707138249,0,115,9.0,99.0,54.0,36.0,49,73,0.8329582214355469,0.8810017704963684,24,0.09334224462509155,0.04529869556427002,0.06932047009468079
S_37,gap,3,99,158.60704,452.33472,gap_score_smooth,0.9201282858848572,0.13832920789718628,15.539123789203785,0.850963681936264,94.25904922811725,109.79817301732103,88,115,63.0,125.0,36.0,26.0,88,105,0.7817990779876709,0.9128679037094116,17,0.13832920789718628,0.007260382175445557,0.07279479503631592
S_37,gap,4,125,183.67635,545.1297,gap_score_smooth,0.9812636971473694,0.7954164296388626,170.16228617604145,0.5835554823279381,4.800002232176307,174.96228840821774,0,239,99.0,154.0,26.0,29.0,115,131,0.5930931568145752,0.8523465991020203,16,0.3881705403327942,0.12891709804534912,0.25854381918907166
S_37,gap,5,154,234.13246,648.6318,gap_score_smooth,0.9446244835853577,0.3441798686981201,22.874465519167558,0.7725345492362976,149.94274021496653,172.8172057341341,146,239,125.0,168.0,29.0,14.0,146,163,0.6004446148872375,0.8191450238227844,17,0.3441798686981201,0.12547945976257324,0.23482966423034668
S_37,gap,6,168,252.47356,698.5983,gap_score_smooth,0.8770540356636047,0.05790901184082031,5.26454220767431,0.8480995297431946,165.82991509227057,171.09445729994488,163,239,154.0,190.0,14.0,22.0,163,180,0.8191450238227844,0.42144975066185,17,0.05790901184082031,0.45560428500175476,0.25675664842128754
S_37,gap,7,190,263.37436,777.1171,gap_score_smooth,0.8586853742599487,0.43723562359809875,9.362468010333487,0.6400675624608994,184.99278908666375,194.35525709699724,180,239,168.0,209.0,22.0,19.0,180,199,0.42144975066185,0.3227859139442444,19,0.43723562359809875,0.5358994603157043,0.48656754195690155
S_37,gap,8,209,255.33693,844.9289,gap_score_smooth,0.8335380554199219,0.5107521414756775,12.98732877910885,0.5781619846820831,205.0307107205291,218.01803949963795,199,239,190.0,230.0,19.0,21.0,199,223,0.3227859139442444,0.47035276889801025,24,0.5107521414756775,0.3631852865219116,0.43696871399879456
S_37,gap,9,230,234.14345,919.87866,gap_score_smooth,0.7201948165893555,0.24984204769134521,6.943700743518974,0.5952737927436829,226.06432846473757,233.00802920825654,223,239,209.0,,21.0,0.0,223,239,0.47035276889801025,0.0969833955168724,16,0.24984204769134521,0.6232114210724831,0.43652673438191414
S_38,gap,1,81,115.83918,321.59415,gap_score_smooth,0.9592429995536804,0.03483086824417114,9.5881527407833,0.9418275654315948,77.87079803777246,87.45895077855576,14,93,,103.0,0.0,22.0,69,93,0.8619194030761719,0.9244121313095093,24,0.09732359647750854,0.03483086824417114,0.06607723236083984
S_38,gap,2,103,153.20613,408.3975,gap_score_smooth,0.9691502451896667,0.40423160791397095,97.53032729484033,0.7670344412326813,24.61251187595232,122.14283917079266,14,125,81.0,134.0,22.0,31.0,93,109,0.9244121313095093,0.7696348428726196,16,0.04473811388015747,0.19951540231704712,0.1221267580986023
S_38,gap,3,134,242.58409,530.7113,gap_score_smooth,0.9908687472343445,0.6276229023933411,16.60083835931131,0.677057296037674,127.72928000123288,144.3301183605442,14,239,103.0,154.0,31.0,20.0,125,146,0.5649186372756958,0.6337902545928955,21,0.4259501099586487,0.357078492641449,0.39151430130004883
S_38,gap,4,154,266.7349,609.6234,gap_score_smooth,0.9533027410507202,0.3195124864578247,14.411556848730726,0.7935464978218079,149.69145448744106,164.1030113361718,146,239,134.0,179.0,20.0,25.0,146,170,0.6337902545928955,0.5616382360458374,24,0.3195124864578247,0.3916645050048828,0.35558849573135376
S_38,gap,5,179,277.9257,708.2636,gap_score_smooth,0.9266095757484436,0.3649713397026062,15.185152170460611,0.7441239058971405,174.11256403272216,189.29771620318277,170,239,154.0,208.0,25.0,29.0,170,194,0.5616382360458374,0.5264824628829956,24,0.3649713397026062,0.400127112865448,0.3825492262840271
S_38,gap,6,208,262.41226,822.6862,gap_score_smooth,0.9214659333229065,0.3949834704399109,15.307831434983086,0.723974198102951,199.32857771019218,214.63640914517526,194,239,179.0,227.0,29.0,19.0,206,219,0.9212709069252014,0.6230273842811584,13,0.00019502639770507812,0.29843854904174805,0.14931678771972656
S_38,gap,7,227,250.99234,897.6527,gap_score_smooth,0.8330483436584473,0.21002095937728882,11.10553553464544,0.7280378639698029,222.63728016518078,233.74281569982622,219,239,208.0,,19.0,0.0,219,239,0.6230273842811584,0.3632458448410034,20,0.21002095937728882,0.46980249881744385,0.33991172909736633
S_39,gap,1,65,153.20741,311.1088,gap_score_smooth,0.9041839241981506,0.026019930839538574,9.744667515987253,0.8911739587783813,60.79799872828888,70.54266624427613,22,77,,89.0,0.0,24.0,46,77,0.8364139795303345,0.8781639933586121,31,0.06776994466781616,0.026019930839538574,0.04689493775367737
S_39,gap,2,89,136.31735,392.74896,gap_score_smooth,0.9807941913604736,0.049321770668029785,9.789204367109107,0.9561333060264587,84.89281423804226,94.68201860515137,22,105,65.0,141.0,24.0,52.0,77,105,0.8781639933586121,0.9314724206924438,28,0.10263019800186157,0.049321770668029785,0.07597598433494568
S_39,gap,3,141,136.36072,569.636,gap_score_smooth,0.9986146092414856,0.6310115456581116,166.5832236791474,0.6831088364124298,35.31567511512664,201.89889879427403,22,239,89.0,195.0,52.0,54.0,122,155,0.9678956270217896,0.9837771058082581,33,0.030718982219696045,0.014837503433227539,0.022778242826461792
S_39,gap,4,195,180.59084,753.32635,gap_score_smooth,0.9569301009178162,0.12602663040161133,6.918172584879727,0.8939167857170105,191.5968758436995,198.51504842857923,188,239,141.0,215.0,54.0,20.0,188,206,0.8309034705162048,0.5935933589935303,18,0.12602663040161133,0.3633367419242859,0.2446816861629486
S_39,gap,5,215,200.75418,821.3598,gap_score_smooth,0.9303054809570312,0.336712121963501,22.835308346524783,0.7619494199752808,210.23126304645285,233.06657139297764,206,239,195.0,,20.0,0.0,206,239,0.5935933589935303,0.367603063583374,33,0.336712121963501,0.5627024173736572,0.4497072696685791
S_40,gap,1,66,294.25824,391.22177,gap_score_smooth,0.9516604542732239,0.3033708333969116,38.2443204674973,0.7999750375747681,49.98435911093894,88.22867957843624,0,94,,107.0,0.0,41.0,37,82,0.7603051662445068,0.8020973801612854,45,0.19135528802871704,0.14956307411193848,0.17045918107032776
S_40,gap,2,107,270.52856,502.5565,gap_score_smooth,0.9233763813972473,0.03523153066635132,4.901858280225866,0.9057606160640717,105.13503809755579,110.03689637778166,94,114,66.0,128.0,41.0,21.0,98,114,0.6576505899429321,0.888144850730896,16,0.2657257914543152,0.03523153066635132,0.15047866106033325
S_40,gap,3,128,253.25285,559.5816,gap_score_smooth,0.9927014708518982,0.8597241342067719,195.92818434425226,0.5628394037485123,5.868615011328139,201.7967993555804,0,239,107.0,154.0,21.0,26.0,114,141,0.888144850730896,0.922319769859314,27,0.1045566201210022,0.07038170099258423,0.08746916055679321
S_40,gap,4,154,239.59262,630.1841,gap_score_smooth,0.986866295337677,0.06454652547836304,10.778342606775112,0.9545930325984955,147.45993631020676,158.23827891698187,141,239,128.0,179.0,26.0,25.0,141,174,0.922319769859314,0.7595738172531128,33,0.06454652547836304,0.2272924780845642,0.14591950178146362
S_40,gap,5,179,244.71536,698.0711,gap_score_smooth,0.7926086783409119,0.03303486108779907,3.871715600156108,0.7760912477970123,176.74304317657052,180.61475877672663,174,186,154.0,196.0,25.0,17.0,174,186,0.7595738172531128,0.632758617401123,12,0.03303486108779907,0.15985006093978882,0.09644246101379395
S_40,gap,6,196,266.46628,744.2343,gap_score_smooth,0.8317505121231079,0.19899189472198486,7.593245745067492,0.7322545647621155,191.95760129516952,199.55084704023702,186,206,179.0,216.0,17.0,20.0,186,206,0.632758617401123,0.34316638112068176,20,0.19899189472198486,0.48858413100242615,0.3437880128622055
S_40,gap,7,216,298.14484,798.54395,gap_score_smooth,0.8439314365386963,0.5007650554180145,19.903225171716144,0.593548908829689,210.82175187571198,230.72497704742813,206,239,196.0,,20.0,0.0,206,239,0.34316638112068176,0.06355877220630646,33,0.5007650554180145,0.7803726643323898,0.6405688598752022
S_41,gap,1,65,135.97635,271.7615,gap_score_smooth,0.9795745611190796,0.23059183359146118,13.498088041304001,0.864278644323349,55.744208146860416,69.24229618816442,0,77,,97.0,0.0,32.0,39,77,0.7844704389572144,0.7489827275276184,38,0.19510412216186523,0.23059183359146118,0.2128479778766632
S_41,gap,2,97,176.39798,361.7364,gap_score_smooth,0.9817628264427185,0.06185835599899292,9.45517613818511,0.950833648443222,92.5527001794775,102.0078763176626,0,108,65.0,123.0,32.0,26.0,77,108,0.7489827275276184,0.9199044704437256,31,0.2327800989151001,0.06185835599899292,0.1473192274570465
S_41,gap,3,123,236.09908,434.841,gap_score_smooth,0.9960673451423645,0.8914738893508911,176.6303785051339,0.550330400466919,5.928035143792476,182.55841364892638,0,239,97.0,194.0,26.0,71.0,108,142,0.9199044704437256,0.9662007093429565,34,0.07616287469863892,0.02986663579940796,0.05301475524902344
S_41,gap,4,194,243.5281,634.4728,gap_score_smooth,0.8588683009147644,0.33614593744277954,9.88308172661391,0.6907953321933746,189.30084866907168,199.1839303956856,184,239,123.0,211.0,71.0,17.0,184,203,0.5227223634719849,0.6058048605918884,19,0.33614593744277954,0.253063440322876,0.29460468888282776
S_41,gap,5,211,214.21704,682.272,gap_score_smooth,0.8190584778785706,0.21325361728668213,6.224180158449968,0.7124316692352295,207.61436969816532,213.8385498566153,203,239,194.0,226.0,17.0,15.0,203,220,0.6058048605918884,0.5395613312721252,17,0.21325361728668213,0.2794971466064453,0.24637538194656372
S_41,gap,6,226,191.52754,724.4477,gap_score_smooth,0.6688740849494934,0.12931275367736816,6.042002085896854,0.6042177081108093,223.17429710621505,229.2162991921119,220,239,211.0,,15.0,0.0,220,239,0.5395613312721252,0.08021537214517593,19,0.12931275367736816,0.5886587128043175,0.3589857332408428
S_42,gap,1,11,264.2358,176.1046,gap_score_smooth,0.6744916439056396,0.055784642696380615,4.427623595856318,0.6465993225574493,9.124713785400841,13.552337381257159,0,18,,37.0,0.0,26.0,0,18,0.0901361033320427,0.618707001209259,18,0.584355540573597,0.055784642696380615,0.3200700916349888
S_42,gap,2,37,274.77512,230.71548,gap_score_smooth,0.6898121237754822,0.08635711669921875,18.275503563391908,0.6466335654258728,22.83906971663015,41.11457328002206,0,46,11.0,64.0,26.0,27.0,32,46,0.6779817342758179,0.6034550070762634,14,0.011830389499664307,0.08635711669921875,0.04909375309944153
S_42,gap,3,64,287.49548,287.4268,gap_score_smooth,0.7958654165267944,0.03490567207336426,10.99152937512271,0.7784125804901123,61.29216928648215,72.28369866160486,0,77,37.0,110.0,27.0,46.0,46,68,0.6034550070762634,0.7830977439880371,22,0.192410409450531,0.012767672538757324,0.10258904099464417
S_42,gap,4,110,306.0872,384.04602,gap_score_smooth,0.9950537085533142,0.9049176052212715,193.58056647214772,0.5425949059426785,7.305604057797219,200.88617052994493,0,239,64.0,138.0,46.0,28.0,77,126,0.7609597444534302,0.9560015201568604,49,0.23409396409988403,0.03905218839645386,0.13657307624816895
S_42,gap,5,138,297.83755,442.85773,gap_score_smooth,0.9898224472999573,0.033820927143096924,10.411358453023894,0.9729119837284088,130.31515997375473,140.72651842677863,126,239,110.0,152.0,28.0,14.0,126,146,0.9560015201568604,0.9249676465988159,20,0.033820927143096924,0.06485480070114136,0.04933786392211914
S_42,gap,6,152,281.97202,472.2636,gap_score_smooth,0.9679372310638428,0.042969584465026855,4.696023882822288,0.9464524388313293,149.28576598034948,153.98178986317177,146,239,138.0,167.0,14.0,15.0,146,162,0.9249676465988159,0.8833145499229431,16,0.042969584465026855,0.08462268114089966,0.06379613280296326
S_42,gap,7,167,266.27777,503.76987,gap_score_smooth,0.9182894825935364,0.03497493267059326,5.491611400333738,0.9008020162582397,164.51095590026802,170.00256730060175,162,239,152.0,181.0,15.0,14.0,162,175,0.8833145499229431,0.8483657836914062,13,0.03497493267059326,0.06992369890213013,0.052449315786361694
S_42,gap,8,181,251.05803,533.1757,gap_score_smooth,0.9002466797828674,0.05188089609146118,9.980089978251016,0.8743062317371368,178.2721911136856,188.25228109193662,175,239,167.0,220.0,14.0,39.0,175,192,0.8483657836914062,0.8384223580360413,17,0.05188089609146118,0.06182432174682617,0.05685260891914368
S_42,gap,9,220,238.67734,615.09204,gap_score_smooth,0.8931119441986084,0.3708046078681946,16.008409641160057,0.7077096402645111,214.24263322860511,230.25104286976517,209,239,181.0,,39.0,0.0,209,239,0.5223073363304138,0.057716287672519684,30,0.3708046078681946,0.8353956565260887,0.6031001321971416
S_43,gap,1,9,158.96568,124.82845,gap_score_smooth,0.7522951364517212,0.4358607232570648,8.085880676485102,0.5343647748231888,4.7851047064846846,12.870985382969787,0,63,,48.0,0.0,39.0,0,16,0.11945758759975433,0.43883055448532104,16,0.6328375488519669,0.31346458196640015,0.4731510654091835
S_43,gap,2,48,139.17508,245.41841,gap_score_smooth,0.7295790314674377,0.3311713933944702,20.944823980746115,0.5639933347702026,37.37881946999616,58.323643450742274,23,63,9.0,75.0,39.0,27.0,31,53,0.47193077206611633,0.7119109630584717,22,0.2576482594013214,0.017668068408966064,0.13765816390514374
S_43,gap,3,75,125.73172,328.90378,gap_score_smooth,0.8272806406021118,0.05289161205291748,10.077119740612886,0.8008348345756531,72.85206122926576,82.92918096987864,0,86,48.0,95.0,27.0,20.0,63,86,0.31643441319465637,0.7743890285491943,23,0.5108462274074554,0.05289161205291748,0.28186891973018646
S_43,gap,4,95,134.87526,390.74478,gap_score_smooth,0.8444237112998962,0.08415907621383667,8.40525368634988,0.8023441731929779,89.34920863213101,97.75446231848089,0,101,75.0,122.0,20.0,27.0,86,101,0.7743890285491943,0.7602646350860596,15,0.0700346827507019,0.08415907621383667,0.07709687948226929
S_43,gap,5,122,157.99464,474.23013,gap_score_smooth,0.8798292875289917,0.2173912525177002,9.778829146363393,0.7711336612701416,115.01599125943584,124.79482040579923,0,131,95.0,139.0,27.0,17.0,114,131,0.7650853395462036,0.6624380350112915,17,0.11474394798278809,0.2173912525177002,0.16606760025024414
S_43,gap,6,139,172.03004,526.795,gap_score_smooth,0.9906351566314697,0.8711775690317154,143.03341625418915,0.555046372115612,69.74163518610929,212.77505144029845,0,239,122.0,201.0,17.0,62.0,131,154,0.6624380350112915,0.9419242739677429,23,0.3281971216201782,0.04871088266372681,0.18845400214195251
S_43,gap,7,201,152.11728,718.5021,gap_score_smooth,0.9093304872512817,0.06627523899078369,14.760619582160984,0.8761928677558899,192.99536829218528,207.75598787434626,179,239,139.0,229.0,62.0,28.0,189,220,0.8546788692474365,0.2866644859313965,31,0.054651618003845215,0.6226660013198853,0.33865880966186523
S_43,gap,8,229,128.71211,805.07947,gap_score_smooth,0.7223041653633118,0.4356396794319153,10.145149831880673,0.5044843256473541,223.53531933264145,233.68046916452212,220,239,201.0,,28.0,0.0,220,239,0.2866644859313965,0.0851512998342514,19,0.4356396794319153,0.6371528655290604,0.5363962724804878
S_44,gap,1,16,208.04346,215.30125,gap_score_smooth,0.6538808941841125,0.031028330326080322,2.904820099453717,0.6383667290210724,14.86462141346489,17.769441512918608,0,20,,68.0,0.0,52.0,0,20,0.0721675381064415,0.6228525638580322,20,0.581713356077671,0.031028330326080322,0.3063708432018757
S_44,gap,2,68,126.68425,346.28033,gap_score_smooth,0.9934849739074707,0.9203426912426949,97.36332714560466,0.5333136282861233,9.263546391871875,106.62687353747653,0,239,16.0,99.0,52.0,31.0,46,85,0.8069475293159485,0.881251335144043,39,0.18653744459152222,0.11223363876342773,0.14938554167747498
S_44,gap,3,99,125.101494,424.364,gap_score_smooth,0.9559846520423889,0.07473331689834595,10.201970467656949,0.9186179935932159,91.11629576809183,101.31826623574878,85,109,68.0,150.0,31.0,51.0,85,109,0.881251335144043,0.45794081687927246,24,0.07473331689834595,0.49804383516311646,0.2863885760307312
S_44,gap,4,150,245.87076,552.8243,gap_score_smooth,0.9623358249664307,0.5043950080871582,56.052779162894026,0.7101383209228516,112.9960319021172,169.04881106501122,109,239,99.0,188.0,51.0,38.0,143,171,0.9313257336616516,0.6701136231422424,28,0.031010091304779053,0.29222220182418823,0.16161614656448364
S_44,gap,5,188,262.0257,648.53973,gap_score_smooth,0.9128763675689697,0.2427627444267273,11.142896404600236,0.7914949953556061,182.36602932881468,193.5089257334149,171,239,150.0,210.0,38.0,22.0,179,197,0.696209192276001,0.7404650449752808,18,0.21666717529296875,0.17241132259368896,0.19453924894332886
S_44,gap,6,210,251.9693,703.954,gap_score_smooth,0.8802794218063354,0.1398143768310547,11.620092939184588,0.8103722333908081,205.61656805048017,217.23666098966476,197,239,188.0,,22.0,0.0,197,239,0.7404650449752808,0.07314228266477585,42,0.1398143768310547,0.8071371391415596,0.47347575798630714
S_45,gap,1,16,252.04816,247.76569,gap_score_smooth,0.6215963959693909,0.04066735506057739,5.362056305803787,0.6012627184391022,14.43004957575926,19.792105881563046,0,22,,38.0,0.0,22.0,10,22,0.48598554730415344,0.5809290409088135,12,0.13561084866523743,0.04066735506057739,0.08813910186290741
S_45,gap,2,38,247.31177,302.4435,gap_score_smooth,0.7544630169868469,0.030185461044311523,6.037433745080243,0.7393702864646912,35.40973151819766,41.4471652632779,0,45,16.0,57.0,22.0,19.0,34,45,0.7367067933082581,0.7242775559425354,11,0.017756223678588867,0.030185461044311523,0.023970842361450195
S_45,gap,3,57,237.92911,349.66528,gap_score_smooth,0.857946515083313,0.29859334230422974,46.18484140983679,0.7086498439311981,26.631016966484353,72.81585837632115,0,81,38.0,95.0,19.0,38.0,45,64,0.7242775559425354,0.8346211910247803,19,0.1336689591407776,0.023325324058532715,0.07849714159965515
S_45,gap,4,95,210.40927,444.1088,gap_score_smooth,0.9374678134918213,0.0563625693321228,7.783532017221262,0.9092865288257599,90.65126641539565,98.43479843261692,0,107,57.0,151.0,38.0,56.0,81,107,0.5593531727790833,0.8811052441596985,26,0.37811464071273804,0.0563625693321228,0.21723860502243042
S_45,gap,5,151,264.4748,583.2887,gap_score_smooth,0.993000328540802,0.9090813547372818,216.63762911496198,0.5384596511721611,12.53966789323481,229.1772970081968,0,239,95.0,196.0,56.0,45.0,144,154,0.9813695549964905,0.987578272819519,10,0.011630773544311523,0.005422055721282959,0.008526414632797241
S_45,gap,6,196,271.008,695.1297,gap_score_smooth,0.9113183617591858,0.06370997428894043,4.050622622266133,0.8794633746147156,193.74942725200913,197.80004987427526,191,239,151.0,215.0,45.0,19.0,191,207,0.8476083874702454,0.55873042345047,16,0.06370997428894043,0.3525879383087158,0.20814895629882812
S_45,gap,7,215,248.39766,742.35144,gap_score_smooth,0.7755641341209412,0.2168337106704712,7.374552796145082,0.6671472787857056,211.21496169335634,218.58951448950143,207,239,196.0,,19.0,0.0,207,226,0.55873042345047,0.5478994250297546,19,0.2168337106704712,0.22766470909118652,0.22224920988082886
S_46,gap,1,46,147.95183,218.34727,gap_score_smooth,0.8772355318069458,0.048245370388031006,10.610497724189415,0.8531128466129303,39.91550653346501,50.52600425765443,0,54,,66.0,0.0,20.0,22,54,0.7721883058547974,0.8289901614189148,32,0.10504722595214844,0.048245370388031006,0.07664629817008972
S_46,gap,2,66,137.59163,278.93304,gap_score_smooth,0.9376828670501709,0.11911016702651978,13.70462657346323,0.878127783536911,58.43960566368018,72.14423223714341,0,79,46.0,92.0,20.0,26.0,54,79,0.8289901614189148,0.8185727000236511,25,0.1086927056312561,0.11911016702651978,0.11390143632888794
S_46,gap,3,92,110.40437,357.69455,gap_score_smooth,0.876949667930603,0.05339008569717407,8.40191015799985,0.850254625082016,87.49176039203009,95.89367055002994,79,103,66.0,116.0,26.0,24.0,79,103,0.8185727000236511,0.823559582233429,24,0.058376967906951904,0.05339008569717407,0.05588352680206299
S_46,gap,4,116,108.5653,430.3975,gap_score_smooth,0.9379591345787048,0.28929460048675537,94.28083615766948,0.7933118343353271,26.539324969899404,120.8201611275689,0,140,92.0,131.0,24.0,15.0,103,124,0.823559582233429,0.744299054145813,21,0.11439955234527588,0.19366008043289185,0.15402981638908386
S_46,gap,5,131,120.91802,475.83682,gap_score_smooth,0.838334321975708,0.09403526782989502,4.359701682857548,0.7913166880607605,128.8502654516741,133.20996713453164,124,140,116.0,147.0,15.0,16.0,124,140,0.744299054145813,0.6486645340919495,16,0.09403526782989502,0.18966978788375854,0.14185252785682678
S_46,gap,6,147,138.21857,524.3054,gap_score_smooth,0.956566333770752,0.8218954801559448,191.6570271362753,0.5456185936927795,5.511151074136371,197.16817821041167,0,239,131.0,185.0,16.0,38.0,140,151,0.6486645340919495,0.8987317085266113,11,0.3079017996788025,0.057834625244140625,0.18286821246147156
S_46,gap,7,185,154.64545,639.4184,gap_score_smooth,0.9166955351829529,0.06751871109008789,14.938341954037668,0.8829361796379089,175.13850455941247,190.07684651345014,172,239,147.0,209.0,38.0,24.0,179,199,0.8933795094490051,0.5178576707839966,20,0.023316025733947754,0.3988378643989563,0.21107694506645203
S_46,gap,8,209,142.22992,712.12134,gap_score_smooth,0.8448112607002258,0.32695358991622925,6.517569977023243,0.6813344657421112,205.71028037797004,212.22785035499328,199,239,185.0,228.0,24.0,19.0,199,220,0.5178576707839966,0.29406386613845825,21,0.32695358991622925,0.5507473945617676,0.4388504922389984
S_46,gap,9,228,128.75888,769.6778,gap_score_smooth,0.7120967507362366,0.4180328845977783,7.59692495101018,0.5030803084373474,224.36266350058366,231.95958845159385,220,239,209.0,,19.0,0.0,220,239,0.29406386613845825,0.07929715514183044,19,0.4180328845977783,0.6327995955944061,0.5254162400960922
S_47,gap,1,23,207.25714,249.63599,gap_score_smooth,0.6598181128501892,0.19882628321647644,6.822875423516113,0.560404971241951,19.713519269316535,26.536394692832648,0,30,,61.0,0.0,38.0,17,30,0.4881223738193512,0.46099182963371277,13,0.171695739030838,0.19882628321647644,0.18526101112365723
S_47,gap,2,61,172.91135,328.3389,gap_score_smooth,0.7800517678260803,0.17513227462768555,17.989763683174466,0.6924856305122375,46.52944329224244,64.5192069754169,0,68,23.0,76.0,38.0,15.0,51,68,0.7104951739311218,0.6049194931983948,17,0.0695565938949585,0.17513227462768555,0.12234443426132202
S_47,gap,3,76,118.59158,359.40585,gap_score_smooth,0.8966271281242371,0.4583412706851959,13.704266167437908,0.6674564927816391,70.03062923882894,83.73489540626684,0,106,61.0,96.0,15.0,20.0,68,77,0.6049194931983948,0.8944318294525146,9,0.2917076349258423,0.002195298671722412,0.14695146679878235
S_47,gap,4,96,47.901592,400.82846,gap_score_smooth,0.7807214260101318,0.32111814618110657,9.493072714127592,0.6201623529195786,92.03702824960082,101.53010096372842,88,106,76.0,128.0,20.0,32.0,88,106,0.45960327982902527,0.43828585743904114,18,0.32111814618110657,0.3424355685710907,0.33177685737609863
S_47,gap,5,128,54.316303,467.1046,gap_score_smooth,0.992630124092102,0.9317117445170879,57.19650730986538,0.5267742518335581,117.05477497641488,174.25128228628026,0,239,96.0,155.0,32.0,27.0,114,138,0.4442915618419647,0.9116407632827759,24,0.5483385622501373,0.08098936080932617,0.31466396152973175
S_47,gap,6,155,133.75597,523.0251,gap_score_smooth,0.9640402793884277,0.052399516105651855,19.919651793763734,0.9378405213356018,140.77122749957942,160.69087929334316,138,239,128.0,185.0,27.0,30.0,138,175,0.9116407632827759,0.525039553642273,37,0.052399516105651855,0.4390007257461548,0.24570012092590332
S_47,gap,7,185,202.55264,585.159,gap_score_smooth,0.8559326529502869,0.24368184804916382,14.847840778589557,0.734091728925705,180.18009037905065,195.0279311576402,175,200,155.0,215.0,30.0,30.0,175,200,0.525039553642273,0.612250804901123,25,0.3308930993080139,0.24368184804916382,0.28728747367858887
S_47,gap,8,215,228.03358,647.2929,gap_score_smooth,0.8886231184005737,0.3635835647583008,25.593751584478923,0.7068313360214233,202.94687461310366,228.54062619758258,175,239,185.0,,30.0,0.0,212,239,0.8866345882415771,0.060918379575014114,27,0.001988530158996582,0.8277047388255596,0.4148466344922781
S_48,gap,1,45,131.92671,258.62762,gap_score_smooth,0.893454372882843,0.037349820137023926,13.666321481339224,0.874779462814331,39.77696056994283,53.443282051282054,0,58,,75.0,0.0,30.0,32,58,0.8153864741325378,0.8561045527458191,26,0.07806789875030518,0.037349820137023926,0.05770885944366455
S_48,gap,2,75,107.98677,359.04602,gap_score_smooth,0.9261174201965332,0.06610280275344849,13.28256824734352,0.893066018819809,66.71729675285285,79.99986500019637,0,86,45.0,100.0,30.0,25.0,58,86,0.8561045527458191,0.8600146174430847,28,0.07001286745071411,0.06610280275344849,0.0680578351020813
S_48,gap,3,100,74.56782,442.72803,gap_score_smooth,0.9774763584136963,0.3012811541557312,73.03790163974091,0.8268357813358307,34.232044365715204,107.26994600545612,0,125,75.0,118.0,25.0,18.0,86,114,0.8600146174430847,0.7314709424972534,28,0.11746174097061157,0.24600541591644287,0.18173357844352722
S_48,gap,4,118,57.023476,502.97906,gap_score_smooth,0.8761619925498962,0.14469105005264282,4.277144192375516,0.8038164675235748,116.31225840019462,120.58940259257014,114,125,100.0,151.0,18.0,33.0,114,125,0.7314709424972534,0.6761952042579651,11,0.14469105005264282,0.19996678829193115,0.172328919172287
S_48,gap,5,151,99.435295,613.43933,gap_score_smooth,0.9935546517372131,0.8109866380691528,228.21461181002556,0.5880613327026367,4.469318674431358,232.6839304844569,0,239,118.0,168.0,33.0,17.0,146,161,0.9889479279518127,0.9474820494651794,15,0.004606723785400391,0.04607260227203369,0.02533966302871704
S_48,gap,6,168,132.43219,670.3431,gap_score_smooth,0.9896259903907776,0.042143940925598145,7.635462619987123,0.9685540199279785,164.98220714877786,172.61766976876498,161,239,151.0,196.0,17.0,28.0,161,189,0.9474820494651794,0.7583475708961487,28,0.042143940925598145,0.2312784194946289,0.13671118021011353
S_48,gap,7,196,158.25609,764.06696,gap_score_smooth,0.9172176122665405,0.15887004137039185,7.773643795060394,0.8377825915813446,192.3011704940649,200.0748142891253,189,239,168.0,213.0,28.0,17.0,189,203,0.7583475708961487,0.750902533531189,14,0.15887004137039185,0.16631507873535156,0.1625925600528717
S_48,gap,8,213,153.4283,820.9707,gap_score_smooth,0.816579282283783,0.065676748752594,5.344974150093265,0.783740907907486,211.05210856033466,216.39708271042792,203,239,196.0,,17.0,0.0,209,239,0.762240469455719,0.09281650930643082,30,0.054338812828063965,0.7237627729773521,0.38905079290270805
S_49,gap,1,18,223.49335,232.63599,gap_score_smooth,0.7851355075836182,0.11954683065414429,28.511904014746264,0.725362092256546,11.04682921369655,39.55873322844281,0,62,,115.0,0.0,97.0,0,44,0.15467891097068787,0.7079119086265564,44,0.6304565966129303,0.07722359895706177,0.35384009778499603
S_49,gap,2,115,156.60497,440.841,gap_score_smooth,0.9897077083587646,0.8350287973880768,220.5651984422836,0.5721933096647263,7.309480947187398,227.874679389471,0,239,18.0,135.0,97.0,20.0,110,128,0.9703588485717773,0.9413470029830933,18,0.019348859786987305,0.04836070537567139,0.033854782581329346
S_49,gap,3,135,176.80733,483.76987,gap_score_smooth,0.9839044809341431,0.042557477951049805,8.478233655828689,0.9626257419586182,131.607537319228,140.08577097505668,128,239,115.0,194.0,20.0,59.0,128,161,0.9413470029830933,0.9092553853988647,33,0.042557477951049805,0.07464909553527832,0.05860328674316406
S_49,gap,4,194,241.44995,610.41003,gap_score_smooth,0.8189290165901184,0.0669814944267273,4.175427556569019,0.7854382693767548,192.47857548915235,196.65400304572137,189,208,135.0,216.0,59.0,22.0,189,200,0.7305708527565002,0.7529168725013733,11,0.08835816383361816,0.06601214408874512,0.07718515396118164
S_49,gap,5,216,235.8705,657.6318,gap_score_smooth,0.865229070186615,0.13465821743011475,11.165418384730629,0.7978999614715576,211.88776677428325,223.05318515901388,189,239,194.0,,22.0,0.0,208,239,0.7519475221633911,0.03545437753200531,31,0.11328154802322388,0.8297746926546097,0.4715281203389168
S_50,gap,1,69,163.37538,292.27615,gap_score_smooth,0.9111867547035217,0.09691834449768066,12.163939267339252,0.8627275824546814,62.99773723797362,75.16167650531287,0,83,,99.0,0.0,30.0,56,83,0.7902212738990784,0.8142684102058411,27,0.12096548080444336,0.09691834449768066,0.10894191265106201
S_50,gap,2,99,179.36806,375.87448,gap_score_smooth,0.9325637221336365,0.02860438823699951,8.46142328301491,0.9182615280151367,95.80738842090857,104.26881170392348,0,110,69.0,126.0,30.0,27.0,83,110,0.8142684102058411,0.903959333896637,27,0.11829531192779541,0.02860438823699951,0.07344985008239746
S_50,gap,3,126,217.05122,451.11298,gap_score_smooth,0.9932393431663513,0.8397420942783356,196.21583045930083,0.5733682960271835,5.533299412398725,201.74912987169955,0,239,99.0,187.0,27.0,61.0,110,144,0.903959333896637,0.9357404708862305,34,0.08928000926971436,0.05749887228012085,0.0733894407749176
S_50,gap,4,187,218.89491,621.09625,gap_score_smooth,0.9119832515716553,0.24841362237930298,20.520531884570147,0.7877764403820038,177.87412467159285,198.394656556163,168,239,126.0,215.0,61.0,28.0,168,206,0.6635696291923523,0.33352038264274597,38,0.24841362237930298,0.5784628689289093,0.41343824565410614
S_50,gap,5,215,172.31541,699.12134,gap_score_smooth,0.8073110580444336,0.4737906754016876,12.407669633568219,0.5704157203435898,210.32883568129742,222.73650531486564,206,239,187.0,,28.0,0.0,206,239,0.33352038264274597,0.07429412752389908,33,0.4737906754016876,0.7330169305205345,0.6034038029611111
S_51,gap,1,14,122.38476,194.9205,gap_score_smooth,0.8186227679252625,0.05591195821762085,28.310683256389225,0.790666788816452,11.644492914750886,39.95517617114011,0,44,,124.0,0.0,110.0,0,22,0.055647484958171844,0.796358585357666,22,0.7629752829670906,0.022264182567596436,0.3926197327673435
S_51,gap,2,124,81.30522,453.5816,gap_score_smooth,0.9982518553733826,0.8379850089550018,188.99641671337105,0.5792593508958817,8.343624586271819,197.34004129964288,0,239,14.0,174.0,110.0,50.0,102,130,0.9592366218566895,0.9922713041305542,28,0.039015233516693115,0.005980551242828369,0.022497892379760742
S_51,gap,3,174,139.1143,571.1548,gap_score_smooth,0.7962391972541809,0.03880453109741211,3.207919850605066,0.7768369317054749,172.72800398368958,175.93592383429464,168,178,124.0,192.0,50.0,18.0,168,178,0.6854102611541748,0.7574346661567688,10,0.1108289361000061,0.03880453109741211,0.0748167335987091
S_51,gap,4,192,139.5945,613.4812,gap_score_smooth,0.8580859899520874,0.1726757287979126,13.953963190802995,0.7717481255531311,180.7016773057451,194.6556404965481,168,239,174.0,215.0,18.0,23.0,178,206,0.7574346661567688,0.4859148859977722,28,0.1006513237953186,0.3721711039543152,0.2364112138748169
S_51,gap,5,215,137.56395,667.5649,gap_score_smooth,0.8432682752609253,0.3573533892631531,20.005170123151487,0.6645915806293488,211.0572723290683,231.06244245221978,206,239,192.0,,23.0,0.0,206,239,0.4859148859977722,0.16026684641838074,33,0.3573533892631531,0.6830014288425446,0.5201774090528488
S_52,gap,1,14,169.54225,121.301254,gap_score_smooth,0.6405516862869263,0.27297520637512207,11.363137974612549,0.5040640830993652,7.231308600026686,18.594446574639235,0,22,,64.0,0.0,50.0,0,22,0.10230396687984467,0.3675764799118042,22,0.5382477194070816,0.27297520637512207,0.40561146289110184
S_52,gap,2,64,69.61625,265.2343,gap_score_smooth,0.9341800212860107,0.080832839012146,13.085403846069632,0.8937636017799377,56.81153859529136,69.89694244136099,0,82,14.0,95.0,50.0,31.0,33,82,0.4539434313774109,0.8533471822738647,49,0.48023658990859985,0.080832839012146,0.2805347144603729
S_52,gap,3,95,66.62989,354.4728,gap_score_smooth,0.9618076682090759,0.8595037013292313,163.27999853993504,0.5320558175444603,36.940714287247644,200.22071282718267,0,239,64.0,111.0,31.0,16.0,82,105,0.8533471822738647,0.6931096315383911,23,0.10846048593521118,0.2686980366706848,0.188579261302948
S_52,gap,4,111,95.83228,400.53137,gap_score_smooth,0.8382349014282227,0.14512526988983154,6.064868446444962,0.7656722664833069,108.13752178221205,114.20239022865701,105,117,95.0,125.0,16.0,14.0,105,117,0.6931096315383911,0.6770399212837219,12,0.14512526988983154,0.16119498014450073,0.15316012501716614
S_52,gap,5,125,127.69219,440.83264,gap_score_smooth,0.947997510433197,0.2709575891494751,7.3411318031013195,0.8125187158584595,121.06983316749552,128.41096497059684,117,239,111.0,139.0,14.0,14.0,117,132,0.6770399212837219,0.6673845648765564,15,0.2709575891494751,0.2806129455566406,0.27578526735305786
S_52,gap,6,139,159.65683,481.13388,gap_score_smooth,0.9271053075790405,0.25972074270248413,7.571875759858045,0.7972449362277985,135.36301659807714,142.93489235793518,132,239,125.0,155.0,14.0,16.0,132,147,0.6673845648765564,0.6524990200996399,15,0.25972074270248413,0.27460628747940063,0.2671635150909424
S_52,gap,7,155,189.16478,527.19244,gap_score_smooth,0.9179491996765137,0.2654501795768738,6.826368304043029,0.7852241098880768,151.11317608194696,157.93954438599,147,239,139.0,174.0,16.0,19.0,147,167,0.6524990200996399,0.5534850358963013,20,0.2654501795768738,0.3644641637802124,0.3149571716785431
S_52,gap,8,174,202.45296,581.887,gap_score_smooth,0.8912388682365417,0.3377538323402405,8.176646864007125,0.7223619520664215,170.20078532485834,178.37743218886547,167,239,155.0,195.0,19.0,21.0,167,182,0.5534850358963013,0.5865905284881592,15,0.3377538323402405,0.30464833974838257,0.3212010860443115
S_52,gap,9,195,196.86206,642.3389,gap_score_smooth,0.8666781187057495,0.28008759021759033,6.934375150269005,0.7266343235969543,191.13457118152505,198.06894633179405,182,239,174.0,216.0,21.0,21.0,188,204,0.6067643761634827,0.36530280113220215,16,0.25991374254226685,0.5013753175735474,0.3806445300579071
S_52,gap,10,216,176.62515,702.7908,gap_score_smooth,0.8217588067054749,0.4564560055732727,18.242169740277205,0.5935308039188385,209.91579826674376,228.15796800702097,204,239,195.0,,21.0,0.0,204,239,0.36530280113220215,0.06972799450159073,35,0.4564560055732727,0.7520308122038841,0.6042434088885784
S_53,gap,1,44,254.852,232.38075,gap_score_smooth,0.853678286075592,0.0960458517074585,23.08153479106369,0.8056553602218628,27.797453475995177,50.878988267058865,0,55,,65.0,0.0,21.0,36,55,0.8092543482780457,0.7576324343681335,19,0.04442393779754639,0.0960458517074585,0.07023489475250244
S_53,gap,2,65,229.7739,306.53973,gap_score_smooth,0.8795210123062134,0.05510210990905762,8.830461434551601,0.8519699573516846,59.37215722582274,68.20261866037434,0,71,44.0,122.0,21.0,57.0,55,71,0.7576324343681335,0.8244189023971558,16,0.12188857793807983,0.05510210990905762,0.08849534392356873
S_53,gap,3,122,288.10535,507.82846,gap_score_smooth,0.9876541495323181,0.8212060034275055,175.14518639020537,0.5770511478185654,4.50238160772968,179.64756799793506,0,239,65.0,137.0,57.0,15.0,112,129,0.9011507034301758,0.8567442297935486,17,0.08650344610214233,0.13090991973876953,0.10870668292045593
S_53,gap,4,137,329.9879,560.79913,gap_score_smooth,0.9675801992416382,0.1108359694480896,8.593749506039188,0.9121622145175934,132.14205289100926,140.73580239704845,129,145,122.0,152.0,15.0,15.0,129,145,0.8567442297935486,0.8212270140647888,16,0.1108359694480896,0.14635318517684937,0.12859457731246948
S_53,gap,5,152,373.14307,613.7699,gap_score_smooth,0.9701531529426575,0.14892613887786865,9.355740482086247,0.8956900835037231,147.8430960990464,157.19883658113264,145,239,137.0,172.0,15.0,20.0,145,163,0.8212270140647888,0.586507260799408,18,0.14892613887786865,0.3836458921432495,0.2662860155105591
S_53,gap,6,172,406.4847,684.39746,gap_score_smooth,0.9112109541893005,0.3247036933898926,10.95745119878606,0.7488591074943542,166.8081815246044,177.76563272339047,163,239,152.0,204.0,20.0,32.0,163,185,0.586507260799408,0.2926613688468933,22,0.3247036933898926,0.6185495853424072,0.4716266393661499
S_53,gap,7,204,432.1143,797.4017,gap_score_smooth,0.9074597954750061,0.6147984266281128,29.621532261617432,0.6000605821609497,189.18660798651172,218.80814024812915,185,239,172.0,231.0,32.0,27.0,185,224,0.2926613688468933,0.49653780460357666,39,0.6147984266281128,0.41092199087142944,0.5128602087497711
S_53,gap,8,231,434.40707,892.74896,gap_score_smooth,0.6826533675193787,0.186115562915802,5.355625553802099,0.5895955860614777,228.2050131990465,233.5606387528486,224,239,204.0,,27.0,0.0,224,239,0.49653780460357666,0.11680413037538528,15,0.186115562915802,0.5658492371439934,0.3759824000298977
S_54,gap,1,13,213.32422,177.43515,gap_score_smooth,0.801846444606781,0.07150059938430786,25.65977665615,0.7660961449146271,9.94564634325077,35.60542299940077,0,40,,106.0,0.0,93.0,0,21,0.14841224253177643,0.7791295647621155,21,0.6534342020750046,0.022716879844665527,0.33807554095983505
S_54,gap,2,106,191.21187,366.54813,gap_score_smooth,0.9038227200508118,0.11736315488815308,39.84486839800074,0.8451411426067352,76.4348239168989,116.27969231489965,0,120,13.0,130.0,93.0,24.0,97,111,0.8696622848510742,0.8458243608474731,14,0.03416043519973755,0.05799835920333862,0.046079397201538086
S_54,gap,3,130,273.04364,415.35147,gap_score_smooth,0.9828831553459167,0.28020721673965454,33.239855538465235,0.8427795469760895,122.83020167454501,156.07005721301024,0,161,106.0,151.0,24.0,21.0,120,137,0.7864595651626587,0.942017674446106,17,0.19642359018325806,0.04086548089981079,0.11864453554153442
S_54,gap,4,151,343.3188,458.05438,gap_score_smooth,0.9393265247344971,0.03372126817703247,4.60744401326221,0.9224658906459808,148.78923391293037,153.39667792619258,147,161,130.0,174.0,21.0,23.0,147,161,0.9056052565574646,0.7026759386062622,14,0.03372126817703247,0.23665058612823486,0.13518592715263367
S_54,gap,5,174,380.12473,504.82428,gap_score_smooth,0.9880679845809937,0.8396557420492172,222.71337515273305,0.568240113556385,6.802948870314587,229.51632402304764,0,239,151.0,205.0,23.0,31.0,161,179,0.7026759386062622,0.9815802574157715,18,0.28539204597473145,0.006487727165222168,0.1459398865699768
S_54,gap,6,205,340.51453,567.86194,gap_score_smooth,0.9310674667358398,0.2714295983314514,12.937352289027132,0.7953526675701141,198.99812287141702,211.93547516044416,194,239,174.0,221.0,31.0,16.0,194,214,0.6596378684043884,0.7729262709617615,20,0.2714295983314514,0.15814119577407837,0.2147853970527649
S_54,gap,7,221,312.80118,600.39746,gap_score_smooth,0.8912163972854614,0.11829012632369995,7.093688603565823,0.8320713341236115,217.4071344865077,224.5008230900735,214,239,205.0,,16.0,0.0,214,239,0.7729262709617615,0.04931200295686722,25,0.11829012632369995,0.8419043943285942,0.4800972603261471
S_55,gap,1,68,105.602486,328.01672,gap_score_smooth,0.940420389175415,0.18354105949401855,16.734876172076113,0.8486498594284058,59.0294398416047,75.76431601368081,0,82,,101.0,0.0,33.0,54,82,0.7921976447105408,0.7568793296813965,28,0.14822274446487427,0.18354105949401855,0.1658819019794464
S_55,gap,2,101,58.805527,425.08368,gap_score_smooth,0.9400694966316223,0.1089661717414856,12.200772741529704,0.8855864107608795,91.97098060532628,104.17175334685598,82,112,68.0,125.0,33.0,24.0,82,112,0.7568793296813965,0.8311033248901367,30,0.18319016695022583,0.1089661717414856,0.1460781693458557
S_55,gap,3,125,55.81808,495.67783,gap_score_smooth,0.9946333765983582,0.8391569554805756,192.99705265987535,0.5750548988580704,5.413499272414831,198.4105519322902,0,239,101.0,149.0,24.0,24.0,112,139,0.8311033248901367,0.9060134291648865,27,0.16353005170822144,0.08861994743347168,0.12607499957084656
S_55,gap,4,149,86.37432,566.272,gap_score_smooth,0.9724096059799194,0.06639617681503296,8.995135644456298,0.939211517572403,143.2062666697192,152.2014023141755,139,239,125.0,177.0,24.0,28.0,139,154,0.9060134291648865,0.9257399439811707,15,0.06639617681503296,0.04666966199874878,0.05653291940689087
S_55,gap,5,177,142.6159,648.6318,gap_score_smooth,0.9346293210983276,0.10506391525268555,7.860100325980596,0.8820973634719849,173.07358950065236,180.93368982663296,170,239,149.0,193.0,28.0,16.0,170,187,0.8295654058456421,0.7041516900062561,17,0.10506391525268555,0.23047763109207153,0.16777077317237854
S_55,gap,6,193,166.3073,695.6946,gap_score_smooth,0.8672674894332886,0.16311579942703247,6.115034904702071,0.7857095897197723,189.8066373915813,195.92167229628336,187,239,177.0,213.0,16.0,20.0,187,202,0.7041516900062561,0.4521329998970032,15,0.16311579942703247,0.4151344895362854,0.28912514448165894
S_55,gap,7,213,170.89066,754.523,gap_score_smooth,0.8155704736709595,0.3634374737739563,10.201085744401723,0.6338517367839813,209.3251294951179,219.52621523951962,202,239,193.0,,20.0,0.0,202,239,0.4521329998970032,0.06069684028625488,37,0.3634374737739563,0.7548736333847046,0.5591555535793304
S_56,gap,1,8,264.64624,93.196655,gap_score_smooth,0.7034185528755188,0.09942442178726196,4.206772447246942,0.6537063419818878,6.6351087631215036,10.841881210368445,0,15,,66.0,0.0,58.0,0,15,0.14420658349990845,0.6039941310882568,15,0.5592119693756104,0.09942442178726196,0.32931819558143616
S_56,gap,2,66,235.00865,261.37238,gap_score_smooth,0.9584547877311707,0.12519878149032593,12.583435143866012,0.8958553969860077,58.996216786297865,71.57965193016388,0,79,8.0,98.0,58.0,32.0,54,79,0.8355762362480164,0.8332560062408447,25,0.1228785514831543,0.12519878149032593,0.12403866648674011
S_56,gap,3,98,230.8236,354.159,gap_score_smooth,0.9721381664276123,0.055292367935180664,11.73447835967913,0.944491982460022,92.63637768123644,104.37085604091557,0,114,66.0,128.0,32.0,30.0,79,114,0.8332560062408447,0.9168457984924316,35,0.13888216018676758,0.055292367935180664,0.09708726406097412
S_56,gap,4,128,242.92354,441.14645,gap_score_smooth,0.9915692806243896,0.8473626971244812,217.1362424212944,0.567887932062149,5.464022962484922,222.60026538377934,0,239,98.0,162.0,30.0,34.0,114,151,0.9168457984924316,0.8198486566543579,37,0.07472348213195801,0.17172062397003174,0.12322205305099487
S_56,gap,5,162,264.18237,539.73224,gap_score_smooth,0.8886246085166931,0.0687759518623352,11.50517865246357,0.8542366325855255,158.71250696004455,170.21768561250812,151,239,128.0,202.0,34.0,40.0,151,176,0.8198486566543579,0.8202803730964661,25,0.0687759518623352,0.06834423542022705,0.06856009364128113
S_56,gap,6,202,234.4246,655.71545,gap_score_smooth,0.8671809434890747,0.24623292684555054,21.39845417455072,0.7440644800662994,196.3188683621324,217.71732253668313,191,239,162.0,232.0,40.0,30.0,191,211,0.6209480166435242,0.7861264944076538,20,0.24623292684555054,0.0810544490814209,0.16364368796348572
S_56,gap,7,232,190.07709,742.70294,gap_score_smooth,0.4877515137195587,0.12980803847312927,3.5849017435615167,0.4228474944829941,230.22095098899908,233.8058527325606,228,239,202.0,,30.0,0.0,228,239,0.35794347524642944,0.0817362442612648,11,0.12980803847312927,0.4060152694582939,0.2679116539657116
S_57,gap,1,8,124.117905,131.04184,gap_score_smooth,0.7243751287460327,0.059696078300476074,3.625314325478908,0.6945270895957947,6.593852080875682,10.21916640635459,0,15,,55.0,0.0,47.0,0,15,0.14254452288150787,0.6646790504455566,15,0.5818306058645248,0.059696078300476074,0.32076334208250046
S_57,gap,2,55,106.937805,284.03766,gap_score_smooth,0.9531596302986145,0.3018289804458618,58.68335334706157,0.8022451400756836,30.534053865695466,89.21740721275704,0,120,8.0,74.0,47.0,19.0,51,66,0.9402656555175781,0.8684722781181335,15,0.012893974781036377,0.08468735218048096,0.04879066348075867
S_57,gap,3,74,91.846306,345.88702,gap_score_smooth,0.9320777654647827,0.06360548734664917,10.66985519456503,0.9002750217914581,68.64151207681267,79.3113672713777,66,120,55.0,101.0,19.0,27.0,66,93,0.8684722781181335,0.7423495650291443,27,0.06360548734664917,0.18972820043563843,0.1266668438911438
S_57,gap,4,101,53.779522,433.77823,gap_score_smooth,0.824409008026123,0.08205944299697876,4.269561935600976,0.7833792865276337,98.73340138922183,103.0029633248228,93,110,74.0,115.0,27.0,14.0,93,110,0.7423495650291443,0.695669949054718,17,0.08205944299697876,0.12873905897140503,0.1053992509841919
S_57,gap,5,115,46.41483,479.35147,gap_score_smooth,0.8461059331893921,0.15043598413467407,4.27799773302749,0.770887941122055,112.66621178902687,116.94420952205436,110,120,101.0,150.0,14.0,35.0,110,120,0.695669949054718,0.6513306498527527,10,0.15043598413467407,0.1947752833366394,0.17260563373565674
S_57,gap,6,150,90.43115,593.28455,gap_score_smooth,0.9928794503211975,0.8503349274396896,191.93037268554073,0.5677119866013527,4.862238768616374,196.7926114541571,0,239,115.0,172.0,35.0,22.0,142,164,0.9714221358299255,0.7288522720336914,22,0.021457314491271973,0.2640271782875061,0.14274224638938904
S_57,gap,7,172,132.71114,664.8996,gap_score_smooth,0.9161700010299683,0.18731772899627686,7.086210949764393,0.8225111365318298,168.5735329315593,175.6597438813237,164,239,150.0,190.0,22.0,18.0,164,184,0.7288522720336914,0.6467864513397217,20,0.18731772899627686,0.2693835496902466,0.22835063934326172
S_57,gap,8,190,143.39633,723.4937,gap_score_smooth,0.8922483325004578,0.24546188116073608,6.32618163926594,0.7695173919200897,186.9698308142856,193.29601245355153,184,239,172.0,209.0,18.0,19.0,184,198,0.6467864513397217,0.5597870349884033,14,0.24546188116073608,0.33246129751205444,0.28896158933639526
S_57,gap,9,209,137.68755,785.3431,gap_score_smooth,0.8787403702735901,0.31895333528518677,24.91084849356099,0.7192637026309967,205.23849912992458,230.14934762348557,198,239,190.0,,19.0,0.0,198,239,0.5597870349884033,0.12244293838739395,41,0.31895333528518677,0.7562974318861961,0.5376253835856915
S_58,gap,1,26,155.86385,281.53973,gap_score_smooth,0.7430184483528137,0.353525847196579,51.05168203736219,0.5662555247545242,10.683602973800177,61.73528501116237,0,68,,96.0,0.0,70.0,0,29,0.041646815836429596,0.7401660680770874,29,0.7013716325163841,0.0028523802757263184,0.3521120063960552
S_58,gap,2,96,69.88132,409.53137,gap_score_smooth,0.9743629693984985,0.031711578369140625,14.859863725507012,0.9585071802139282,91.9786695853095,106.83853331081652,0,110,26.0,119.0,70.0,23.0,68,110,0.38949260115623474,0.9426513910293579,42,0.5848703682422638,0.031711578369140625,0.3082909733057022
S_58,gap,3,119,82.41654,451.5858,gap_score_smooth,0.9892924427986145,0.8849925324320793,155.98398570601228,0.5467961765825748,75.48962249089844,231.4736081969107,0,239,96.0,153.0,23.0,34.0,110,136,0.9426513910293579,0.7220457196235657,26,0.04664105176925659,0.26724672317504883,0.1569438874721527
S_58,gap,4,153,172.23508,513.7531,gap_score_smooth,0.9236868023872375,0.20164108276367188,19.211973712566277,0.8228662610054016,145.41091417552107,164.62288788808735,136,174,119.0,184.0,34.0,31.0,144,157,0.8086039423942566,0.8965232372283936,13,0.11508285999298096,0.027163565158843994,0.07112321257591248
S_58,gap,5,184,222.16785,570.4351,gap_score_smooth,0.8726253509521484,0.11624878644943237,14.037468646683465,0.8145009577274323,180.86324693680376,194.90071558348723,174,201,153.0,210.0,31.0,26.0,174,189,0.6286322474479675,0.8152052760124207,15,0.2439931035041809,0.05742007493972778,0.15070658922195435
S_58,gap,6,210,229.81317,617.9749,gap_score_smooth,0.9267403483390808,0.2981081008911133,25.732519377614096,0.7776862978935242,202.66802777282356,228.40054715043766,174,239,184.0,,26.0,0.0,201,239,0.7563765645027161,0.10429991036653519,38,0.17036378383636475,0.8224404379725456,0.4964021109044552
S_59,gap,1,45,193.53635,243.08786,gap_score_smooth,0.8426288366317749,0.05091559886932373,9.673353796495533,0.817171037197113,41.732556780759346,51.40591057725488,0,55,,64.0,0.0,19.0,17,55,0.7303060293197632,0.7917132377624512,38,0.11232280731201172,0.05091559886932373,0.08161920309066772
S_59,gap,2,64,142.17818,308.99164,gap_score_smooth,0.8897462487220764,0.042410969734191895,5.859385471409546,0.8685407638549805,60.81402922130585,66.6734146927154,0,69,45.0,117.0,19.0,53.0,55,69,0.7917132377624512,0.8473352789878845,14,0.09803301095962524,0.042410969734191895,0.07022199034690857
S_59,gap,3,117,125.10676,492.82846,gap_score_smooth,0.9431626200675964,0.43017417192459106,114.71825830146253,0.7280755341053009,6.976706179962638,121.69496448142516,0,125,64.0,134.0,53.0,17.0,108,125,0.9062880873680115,0.5129884481430054,17,0.03687453269958496,0.43017417192459106,0.233524352312088
S_59,gap,4,134,166.4451,551.795,gap_score_smooth,0.9551408290863037,0.24766993522644043,8.127627074322078,0.8313058614730835,129.9006459093376,138.0282729836597,0,142,117.0,150.0,17.0,16.0,125,142,0.5129884481430054,0.7074708938598633,17,0.44215238094329834,0.24766993522644043,0.3449111580848694
S_59,gap,5,150,206.02582,607.2929,gap_score_smooth,0.9794341921806335,0.8180263936519623,28.512093464184602,0.5704209953546524,126.68771885889319,155.1998123230778,0,239,134.0,167.0,16.0,17.0,142,158,0.7074708938598633,0.29495349526405334,16,0.27196329832077026,0.6844806969165802,0.47822199761867523
S_59,gap,6,167,259.0468,666.2594,gap_score_smooth,0.9051368832588196,0.6101833879947662,11.293248154913982,0.6000451892614365,161.5120333146825,172.80528146959648,158,239,150.0,186.0,17.0,19.0,158,177,0.29495349526405334,0.21712064743041992,19,0.6101833879947662,0.6880162358283997,0.649099811911583
S_59,gap,7,186,298.34958,732.1632,gap_score_smooth,0.8529326915740967,0.6358120441436768,13.728621940633985,0.5350266695022583,180.30010504059405,194.02872698122803,177,239,167.0,209.0,19.0,23.0,177,200,0.21712064743041992,0.1972218006849289,23,0.6358120441436768,0.6557108908891678,0.6457614675164223
S_59,gap,8,209,318.21106,811.9414,gap_score_smooth,0.839882493019104,0.6426606923341751,13.338609602453005,0.5185521468520164,204.05911197619218,217.3977215786452,200,239,186.0,231.0,23.0,22.0,200,223,0.1972218006849289,0.3077240586280823,23,0.6426606923341751,0.5321584343910217,0.5874095633625984
S_59,gap,9,231,322.2286,888.25104,gap_score_smooth,0.6716820001602173,0.363957941532135,6.602546692258613,0.4897030293941498,227.60328447270834,234.20583116496695,223,239,209.0,,22.0,0.0,223,239,0.3077240586280823,0.0930006206035614,16,0.363957941532135,0.5786813795566559,0.47131966054439545
S_60,gap,1,37,233.05782,318.54813,gap_score_smooth,0.8525857329368591,0.14308148622512817,12.202228858555255,0.781044989824295,31.421465277404277,43.62369413595953,0,53,,88.0,0.0,51.0,25,53,0.7553379535675049,0.709504246711731,28,0.09724777936935425,0.14308148622512817,0.12016463279724121
S_60,gap,2,88,152.94408,422.682,gap_score_smooth,0.9433780312538147,0.23240631818771362,31.1969744446869,0.8271748721599579,76.517748927661,107.7147233723479,0,127,37.0,116.0,51.0,28.0,80,95,0.836811363697052,0.8661551475524902,15,0.1065666675567627,0.07722288370132446,0.09189477562904358
S_60,gap,3,116,130.75174,479.85355,gap_score_smooth,0.90802001953125,0.09822821617126465,8.095730620450297,0.8589059114456177,112.08404570783051,120.17977632828081,109,127,88.0,133.0,28.0,17.0,109,127,0.8097918033599854,0.7109717130661011,18,0.09822821617126465,0.19704830646514893,0.1476382613182068
S_60,gap,4,133,157.19283,514.5649,gap_score_smooth,0.8887568712234497,0.058835506439208984,4.103338048119667,0.8593391180038452,131.68879158862097,135.79212963674064,127,138,116.0,150.0,17.0,17.0,127,138,0.7109717130661011,0.8299213647842407,11,0.17778515815734863,0.058835506439208984,0.11831033229827881
S_60,gap,5,150,194.92139,549.2761,gap_score_smooth,0.9969185590744019,0.856724739074707,211.21944209516934,0.5685561895370483,16.562368672397326,227.78181076756667,0,239,133.0,190.0,17.0,40.0,138,179,0.8299213647842407,0.7345794439315796,41,0.16699719429016113,0.26233911514282227,0.2146681547164917
S_60,gap,6,190,243.20609,630.94977,gap_score_smooth,0.9588879942893982,0.2243085503578186,36.89432619520329,0.8467337191104889,184.44899752697648,221.34332372217978,179,239,150.0,,40.0,0.0,179,194,0.7345794439315796,0.9549025297164917,15,0.2243085503578186,0.003985464572906494,0.11414700746536255
S_61,gap,1,71,77.10349,307.00836,gap_score_smooth,0.8860102295875549,0.06814581155776978,13.19648480571393,0.85193732380867,61.76335602574185,74.95984083145578,0,81,,94.0,0.0,23.0,68,81,0.8770659565925598,0.8178644180297852,13,0.008944272994995117,0.06814581155776978,0.038545042276382446
S_61,gap,2,94,61.360275,372.4477,gap_score_smooth,0.9382283091545105,0.7099139094352722,157.69515980034302,0.5832713544368744,4.993696420903071,162.68885622124608,0,239,71.0,110.0,23.0,16.0,81,106,0.8178644180297852,0.8003654479980469,25,0.12036389112472534,0.13786286115646362,0.12911337614059448
S_61,gap,3,110,55.516827,417.9707,gap_score_smooth,0.8333117961883545,0.03294634819030762,3.112943118146248,0.8168386220932007,108.65374737643798,111.76669049458422,106,115,94.0,126.0,16.0,16.0,106,115,0.8003654479980469,0.7661105394363403,9,0.03294634819030762,0.06720125675201416,0.05007380247116089
S_61,gap,4,126,53.366096,463.4937,gap_score_smooth,0.9294930100440979,0.16338247060775757,4.99295601415389,0.8478017747402191,123.3257068770877,128.3186628912416,115,239,110.0,142.0,16.0,16.0,115,132,0.7661105394363403,0.751832902431488,17,0.16338247060775757,0.17766010761260986,0.17052128911018372
S_61,gap,5,142,55.73926,509.01672,gap_score_smooth,0.8868164420127869,0.09903568029403687,4.340194078532221,0.8372986018657684,140.37512129988056,144.71531537841278,132,147,126.0,158.0,16.0,16.0,136,147,0.7571556568145752,0.78778076171875,11,0.12966078519821167,0.09903568029403687,0.11434823274612427
S_61,gap,6,158,66.279076,554.53973,gap_score_smooth,0.9049243330955505,0.1530914306640625,8.060458273270626,0.8283786177635193,151.6747244188833,159.73518269215393,132,239,142.0,176.0,16.0,18.0,147,166,0.78778076171875,0.4712274670600891,19,0.11714357137680054,0.4336968660354614,0.275420218706131
S_61,gap,7,176,83.82294,605.7531,gap_score_smooth,0.8261625170707703,0.3232513666152954,7.565208528888064,0.6645368337631226,172.6619700015463,180.22717853043437,166,187,158.0,195.0,18.0,19.0,166,187,0.4712274670600891,0.5029111504554749,21,0.35493505001068115,0.3232513666152954,0.3390932083129883
S_61,gap,8,195,100.3662,659.8117,gap_score_smooth,0.8670444488525391,0.39581698179244995,8.28781469718993,0.6691359579563141,191.1533629819992,199.44117767918914,166,239,176.0,216.0,19.0,21.0,187,208,0.5029111504554749,0.4224828779697418,21,0.3641332983970642,0.44456157088279724,0.4043474346399307
S_61,gap,9,216,110.473724,719.56067,gap_score_smooth,0.8277078866958618,0.40522500872612,16.629368933520595,0.6250953823328018,212.05041419517082,228.6797831286914,208,239,195.0,,21.0,0.0,208,239,0.4224828779697418,0.05552005022764206,31,0.40522500872612,0.7721878364682198,0.5887064225971699
S_62,gap,1,22,238.65851,252.89958,gap_score_smooth,0.7140140533447266,0.1415349841117859,20.25191319696806,0.6432465612888336,7.065995495623105,27.317908692591168,0,36,,65.0,0.0,43.0,21,36,0.7136799097061157,0.5724790692329407,15,0.00033414363861083984,0.1415349841117859,0.07093456387519836
S_62,gap,2,65,216.74911,366.06696,gap_score_smooth,0.926410973072052,0.3969290852546692,39.39561540035432,0.7279464304447174,41.493328021654186,80.88894342200851,0,129,22.0,98.0,43.0,33.0,36,82,0.5724790692329407,0.7207325100898743,46,0.35393190383911133,0.20567846298217773,0.27980518341064453
S_62,gap,3,98,210.70361,452.91632,gap_score_smooth,0.9140343070030212,0.19330179691314697,17.07642134341863,0.8173834085464478,91.23758276722809,108.31400411064672,82,129,65.0,121.0,33.0,23.0,82,113,0.7207325100898743,0.6780706644058228,31,0.19330179691314697,0.2359636425971985,0.21463271975517273
S_62,gap,4,121,222.14955,513.4477,gap_score_smooth,0.7455952167510986,0.06752455234527588,6.438227753905167,0.7118329405784607,116.56561264822135,123.00384040212651,113,129,98.0,154.0,23.0,33.0,113,129,0.6780706644058228,0.5294818878173828,16,0.06752455234527588,0.21611332893371582,0.14181894063949585
S_62,gap,5,154,252.61824,600.29706,gap_score_smooth,0.988734245300293,0.8421638309955597,63.75018919461647,0.5676523298025131,132.84044436610864,196.5906335607251,0,239,121.0,191.0,33.0,37.0,129,179,0.5294818878173828,0.6916766166687012,50,0.45925235748291016,0.2970576286315918,0.378154993057251
S_62,gap,6,191,246.42674,697.67365,gap_score_smooth,0.8804563879966736,0.1887797713279724,6.89645234996982,0.7860665023326874,186.88284772907565,193.77930007904547,179,239,154.0,213.0,37.0,22.0,179,202,0.6916766166687012,0.3970808684825897,23,0.1887797713279724,0.48337551951408386,0.33607764542102814
S_62,gap,7,213,224.45451,755.57324,gap_score_smooth,0.8721728324890137,0.47509196400642395,14.455158592739451,0.6346268504858017,207.4883012502832,221.94345984302265,202,239,191.0,,22.0,0.0,202,239,0.3970808684825897,0.07270237803459167,37,0.47509196400642395,0.799470454454422,0.637281209230423
S_63,gap,1,64,147.89641,280.03766,gap_score_smooth,0.9438152313232422,0.0926939845085144,12.638631551067505,0.897468239068985,57.2760991652883,69.9147307163558,0,82,,97.0,0.0,33.0,41,82,0.8233692049980164,0.8511212468147278,41,0.12044602632522583,0.0926939845085144,0.10657000541687012
S_63,gap,2,97,149.14589,375.4477,gap_score_smooth,0.9751600623130798,0.05386573076248169,12.204949513907863,0.948227196931839,92.8868737130154,105.09182322692327,0,115,64.0,151.0,33.0,54.0,82,115,0.8511212468147278,0.9212943315505981,33,0.12403881549835205,0.05386573076248169,0.08895227313041687
S_63,gap,3,151,108.80343,531.57324,gap_score_smooth,0.9940027594566345,0.8042384386062622,194.44103856013,0.5918835401535034,5.560165865643411,200.0012044257734,0,239,97.0,192.0,54.0,41.0,143,180,0.96660315990448,0.7140255570411682,37,0.02739959955215454,0.2799772024154663,0.15368840098381042
S_63,gap,4,192,120.02578,650.113,gap_score_smooth,0.924196720123291,0.2101711630821228,9.73460375080387,0.8191111385822296,186.8564600080003,196.59106375880418,180,239,151.0,214.0,41.0,22.0,180,204,0.7140255570411682,0.4371090829372406,24,0.2101711630821228,0.4870876371860504,0.3486294001340866
S_63,gap,5,214,145.36444,713.71967,gap_score_smooth,0.8498507738113403,0.41274169087409973,14.980059366419823,0.6434799283742905,209.1071923870961,224.08725175351591,204,239,192.0,,22.0,0.0,204,239,0.4371090829372406,0.05169505625963211,35,0.41274169087409973,0.7981557175517082,0.605448704212904
S_64,gap,1,17,289.57083,219.7866,gap_score_smooth,0.7286010980606079,0.14111989736557007,21.37958586322861,0.6580411493778229,8.628699261705243,30.008285124933852,0,64,,47.0,0.0,30.0,14,23,0.7258583903312683,0.7058342695236206,9,0.0027427077293395996,0.022766828536987305,0.012754768133163452
S_64,gap,2,47,272.9358,279.41003,gap_score_smooth,0.6964353322982788,0.0671270489692688,16.535619884122156,0.6628718078136444,36.496971500810055,53.03259138493221,33,64,17.0,75.0,30.0,28.0,33,58,0.62930828332901,0.6019747853279114,25,0.0671270489692688,0.09446054697036743,0.08079379796981812
S_64,gap,3,75,211.41237,335.05856,gap_score_smooth,0.6988499164581299,0.10085415840148926,11.140589354016612,0.6484228372573853,70.57844929986348,81.71903865388009,64,85,47.0,104.0,28.0,29.0,64,85,0.5874812006950378,0.5979957580566406,21,0.11136871576309204,0.10085415840148926,0.10611143708229065
S_64,gap,4,104,159.05444,392.69455,gap_score_smooth,0.9495003819465637,0.03542965650558472,5.3049662626426795,0.9317855536937714,101.51315547928805,106.81812174193072,0,110,75.0,142.0,29.0,38.0,85,110,0.5979957580566406,0.914070725440979,25,0.3515046238899231,0.03542965650558472,0.1934671401977539
S_64,gap,5,142,145.59184,468.21756,gap_score_smooth,0.9961985349655151,0.8491183817386627,219.18570905695208,0.5716393440961838,7.26561530893104,226.45132436588312,0,239,104.0,198.0,38.0,56.0,127,154,0.9824447631835938,0.9743172526359558,27,0.013753771781921387,0.021881282329559326,0.017817527055740356
S_64,gap,6,198,232.79565,579.51465,gap_score_smooth,0.925988495349884,0.2718369960784912,31.051847744887652,0.7900699973106384,192.4698657603619,223.52171350524955,187,239,142.0,213.0,56.0,15.0,187,205,0.6541514992713928,0.8571296334266663,18,0.2718369960784912,0.06885886192321777,0.1703479290008545
S_64,gap,7,213,253.30618,609.32635,gap_score_smooth,0.9216781258583069,0.06454849243164062,11.850355966788271,0.8894038796424866,208.73998692233758,220.59034288912585,205,239,198.0,,15.0,0.0,205,239,0.8571296334266663,0.045874323695898056,34,0.06454849243164062,0.8758038021624088,0.4701761472970247
S_65,gap,1,64,186.16695,300.46863,gap_score_smooth,0.8629233837127686,0.3360527753829956,60.29610805524973,0.6948969960212708,20.945705363466615,81.24181341871635,0,89,,123.0,0.0,59.0,58,71,0.8383466005325317,0.8392521739006042,13,0.024576783180236816,0.023671209812164307,0.02412399649620056
S_65,gap,2,123,51.541103,463.15063,gap_score_smooth,0.984645664691925,0.8156598657369614,107.40458900560755,0.5768157318234444,91.21872273488508,198.62331174049262,0,239,64.0,150.0,59.0,27.0,120,129,0.9749032258987427,0.9553638696670532,9,0.009742438793182373,0.029281795024871826,0.0195121169090271
S_65,gap,3,150,60.44299,537.5983,gap_score_smooth,0.9655888676643372,0.07912588119506836,10.39133498715401,0.926025927066803,141.95371217740615,152.34504716456016,138,239,123.0,182.0,27.0,32.0,138,156,0.8864629864692688,0.8810386061668396,18,0.07912588119506836,0.08455026149749756,0.08183807134628296
S_65,gap,4,182,137.24023,625.83264,gap_score_smooth,0.9107361435890198,0.060507893562316895,13.126525453080546,0.8804821968078613,177.02048125087776,190.1470067039583,165,239,150.0,212.0,32.0,30.0,174,203,0.8718687891960144,0.2755037844181061,29,0.03886735439300537,0.6352323591709137,0.33704985678195953
S_65,gap,5,212,205.7079,708.5523,gap_score_smooth,0.7666029334068298,0.49109914898872375,11.657066397814845,0.521053358912468,207.1779605370641,218.83502693487895,203,239,182.0,232.0,30.0,20.0,203,226,0.2755037844181061,0.2029801309108734,23,0.49109914898872375,0.5636228024959564,0.5273609757423401
S_65,gap,6,232,219.36755,763.6987,gap_score_smooth,0.32597780227661133,0.12299767136573792,4.637624603276322,0.26447896659374237,229.218375648856,233.85600025213233,226,239,212.0,,20.0,0.0,226,239,0.2029801309108734,0.056144293397665024,13,0.12299767136573792,0.2698335088789463,0.1964155901223421
S_66,gap,1,46,251.17265,272.54395,gap_score_smooth,0.8936538696289062,0.06672036647796631,16.787231251914896,0.8602936863899231,40.6926231658476,57.479854417762496,0,67,,81.0,0.0,35.0,22,53,0.7822020649909973,0.8765690922737122,31,0.11145180463790894,0.017084777355194092,0.06426829099655151
S_66,gap,2,81,216.1532,382.523,gap_score_smooth,0.8616719245910645,0.013702034950256348,13.622201425411447,0.8548209071159363,70.80583009597807,84.42803152138951,67,87,46.0,129.0,35.0,48.0,78,87,0.8553900122642517,0.8479698896408081,9,0.006281912326812744,0.013702034950256348,0.009991973638534546
S_66,gap,3,129,246.4864,533.35144,gap_score_smooth,0.9868959188461304,0.79903943836689,200.8147171980469,0.5873761996626854,4.793563987949877,205.6082811859968,0,239,81.0,146.0,48.0,17.0,123,139,0.9594048857688904,0.9573550820350647,16,0.02749103307723999,0.029540836811065674,0.028515934944152832
S_66,gap,4,146,293.10587,586.7699,gap_score_smooth,0.972079336643219,0.014724254608154297,7.038010544942239,0.9647172093391418,141.76767432336845,148.8056848683107,139,239,129.0,219.0,17.0,73.0,139,162,0.9573550820350647,0.91619473695755,23,0.014724254608154297,0.055884599685668945,0.03530442714691162
S_66,gap,5,219,298.1244,816.1548,gap_score_smooth,0.7385757565498352,0.5073664039373398,9.60339502665326,0.4848925545811653,214.7507673358125,224.35416236246576,211,239,146.0,,73.0,0.0,211,239,0.23120935261249542,0.05215722322463989,28,0.5073664039373398,0.6864185333251953,0.5968924686312675
S_67,gap,1,12,129.84688,144.58159,gap_score_smooth,0.8452726006507874,0.10108000040054321,7.296718203344856,0.7947326004505157,9.742452416444983,17.03917061978984,0,21,,34.0,0.0,22.0,0,21,0.07531792670488358,0.7441926002502441,21,0.7699546739459038,0.10108000040054321,0.4355173371732235
S_67,gap,2,34,133.2068,202.48117,gap_score_smooth,0.8499491214752197,0.030817389488220215,5.136940902799523,0.8345404267311096,32.237274426630236,37.37421532942976,0,41,12.0,68.0,22.0,34.0,21,41,0.7441926002502441,0.8191317319869995,20,0.10575652122497559,0.030817389488220215,0.0682869553565979
S_67,gap,3,68,109.36479,291.96234,gap_score_smooth,0.9968029260635376,0.8411858677864075,179.81904048520042,0.5762099921703339,6.960543086414727,186.77958357161515,0,239,34.0,91.0,34.0,23.0,41,84,0.8191317319869995,0.8988330960273743,43,0.17767119407653809,0.09796983003616333,0.1378205120563507
S_67,gap,4,91,70.52855,352.4937,gap_score_smooth,0.9515439867973328,0.052710890769958496,6.233358778568345,0.9251885414123535,87.80973508685098,94.04309386541932,84,128,68.0,121.0,23.0,30.0,84,96,0.8988330960273743,0.9035063982009888,12,0.052710890769958496,0.048037588596343994,0.050374239683151245
S_67,gap,5,121,67.517075,431.4477,gap_score_smooth,0.8462532758712769,0.10866653919219971,9.215173846631401,0.791920006275177,114.77863576144789,123.99380960807929,111,128,91.0,135.0,30.0,14.0,111,128,0.7375867366790771,0.66725093126297,17,0.10866653919219971,0.17900234460830688,0.1438344419002533
S_67,gap,6,135,92.187836,468.29288,gap_score_smooth,0.8791560530662537,0.15506857633590698,6.129290406492032,0.8016217648983002,132.28229510554698,138.411585512039,128,142,121.0,150.0,14.0,15.0,128,142,0.66725093126297,0.7240874767303467,14,0.2119051218032837,0.15506857633590698,0.18348684906959534
S_67,gap,7,150,120.8794,507.76987,gap_score_smooth,0.9589840769767761,0.29173314571380615,9.447772820305687,0.813117504119873,144.9815950656058,154.4293678859115,128,239,135.0,164.0,15.0,14.0,142,157,0.7240874767303467,0.766541063785553,15,0.23489660024642944,0.19244301319122314,0.2136698067188263
S_67,gap,8,164,146.73354,544.61505,gap_score_smooth,0.9320244193077087,0.16548335552215576,6.491400767315838,0.8492827415466309,160.54703382617095,167.03843459348678,157,239,150.0,182.0,14.0,18.0,157,175,0.766541063785553,0.6780158281326294,18,0.16548335552215576,0.25400859117507935,0.20974597334861755
S_67,gap,9,182,164.15591,591.9874,gap_score_smooth,0.9043670296669006,0.22635120153427124,5.34018232033813,0.791191428899765,178.85915450832206,184.1993368286602,175,239,164.0,202.0,18.0,20.0,175,189,0.6780158281326294,0.516257643699646,14,0.22635120153427124,0.38810938596725464,0.30723029375076294
S_67,gap,10,202,166.22601,644.6234,gap_score_smooth,0.8746163845062256,0.39735668897628784,7.431472568723706,0.6759380400180817,199.19723475767552,206.62870732639922,195,239,182.0,,20.0,0.0,195,218,0.47725969552993774,0.5210152268409729,23,0.39735668897628784,0.3536011576652527,0.37547892332077026
S_68,gap,1,91,249.35213,447.83682,gap_score_smooth,0.9654744863510132,0.7543457746505737,217.00080689673635,0.5883015990257263,5.814390446584358,222.8151973433207,0,239,,125.0,0.0,34.0,78,99,0.9171157479286194,0.857330858707428,21,0.0483587384223938,0.1081436276435852,0.0782511830329895
S_68,gap,2,125,259.56534,530.3473,gap_score_smooth,0.9265764355659485,0.06924557685852051,5.71458998163844,0.8919536471366882,122.74000407625509,128.45459405789353,99,153,91.0,141.0,34.0,16.0,118,137,0.861943244934082,0.8350278735160828,19,0.06463319063186646,0.09154856204986572,0.07809087634086609
S_68,gap,3,141,269.03793,569.1757,gap_score_smooth,0.88898766040802,0.053959786891937256,3.4527876414884417,0.8620077669620514,139.43534689791267,142.8881345394011,137,153,125.0,160.0,16.0,19.0,137,149,0.8350278735160828,0.7307038307189941,12,0.053959786891937256,0.15828382968902588,0.10612180829048157
S_68,gap,4,160,276.9703,615.28455,gap_score_smooth,0.9370703101158142,0.21005088090896606,5.609943690874275,0.8320448696613312,157.42010941158262,163.0300531024569,153,239,141.0,180.0,19.0,20.0,153,173,0.7270194292068481,0.6680400371551514,20,0.21005088090896606,0.26903027296066284,0.23954057693481445
S_68,gap,5,180,274.68024,663.82007,gap_score_smooth,0.8377705812454224,0.15981870889663696,6.462261402925179,0.7578612267971039,176.97673948559566,183.43900088852084,173,188,160.0,198.0,20.0,18.0,173,188,0.6680400371551514,0.6779518723487854,15,0.169730544090271,0.15981870889663696,0.16477462649345398
S_68,gap,6,198,255.70851,707.5021,gap_score_smooth,0.8501392602920532,0.18209922313690186,7.89990117690698,0.7590896487236023,193.73971213694526,201.63961331385224,173,239,180.0,214.0,18.0,16.0,188,208,0.6779518723487854,0.6351376175880432,20,0.17218738794326782,0.21500164270401,0.19359451532363892
S_68,gap,7,214,231.02254,746.33057,gap_score_smooth,0.8084043860435486,0.17326676845550537,6.234358258194419,0.7217710018157959,211.50732868888068,217.7416869470751,208,239,198.0,,16.0,0.0,208,239,0.6351376175880432,0.046196550130844116,31,0.17326676845550537,0.7622078359127045,0.4677373021841049
S_69,gap,1,66,113.58769,308.48953,gap_score_smooth,0.9862273931503296,0.873870924115181,145.284982113047,0.5492919310927391,6.483523514457796,151.7685056275048,0,239,,96.0,0.0,30.0,39,82,0.7869223356246948,0.8008480072021484,43,0.19930505752563477,0.18537938594818115,0.19234222173690796
S_69,gap,2,96,75.997604,386.43933,gap_score_smooth,0.8690558075904846,0.06820780038833618,6.065733308347063,0.8349519073963165,92.92053420943354,98.9862675177806,82,125,66.0,119.0,30.0,23.0,92,103,0.8304594159126282,0.7767244577407837,11,0.038596391677856445,0.09233134984970093,0.06546387076377869
S_69,gap,3,119,73.77876,446.20084,gap_score_smooth,0.8383245468139648,0.13320130109786987,9.294361737709252,0.7717238962650299,112.61165683061827,121.90601856832753,109,125,96.0,133.0,23.0,14.0,109,125,0.705123245716095,0.6428530216217041,16,0.13320130109786987,0.19547152519226074,0.1643364131450653
S_69,gap,4,133,99.50231,482.5774,gap_score_smooth,0.9171350002288818,0.27428197860717773,7.5116694504609995,0.779994010925293,128.94746574109783,136.45913519155883,125,154,119.0,147.0,14.0,14.0,125,140,0.6428530216217041,0.6463554501533508,15,0.27428197860717773,0.270779550075531,0.27253076434135437
S_69,gap,5,147,122.55438,518.954,gap_score_smooth,0.8565899729728699,0.21023452281951904,5.724450653903375,0.7514727115631104,143.5778533328406,149.30230398674396,140,154,133.0,163.0,14.0,16.0,140,154,0.6463554501533508,0.4660952091217041,14,0.21023452281951904,0.39049476385116577,0.3003646433353424
S_69,gap,6,163,153.78696,560.5272,gap_score_smooth,0.9571725726127625,0.49107736349105835,9.730680518658119,0.7116338908672333,158.09617192804419,167.8268524467023,154,239,147.0,181.0,16.0,18.0,154,174,0.4660952091217041,0.5728204250335693,20,0.49107736349105835,0.3843521475791931,0.43771475553512573
S_69,gap,7,181,170.60075,607.29706,gap_score_smooth,0.9220824241638184,0.349261999130249,6.01004760219962,0.7474514245986938,178.0985503736507,184.10859797585033,174,239,163.0,202.0,18.0,21.0,174,189,0.5728204250335693,0.4491659700870514,15,0.349261999130249,0.47291645407676697,0.411089226603508
S_69,gap,8,202,173.21889,661.86194,gap_score_smooth,0.8957910537719727,0.4929046332836151,7.281281269060116,0.6493387371301651,198.9601860727969,206.241467341857,195,239,181.0,,21.0,0.0,195,210,0.40288642048835754,0.5664359927177429,15,0.4929046332836151,0.32935506105422974,0.4111298471689224
S_70,gap,1,15,287.6112,190.14644,gap_score_smooth,0.7607512474060059,0.029739022254943848,7.924763611450752,0.7458817362785339,11.51824429048944,19.44300790194019,0,27,,38.0,0.0,23.0,0,27,0.13744619488716125,0.731012225151062,27,0.6233050525188446,0.029739022254943848,0.3265220373868942
S_70,gap,2,38,267.62527,244.03766,gap_score_smooth,0.7583312392234802,0.0227167010307312,9.185498403898542,0.7469728887081146,33.31264123693824,42.49813964083678,27,46,15.0,71.0,23.0,33.0,27,46,0.731012225151062,0.735614538192749,19,0.027319014072418213,0.0227167010307312,0.025017857551574707
S_70,gap,3,71,212.92126,321.35983,gap_score_smooth,0.9297221302986145,0.07491397857666016,13.230933454702651,0.8922651410102844,64.5110567263212,77.74199018102385,0,82,38.0,91.0,33.0,20.0,46,82,0.735614538192749,0.8548081517219543,36,0.19410759210586548,0.07491397857666016,0.13451078534126282
S_70,gap,4,91,188.57742,368.22177,gap_score_smooth,0.9064116477966309,0.02197200059890747,4.31006687069214,0.8954256474971771,88.23333908414256,92.5434059548347,82,95,71.0,112.0,20.0,21.0,82,95,0.8548081517219543,0.8844396471977234,13,0.051603496074676514,0.02197200059890747,0.03678774833679199
S_70,gap,5,112,191.76125,417.4268,gap_score_smooth,0.9780158400535583,0.021518409252166748,5.381723008881025,0.967256635427475,109.83078391269389,115.21250692157491,0,119,91.0,149.0,21.0,37.0,104,119,0.8896567225456238,0.9564974308013916,15,0.08835911750793457,0.021518409252166748,0.05493876338005066
S_70,gap,6,149,271.28333,504.12134,gap_score_smooth,0.9925488829612732,0.8551026880741119,221.17092868125678,0.5649975389242172,6.470471437284743,227.64140011854153,0,239,112.0,178.0,37.0,29.0,137,170,0.963119387626648,0.9297140836715698,33,0.029429495334625244,0.06283479928970337,0.04613214731216431
S_70,gap,7,178,325.93192,572.0711,gap_score_smooth,0.9565607309341431,0.026846647262573242,6.1705131706826535,0.9431374073028564,174.10044863327502,180.27096180395768,170,239,149.0,214.0,29.0,36.0,170,184,0.9297140836715698,0.9200940728187561,14,0.026846647262573242,0.03646665811538696,0.0316566526889801
S_70,gap,8,214,334.22562,656.4226,gap_score_smooth,0.8827933669090271,0.22760146856307983,7.44687302399808,0.7689926326274872,210.78342746161442,218.2303004856125,206,239,178.0,,36.0,0.0,206,239,0.6551918983459473,0.05026089772582054,33,0.22760146856307983,0.8325324691832066,0.5300669688731432
S_71,gap,1,10,137.46686,155.24686,gap_score_smooth,0.7364353537559509,0.12337929010391235,18.60351062596598,0.6747457087039948,6.570089433134429,25.17360005910041,0,29,,65.0,0.0,55.0,0,18,0.1395137757062912,0.7157517075538635,18,0.5969215780496597,0.020683646202087402,0.30880261212587357
S_71,gap,2,65,108.85072,316.1046,gap_score_smooth,0.9160768985748291,0.33049362897872925,35.40381520845096,0.7508300840854645,39.14310942206934,74.5469246305203,0,80,10.0,99.0,55.0,34.0,53,80,0.8007960915565491,0.5855832695960999,27,0.11528080701828003,0.33049362897872925,0.22288721799850464
S_71,gap,3,99,61.314613,415.54395,gap_score_smooth,0.9103372097015381,0.05894672870635986,6.046051287735125,0.8808638453483582,96.94664707898238,102.9926983667175,80,109,65.0,124.0,34.0,25.0,80,109,0.5855832695960999,0.8513904809951782,29,0.32475394010543823,0.05894672870635986,0.19185033440589905
S_71,gap,4,124,61.949642,488.6611,gap_score_smooth,0.9928805828094482,0.853366807103157,156.1442479350979,0.5661971792578697,5.137855096641559,161.28210303173944,0,239,99.0,151.0,25.0,27.0,109,133,0.8513904809951782,0.8750013709068298,24,0.14149010181427002,0.11787921190261841,0.1296846568584442
S_71,gap,5,151,103.81657,567.6276,gap_score_smooth,0.9871277213096619,0.11212635040283203,18.1889554549592,0.9310645461082458,137.06240276199634,155.25135821695554,133,239,124.0,171.0,27.0,20.0,141,163,0.9529483318328857,0.5385892391204834,22,0.03417938947677612,0.44853848218917847,0.2413589358329773
S_71,gap,6,171,142.25148,626.12134,gap_score_smooth,0.8759267330169678,0.3373374938964844,10.41524415247406,0.7072579860687256,166.67141135174515,177.0866555042192,163,239,151.0,186.0,20.0,15.0,163,180,0.5385892391204834,0.6364386677742004,17,0.3373374938964844,0.23948806524276733,0.28841277956962585
S_71,gap,7,186,164.05415,669.99164,gap_score_smooth,0.8510420918464661,0.21460342407226562,5.709481043990053,0.7437403798103333,183.2504732319451,188.95995427593516,180,196,171.0,207.0,15.0,21.0,180,196,0.6364386677742004,0.36729469895362854,16,0.21460342407226562,0.4837473928928375,0.3491754084825516
S_71,gap,8,207,169.03789,731.41003,gap_score_smooth,0.8533703684806824,0.48607566952705383,9.661335030640146,0.6103325337171555,202.5434248235458,212.20475985418594,196,239,186.0,228.0,21.0,21.0,196,220,0.36729469895362854,0.4223933815956116,24,0.48607566952705383,0.4309769868850708,0.4585263282060623
S_71,gap,9,228,165.48358,792.8284,gap_score_smooth,0.6809332370758057,0.2585398554801941,7.454013215165105,0.5516633093357086,223.9329626143646,231.38697582952972,220,239,207.0,,21.0,0.0,220,239,0.4223933815956116,0.06244707107543945,19,0.2585398554801941,0.6184861660003662,0.43851301074028015
S_72,gap,1,75,242.90898,401.1841,gap_score_smooth,0.9360106587409973,0.1286490559577942,26.005519981488717,0.8716861307621002,63.576523598594775,89.58204358008349,0,95,,133.0,0.0,58.0,48,82,0.7701265811920166,0.9020342230796814,34,0.1658840775489807,0.03397643566131592,0.09993025660514832
S_72,gap,2,133,293.43576,539.7531,gap_score_smooth,0.9968127608299255,0.7821355760097504,220.32931322741118,0.6057449728250504,7.0315041376607805,227.36081736507197,0,239,75.0,159.0,58.0,26.0,119,148,0.9596636891365051,0.8230326175689697,29,0.03714907169342041,0.1737801432609558,0.10546460747718811
S_72,gap,3,159,302.49445,601.8703,gap_score_smooth,0.983567476272583,0.16053485870361328,12.827162543960327,0.9033000469207764,154.2989897000749,167.12615224403524,148,239,133.0,183.0,26.0,24.0,148,174,0.8230326175689697,0.8567379117012024,26,0.16053485870361328,0.12682956457138062,0.14368221163749695
S_72,gap,4,183,286.9449,659.2092,gap_score_smooth,0.9018484950065613,0.04511058330535889,6.057292876744896,0.8792932033538818,179.15889422528028,185.21618710202517,174,239,159.0,203.0,24.0,20.0,174,195,0.8567379117012024,0.6743155121803284,21,0.04511058330535889,0.2275329828262329,0.1363217830657959
S_72,gap,5,203,267.7827,706.99164,gap_score_smooth,0.8381977081298828,0.16388219594955444,7.841704853002113,0.7562566101551056,198.64785937282156,206.48956422582367,195,212,183.0,221.0,20.0,18.0,195,212,0.6743155121803284,0.6302440166473389,17,0.16388219594955444,0.20795369148254395,0.1859179437160492
S_72,gap,6,221,244.3613,749.9958,gap_score_smooth,0.8528058528900146,0.22256183624267578,9.172885665976139,0.7415249347686768,216.4019469588196,225.57483262479573,212,239,203.0,,18.0,0.0,212,239,0.6302440166473389,0.03473176062107086,27,0.22256183624267578,0.8180740922689438,0.5203179642558098
S_73,gap,1,55,123.356544,296.98328,gap_score_smooth,0.9355958104133606,0.40484941005706787,66.25357882764916,0.7331711053848267,28.837946939483267,95.09152576713244,0,116,,74.0,0.0,19.0,51,67,0.9227365851402283,0.819232702255249,16,0.012859225273132324,0.11636310815811157,0.06461116671562195
S_73,gap,2,74,111.1233,356.0502,gap_score_smooth,0.9113364815711975,0.09210377931594849,11.983300929803733,0.8652845919132233,69.65350165660288,81.63680258640662,67,116,55.0,107.0,19.0,33.0,67,83,0.819232702255249,0.8614674806594849,16,0.09210377931594849,0.049869000911712646,0.07098639011383057
S_73,gap,3,107,65.75779,458.64017,gap_score_smooth,0.7671452760696411,0.224037766456604,4.956160600819544,0.6551263928413391,104.14415509397477,109.10031569479432,101,116,74.0,122.0,33.0,15.0,101,116,0.5431075096130371,0.5307464003562927,15,0.224037766456604,0.2363988757133484,0.2302183210849762
S_73,gap,4,122,59.22847,505.27197,gap_score_smooth,0.8839598298072815,0.19646388292312622,4.290359412374187,0.7857278883457184,120.27332602292559,124.56368543529977,116,128,107.0,149.0,15.0,27.0,116,128,0.5307464003562927,0.6874959468841553,12,0.35321342945098877,0.19646388292312622,0.2748386561870575
S_73,gap,5,149,89.58663,589.2092,gap_score_smooth,0.9930403828620911,0.8812137469649315,75.11865034690564,0.5524335093796253,117.15648754385032,192.27513789075596,0,239,122.0,185.0,27.0,36.0,128,177,0.6874959468841553,0.5636640191078186,49,0.3055444359779358,0.42937636375427246,0.3674603998661041
S_73,gap,6,185,150.33409,701.12555,gap_score_smooth,0.8597017526626587,0.2960377335548401,8.220104658909065,0.7116828858852386,180.91800086183272,189.1381055207418,177,239,149.0,206.0,36.0,21.0,177,198,0.5636640191078186,0.4437839388847351,21,0.2960377335548401,0.4159178137779236,0.35597777366638184
S_73,gap,7,206,161.00182,766.41003,gap_score_smooth,0.8483675122261047,0.40458357334136963,8.416157829909963,0.6460757255554199,201.32478317299297,209.74094100290293,198,239,185.0,229.0,21.0,23.0,198,218,0.4437839388847351,0.33912211656570435,20,0.40458357334136963,0.5092453956604004,0.456914484500885
S_73,gap,8,229,153.46164,837.9121,gap_score_smooth,0.6763610243797302,0.3372389078140259,11.977304099064042,0.5077415704727173,222.2174952761369,234.19479937520094,218,239,206.0,,23.0,0.0,218,239,0.33912211656570435,0.10460327565670013,21,0.3372389078140259,0.5717577487230301,0.454498328268528
S_74,gap,1,11,188.40378,198.58995,gap_score_smooth,0.7990908622741699,0.1173926591873169,32.381619413325964,0.7403945326805115,7.868730956558186,40.25035036988415,0,50,,71.0,0.0,60.0,0,16,0.2490430772304535,0.780576765537262,16,0.5500477850437164,0.01851409673690796,0.2842809408903122
S_74,gap,2,71,118.51213,338.17154,gap_score_smooth,0.9353567361831665,0.07015365362167358,10.313827961703069,0.9002799093723297,66.15561662070932,76.4694445824124,0,93,11.0,109.0,60.0,38.0,50,78,0.681698203086853,0.8911181092262268,28,0.2536585330963135,0.0442386269569397,0.1489485800266266
S_74,gap,3,109,133.60275,426.5732,gap_score_smooth,0.9864429235458374,0.7373998463153839,193.62677029243406,0.6177430003881454,5.956015306267853,199.58278559870192,0,239,71.0,128.0,38.0,19.0,98,120,0.871976912021637,0.8124083876609802,22,0.11446601152420044,0.17403453588485718,0.1442502737045288
S_74,gap,4,128,166.93497,470.77405,gap_score_smooth,0.9359455108642578,0.12353712320327759,8.394311412695146,0.874176949262619,124.28895959686758,132.68327100956273,120,150,109.0,160.0,19.0,32.0,120,134,0.8124083876609802,0.8624712228775024,14,0.12353712320327759,0.07347428798675537,0.09850570559501648
S_74,gap,5,160,212.53079,545.2176,gap_score_smooth,0.9634421467781067,0.3037773370742798,41.09890267618701,0.8115534782409668,154.63333350751142,195.73223618369843,150,239,128.0,189.0,32.0,29.0,150,181,0.6596648097038269,0.8760201930999756,31,0.3037773370742798,0.0874219536781311,0.19559964537620544
S_74,gap,6,189,207.77362,612.682,gap_score_smooth,0.9295873045921326,0.05356711149215698,8.456360033574754,0.9028037488460541,184.5473517722443,193.00371180581905,181,239,160.0,215.0,29.0,26.0,181,205,0.8760201930999756,0.5221426486968994,24,0.05356711149215698,0.40744465589523315,0.23050588369369507
S_74,gap,7,215,184.49763,673.16736,gap_score_smooth,0.8440718054771423,0.3219291567802429,11.70264133582188,0.6831072270870209,209.97430964592292,221.6769509817448,205,239,189.0,,26.0,0.0,205,239,0.5221426486968994,0.02466147392988205,34,0.3219291567802429,0.8194103315472603,0.5706697441637516
S_75,gap,1,86,94.190605,300.43515,gap_score_smooth,0.9324244856834412,0.13998287916183472,31.72055475592954,0.8624330461025238,64.8387924167596,96.55934717268914,19,116,,107.0,0.0,21.0,71,99,0.8680408596992493,0.8502819538116455,28,0.0643836259841919,0.08214253187179565,0.07326307892799377
S_75,gap,2,107,100.68037,365.98328,gap_score_smooth,0.9032195806503296,0.05293762683868408,5.1234586921718375,0.8767507672309875,103.97893731616945,109.10239600834129,99,116,86.0,136.0,21.0,29.0,99,116,0.8502819538116455,0.7924416065216064,17,0.05293762683868408,0.11077797412872314,0.08185780048370361
S_75,gap,3,136,119.99624,456.5021,gap_score_smooth,0.9790674448013306,0.7118667662143707,176.84620249559856,0.6231340616941452,32.74011932094283,209.58632181654139,19,239,107.0,153.0,29.0,17.0,126,146,0.9439949989318848,0.8320122361183167,20,0.0350724458694458,0.14705520868301392,0.09106382727622986
S_75,gap,4,153,129.43256,509.56485,gap_score_smooth,0.9496207237243652,0.11760848760604858,5.592984062953747,0.8908164799213409,150.31763373597929,155.91061779893303,146,239,136.0,170.0,17.0,17.0,146,164,0.8320122361183167,0.7893484830856323,18,0.11760848760604858,0.1602722406387329,0.13894036412239075
S_75,gap,5,170,137.7824,562.6276,gap_score_smooth,0.8961488008499146,0.10680031776428223,6.403104709916164,0.8427486419677734,167.33443688408244,173.7375415939986,164,178,153.0,189.0,17.0,19.0,164,178,0.7893484830856323,0.7748465538024902,14,0.10680031776428223,0.12130224704742432,0.11405128240585327
S_75,gap,6,189,138.49146,621.93304,gap_score_smooth,0.9098604321479797,0.1350138783454895,6.757737114829439,0.842353492975235,185.50066955174395,192.2584066665734,178,239,170.0,206.0,19.0,17.0,178,199,0.7748465538024902,0.7074682116508484,21,0.1350138783454895,0.20239222049713135,0.16870304942131042
S_75,gap,7,206,135.2906,674.9958,gap_score_smooth,0.8163589239120483,0.10889071226119995,4.037857579679439,0.7619135677814484,203.27470173467592,207.31255931435535,199,239,189.0,233.0,17.0,27.0,199,216,0.7074682116508484,0.5352606177330017,17,0.10889071226119995,0.28109830617904663,0.1949945092201233
S_75,gap,8,233,127.51272,759.272,gap_score_smooth,0.4963424801826477,0.08492136001586914,3.9855743045926033,0.45388180017471313,230.67962635918505,234.66520066377765,228,239,206.0,,27.0,0.0,228,239,0.41142112016677856,0.26720067858695984,11,0.08492136001586914,0.22914180159568787,0.1570315808057785
S_76,gap,1,34,252.1403,188.92468,gap_score_smooth,0.8259425759315491,0.04173082113265991,7.859909260906186,0.8050771653652191,30.81233507508989,38.672244335996076,0,46,,71.0,0.0,37.0,17,46,0.6908155083656311,0.7842117547988892,29,0.13512706756591797,0.04173082113265991,0.08842894434928894
S_76,gap,2,71,206.14786,282.43097,gap_score_smooth,0.9337422847747803,0.16885650157928467,20.005550227148852,0.8493140339851379,56.20549233734055,76.2110425644894,0,84,34.0,129.0,37.0,58.0,46,84,0.7842117547988892,0.7648857831954956,38,0.1495305299758911,0.16885650157928467,0.1591935157775879
S_76,gap,3,129,200.84322,429.00836,gap_score_smooth,0.9976283311843872,0.8504596948623657,184.81832861393005,0.5723984837532043,7.884581273787857,192.7029098877179,0,239,71.0,158.0,58.0,29.0,121,137,0.9914402365684509,0.989361584186554,16,0.006188094615936279,0.008266746997833252,0.007227420806884766
S_76,gap,4,158,244.49118,502.29706,gap_score_smooth,0.8517599105834961,0.18598705530166626,6.800243958068222,0.758766382932663,154.4518583166467,161.25210227471493,151,197,129.0,173.0,29.0,15.0,151,166,0.6657728552818298,0.5858729481697083,15,0.18598705530166626,0.26588696241378784,0.22593700885772705
S_76,gap,5,173,269.46124,540.205,gap_score_smooth,0.8008259534835815,0.2149530053138733,9.737250257311786,0.6933494508266449,169.76515775905236,179.50240801636414,166,197,158.0,189.0,15.0,16.0,166,184,0.5858729481697083,0.6533231735229492,18,0.2149530053138733,0.14750277996063232,0.1812278926372528
S_76,gap,6,189,278.9016,580.6402,gap_score_smooth,0.7799022197723389,0.12657904624938965,3.944828607445544,0.716612696647644,186.87719203459122,190.82202064203676,184,197,173.0,210.0,16.0,21.0,184,197,0.6533231735229492,0.44517186284065247,13,0.12657904624938965,0.3347303569316864,0.23065470159053802
S_76,gap,7,210,272.9533,633.7113,gap_score_smooth,0.8764162659645081,0.4312444031238556,8.002845229143361,0.6607940644025803,206.03688819189193,214.0397334210353,197,239,189.0,228.0,21.0,18.0,197,223,0.44517186284065247,0.4391387104988098,26,0.4312444031238556,0.43727755546569824,0.4342609792947769
S_76,gap,8,228,262.93567,679.20087,gap_score_smooth,0.5013421773910522,0.06220346689224243,3.4037863351187525,0.47024044394493103,225.97089209179893,229.37467842691768,223,239,210.0,,18.0,0.0,223,239,0.4391387104988098,0.036943353712558746,16,0.06220346689224243,0.4643988236784935,0.26330114528536797
S_77,gap,1,83,112.94768,312.69873,gap_score_smooth,0.9358001351356506,0.07167166471481323,9.515442969644923,0.899964302778244,78.62501154746961,88.14045451711453,20,93,,113.0,0.0,30.0,74,93,0.8740544319152832,0.8641284704208374,19,0.06174570322036743,0.07167166471481323,0.06670868396759033
S_77,gap,2,113,108.329475,411.98746,gap_score_smooth,0.9727722406387329,0.08309054374694824,13.635044256255284,0.9312269687652588,105.15986112791683,118.79490538417211,20,123,83.0,137.0,30.0,24.0,100,123,0.9106780290603638,0.8896816968917847,23,0.06209421157836914,0.08309054374694824,0.07259237766265869
S_77,gap,3,137,135.45341,491.4184,gap_score_smooth,0.9916195273399353,0.7106359899044037,157.49099078781995,0.6363015323877335,33.926666625345874,191.41765741316584,20,239,113.0,154.0,24.0,17.0,123,146,0.8896816968917847,0.6440721154212952,23,0.10193783044815063,0.34754741191864014,0.22474262118339539
S_77,gap,4,154,175.64488,547.682,gap_score_smooth,0.9587224721908569,0.31465035676956177,9.286759783497104,0.801397293806076,149.90943111381668,159.19619089731378,146,239,137.0,170.0,17.0,16.0,146,163,0.6440721154212952,0.7172057628631592,17,0.31465035676956177,0.24151670932769775,0.27808353304862976
S_77,gap,5,170,200.19307,600.636,gap_score_smooth,0.925310492515564,0.20810472965240479,11.852709321884987,0.8212581276893616,166.4379800608794,178.29068938276438,163,239,154.0,187.0,16.0,17.0,163,181,0.7172057628631592,0.7864682674407959,18,0.20810472965240479,0.13884222507476807,0.17347347736358643
S_77,gap,6,187,214.05223,656.8996,gap_score_smooth,0.8787553906440735,0.09228712320327759,4.65441240145779,0.8326118290424347,184.01696941989465,188.67138182135244,181,198,170.0,209.0,17.0,22.0,181,198,0.7864682674407959,0.3407136797904968,17,0.09228712320327759,0.5380417108535767,0.3151644170284271
S_77,gap,7,209,218.32222,729.7113,gap_score_smooth,0.9212306141853333,0.5805169343948364,11.596160359505546,0.630972146987915,203.013443281215,214.60960364072054,198,239,187.0,229.0,22.0,20.0,198,220,0.3407136797904968,0.4837420582771301,22,0.5805169343948364,0.4374885559082031,0.5090027451515198
S_77,gap,8,229,222.22874,795.90375,gap_score_smooth,0.8055267930030823,0.32178473472595215,8.115063511350854,0.6446344256401062,224.5956080703935,232.71067158174435,220,239,209.0,,20.0,0.0,220,239,0.4837420582771301,0.2809835374355316,19,0.32178473472595215,0.5245432555675507,0.4231639951467514
S_78,gap,1,34,217.87509,313.3933,gap_score_smooth,0.645166277885437,0.04327273368835449,12.660181548223125,0.6235299110412598,25.51984246690129,38.18002401512442,0,43,,71.0,0.0,37.0,0,43,0.051502775400877,0.6018935441970825,43,0.59366350248456,0.04327273368835449,0.31846811808645725
S_78,gap,2,71,212.83563,396.5272,gap_score_smooth,0.8590551614761353,0.056621670722961426,17.624714293709935,0.8307443261146545,61.531825817289054,79.15654011099899,0,83,34.0,118.0,37.0,47.0,43,83,0.6018935441970825,0.8024334907531738,40,0.25716161727905273,0.056621670722961426,0.15689164400100708
S_78,gap,3,118,197.35059,502.1297,gap_score_smooth,0.9365264773368835,0.3602007031440735,74.61149121800537,0.7564261257648468,55.47353291767465,130.08502413568002,0,139,71.0,150.0,47.0,32.0,107,123,0.9103866815567017,0.9101726412773132,16,0.026139795780181885,0.026353836059570312,0.0262468159198761
S_78,gap,4,150,172.41646,574.0293,gap_score_smooth,0.9860891103744507,0.9245981834828854,209.00400826376026,0.523790018633008,21.655883760633998,230.65989202439425,0,239,118.0,187.0,32.0,37.0,139,175,0.5763257741928101,0.8630329370498657,36,0.4097633361816406,0.12305617332458496,0.2664097547531128
S_78,gap,5,187,183.87956,657.1632,gap_score_smooth,0.9251505136489868,0.062117576599121094,10.30483591983338,0.8940917253494263,180.24430154620467,190.54913746603805,175,239,150.0,211.0,37.0,24.0,175,202,0.8630329370498657,0.5788320899009705,27,0.062117576599121094,0.34631842374801636,0.20421800017356873
S_78,gap,6,211,208.18927,711.0879,gap_score_smooth,0.8170881271362305,0.23825603723526,8.415220560847558,0.6979601085186005,206.64288438201834,215.0581049428659,202,239,187.0,228.0,24.0,17.0,202,224,0.5788320899009705,0.531721830368042,22,0.23825603723526,0.2853662967681885,0.26181116700172424
S_78,gap,7,228,224.64397,749.28455,gap_score_smooth,0.594567060470581,0.06284523010253906,3.602307039382225,0.5631444454193115,226.26728979819154,229.86959683757377,224,239,211.0,,17.0,0.0,224,239,0.531721830368042,0.06149092689156532,15,0.06284523010253906,0.5330761335790157,0.2979606818407774
S_79,gap,1,83,155.11656,299.7657,gap_score_smooth,0.9602749347686768,0.23384243249893188,37.25693812890585,0.8433537185192108,51.52619368989371,88.78313181879956,17,126,,108.0,0.0,25.0,73,91,0.8787382245063782,0.809840977191925,18,0.08153671026229858,0.1504339575767517,0.11598533391952515
S_79,gap,2,108,202.57655,378.00836,gap_score_smooth,0.9333539605140686,0.12351298332214355,16.12190491065263,0.8715974688529968,95.21738913381945,111.33929404447208,91,126,83.0,133.0,25.0,25.0,103,114,0.8746764063835144,0.8361369371414185,11,0.0586775541305542,0.09721702337265015,0.07794728875160217
S_79,gap,3,133,246.39336,456.25104,gap_score_smooth,0.9400942325592041,0.15357738733291626,17.88883610230465,0.863305538892746,130.23011344615458,148.11894954845923,126,151,108.0,163.0,25.0,30.0,126,141,0.7264325022697449,0.9058047533035278,15,0.21366173028945923,0.03428947925567627,0.12397560477256775
S_79,gap,4,163,244.32468,550.1423,gap_score_smooth,0.9856687784194946,0.7486477941274643,171.60186488624214,0.6113448813557625,31.100510552887467,202.7023754391296,17,239,133.0,195.0,30.0,32.0,151,172,0.7865168452262878,0.8636542558670044,21,0.1991519331932068,0.12201452255249023,0.1605832278728485
S_79,gap,5,195,200.2757,650.2929,gap_score_smooth,0.91570645570755,0.2565053105354309,9.503552534951524,0.7874538004398346,190.47575928422305,199.97931181917457,186,239,163.0,214.0,32.0,19.0,186,205,0.6592011451721191,0.5285202860832214,19,0.2565053105354309,0.3871861696243286,0.32184574007987976
S_79,gap,6,214,174.06238,709.7573,gap_score_smooth,0.8981886506080627,0.3696683645248413,10.345612122484567,0.7133544683456421,209.2589618602146,219.60457398269918,205,239,195.0,231.0,19.0,17.0,205,226,0.5285202860832214,0.5855949521064758,21,0.3696683645248413,0.3125936985015869,0.3411310315132141
S_79,gap,7,231,177.15614,762.96234,gap_score_smooth,0.664269208908081,0.07867425680160522,4.051740263912478,0.6249320805072784,228.2901680071771,232.34190827108958,226,239,214.0,,17.0,0.0,226,239,0.5855949521064758,0.23702098429203033,13,0.07867425680160522,0.4272482246160507,0.252961240708828
S_80,gap,1,12,273.8702,254.66109,gap_score_smooth,0.8084903359413147,0.08636599779129028,23.85788338888632,0.7653073370456696,9.53306892460862,33.39095231349494,0,47,,93.0,0.0,81.0,0,19,0.1889941394329071,0.78057461977005,19,0.6194961965084076,0.02791571617126465,0.3237059563398361
S_80,gap,2,93,200.10663,434.62344,gap_score_smooth,0.981454610824585,0.21641957759857178,27.035969246321002,0.8732448220252991,70.00608199429344,97.04205124061444,0,101,12.0,123.0,81.0,30.0,76,101,0.8829851150512695,0.7650350332260132,25,0.09846949577331543,0.21641957759857178,0.1574445366859436
S_80,gap,3,123,215.3951,501.27615,gap_score_smooth,0.9905058741569519,0.8015117347240448,220.7047134228059,0.5897500067949295,6.771989718666097,227.476703141472,0,239,93.0,160.0,30.0,37.0,101,134,0.7650350332260132,0.7500792741775513,33,0.22547084093093872,0.24042659997940063,0.23294872045516968
S_80,gap,4,160,256.80966,583.4812,gap_score_smooth,0.982515811920166,0.23243653774261475,33.79285268158236,0.8662975430488586,139.893803257334,173.68665593891637,134,239,123.0,193.0,37.0,33.0,157,167,0.9781806468963623,0.9160999059677124,10,0.004335165023803711,0.06641590595245361,0.03537553548812866
S_80,gap,5,193,272.14035,656.79913,gap_score_smooth,0.9045513868331909,0.10621941089630127,5.871288148541851,0.8514416813850403,189.21935787894196,195.0906460274838,183,239,160.0,214.0,33.0,21.0,183,208,0.7983319759368896,0.6839413046836853,25,0.10621941089630127,0.22061008214950562,0.16341474652290344
S_80,gap,6,214,269.79706,703.45605,gap_score_smooth,0.8467041850090027,0.16276288032531738,5.866685017132426,0.765322744846344,211.66170993648342,217.52839495361584,208,239,193.0,,21.0,0.0,208,221,0.6839413046836853,0.7237986326217651,13,0.16276288032531738,0.12290555238723755,0.14283421635627747
S_81,gap,1,65,157.77547,318.17572,gap_score_smooth,0.9472496509552002,0.0954088568687439,12.627139767701038,0.8995452225208282,58.13333950518435,70.76047927288539,0,85,,127.0,0.0,62.0,52,85,0.8374488949775696,0.8518407940864563,33,0.10980075597763062,0.0954088568687439,0.10260480642318726
S_81,gap,2,127,142.88554,506.25104,gap_score_smooth,0.9938092231750488,0.7765967100858688,192.31915568942298,0.6055108681321144,5.041321206631624,197.36047689605462,0,239,65.0,154.0,62.0,27.0,104,150,0.9347615242004395,0.9427031874656677,46,0.059047698974609375,0.051106035709381104,0.05507686734199524
S_81,gap,3,154,115.83503,588.1548,gap_score_smooth,0.9644246101379395,0.02172142267227173,5.068450268528295,0.9535638988018036,151.86254364285435,156.93099391138264,150,239,127.0,190.0,27.0,36.0,150,178,0.9427031874656677,0.74232017993927,28,0.02172142267227173,0.22210443019866943,0.12191292643547058
S_81,gap,4,190,130.00807,697.3598,gap_score_smooth,0.9139697551727295,0.17164957523345947,12.431512174347944,0.8281449675559998,181.77554901321727,194.20706118756522,178,239,154.0,211.0,36.0,21.0,178,202,0.74232017993927,0.45141762495040894,24,0.17164957523345947,0.46255213022232056,0.31710085272789
S_81,gap,5,211,157.79576,761.06274,gap_score_smooth,0.8565424680709839,0.40512484312057495,13.01137208667842,0.6539800465106964,205.96029079569666,218.97166288237509,202,239,190.0,,21.0,0.0,202,223,0.45141762495040894,0.5547348856925964,21,0.40512484312057495,0.30180758237838745,0.3534662127494812
S_82,gap,1,11,232.41388,230.80753,gap_score_smooth,0.8166564106941223,0.16824573278427124,19.002491441552007,0.7325335443019867,7.6186878845473665,26.621179326099373,0,39,,100.0,0.0,89.0,0,39,0.23822179436683655,0.6484106779098511,39,0.5784346163272858,0.16824573278427124,0.3733401745557785
S_82,gap,2,100,201.46991,431.523,gap_score_smooth,0.9929220080375671,0.13448864221572876,28.08781941361849,0.9256776869297028,77.17638078195787,105.26420019557636,0,119,11.0,149.0,89.0,49.0,94,110,0.9822931885719299,0.8835625052452087,16,0.010628819465637207,0.1093595027923584,0.0599941611289978
S_82,gap,3,149,245.6371,542.0293,gap_score_smooth,0.9939916133880615,0.755769819021225,201.87184555635324,0.616106703877449,6.0178959315171285,207.88974148787037,0,239,100.0,192.0,49.0,43.0,139,162,0.9100053310394287,0.9614672064781189,23,0.08398628234863281,0.03252440690994263,0.05825534462928772
S_82,gap,4,192,239.53203,639.0042,gap_score_smooth,0.9571055769920349,0.03390383720397949,11.959030280955886,0.9401536583900452,185.3606793206793,197.3197096016352,181,239,149.0,217.0,43.0,25.0,181,209,0.9232017397880554,0.6072118282318115,28,0.03390383720397949,0.3498937487602234,0.19189879298210144
S_82,gap,5,217,212.48926,695.38495,gap_score_smooth,0.8019120097160339,0.1947001814842224,11.967855541200407,0.7045619189739227,213.64528718265623,225.61314272385664,209,239,192.0,,25.0,0.0,209,239,0.6072118282318115,0.0554380863904953,30,0.1947001814842224,0.7464739233255386,0.4705870524048805
S_83,gap,1,53,177.29823,225.38493,gap_score_smooth,0.8437420129776001,0.05060923099517822,15.3802965269441,0.818437397480011,44.951478369600025,60.331774896544125,0,74,,102.0,0.0,49.0,43,65,0.8132622241973877,0.7959061861038208,22,0.030479788780212402,0.0478358268737793,0.03915780782699585
S_83,gap,2,102,66.62257,349.62762,gap_score_smooth,0.9586584568023682,0.17988157272338867,22.380660148865132,0.8687176704406738,85.14522641032127,107.5258865591864,0,115,53.0,135.0,49.0,33.0,96,115,0.9079737067222595,0.7787768840789795,19,0.05068475008010864,0.17988157272338867,0.11528316140174866
S_83,gap,3,135,42.125904,433.30127,gap_score_smooth,0.9309751391410828,0.05583477020263672,6.206497708361553,0.9030577540397644,131.2552647683502,137.46176247671175,115,141,102.0,155.0,33.0,20.0,131,141,0.9022124409675598,0.875140368938446,10,0.02876269817352295,0.05583477020263672,0.042298734188079834
S_83,gap,4,155,55.67077,484.01254,gap_score_smooth,0.9939298629760742,0.8255678564310074,192.852894028559,0.5811459347605705,6.788495041005217,199.6413890695642,0,239,135.0,212.0,20.0,57.0,141,171,0.875140368938446,0.9219013452529907,30,0.11878949403762817,0.0720285177230835,0.09540900588035583
S_83,gap,5,212,179.21288,628.53973,gap_score_smooth,0.8178344368934631,0.3882887065410614,9.423498991650433,0.6236900836229324,207.50446613195777,216.9279651236082,203,239,155.0,,57.0,0.0,203,226,0.42954573035240173,0.1509280949831009,23,0.3882887065410614,0.6669063419103622,0.5275975242257118
S_84,gap,1,29,141.04237,169.45607,gap_score_smooth,0.8202696442604065,0.05571019649505615,8.70930829511493,0.7924145460128784,24.11017138343179,32.81947967854672,0,36,,65.0,0.0,36.0,0,36,0.18701252341270447,0.7645594477653503,36,0.633257120847702,0.05571019649505615,0.3444836586713791
S_84,gap,2,65,129.09065,279.2636,gap_score_smooth,0.948158860206604,0.1355670690536499,22.864435672178978,0.880375325679779,56.25186414137648,79.11629981355546,0,84,29.0,98.0,36.0,33.0,52,84,0.8498429656028748,0.8125917911529541,32,0.09831589460372925,0.1355670690536499,0.11694148182868958
S_84,gap,3,98,110.092834,379.9205,gap_score_smooth,0.9588344693183899,0.03092879056930542,15.373712952785382,0.9433700740337372,95.10426240381166,110.47797535659704,0,115,65.0,128.0,33.0,30.0,84,104,0.8125917911529541,0.9484187960624695,20,0.1462426781654358,0.01041567325592041,0.0783291757106781
S_84,gap,4,128,106.894455,471.4268,gap_score_smooth,0.9929916262626648,0.8059791028499603,197.9892473088249,0.5900020748376846,5.760048848094516,203.74929615691943,0,239,98.0,188.0,30.0,60.0,115,163,0.9279056787490845,0.9172749519348145,48,0.06508594751358032,0.07571667432785034,0.07040131092071533
S_84,gap,5,188,147.0992,654.43933,gap_score_smooth,0.931673526763916,0.044303297996520996,9.875166407631525,0.9095218777656555,182.5897390076752,192.46490541530673,178,239,128.0,218.0,60.0,30.0,178,209,0.887370228767395,0.447085976600647,31,0.044303297996520996,0.48458755016326904,0.264445424079895
S_84,gap,6,218,171.92802,745.9456,gap_score_smooth,0.8134860396385193,0.3664000630378723,10.25153245984626,0.6302860081195831,213.616034938487,223.86756739833325,209,239,188.0,,30.0,0.0,209,239,0.447085976600647,0.04087252914905548,30,0.3664000630378723,0.7726135104894638,0.5695067867636681
S_85,gap,1,69,299.68582,342.97488,gap_score_smooth,0.9906712770462036,0.8038241267204285,159.49582384179914,0.5887592136859894,5.727045592229974,165.22286943402912,0,239,,95.0,0.0,26.0,41,82,0.7997502684593201,0.8793640732765198,41,0.19092100858688354,0.11130720376968384,0.1511141061782837
S_85,gap,2,95,298.922,409.6611,gap_score_smooth,0.971342921257019,0.09197884798049927,9.322458887407961,0.9253534972667694,88.69683935820608,98.01929824561404,82,115,69.0,125.0,26.0,30.0,82,101,0.8793640732765198,0.8680693507194519,19,0.09197884798049927,0.10327357053756714,0.0976262092590332
S_85,gap,3,125,324.18527,486.6067,gap_score_smooth,0.8854994177818298,0.08535826206207275,7.198849766407022,0.8428202867507935,121.12572468627263,128.32457445267966,115,133,95.0,153.0,30.0,28.0,115,133,0.7840278744697571,0.8001411557197571,18,0.10147154331207275,0.08535826206207275,0.09341490268707275
S_85,gap,4,153,359.87973,558.4226,gap_score_smooth,0.9826434254646301,0.19861555099487305,18.890781387018592,0.8833356499671936,137.85378438086423,156.74456576788282,115,239,125.0,172.0,28.0,19.0,146,167,0.9347991347312927,0.568593442440033,21,0.0478442907333374,0.41404998302459717,0.23094713687896729
S_85,gap,5,172,376.6423,607.1548,gap_score_smooth,0.7255228757858276,0.13010811805725098,4.537750934360162,0.6604688167572021,169.62095756880734,174.1587085031675,167,177,153.0,191.0,19.0,19.0,167,177,0.568593442440033,0.5954147577285767,10,0.15692943334579468,0.13010811805725098,0.14351877570152283
S_85,gap,6,191,379.5951,655.887,gap_score_smooth,0.8534228801727295,0.28482943773269653,7.276733424886743,0.7110081613063812,186.81391150423676,194.0906449291235,167,239,172.0,210.0,19.0,19.0,177,198,0.5954147577285767,0.6245546936988831,21,0.25800812244415283,0.22886818647384644,0.24343815445899963
S_85,gap,7,210,374.0487,704.61926,gap_score_smooth,0.83087158203125,0.20631688833236694,5.646804035249517,0.7277131378650665,206.75635702526478,212.4031610605143,198,239,191.0,228.0,19.0,18.0,198,222,0.6245546936988831,0.4890037178993225,24,0.20631688833236694,0.3418678641319275,0.2740923762321472
S_85,gap,8,228,363.1606,750.7866,gap_score_smooth,0.642489492893219,0.15348577499389648,4.549021751902643,0.5657466053962708,225.4268019670679,229.97582371897053,222,239,210.0,,18.0,0.0,222,239,0.4890037178993225,0.06565430015325546,17,0.15348577499389648,0.5768351927399635,0.36516048386693
S_87,gap,1,13,218.31543,173.3682,gap_score_smooth,0.7100015878677368,0.07344156503677368,10.63375468208783,0.67328080534935,8.94890399223005,19.58265867431788,0,23,,64.0,0.0,51.0,0,23,0.1356094628572464,0.6365600228309631,23,0.5743921250104904,0.07344156503677368,0.32391684502363205
S_87,gap,2,64,301.61615,319.96652,gap_score_smooth,0.9725574254989624,0.31481391191482544,37.81946208635898,0.8151504695415497,34.194950782677,72.01441286903598,0,112,13.0,93.0,51.0,29.0,51,82,0.8244179487228394,0.6577922701835632,31,0.14813947677612305,0.31476515531539917,0.2314523160457611
S_87,gap,3,93,306.334,403.32635,gap_score_smooth,0.8136792778968811,0.15588700771331787,10.986099714786803,0.7357357740402222,86.28216613108809,97.2682658458749,82,112,64.0,122.0,29.0,29.0,82,99,0.6577922701835632,0.719062089920044,17,0.15588700771331787,0.09461718797683716,0.12525209784507751
S_87,gap,4,122,252.09691,486.6862,gap_score_smooth,0.983792781829834,0.8481833189725876,216.21567622073542,0.5597011223435402,6.239311927137663,222.45498814787308,0,239,93.0,146.0,29.0,24.0,112,127,0.657743513584137,0.9505282640457153,15,0.326049268245697,0.03326451778411865,0.17965689301490784
S_87,gap,5,146,200.7013,555.67365,gap_score_smooth,0.9113582372665405,0.2992590069770813,11.676603609252027,0.7617287337779999,141.78663631518123,153.46323992443325,138,239,122.0,166.0,24.0,20.0,138,156,0.6120992302894592,0.7133976221084595,18,0.2992590069770813,0.19796061515808105,0.24860981106758118
S_87,gap,6,166,178.46559,613.1632,gap_score_smooth,0.8638915419578552,0.15049391984939575,22.829584712421507,0.7886445820331573,158.57600909964694,181.40559381206845,156,239,146.0,199.0,20.0,33.0,156,175,0.7133976221084595,0.8313968181610107,19,0.15049391984939575,0.03249472379684448,0.09149432182312012
S_87,gap,7,199,183.78314,708.02094,gap_score_smooth,0.8364128470420837,0.2450406551361084,7.996347987183384,0.7138925194740295,194.77500015881384,202.77134814599722,187,239,166.0,217.0,33.0,18.0,187,208,0.5913721919059753,0.5679704546928406,21,0.2450406551361084,0.26844239234924316,0.2567415237426758
S_87,gap,8,217,202.06575,759.76154,gap_score_smooth,0.7567445039749146,0.18877404928207397,7.302349474671132,0.6623574793338776,213.54274595981087,220.845095434482,208,239,199.0,,18.0,0.0,208,239,0.5679704546928406,0.05926237255334854,31,0.18877404928207397,0.697482131421566,0.44312809035182
S_88,gap,1,8,210.99828,121.40586,gap_score_smooth,0.7093029618263245,0.09480047225952148,8.357960409758242,0.6619027256965637,6.2775219637433,14.635482373501542,0,21,,61.0,0.0,53.0,0,21,0.17362821102142334,0.614502489566803,21,0.5356747508049011,0.09480047225952148,0.3152376115322113
S_88,gap,2,61,267.83737,289.71967,gap_score_smooth,0.9676606059074402,0.37334680557250977,75.4124523926561,0.7809872031211853,25.479113719020408,100.89156611167651,0,105,8.0,96.0,53.0,35.0,50,78,0.8308814764022827,0.7824017405509949,28,0.13677912950515747,0.1852588653564453,0.1610189974308014
S_88,gap,3,96,345.66354,400.8703,gap_score_smooth,0.9518950581550598,0.16949331760406494,15.58757399511093,0.8671483993530273,84.14877493142406,99.73634892653499,78,105,61.0,123.0,35.0,27.0,93,105,0.9471650123596191,0.5943138003349304,12,0.004730045795440674,0.3575812578201294,0.18115565180778503
S_88,gap,4,123,337.32712,486.61505,gap_score_smooth,0.990980327129364,0.8173521161079407,173.65674759666456,0.5823042690753937,5.105809531860698,178.76255712852526,0,239,96.0,170.0,27.0,47.0,105,142,0.5943138003349304,0.9628673195838928,37,0.3966665267944336,0.02811300754547119,0.2123897671699524
S_88,gap,5,170,266.8597,635.87445,gap_score_smooth,0.7858997583389282,0.12128150463104248,8.559913549818702,0.725259006023407,165.98000173679353,174.53991528661223,162,182,123.0,205.0,47.0,35.0,162,182,0.6646182537078857,0.5276594161987305,20,0.12128150463104248,0.25824034214019775,0.18976092338562012
S_88,gap,6,205,225.65543,747.0251,gap_score_smooth,0.8886107206344604,0.36095130443573,32.613390253598425,0.7081350684165955,186.4441586029055,219.05754885650393,182,239,170.0,,35.0,0.0,182,239,0.5276594161987305,0.03659926354885101,57,0.36095130443573,0.8520114570856094,0.6064813807606697
S_89,gap,1,5,237.18053,125.01674,gap_score_smooth,0.5016767382621765,0.10764488577842712,3.5738532487041104,0.44785429537296295,3.1706118366243805,6.744465085328491,0,10,,30.0,0.0,25.0,0,10,0.26289817690849304,0.3940318524837494,10,0.23877856135368347,0.10764488577842712,0.1732117235660553
S_89,gap,2,30,235.05902,220.10042,gap_score_smooth,0.8233499526977539,0.03711134195327759,8.4394780909921,0.8047942817211151,25.373945923930652,33.81342401492275,0,38,5.0,64.0,25.0,34.0,10,38,0.3940318524837494,0.7862386107444763,28,0.4293181002140045,0.03711134195327759,0.23321472108364105
S_89,gap,3,64,193.15129,349.4142,gap_score_smooth,0.9173084497451782,0.08496415615081787,7.2001148610586725,0.8748263716697693,60.3263128269651,67.52642768802377,0,70,30.0,96.0,34.0,32.0,54,70,0.7894503474235535,0.8323442935943604,16,0.12785810232162476,0.08496415615081787,0.10641112923622131
S_89,gap,4,96,114.35558,471.12134,gap_score_smooth,0.9718400835990906,0.29519468545913696,53.59132516109404,0.8242427408695221,57.69074816804994,111.28207332914398,0,117,64.0,129.0,32.0,33.0,79,117,0.8518056869506836,0.6766453981399536,38,0.12003439664840698,0.29519468545913696,0.20761454105377197
S_89,gap,5,129,85.26516,596.6318,gap_score_smooth,0.9927334189414978,0.7298352420330048,151.3184643668416,0.6278157979249954,15.301723481589047,166.62018784843065,0,239,96.0,176.0,33.0,47.0,117,133,0.6766453981399536,0.9910008311271667,16,0.3160880208015442,0.0017325878143310547,0.15891030430793762
S_89,gap,6,176,190.11583,775.3891,gap_score_smooth,0.9434828758239746,0.4100562334060669,8.488069776774637,0.7384547591209412,171.9641863449188,180.45225612169344,169,239,129.0,191.0,47.0,15.0,169,183,0.5334266424179077,0.5878351330757141,14,0.4100562334060669,0.3556477427482605,0.3828519880771637
S_89,gap,7,191,241.2122,832.43933,gap_score_smooth,0.9363492727279663,0.3485141396522522,9.591425103868033,0.7620922029018402,186.75877939217685,196.35020449604488,183,239,176.0,210.0,15.0,19.0,183,201,0.5878351330757141,0.39357322454452515,18,0.3485141396522522,0.5427760481834412,0.4456450939178467
S_89,gap,8,210,274.99667,904.70294,gap_score_smooth,0.889137864112854,0.49556463956832886,12.650303757434784,0.6413555443286896,204.497311186114,217.14761494354877,201,239,191.0,231.0,19.0,21.0,201,223,0.39357322454452515,0.270033061504364,22,0.49556463956832886,0.61910480260849,0.5573347210884094
S_89,gap,9,231,280.62695,984.57324,gap_score_smooth,0.6839168071746826,0.4138837456703186,6.39953989209539,0.4769749343395233,227.26029491864426,233.65983481073965,223,239,210.0,,21.0,0.0,223,239,0.270033061504364,0.06468860805034637,16,0.4138837456703186,0.6192281991243362,0.5165559723973274
S_90,gap,1,34,167.12659,213.35565,gap_score_smooth,0.7663588523864746,0.03809010982513428,12.430597559509508,0.7473137974739075,27.20657380603118,39.63717136554069,0,44,,68.0,0.0,34.0,20,44,0.7291932702064514,0.7282687425613403,24,0.03716558218002319,0.03809010982513428,0.037627846002578735
S_90,gap,2,68,119.03371,298.7113,gap_score_smooth,0.8770487904548645,0.04932433366775513,6.0110761492906875,0.8523866236209869,65.87558468789763,71.88666083718832,0,76,34.0,90.0,34.0,22.0,61,76,0.7932282090187073,0.8277244567871094,15,0.08382058143615723,0.04932433366775513,0.06657245755195618
S_90,gap,3,90,96.03745,353.94144,gap_score_smooth,0.8744444847106934,0.03978198766708374,7.817178809152068,0.8545534908771515,84.72667403193707,92.54385284108913,76,95,68.0,130.0,22.0,40.0,81,95,0.8345701694488525,0.8346624970436096,14,0.03987431526184082,0.03978198766708374,0.03982815146446228
S_90,gap,4,130,140.65106,454.35983,gap_score_smooth,0.9959294199943542,0.8524317443370819,193.6849729298286,0.5697135478258133,6.0838461581135554,199.76881908794215,0,239,90.0,164.0,40.0,34.0,124,139,0.9670992493629456,0.8782087564468384,15,0.02883017063140869,0.11772066354751587,0.07327541708946228
S_90,gap,5,164,172.2359,539.71545,gap_score_smooth,0.9586426019668579,0.11596447229385376,34.64634682699028,0.900660365819931,159.71212705674287,194.35847388373315,150,239,130.0,213.0,34.0,49.0,156,173,0.8512985110282898,0.9367836117744446,17,0.10734409093856812,0.02185899019241333,0.06460154056549072
S_90,gap,6,213,117.20835,662.728,gap_score_smooth,0.8224685192108154,0.4961273670196533,12.137161198921802,0.5744048357009888,208.88043580247236,221.01759700139417,204,239,164.0,,49.0,0.0,204,227,0.3263411521911621,0.4269724190235138,23,0.4961273670196533,0.39549610018730164,0.4458117336034775
S_91,gap,1,13,260.3626,115.84519,gap_score_smooth,0.7231805324554443,0.29328280687332153,6.858537292414994,0.5765391290187836,9.237181735875321,16.095719028290315,0,19,,35.0,0.0,22.0,0,19,0.07802142947912216,0.4298977255821228,19,0.6451591029763222,0.29328280687332153,0.46922095492482185
S_91,gap,2,35,177.13168,198.50627,gap_score_smooth,0.869113564491272,0.31447112560272217,15.099777425761072,0.7118780016899109,23.686147223340132,38.785924649101204,0,42,13.0,63.0,22.0,28.0,30,42,0.717289924621582,0.5546424388885498,12,0.15182363986968994,0.31447112560272217,0.23314738273620605
S_91,gap,3,63,125.2783,303.7113,gap_score_smooth,0.9091273546218872,0.22234588861465454,19.149117596266457,0.7979544103145599,46.84635591144721,65.99547350771367,0,71,35.0,78.0,28.0,15.0,58,71,0.8824669718742371,0.6867814660072327,13,0.026660382747650146,0.22234588861465454,0.12450313568115234
S_91,gap,4,78,130.89108,360.07114,gap_score_smooth,0.8767576217651367,0.1510695219039917,6.17843405724895,0.8012228608131409,75.4414798686686,81.61991392591754,71,85,63.0,92.0,15.0,14.0,71,85,0.6867814660072327,0.725688099861145,14,0.18997615575790405,0.1510695219039917,0.17052283883094788
S_91,gap,5,92,156.11272,412.67365,gap_score_smooth,0.8832057118415833,0.1852473020553589,7.776760230268934,0.7905820608139038,87.77992746056607,95.556687690835,71,98,78.0,113.0,14.0,21.0,85,98,0.725688099861145,0.6979584097862244,13,0.15751761198043823,0.1852473020553589,0.17138245701789856
S_91,gap,6,113,267.61786,491.5774,gap_score_smooth,0.9401323795318604,0.46927550435066223,18.266972189404925,0.7054946273565292,99.09152062305202,117.35849281245694,0,150,92.0,136.0,21.0,23.0,108,119,0.7142826914787292,0.6451094746589661,11,0.2258496880531311,0.2950229048728943,0.2604362964630127
S_91,gap,7,136,395.98993,577.9958,gap_score_smooth,0.8551623225212097,0.3487550616264343,13.669836560907811,0.6807847917079926,132.95220893064592,146.62204549155373,130,150,113.0,182.0,23.0,46.0,130,139,0.5064072608947754,0.8185935616493225,9,0.3487550616264343,0.03656876087188721,0.19266191124916077
S_91,gap,8,182,413.42496,750.83264,gap_score_smooth,0.9886828064918518,0.8375758677721024,41.54347407719493,0.5698948726058006,152.03527542327708,193.57874950047201,0,239,136.0,207.0,46.0,25.0,167,196,0.9200594425201416,0.4453221559524536,29,0.0686233639717102,0.5433606505393982,0.3059920072555542
S_91,gap,9,207,352.21396,844.7657,gap_score_smooth,0.8834359645843506,0.438113808631897,33.60556539960572,0.6643790602684021,199.55137087616447,233.1569362757702,196,239,182.0,227.0,25.0,20.0,196,217,0.4453221559524536,0.7179132699966431,21,0.438113808631897,0.16552269458770752,0.30181825160980225
S_91,gap,10,227,321.31735,919.9121,gap_score_smooth,0.7701494097709656,0.05223613977432251,11.974232536693307,0.7440313398838043,219.2195138912202,231.1937464279135,217,239,207.0,,20.0,0.0,217,239,0.7179132699966431,0.15110693871974945,22,0.05223613977432251,0.6190424710512161,0.3356393054127693
S_92,gap,1,45,188.84813,186.57741,gap_score_smooth,0.865837812423706,0.05820000171661377,20.29148146101847,0.8367378115653992,41.31499588868745,61.60647734970592,13,68,,78.0,0.0,33.0,37,52,0.8060402870178223,0.8490843176841736,15,0.05979752540588379,0.01675349473953247,0.03827551007270813
S_92,gap,2,78,126.43371,321.20084,gap_score_smooth,0.965957760810852,0.07660210132598877,10.853277709797425,0.9276567101478577,73.90072419493963,84.75400190473705,13,98,45.0,109.0,33.0,31.0,68,98,0.8076378107070923,0.8893556594848633,30,0.15831995010375977,0.07660210132598877,0.11746102571487427
S_92,gap,3,109,195.55568,447.66528,gap_score_smooth,0.96692955493927,0.15080946683883667,15.889022974544503,0.8915248215198517,99.22580757935953,115.11483055390403,13,119,78.0,126.0,31.0,17.0,98,119,0.8893556594848633,0.8161200881004333,21,0.07757389545440674,0.15080946683883667,0.1141916811466217
S_92,gap,4,126,264.83817,517.0167,gap_score_smooth,0.9860530495643616,0.6191422641277313,171.42208288017648,0.6764819175004959,22.920578901196446,194.34266178137293,13,239,109.0,145.0,17.0,19.0,119,134,0.8161200881004333,0.8501899242401123,15,0.16993296146392822,0.13586312532424927,0.15289804339408875
S_92,gap,5,145,320.99353,594.5272,gap_score_smooth,0.9502502679824829,0.1000603437423706,14.270490064955794,0.9002200961112976,136.81970378543542,151.09019385039122,134,239,126.0,181.0,19.0,36.0,134,153,0.8501899242401123,0.8893535137176514,19,0.1000603437423706,0.06089675426483154,0.08047854900360107
S_92,gap,6,181,392.75354,741.3891,gap_score_smooth,0.9163150191307068,0.23199373483657837,14.126774934789694,0.8003181517124176,176.912953581897,191.0397285166867,174,239,145.0,205.0,36.0,24.0,174,197,0.6843212842941284,0.6566972136497498,23,0.23199373483657837,0.25961780548095703,0.2458057701587677
S_92,gap,7,205,392.5718,839.29706,gap_score_smooth,0.9133931398391724,0.2566959261894226,29.691129353826028,0.7850451767444611,200.96104711735552,230.65217647118155,197,239,181.0,,24.0,0.0,197,225,0.6566972136497498,0.8092305660247803,28,0.2566959261894226,0.10416257381439209,0.18042925000190735
S_93,gap,1,22,362.98822,181.58159,gap_score_smooth,0.8032944202423096,0.19526976346969604,13.022423782599592,0.7056595385074615,12.3991313428585,25.42155512545809,0,28,,36.0,0.0,14.0,0,28,0.06392009556293488,0.6080246567726135,28,0.7393743246793747,0.19526976346969604,0.46732204407453537
S_93,gap,2,36,295.53613,234.76987,gap_score_smooth,0.8697683215141296,0.10875499248504639,12.47401047852265,0.8153908252716064,32.884988708985,45.35899918750765,0,48,22.0,58.0,14.0,22.0,28,40,0.6080246567726135,0.840661883354187,12,0.2617436647415161,0.029106438159942627,0.14542505145072937
S_93,gap,3,58,202.33186,318.35147,gap_score_smooth,0.9051722288131714,0.04319500923156738,6.742966328504956,0.8835747241973877,54.867999397429486,61.61096572593444,0,76,36.0,87.0,22.0,29.0,48,65,0.7610133290290833,0.8639730215072632,17,0.14415889978408813,0.0411992073059082,0.09267905354499817
S_93,gap,4,87,203.44806,428.5272,gap_score_smooth,0.9555583000183105,0.038530945777893066,8.165125056016521,0.936292827129364,83.65426740397805,91.81939245999457,0,101,58.0,117.0,29.0,30.0,76,101,0.861977219581604,0.9170273542404175,25,0.09358108043670654,0.038530945777893066,0.0660560131072998
S_93,gap,5,117,274.8637,542.5021,gap_score_smooth,0.9903690814971924,0.7580274343490601,139.90860269002718,0.6113553643226624,28.35474635128015,168.26334904130732,0,239,87.0,144.0,30.0,27.0,101,122,0.9170273542404175,0.9513108730316162,21,0.0733417272567749,0.03905820846557617,0.05619996786117554
S_93,gap,6,144,326.38428,645.07947,gap_score_smooth,0.9599822163581848,0.15799468755722046,8.328896016793124,0.8809848725795746,140.29229112191356,148.6211871387067,137,239,117.0,163.0,27.0,19.0,137,156,0.8019875288009644,0.7158942818641663,19,0.15799468755722046,0.24408793449401855,0.2010413110256195
S_93,gap,7,163,333.8063,717.2636,gap_score_smooth,0.8541348576545715,0.13824057579040527,7.33956559332637,0.7850145697593689,158.97946343798813,166.3190290313145,156,173,144.0,187.0,19.0,24.0,156,173,0.7158942818641663,0.29515743255615234,17,0.13824057579040527,0.5589774250984192,0.34860900044441223
S_93,gap,8,187,326.73587,808.44354,gap_score_smooth,0.820318877696991,0.4050378203392029,11.827678450117787,0.6177999675273895,179.11900409337886,190.94668254349665,173,195,163.0,206.0,24.0,19.0,173,195,0.29515743255615234,0.4152810573577881,22,0.5251614451408386,0.4050378203392029,0.46509963274002075
S_93,gap,9,206,312.9901,880.6276,gap_score_smooth,0.8672114610671997,0.5720540285110474,34.85395787411912,0.581184446811676,198.9985233478438,233.8524812219629,173,239,187.0,226.0,19.0,20.0,195,220,0.4152810573577881,0.7338862419128418,25,0.4519304037094116,0.1333252191543579,0.29262781143188477
S_93,gap,10,226,295.88843,956.6109,gap_score_smooth,0.7750540971755981,0.04116785526275635,8.321129194774926,0.75447016954422,222.4112592746329,230.73238846940782,220,239,206.0,,20.0,0.0,220,239,0.7338862419128418,0.23234164714813232,19,0.04116785526275635,0.5427124500274658,0.2919401526451111
S_94,gap,1,61,142.74051,423.08786,gap_score_smooth,0.8989364504814148,0.0937088131904602,26.00119873851817,0.8520820438861847,43.03733644578054,69.03853518429871,0,73,,99.0,0.0,38.0,54,73,0.8642541766166687,0.8052276372909546,19,0.034682273864746094,0.0937088131904602,0.06419554352760315
S_94,gap,2,99,154.6489,532.159,gap_score_smooth,0.9522167444229126,0.15221643447875977,19.857889371288792,0.8761085271835327,89.17335963730865,109.03124900859744,0,114,61.0,127.0,38.0,28.0,83,114,0.8197016716003418,0.8000003099441528,31,0.1325150728225708,0.15221643447875977,0.14236575365066528
S_94,gap,3,127,196.83438,612.5272,gap_score_smooth,0.9948832988739014,0.9247081950306892,205.43210600611664,0.5325292013585567,11.973317118935675,217.40542312505232,0,239,99.0,153.0,28.0,26.0,114,143,0.8000003099441528,0.735514760017395,29,0.19488298892974854,0.25936853885650635,0.22712576389312744
S_94,gap,4,153,225.11021,687.1548,gap_score_smooth,0.9891915321350098,0.25367677211761475,18.05884569355439,0.8623531460762024,146.7413960020119,164.80024169556629,143,239,127.0,178.0,26.0,25.0,143,174,0.735514760017395,0.8199228048324585,31,0.25367677211761475,0.16926872730255127,0.211472749710083
S_94,gap,5,178,240.69247,758.9121,gap_score_smooth,0.8574117422103882,0.03748893737792969,4.00782515025125,0.8386672735214233,176.03063796963482,180.03846311988607,174,183,153.0,194.0,25.0,16.0,174,183,0.8199228048324585,0.8115504384040833,9,0.03748893737792969,0.04586130380630493,0.04167512059211731
S_94,gap,6,194,240.81712,804.8368,gap_score_smooth,0.8673728704452515,0.05582243204116821,5.156048741393022,0.8394616544246674,191.08846682807328,196.2445155694663,183,239,178.0,212.0,16.0,18.0,189,202,0.8358317017555237,0.7256497740745544,13,0.03154116868972778,0.14172309637069702,0.0866321325302124
S_94,gap,7,212,234.3492,856.5021,gap_score_smooth,0.8513556718826294,0.12570589780807495,4.58850762570782,0.7885027229785919,209.01750642999426,213.60601405570208,202,239,194.0,229.0,18.0,17.0,202,223,0.7256497740745544,0.45811235904693604,21,0.12570589780807495,0.39324331283569336,0.25947460532188416
S_94,gap,8,229,226.27641,905.29706,gap_score_smooth,0.6347025632858276,0.1765902042388916,4.378271151067878,0.5464074611663818,226.63288215307418,231.01115330414206,223,239,212.0,,17.0,0.0,223,239,0.45811235904693604,0.05489072576165199,16,0.1765902042388916,0.5798118375241756,0.3782010208815336
S_95,gap,1,29,276.15698,231.11298,gap_score_smooth,0.7905862331390381,0.05234247446060181,13.884763876989052,0.7644149959087372,23.99231207542802,37.87707595241707,0,52,,66.0,0.0,37.0,20,41,0.7489449977874756,0.7500115633010864,21,0.0416412353515625,0.04057466983795166,0.04110795259475708
S_95,gap,2,66,252.01717,332.0502,gap_score_smooth,0.8919737339019775,0.07607531547546387,12.581343462731866,0.8539360761642456,61.83084200927122,74.41218547200309,0,79,29.0,90.0,37.0,24.0,52,79,0.7382437586784363,0.8158984184265137,27,0.15372997522354126,0.07607531547546387,0.11490264534950256
S_95,gap,3,90,232.74748,397.523,gap_score_smooth,0.8948366045951843,0.15100306272506714,13.724297958567064,0.8193350732326508,79.54673942934087,93.27103738790794,0,104,66.0,124.0,24.0,34.0,79,104,0.8158984184265137,0.7438335418701172,25,0.07893818616867065,0.15100306272506714,0.1149706244468689
S_95,gap,4,124,251.31633,490.27615,gap_score_smooth,0.9952278137207031,0.8998600319027901,192.12269684484068,0.5452977977693081,6.512534254856753,198.63523109969742,0,239,90.0,149.0,34.0,25.0,104,137,0.7438335418701172,0.778224527835846,33,0.25139427185058594,0.21700328588485718,0.23419877886772156
S_95,gap,5,149,285.40707,558.477,gap_score_smooth,0.9792165756225586,0.20099204778671265,18.158513184172023,0.8787205517292023,142.81881251443494,160.97732569860696,137,239,124.0,177.0,25.0,28.0,137,155,0.778224527835846,0.9361620545387268,18,0.20099204778671265,0.04305452108383179,0.12202328443527222
S_95,gap,6,177,306.84283,634.86194,gap_score_smooth,0.7814884185791016,0.056140244007110596,5.677992833910565,0.7534182965755463,173.77723767895742,179.45523051286798,171,189,149.0,194.0,28.0,17.0,171,182,0.725348174571991,0.7357702851295471,11,0.056140244007110596,0.04571813344955444,0.05092918872833252
S_95,gap,7,194,310.31543,681.23846,gap_score_smooth,0.8109830617904663,0.0856592059135437,3.946537711453601,0.7681534588336945,191.85704233984075,195.80358005129435,189,239,177.0,214.0,17.0,20.0,189,203,0.7253238558769226,0.42523062229156494,14,0.0856592059135437,0.38575243949890137,0.23570582270622253
S_95,gap,8,214,309.1705,735.79913,gap_score_smooth,0.7296205759048462,0.3056724965572357,9.592375391334684,0.5767843276262283,210.5018101247269,220.09418551606157,206,239,194.0,230.0,20.0,16.0,206,224,0.4239480793476105,0.5553098917007446,18,0.3056724965572357,0.17431068420410156,0.23999159038066864
S_95,gap,9,230,306.05542,779.4477,gap_score_smooth,0.6644783616065979,0.10916846990585327,4.191126952185158,0.6098941266536713,227.91795351026298,232.10908046244813,224,239,214.0,,16.0,0.0,224,239,0.5553098917007446,0.09536778181791306,15,0.10916846990585327,0.5691105797886848,0.33913952484726906
S_96,gap,1,50,402.38998,332.636,gap_score_smooth,0.9282590746879578,0.44378283619880676,73.95255049009232,0.7063676565885544,5.505261843561777,79.4578123336541,0,112,,105.0,0.0,55.0,40,64,0.8263921141624451,0.7943592667579651,24,0.1018669605255127,0.13389980792999268,0.11788338422775269
S_96,gap,2,105,343.27832,533.5356,gap_score_smooth,0.9270393252372742,0.39760714769363403,6.577946391089029,0.7282357513904572,101.77723951107122,108.35518590216024,98,112,50.0,119.0,55.0,14.0,98,112,0.5294321775436401,0.484476238489151,14,0.39760714769363403,0.44256308674812317,0.4200851172208786
S_96,gap,3,119,295.2349,584.67365,gap_score_smooth,0.9427310228347778,0.5181774795055389,7.959298192083608,0.6836422830820084,114.96716855611784,122.92646674820145,0,126,105.0,134.0,14.0,15.0,112,126,0.484476238489151,0.4245535433292389,14,0.45825478434562683,0.5181774795055389,0.4882161319255829
S_96,gap,4,134,243.66548,639.4644,gap_score_smooth,0.9657472372055054,0.6426779925823212,68.21667468211785,0.6444082409143448,128.85302986321258,197.06970454533044,0,239,119.0,149.0,15.0,15.0,126,143,0.4245535433292389,0.8486216068267822,17,0.5411936938762665,0.11712563037872314,0.3291596621274948
S_96,gap,5,149,207.02872,694.25525,gap_score_smooth,0.9354404807090759,0.0868188738822937,10.210242313471696,0.8920310437679291,145.51240062336254,155.72264293683423,143,239,134.0,172.0,15.0,23.0,143,165,0.8486216068267822,0.8080087304115295,22,0.0868188738822937,0.1274317502975464,0.10712531208992004
S_96,gap,6,172,196.10162,778.26776,gap_score_smooth,0.865718424320221,0.057709693908691406,7.776796553961049,0.8368635773658752,168.01046323189777,175.78725978585882,165,180,149.0,188.0,23.0,16.0,165,180,0.8080087304115295,0.7350043654441833,15,0.057709693908691406,0.1307140588760376,0.0942118763923645
S_96,gap,7,188,231.73035,836.7113,gap_score_smooth,0.8744727373123169,0.13946837186813354,11.90826635144768,0.8047385513782501,182.650150138685,194.5584164901327,180,239,172.0,210.0,16.0,22.0,180,201,0.7350043654441833,0.46442684531211853,21,0.13946837186813354,0.41004589200019836,0.27475713193416595
S_96,gap,8,210,276.5659,917.0711,gap_score_smooth,0.8296362161636353,0.3652093708515167,11.014842377377647,0.6470315307378769,204.72588632333006,215.7407287007077,201,239,188.0,231.0,22.0,21.0,201,221,0.46442684531211853,0.33489060401916504,20,0.3652093708515167,0.4947456121444702,0.42997749149799347
S_96,gap,9,231,314.89502,993.77826,gap_score_smooth,0.6426215171813965,0.30773091316223145,11.011694988537016,0.48875606060028076,224.32969630313468,235.3413912916717,221,239,210.0,,21.0,0.0,221,239,0.33489060401916504,0.3230692446231842,18,0.30773091316223145,0.3195522725582123,0.31364159286022186
S_97,gap,1,21,260.8532,163.2134,gap_score_smooth,0.7569254040718079,0.08718675374984741,5.446977824648126,0.7133320271968842,18.38352714278481,23.830504967432937,0,27,,63.0,0.0,42.0,12,27,0.4066731333732605,0.6697386503219604,15,0.35025227069854736,0.08718675374984741,0.2187195122241974
S_97,gap,2,63,194.15387,271.64017,gap_score_smooth,0.9644730687141418,0.3599403500556946,55.28797722854092,0.7845028936862946,38.43880623669208,93.726783465233,0,98,21.0,90.0,42.0,27.0,49,70,0.8080103993415833,0.8744713664054871,21,0.1564626693725586,0.09000170230865479,0.12323218584060669
S_97,gap,3,90,166.70903,341.3431,gap_score_smooth,0.9388111233711243,0.0820688009262085,6.77395004656897,0.89777672290802,85.29375302470814,92.06770307127711,79,98,63.0,121.0,27.0,31.0,79,98,0.8567423224449158,0.6045327186584473,19,0.0820688009262085,0.334278404712677,0.20817360281944275
S_97,gap,4,121,210.3322,421.37238,gap_score_smooth,0.9712666273117065,0.04978203773498535,4.4424514300283136,0.9463756084442139,118.83505692454047,123.27750835456878,0,126,90.0,146.0,31.0,25.0,113,126,0.8109801411628723,0.9214845895767212,13,0.16028648614883423,0.04978203773498535,0.10503426194190979
S_97,gap,5,146,258.22775,485.91214,gap_score_smooth,0.9836450815200806,0.9029572382569313,142.8878000891985,0.5321664623916149,15.61276237886784,158.50056246806633,0,239,121.0,166.0,25.0,20.0,142,160,0.9670435190200806,0.5222073197364807,18,0.0166015625,0.46143776178359985,0.23901966214179993
S_97,gap,6,166,270.95175,537.54395,gap_score_smooth,0.7743001580238342,0.2520928382873535,4.893166661162525,0.6482537388801575,162.9524474229658,167.84561408412833,160,173,146.0,186.0,20.0,20.0,160,173,0.5222073197364807,0.3510241210460663,13,0.2520928382873535,0.42327603697776794,0.33768443763256073
S_97,gap,7,186,267.67337,589.1757,gap_score_smooth,0.863021731376648,0.5119976103305817,7.574920096308375,0.6070229262113571,182.0782147669123,189.65313486322069,173,239,166.0,208.0,20.0,22.0,173,197,0.3510241210460663,0.21994227170944214,24,0.5119976103305817,0.6430794596672058,0.5775385349988937
S_97,gap,8,208,252.23105,645.9707,gap_score_smooth,0.84325110912323,0.6233088374137878,12.107216659241203,0.5315966904163361,202.95375239140262,215.06096905064382,197,239,186.0,227.0,22.0,19.0,197,219,0.21994227170944214,0.42993804812431335,22,0.6233088374137878,0.4133130609989166,0.5183109492063522
S_97,gap,9,227,231.45988,695.02094,gap_score_smooth,0.7261391282081604,0.29620108008384705,8.817594424572178,0.5780385881662369,222.5898993933656,231.4074938179378,219,239,208.0,,19.0,0.0,219,239,0.42993804812431335,0.07243794202804565,20,0.29620108008384705,0.6537011861801147,0.4749511331319809
S_98,gap,1,39,332.7411,169.44351,gap_score_smooth,0.8590359091758728,0.06161004304885864,16.25868806865614,0.8282308876514435,28.08012742652771,44.33881549518385,14,49,,60.0,0.0,21.0,34,49,0.8517149686813354,0.7974258661270142,15,0.0073209404945373535,0.06161004304885864,0.034465491771698
S_98,gap,2,60,266.62296,259.06696,gap_score_smooth,0.9027002453804016,0.3213197588920593,38.96674872240051,0.742040365934372,26.636378052426224,65.60312677482673,14,70,39.0,89.0,21.0,29.0,49,70,0.7974258661270142,0.5813804864883423,21,0.10527437925338745,0.3213197588920593,0.2132970690727234
S_98,gap,3,89,265.67966,382.83264,gap_score_smooth,0.9034724235534668,0.3206835985183716,6.565769884229525,0.743130624294281,85.10206349352116,91.66783337775068,14,95,60.0,111.0,29.0,22.0,82,95,0.6678392887115479,0.5827888250350952,13,0.23563313484191895,0.3206835985183716,0.27815836668014526
S_98,gap,4,111,303.53302,476.72385,gap_score_smooth,0.9616948366165161,0.16051530838012695,22.01810631809208,0.8814371824264526,100.54564749487338,122.56375381296546,14,126,89.0,136.0,22.0,25.0,95,126,0.5827888250350952,0.8011795282363892,31,0.3789060115814209,0.16051530838012695,0.2697106599807739
S_98,gap,5,136,340.6433,583.4184,gap_score_smooth,0.9807624816894531,0.10817074775695801,8.044217183600693,0.9266771078109741,131.74154290503887,139.78576008863956,14,144,111.0,154.0,25.0,18.0,126,144,0.8011795282363892,0.8725917339324951,18,0.17958295345306396,0.10817074775695801,0.143876850605011
S_98,gap,6,154,344.97363,660.23846,gap_score_smooth,0.9926246404647827,0.5878865420818329,102.99700662717068,0.6986813694238663,97.59827482103141,200.5952814482021,14,205,136.0,176.0,18.0,22.0,144,163,0.8725917339324951,0.8516943454742432,19,0.1200329065322876,0.14093029499053955,0.13048160076141357
S_98,gap,7,176,323.86658,754.1297,gap_score_smooth,0.9828842282295227,0.13118988275527954,14.132557347016785,0.9172892868518829,167.6354857941392,181.768043141156,163,205,154.0,190.0,22.0,14.0,163,184,0.8516943454742432,0.8959697484970093,21,0.13118988275527954,0.08691447973251343,0.10905218124389648
S_98,gap,8,190,305.5969,813.87866,gap_score_smooth,0.9352365732192993,0.03926682472229004,8.858148611956494,0.9156031608581543,186.85163793972382,195.7097865516803,184,205,176.0,213.0,14.0,23.0,184,205,0.8959697484970093,0.40473809838294983,21,0.03926682472229004,0.5304984748363495,0.28488264977931976
S_98,gap,9,213,272.35553,912.03766,gap_score_smooth,0.9203764200210571,0.3507125973701477,12.225407041418066,0.7450201213359833,209.18670965562086,221.41211669703893,205,226,190.0,233.0,23.0,20.0,205,226,0.40473809838294983,0.5696638226509094,21,0.5156383216381073,0.3507125973701477,0.4331754595041275
S_98,gap,10,233,251.8467,997.3933,gap_score_smooth,0.8407789468765259,0.18241113424301147,5.864523963019451,0.7495733797550201,230.16798061723188,236.03250458025133,226,239,213.0,,20.0,0.0,226,239,0.5696638226509094,0.6583678126335144,13,0.27111512422561646,0.18241113424301147,0.22676312923431396
